sample_id,speaker,base_speaker,digit,frame_directory,num_frames,split,variant_type
s1_d0,s1,s1,d0,/Users/milinda/ghq/github.com/legion2004/tai-phake-lip-reading/data/augmented_100spk_dataset_d/s1/d0,40,train,original
s1_d1,s1,s1,d1,/Users/milinda/ghq/github.com/legion2004/tai-phake-lip-reading/data/augmented_100spk_dataset_d/s1/d1,39,train,original
s1_d2,s1,s1,d2,/Users/milinda/ghq/github.com/legion2004/tai-phake-lip-reading/data/augmented_100spk_dataset_d/s1/d2,40,train,original
s1_d3,s1,s1,d3,/Users/milinda/ghq/github.com/legion2004/tai-phake-lip-reading/data/augmented_100spk_dataset_d/s1/d3,36,train,original
s1_d4,s1,s1,d4,/Users/milinda/ghq/github.com/legion2004/tai-phake-lip-reading/data/augmented_100spk_dataset_d/s1/d4,48,train,original
s1_d5,s1,s1,d5,/Users/milinda/ghq/github.com/legion2004/tai-phake-lip-reading/data/augmented_100spk_dataset_d/s1/d5,55,train,original
s1_d6,s1,s1,d6,/Users/milinda/ghq/github.com/legion2004/tai-phake-lip-reading/data/augmented_100spk_dataset_d/s1/d6,35,train,original
s1_d7,s1,s1,d7,/Users/milinda/ghq/github.com/legion2004/tai-phake-lip-reading/data/augmented_100spk_dataset_d/s1/d7,41,train,original
s1_d8,s1,s1,d8,/Users/milinda/ghq/github.com/legion2004/tai-phake-lip-reading/data/augmented_100spk_dataset_d/s1/d8,42,train,original
s1_d9,s1,s1,d9,/Users/milinda/ghq/github.com/legion2004/tai-phake-lip-reading/data/augmented_100spk_dataset_d/s1/d9,36,train,original
s1_d10,s1,s1,d10,/Users/milinda/ghq/github.com/legion2004/tai-phake-lip-reading/data/augmented_100spk_dataset_d/s1/d10,30,train,original
s1_aug1_d0,s1_aug1,s1,d0,/Users/milinda/ghq/github.com/legion2004/tai-phake-lip-reading/data/augmented_100spk_dataset_d/s1_aug1/d0,40,train,translation
s1_aug1_d1,s1_aug1,s1,d1,/Users/milinda/ghq/github.com/legion2004/tai-phake-lip-reading/data/augmented_100spk_dataset_d/s1_aug1/d1,39,train,translation
s1_aug1_d2,s1_aug1,s1,d2,/Users/milinda/ghq/github.com/legion2004/tai-phake-lip-reading/data/augmented_100spk_dataset_d/s1_aug1/d2,40,train,translation
s1_aug1_d3,s1_aug1,s1,d3,/Users/milinda/ghq/github.com/legion2004/tai-phake-lip-reading/data/augmented_100spk_dataset_d/s1_aug1/d3,36,train,translation
s1_aug1_d4,s1_aug1,s1,d4,/Users/milinda/ghq/github.com/legion2004/tai-phake-lip-reading/data/augmented_100spk_dataset_d/s1_aug1/d4,48,train,translation
s1_aug1_d5,s1_aug1,s1,d5,/Users/milinda/ghq/github.com/legion2004/tai-phake-lip-reading/data/augmented_100spk_dataset_d/s1_aug1/d5,55,train,translation
s1_aug1_d6,s1_aug1,s1,d6,/Users/milinda/ghq/github.com/legion2004/tai-phake-lip-reading/data/augmented_100spk_dataset_d/s1_aug1/d6,35,train,translation
s1_aug1_d7,s1_aug1,s1,d7,/Users/milinda/ghq/github.com/legion2004/tai-phake-lip-reading/data/augmented_100spk_dataset_d/s1_aug1/d7,41,train,translation
s1_aug1_d8,s1_aug1,s1,d8,/Users/milinda/ghq/github.com/legion2004/tai-phake-lip-reading/data/augmented_100spk_dataset_d/s1_aug1/d8,42,train,translation
s1_aug1_d9,s1_aug1,s1,d9,/Users/milinda/ghq/github.com/legion2004/tai-phake-lip-reading/data/augmented_100spk_dataset_d/s1_aug1/d9,36,train,translation
s1_aug1_d10,s1_aug1,s1,d10,/Users/milinda/ghq/github.com/legion2004/tai-phake-lip-reading/data/augmented_100spk_dataset_d/s1_aug1/d10,30,train,translation
s1_aug2_d0,s1_aug2,s1,d0,/Users/milinda/ghq/github.com/legion2004/tai-phake-lip-reading/data/augmented_100spk_dataset_d/s1_aug2/d0,40,train,photometric
s1_aug2_d1,s1_aug2,s1,d1,/Users/milinda/ghq/github.com/legion2004/tai-phake-lip-reading/data/augmented_100spk_dataset_d/s1_aug2/d1,39,train,photometric
s1_aug2_d2,s1_aug2,s1,d2,/Users/milinda/ghq/github.com/legion2004/tai-phake-lip-reading/data/augmented_100spk_dataset_d/s1_aug2/d2,40,train,photometric
s1_aug2_d3,s1_aug2,s1,d3,/Users/milinda/ghq/github.com/legion2004/tai-phake-lip-reading/data/augmented_100spk_dataset_d/s1_aug2/d3,36,train,photometric
s1_aug2_d4,s1_aug2,s1,d4,/Users/milinda/ghq/github.com/legion2004/tai-phake-lip-reading/data/augmented_100spk_dataset_d/s1_aug2/d4,48,train,photometric
s1_aug2_d5,s1_aug2,s1,d5,/Users/milinda/ghq/github.com/legion2004/tai-phake-lip-reading/data/augmented_100spk_dataset_d/s1_aug2/d5,55,train,photometric
s1_aug2_d6,s1_aug2,s1,d6,/Users/milinda/ghq/github.com/legion2004/tai-phake-lip-reading/data/augmented_100spk_dataset_d/s1_aug2/d6,35,train,photometric
s1_aug2_d7,s1_aug2,s1,d7,/Users/milinda/ghq/github.com/legion2004/tai-phake-lip-reading/data/augmented_100spk_dataset_d/s1_aug2/d7,41,train,photometric
s1_aug2_d8,s1_aug2,s1,d8,/Users/milinda/ghq/github.com/legion2004/tai-phake-lip-reading/data/augmented_100spk_dataset_d/s1_aug2/d8,42,train,photometric
s1_aug2_d9,s1_aug2,s1,d9,/Users/milinda/ghq/github.com/legion2004/tai-phake-lip-reading/data/augmented_100spk_dataset_d/s1_aug2/d9,36,train,photometric
s1_aug2_d10,s1_aug2,s1,d10,/Users/milinda/ghq/github.com/legion2004/tai-phake-lip-reading/data/augmented_100spk_dataset_d/s1_aug2/d10,30,train,photometric
s1_aug3_d0,s1_aug3,s1,d0,/Users/milinda/ghq/github.com/legion2004/tai-phake-lip-reading/data/augmented_100spk_dataset_d/s1_aug3/d0,40,train,rotation
s1_aug3_d1,s1_aug3,s1,d1,/Users/milinda/ghq/github.com/legion2004/tai-phake-lip-reading/data/augmented_100spk_dataset_d/s1_aug3/d1,39,train,rotation
s1_aug3_d2,s1_aug3,s1,d2,/Users/milinda/ghq/github.com/legion2004/tai-phake-lip-reading/data/augmented_100spk_dataset_d/s1_aug3/d2,40,train,rotation
s1_aug3_d3,s1_aug3,s1,d3,/Users/milinda/ghq/github.com/legion2004/tai-phake-lip-reading/data/augmented_100spk_dataset_d/s1_aug3/d3,36,train,rotation
s1_aug3_d4,s1_aug3,s1,d4,/Users/milinda/ghq/github.com/legion2004/tai-phake-lip-reading/data/augmented_100spk_dataset_d/s1_aug3/d4,48,train,rotation
s1_aug3_d5,s1_aug3,s1,d5,/Users/milinda/ghq/github.com/legion2004/tai-phake-lip-reading/data/augmented_100spk_dataset_d/s1_aug3/d5,55,train,rotation
s1_aug3_d6,s1_aug3,s1,d6,/Users/milinda/ghq/github.com/legion2004/tai-phake-lip-reading/data/augmented_100spk_dataset_d/s1_aug3/d6,35,train,rotation
s1_aug3_d7,s1_aug3,s1,d7,/Users/milinda/ghq/github.com/legion2004/tai-phake-lip-reading/data/augmented_100spk_dataset_d/s1_aug3/d7,41,train,rotation
s1_aug3_d8,s1_aug3,s1,d8,/Users/milinda/ghq/github.com/legion2004/tai-phake-lip-reading/data/augmented_100spk_dataset_d/s1_aug3/d8,42,train,rotation
s1_aug3_d9,s1_aug3,s1,d9,/Users/milinda/ghq/github.com/legion2004/tai-phake-lip-reading/data/augmented_100spk_dataset_d/s1_aug3/d9,36,train,rotation
s1_aug3_d10,s1_aug3,s1,d10,/Users/milinda/ghq/github.com/legion2004/tai-phake-lip-reading/data/augmented_100spk_dataset_d/s1_aug3/d10,30,train,rotation
s1_aug4_d0,s1_aug4,s1,d0,/Users/milinda/ghq/github.com/legion2004/tai-phake-lip-reading/data/augmented_100spk_dataset_d/s1_aug4/d0,40,train,zoom
s1_aug4_d1,s1_aug4,s1,d1,/Users/milinda/ghq/github.com/legion2004/tai-phake-lip-reading/data/augmented_100spk_dataset_d/s1_aug4/d1,39,train,zoom
s1_aug4_d2,s1_aug4,s1,d2,/Users/milinda/ghq/github.com/legion2004/tai-phake-lip-reading/data/augmented_100spk_dataset_d/s1_aug4/d2,40,train,zoom
s1_aug4_d3,s1_aug4,s1,d3,/Users/milinda/ghq/github.com/legion2004/tai-phake-lip-reading/data/augmented_100spk_dataset_d/s1_aug4/d3,36,train,zoom
s1_aug4_d4,s1_aug4,s1,d4,/Users/milinda/ghq/github.com/legion2004/tai-phake-lip-reading/data/augmented_100spk_dataset_d/s1_aug4/d4,48,train,zoom
s1_aug4_d5,s1_aug4,s1,d5,/Users/milinda/ghq/github.com/legion2004/tai-phake-lip-reading/data/augmented_100spk_dataset_d/s1_aug4/d5,55,train,zoom
s1_aug4_d6,s1_aug4,s1,d6,/Users/milinda/ghq/github.com/legion2004/tai-phake-lip-reading/data/augmented_100spk_dataset_d/s1_aug4/d6,35,train,zoom
s1_aug4_d7,s1_aug4,s1,d7,/Users/milinda/ghq/github.com/legion2004/tai-phake-lip-reading/data/augmented_100spk_dataset_d/s1_aug4/d7,41,train,zoom
s1_aug4_d8,s1_aug4,s1,d8,/Users/milinda/ghq/github.com/legion2004/tai-phake-lip-reading/data/augmented_100spk_dataset_d/s1_aug4/d8,42,train,zoom
s1_aug4_d9,s1_aug4,s1,d9,/Users/milinda/ghq/github.com/legion2004/tai-phake-lip-reading/data/augmented_100spk_dataset_d/s1_aug4/d9,36,train,zoom
s1_aug4_d10,s1_aug4,s1,d10,/Users/milinda/ghq/github.com/legion2004/tai-phake-lip-reading/data/augmented_100spk_dataset_d/s1_aug4/d10,30,train,zoom
s2_d0,s2,s2,d0,/Users/milinda/ghq/github.com/legion2004/tai-phake-lip-reading/data/augmented_100spk_dataset_d/s2/d0,23,train,original
s2_d1,s2,s2,d1,/Users/milinda/ghq/github.com/legion2004/tai-phake-lip-reading/data/augmented_100spk_dataset_d/s2/d1,43,train,original
s2_d2,s2,s2,d2,/Users/milinda/ghq/github.com/legion2004/tai-phake-lip-reading/data/augmented_100spk_dataset_d/s2/d2,32,train,original
s2_d3,s2,s2,d3,/Users/milinda/ghq/github.com/legion2004/tai-phake-lip-reading/data/augmented_100spk_dataset_d/s2/d3,28,train,original
s2_d4,s2,s2,d4,/Users/milinda/ghq/github.com/legion2004/tai-phake-lip-reading/data/augmented_100spk_dataset_d/s2/d4,44,train,original
s2_d5,s2,s2,d5,/Users/milinda/ghq/github.com/legion2004/tai-phake-lip-reading/data/augmented_100spk_dataset_d/s2/d5,37,train,original
s2_d6,s2,s2,d6,/Users/milinda/ghq/github.com/legion2004/tai-phake-lip-reading/data/augmented_100spk_dataset_d/s2/d6,40,train,original
s2_d7,s2,s2,d7,/Users/milinda/ghq/github.com/legion2004/tai-phake-lip-reading/data/augmented_100spk_dataset_d/s2/d7,46,train,original
s2_d8,s2,s2,d8,/Users/milinda/ghq/github.com/legion2004/tai-phake-lip-reading/data/augmented_100spk_dataset_d/s2/d8,39,train,original
s2_d9,s2,s2,d9,/Users/milinda/ghq/github.com/legion2004/tai-phake-lip-reading/data/augmented_100spk_dataset_d/s2/d9,32,train,original
s2_d10,s2,s2,d10,/Users/milinda/ghq/github.com/legion2004/tai-phake-lip-reading/data/augmented_100spk_dataset_d/s2/d10,25,train,original
s2_aug1_d0,s2_aug1,s2,d0,/Users/milinda/ghq/github.com/legion2004/tai-phake-lip-reading/data/augmented_100spk_dataset_d/s2_aug1/d0,23,train,translation
s2_aug1_d1,s2_aug1,s2,d1,/Users/milinda/ghq/github.com/legion2004/tai-phake-lip-reading/data/augmented_100spk_dataset_d/s2_aug1/d1,43,train,translation
s2_aug1_d2,s2_aug1,s2,d2,/Users/milinda/ghq/github.com/legion2004/tai-phake-lip-reading/data/augmented_100spk_dataset_d/s2_aug1/d2,32,train,translation
s2_aug1_d3,s2_aug1,s2,d3,/Users/milinda/ghq/github.com/legion2004/tai-phake-lip-reading/data/augmented_100spk_dataset_d/s2_aug1/d3,28,train,translation
s2_aug1_d4,s2_aug1,s2,d4,/Users/milinda/ghq/github.com/legion2004/tai-phake-lip-reading/data/augmented_100spk_dataset_d/s2_aug1/d4,44,train,translation
s2_aug1_d5,s2_aug1,s2,d5,/Users/milinda/ghq/github.com/legion2004/tai-phake-lip-reading/data/augmented_100spk_dataset_d/s2_aug1/d5,37,train,translation
s2_aug1_d6,s2_aug1,s2,d6,/Users/milinda/ghq/github.com/legion2004/tai-phake-lip-reading/data/augmented_100spk_dataset_d/s2_aug1/d6,40,train,translation
s2_aug1_d7,s2_aug1,s2,d7,/Users/milinda/ghq/github.com/legion2004/tai-phake-lip-reading/data/augmented_100spk_dataset_d/s2_aug1/d7,46,train,translation
s2_aug1_d8,s2_aug1,s2,d8,/Users/milinda/ghq/github.com/legion2004/tai-phake-lip-reading/data/augmented_100spk_dataset_d/s2_aug1/d8,39,train,translation
s2_aug1_d9,s2_aug1,s2,d9,/Users/milinda/ghq/github.com/legion2004/tai-phake-lip-reading/data/augmented_100spk_dataset_d/s2_aug1/d9,32,train,translation
s2_aug1_d10,s2_aug1,s2,d10,/Users/milinda/ghq/github.com/legion2004/tai-phake-lip-reading/data/augmented_100spk_dataset_d/s2_aug1/d10,25,train,translation
s2_aug2_d0,s2_aug2,s2,d0,/Users/milinda/ghq/github.com/legion2004/tai-phake-lip-reading/data/augmented_100spk_dataset_d/s2_aug2/d0,23,train,photometric
s2_aug2_d1,s2_aug2,s2,d1,/Users/milinda/ghq/github.com/legion2004/tai-phake-lip-reading/data/augmented_100spk_dataset_d/s2_aug2/d1,43,train,photometric
s2_aug2_d2,s2_aug2,s2,d2,/Users/milinda/ghq/github.com/legion2004/tai-phake-lip-reading/data/augmented_100spk_dataset_d/s2_aug2/d2,32,train,photometric
s2_aug2_d3,s2_aug2,s2,d3,/Users/milinda/ghq/github.com/legion2004/tai-phake-lip-reading/data/augmented_100spk_dataset_d/s2_aug2/d3,28,train,photometric
s2_aug2_d4,s2_aug2,s2,d4,/Users/milinda/ghq/github.com/legion2004/tai-phake-lip-reading/data/augmented_100spk_dataset_d/s2_aug2/d4,44,train,photometric
s2_aug2_d5,s2_aug2,s2,d5,/Users/milinda/ghq/github.com/legion2004/tai-phake-lip-reading/data/augmented_100spk_dataset_d/s2_aug2/d5,37,train,photometric
s2_aug2_d6,s2_aug2,s2,d6,/Users/milinda/ghq/github.com/legion2004/tai-phake-lip-reading/data/augmented_100spk_dataset_d/s2_aug2/d6,40,train,photometric
s2_aug2_d7,s2_aug2,s2,d7,/Users/milinda/ghq/github.com/legion2004/tai-phake-lip-reading/data/augmented_100spk_dataset_d/s2_aug2/d7,46,train,photometric
s2_aug2_d8,s2_aug2,s2,d8,/Users/milinda/ghq/github.com/legion2004/tai-phake-lip-reading/data/augmented_100spk_dataset_d/s2_aug2/d8,39,train,photometric
s2_aug2_d9,s2_aug2,s2,d9,/Users/milinda/ghq/github.com/legion2004/tai-phake-lip-reading/data/augmented_100spk_dataset_d/s2_aug2/d9,32,train,photometric
s2_aug2_d10,s2_aug2,s2,d10,/Users/milinda/ghq/github.com/legion2004/tai-phake-lip-reading/data/augmented_100spk_dataset_d/s2_aug2/d10,25,train,photometric
s2_aug3_d0,s2_aug3,s2,d0,/Users/milinda/ghq/github.com/legion2004/tai-phake-lip-reading/data/augmented_100spk_dataset_d/s2_aug3/d0,23,train,rotation
s2_aug3_d1,s2_aug3,s2,d1,/Users/milinda/ghq/github.com/legion2004/tai-phake-lip-reading/data/augmented_100spk_dataset_d/s2_aug3/d1,43,train,rotation
s2_aug3_d2,s2_aug3,s2,d2,/Users/milinda/ghq/github.com/legion2004/tai-phake-lip-reading/data/augmented_100spk_dataset_d/s2_aug3/d2,32,train,rotation
s2_aug3_d3,s2_aug3,s2,d3,/Users/milinda/ghq/github.com/legion2004/tai-phake-lip-reading/data/augmented_100spk_dataset_d/s2_aug3/d3,28,train,rotation
s2_aug3_d4,s2_aug3,s2,d4,/Users/milinda/ghq/github.com/legion2004/tai-phake-lip-reading/data/augmented_100spk_dataset_d/s2_aug3/d4,44,train,rotation
s2_aug3_d5,s2_aug3,s2,d5,/Users/milinda/ghq/github.com/legion2004/tai-phake-lip-reading/data/augmented_100spk_dataset_d/s2_aug3/d5,37,train,rotation
s2_aug3_d6,s2_aug3,s2,d6,/Users/milinda/ghq/github.com/legion2004/tai-phake-lip-reading/data/augmented_100spk_dataset_d/s2_aug3/d6,40,train,rotation
s2_aug3_d7,s2_aug3,s2,d7,/Users/milinda/ghq/github.com/legion2004/tai-phake-lip-reading/data/augmented_100spk_dataset_d/s2_aug3/d7,46,train,rotation
s2_aug3_d8,s2_aug3,s2,d8,/Users/milinda/ghq/github.com/legion2004/tai-phake-lip-reading/data/augmented_100spk_dataset_d/s2_aug3/d8,39,train,rotation
s2_aug3_d9,s2_aug3,s2,d9,/Users/milinda/ghq/github.com/legion2004/tai-phake-lip-reading/data/augmented_100spk_dataset_d/s2_aug3/d9,32,train,rotation
s2_aug3_d10,s2_aug3,s2,d10,/Users/milinda/ghq/github.com/legion2004/tai-phake-lip-reading/data/augmented_100spk_dataset_d/s2_aug3/d10,25,train,rotation
s2_aug4_d0,s2_aug4,s2,d0,/Users/milinda/ghq/github.com/legion2004/tai-phake-lip-reading/data/augmented_100spk_dataset_d/s2_aug4/d0,23,train,zoom
s2_aug4_d1,s2_aug4,s2,d1,/Users/milinda/ghq/github.com/legion2004/tai-phake-lip-reading/data/augmented_100spk_dataset_d/s2_aug4/d1,43,train,zoom
s2_aug4_d2,s2_aug4,s2,d2,/Users/milinda/ghq/github.com/legion2004/tai-phake-lip-reading/data/augmented_100spk_dataset_d/s2_aug4/d2,32,train,zoom
s2_aug4_d3,s2_aug4,s2,d3,/Users/milinda/ghq/github.com/legion2004/tai-phake-lip-reading/data/augmented_100spk_dataset_d/s2_aug4/d3,28,train,zoom
s2_aug4_d4,s2_aug4,s2,d4,/Users/milinda/ghq/github.com/legion2004/tai-phake-lip-reading/data/augmented_100spk_dataset_d/s2_aug4/d4,44,train,zoom
s2_aug4_d5,s2_aug4,s2,d5,/Users/milinda/ghq/github.com/legion2004/tai-phake-lip-reading/data/augmented_100spk_dataset_d/s2_aug4/d5,37,train,zoom
s2_aug4_d6,s2_aug4,s2,d6,/Users/milinda/ghq/github.com/legion2004/tai-phake-lip-reading/data/augmented_100spk_dataset_d/s2_aug4/d6,40,train,zoom
s2_aug4_d7,s2_aug4,s2,d7,/Users/milinda/ghq/github.com/legion2004/tai-phake-lip-reading/data/augmented_100spk_dataset_d/s2_aug4/d7,46,train,zoom
s2_aug4_d8,s2_aug4,s2,d8,/Users/milinda/ghq/github.com/legion2004/tai-phake-lip-reading/data/augmented_100spk_dataset_d/s2_aug4/d8,39,train,zoom
s2_aug4_d9,s2_aug4,s2,d9,/Users/milinda/ghq/github.com/legion2004/tai-phake-lip-reading/data/augmented_100spk_dataset_d/s2_aug4/d9,32,train,zoom
s2_aug4_d10,s2_aug4,s2,d10,/Users/milinda/ghq/github.com/legion2004/tai-phake-lip-reading/data/augmented_100spk_dataset_d/s2_aug4/d10,25,train,zoom
s3_d0,s3,s3,d0,/Users/milinda/ghq/github.com/legion2004/tai-phake-lip-reading/data/augmented_100spk_dataset_d/s3/d0,66,train,original
s3_d1,s3,s3,d1,/Users/milinda/ghq/github.com/legion2004/tai-phake-lip-reading/data/augmented_100spk_dataset_d/s3/d1,31,train,original
s3_d2,s3,s3,d2,/Users/milinda/ghq/github.com/legion2004/tai-phake-lip-reading/data/augmented_100spk_dataset_d/s3/d2,32,train,original
s3_d3,s3,s3,d3,/Users/milinda/ghq/github.com/legion2004/tai-phake-lip-reading/data/augmented_100spk_dataset_d/s3/d3,23,train,original
s3_d4,s3,s3,d4,/Users/milinda/ghq/github.com/legion2004/tai-phake-lip-reading/data/augmented_100spk_dataset_d/s3/d4,37,train,original
s3_d5,s3,s3,d5,/Users/milinda/ghq/github.com/legion2004/tai-phake-lip-reading/data/augmented_100spk_dataset_d/s3/d5,31,train,original
s3_d6,s3,s3,d6,/Users/milinda/ghq/github.com/legion2004/tai-phake-lip-reading/data/augmented_100spk_dataset_d/s3/d6,30,train,original
s3_d7,s3,s3,d7,/Users/milinda/ghq/github.com/legion2004/tai-phake-lip-reading/data/augmented_100spk_dataset_d/s3/d7,36,train,original
s3_d8,s3,s3,d8,/Users/milinda/ghq/github.com/legion2004/tai-phake-lip-reading/data/augmented_100spk_dataset_d/s3/d8,25,train,original
s3_d9,s3,s3,d9,/Users/milinda/ghq/github.com/legion2004/tai-phake-lip-reading/data/augmented_100spk_dataset_d/s3/d9,44,train,original
s3_d10,s3,s3,d10,/Users/milinda/ghq/github.com/legion2004/tai-phake-lip-reading/data/augmented_100spk_dataset_d/s3/d10,22,train,original
s3_aug1_d0,s3_aug1,s3,d0,/Users/milinda/ghq/github.com/legion2004/tai-phake-lip-reading/data/augmented_100spk_dataset_d/s3_aug1/d0,66,train,translation
s3_aug1_d1,s3_aug1,s3,d1,/Users/milinda/ghq/github.com/legion2004/tai-phake-lip-reading/data/augmented_100spk_dataset_d/s3_aug1/d1,31,train,translation
s3_aug1_d2,s3_aug1,s3,d2,/Users/milinda/ghq/github.com/legion2004/tai-phake-lip-reading/data/augmented_100spk_dataset_d/s3_aug1/d2,32,train,translation
s3_aug1_d3,s3_aug1,s3,d3,/Users/milinda/ghq/github.com/legion2004/tai-phake-lip-reading/data/augmented_100spk_dataset_d/s3_aug1/d3,23,train,translation
s3_aug1_d4,s3_aug1,s3,d4,/Users/milinda/ghq/github.com/legion2004/tai-phake-lip-reading/data/augmented_100spk_dataset_d/s3_aug1/d4,37,train,translation
s3_aug1_d5,s3_aug1,s3,d5,/Users/milinda/ghq/github.com/legion2004/tai-phake-lip-reading/data/augmented_100spk_dataset_d/s3_aug1/d5,31,train,translation
s3_aug1_d6,s3_aug1,s3,d6,/Users/milinda/ghq/github.com/legion2004/tai-phake-lip-reading/data/augmented_100spk_dataset_d/s3_aug1/d6,30,train,translation
s3_aug1_d7,s3_aug1,s3,d7,/Users/milinda/ghq/github.com/legion2004/tai-phake-lip-reading/data/augmented_100spk_dataset_d/s3_aug1/d7,36,train,translation
s3_aug1_d8,s3_aug1,s3,d8,/Users/milinda/ghq/github.com/legion2004/tai-phake-lip-reading/data/augmented_100spk_dataset_d/s3_aug1/d8,25,train,translation
s3_aug1_d9,s3_aug1,s3,d9,/Users/milinda/ghq/github.com/legion2004/tai-phake-lip-reading/data/augmented_100spk_dataset_d/s3_aug1/d9,44,train,translation
s3_aug1_d10,s3_aug1,s3,d10,/Users/milinda/ghq/github.com/legion2004/tai-phake-lip-reading/data/augmented_100spk_dataset_d/s3_aug1/d10,22,train,translation
s3_aug2_d0,s3_aug2,s3,d0,/Users/milinda/ghq/github.com/legion2004/tai-phake-lip-reading/data/augmented_100spk_dataset_d/s3_aug2/d0,66,train,photometric
s3_aug2_d1,s3_aug2,s3,d1,/Users/milinda/ghq/github.com/legion2004/tai-phake-lip-reading/data/augmented_100spk_dataset_d/s3_aug2/d1,31,train,photometric
s3_aug2_d2,s3_aug2,s3,d2,/Users/milinda/ghq/github.com/legion2004/tai-phake-lip-reading/data/augmented_100spk_dataset_d/s3_aug2/d2,32,train,photometric
s3_aug2_d3,s3_aug2,s3,d3,/Users/milinda/ghq/github.com/legion2004/tai-phake-lip-reading/data/augmented_100spk_dataset_d/s3_aug2/d3,23,train,photometric
s3_aug2_d4,s3_aug2,s3,d4,/Users/milinda/ghq/github.com/legion2004/tai-phake-lip-reading/data/augmented_100spk_dataset_d/s3_aug2/d4,37,train,photometric
s3_aug2_d5,s3_aug2,s3,d5,/Users/milinda/ghq/github.com/legion2004/tai-phake-lip-reading/data/augmented_100spk_dataset_d/s3_aug2/d5,31,train,photometric
s3_aug2_d6,s3_aug2,s3,d6,/Users/milinda/ghq/github.com/legion2004/tai-phake-lip-reading/data/augmented_100spk_dataset_d/s3_aug2/d6,30,train,photometric
s3_aug2_d7,s3_aug2,s3,d7,/Users/milinda/ghq/github.com/legion2004/tai-phake-lip-reading/data/augmented_100spk_dataset_d/s3_aug2/d7,36,train,photometric
s3_aug2_d8,s3_aug2,s3,d8,/Users/milinda/ghq/github.com/legion2004/tai-phake-lip-reading/data/augmented_100spk_dataset_d/s3_aug2/d8,25,train,photometric
s3_aug2_d9,s3_aug2,s3,d9,/Users/milinda/ghq/github.com/legion2004/tai-phake-lip-reading/data/augmented_100spk_dataset_d/s3_aug2/d9,44,train,photometric
s3_aug2_d10,s3_aug2,s3,d10,/Users/milinda/ghq/github.com/legion2004/tai-phake-lip-reading/data/augmented_100spk_dataset_d/s3_aug2/d10,22,train,photometric
s3_aug3_d0,s3_aug3,s3,d0,/Users/milinda/ghq/github.com/legion2004/tai-phake-lip-reading/data/augmented_100spk_dataset_d/s3_aug3/d0,66,train,rotation
s3_aug3_d1,s3_aug3,s3,d1,/Users/milinda/ghq/github.com/legion2004/tai-phake-lip-reading/data/augmented_100spk_dataset_d/s3_aug3/d1,31,train,rotation
s3_aug3_d2,s3_aug3,s3,d2,/Users/milinda/ghq/github.com/legion2004/tai-phake-lip-reading/data/augmented_100spk_dataset_d/s3_aug3/d2,32,train,rotation
s3_aug3_d3,s3_aug3,s3,d3,/Users/milinda/ghq/github.com/legion2004/tai-phake-lip-reading/data/augmented_100spk_dataset_d/s3_aug3/d3,23,train,rotation
s3_aug3_d4,s3_aug3,s3,d4,/Users/milinda/ghq/github.com/legion2004/tai-phake-lip-reading/data/augmented_100spk_dataset_d/s3_aug3/d4,37,train,rotation
s3_aug3_d5,s3_aug3,s3,d5,/Users/milinda/ghq/github.com/legion2004/tai-phake-lip-reading/data/augmented_100spk_dataset_d/s3_aug3/d5,31,train,rotation
s3_aug3_d6,s3_aug3,s3,d6,/Users/milinda/ghq/github.com/legion2004/tai-phake-lip-reading/data/augmented_100spk_dataset_d/s3_aug3/d6,30,train,rotation
s3_aug3_d7,s3_aug3,s3,d7,/Users/milinda/ghq/github.com/legion2004/tai-phake-lip-reading/data/augmented_100spk_dataset_d/s3_aug3/d7,36,train,rotation
s3_aug3_d8,s3_aug3,s3,d8,/Users/milinda/ghq/github.com/legion2004/tai-phake-lip-reading/data/augmented_100spk_dataset_d/s3_aug3/d8,25,train,rotation
s3_aug3_d9,s3_aug3,s3,d9,/Users/milinda/ghq/github.com/legion2004/tai-phake-lip-reading/data/augmented_100spk_dataset_d/s3_aug3/d9,44,train,rotation
s3_aug3_d10,s3_aug3,s3,d10,/Users/milinda/ghq/github.com/legion2004/tai-phake-lip-reading/data/augmented_100spk_dataset_d/s3_aug3/d10,22,train,rotation
s3_aug4_d0,s3_aug4,s3,d0,/Users/milinda/ghq/github.com/legion2004/tai-phake-lip-reading/data/augmented_100spk_dataset_d/s3_aug4/d0,66,train,zoom
s3_aug4_d1,s3_aug4,s3,d1,/Users/milinda/ghq/github.com/legion2004/tai-phake-lip-reading/data/augmented_100spk_dataset_d/s3_aug4/d1,31,train,zoom
s3_aug4_d2,s3_aug4,s3,d2,/Users/milinda/ghq/github.com/legion2004/tai-phake-lip-reading/data/augmented_100spk_dataset_d/s3_aug4/d2,32,train,zoom
s3_aug4_d3,s3_aug4,s3,d3,/Users/milinda/ghq/github.com/legion2004/tai-phake-lip-reading/data/augmented_100spk_dataset_d/s3_aug4/d3,23,train,zoom
s3_aug4_d4,s3_aug4,s3,d4,/Users/milinda/ghq/github.com/legion2004/tai-phake-lip-reading/data/augmented_100spk_dataset_d/s3_aug4/d4,37,train,zoom
s3_aug4_d5,s3_aug4,s3,d5,/Users/milinda/ghq/github.com/legion2004/tai-phake-lip-reading/data/augmented_100spk_dataset_d/s3_aug4/d5,31,train,zoom
s3_aug4_d6,s3_aug4,s3,d6,/Users/milinda/ghq/github.com/legion2004/tai-phake-lip-reading/data/augmented_100spk_dataset_d/s3_aug4/d6,30,train,zoom
s3_aug4_d7,s3_aug4,s3,d7,/Users/milinda/ghq/github.com/legion2004/tai-phake-lip-reading/data/augmented_100spk_dataset_d/s3_aug4/d7,36,train,zoom
s3_aug4_d8,s3_aug4,s3,d8,/Users/milinda/ghq/github.com/legion2004/tai-phake-lip-reading/data/augmented_100spk_dataset_d/s3_aug4/d8,25,train,zoom
s3_aug4_d9,s3_aug4,s3,d9,/Users/milinda/ghq/github.com/legion2004/tai-phake-lip-reading/data/augmented_100spk_dataset_d/s3_aug4/d9,44,train,zoom
s3_aug4_d10,s3_aug4,s3,d10,/Users/milinda/ghq/github.com/legion2004/tai-phake-lip-reading/data/augmented_100spk_dataset_d/s3_aug4/d10,22,train,zoom
s4_d0,s4,s4,d0,/Users/milinda/ghq/github.com/legion2004/tai-phake-lip-reading/data/augmented_100spk_dataset_d/s4/d0,31,train,original
s4_d1,s4,s4,d1,/Users/milinda/ghq/github.com/legion2004/tai-phake-lip-reading/data/augmented_100spk_dataset_d/s4/d1,37,train,original
s4_d2,s4,s4,d2,/Users/milinda/ghq/github.com/legion2004/tai-phake-lip-reading/data/augmented_100spk_dataset_d/s4/d2,38,train,original
s4_d3,s4,s4,d3,/Users/milinda/ghq/github.com/legion2004/tai-phake-lip-reading/data/augmented_100spk_dataset_d/s4/d3,35,train,original
s4_d4,s4,s4,d4,/Users/milinda/ghq/github.com/legion2004/tai-phake-lip-reading/data/augmented_100spk_dataset_d/s4/d4,36,train,original
s4_d5,s4,s4,d5,/Users/milinda/ghq/github.com/legion2004/tai-phake-lip-reading/data/augmented_100spk_dataset_d/s4/d5,41,train,original
s4_d6,s4,s4,d6,/Users/milinda/ghq/github.com/legion2004/tai-phake-lip-reading/data/augmented_100spk_dataset_d/s4/d6,38,train,original
s4_d7,s4,s4,d7,/Users/milinda/ghq/github.com/legion2004/tai-phake-lip-reading/data/augmented_100spk_dataset_d/s4/d7,33,train,original
s4_d8,s4,s4,d8,/Users/milinda/ghq/github.com/legion2004/tai-phake-lip-reading/data/augmented_100spk_dataset_d/s4/d8,38,train,original
s4_d9,s4,s4,d9,/Users/milinda/ghq/github.com/legion2004/tai-phake-lip-reading/data/augmented_100spk_dataset_d/s4/d9,54,train,original
s4_d10,s4,s4,d10,/Users/milinda/ghq/github.com/legion2004/tai-phake-lip-reading/data/augmented_100spk_dataset_d/s4/d10,56,train,original
s4_aug1_d0,s4_aug1,s4,d0,/Users/milinda/ghq/github.com/legion2004/tai-phake-lip-reading/data/augmented_100spk_dataset_d/s4_aug1/d0,31,train,translation
s4_aug1_d1,s4_aug1,s4,d1,/Users/milinda/ghq/github.com/legion2004/tai-phake-lip-reading/data/augmented_100spk_dataset_d/s4_aug1/d1,37,train,translation
s4_aug1_d2,s4_aug1,s4,d2,/Users/milinda/ghq/github.com/legion2004/tai-phake-lip-reading/data/augmented_100spk_dataset_d/s4_aug1/d2,38,train,translation
s4_aug1_d3,s4_aug1,s4,d3,/Users/milinda/ghq/github.com/legion2004/tai-phake-lip-reading/data/augmented_100spk_dataset_d/s4_aug1/d3,35,train,translation
s4_aug1_d4,s4_aug1,s4,d4,/Users/milinda/ghq/github.com/legion2004/tai-phake-lip-reading/data/augmented_100spk_dataset_d/s4_aug1/d4,36,train,translation
s4_aug1_d5,s4_aug1,s4,d5,/Users/milinda/ghq/github.com/legion2004/tai-phake-lip-reading/data/augmented_100spk_dataset_d/s4_aug1/d5,41,train,translation
s4_aug1_d6,s4_aug1,s4,d6,/Users/milinda/ghq/github.com/legion2004/tai-phake-lip-reading/data/augmented_100spk_dataset_d/s4_aug1/d6,38,train,translation
s4_aug1_d7,s4_aug1,s4,d7,/Users/milinda/ghq/github.com/legion2004/tai-phake-lip-reading/data/augmented_100spk_dataset_d/s4_aug1/d7,33,train,translation
s4_aug1_d8,s4_aug1,s4,d8,/Users/milinda/ghq/github.com/legion2004/tai-phake-lip-reading/data/augmented_100spk_dataset_d/s4_aug1/d8,38,train,translation
s4_aug1_d9,s4_aug1,s4,d9,/Users/milinda/ghq/github.com/legion2004/tai-phake-lip-reading/data/augmented_100spk_dataset_d/s4_aug1/d9,54,train,translation
s4_aug1_d10,s4_aug1,s4,d10,/Users/milinda/ghq/github.com/legion2004/tai-phake-lip-reading/data/augmented_100spk_dataset_d/s4_aug1/d10,56,train,translation
s4_aug2_d0,s4_aug2,s4,d0,/Users/milinda/ghq/github.com/legion2004/tai-phake-lip-reading/data/augmented_100spk_dataset_d/s4_aug2/d0,31,train,photometric
s4_aug2_d1,s4_aug2,s4,d1,/Users/milinda/ghq/github.com/legion2004/tai-phake-lip-reading/data/augmented_100spk_dataset_d/s4_aug2/d1,37,train,photometric
s4_aug2_d2,s4_aug2,s4,d2,/Users/milinda/ghq/github.com/legion2004/tai-phake-lip-reading/data/augmented_100spk_dataset_d/s4_aug2/d2,38,train,photometric
s4_aug2_d3,s4_aug2,s4,d3,/Users/milinda/ghq/github.com/legion2004/tai-phake-lip-reading/data/augmented_100spk_dataset_d/s4_aug2/d3,35,train,photometric
s4_aug2_d4,s4_aug2,s4,d4,/Users/milinda/ghq/github.com/legion2004/tai-phake-lip-reading/data/augmented_100spk_dataset_d/s4_aug2/d4,36,train,photometric
s4_aug2_d5,s4_aug2,s4,d5,/Users/milinda/ghq/github.com/legion2004/tai-phake-lip-reading/data/augmented_100spk_dataset_d/s4_aug2/d5,41,train,photometric
s4_aug2_d6,s4_aug2,s4,d6,/Users/milinda/ghq/github.com/legion2004/tai-phake-lip-reading/data/augmented_100spk_dataset_d/s4_aug2/d6,38,train,photometric
s4_aug2_d7,s4_aug2,s4,d7,/Users/milinda/ghq/github.com/legion2004/tai-phake-lip-reading/data/augmented_100spk_dataset_d/s4_aug2/d7,33,train,photometric
s4_aug2_d8,s4_aug2,s4,d8,/Users/milinda/ghq/github.com/legion2004/tai-phake-lip-reading/data/augmented_100spk_dataset_d/s4_aug2/d8,38,train,photometric
s4_aug2_d9,s4_aug2,s4,d9,/Users/milinda/ghq/github.com/legion2004/tai-phake-lip-reading/data/augmented_100spk_dataset_d/s4_aug2/d9,54,train,photometric
s4_aug2_d10,s4_aug2,s4,d10,/Users/milinda/ghq/github.com/legion2004/tai-phake-lip-reading/data/augmented_100spk_dataset_d/s4_aug2/d10,56,train,photometric
s4_aug3_d0,s4_aug3,s4,d0,/Users/milinda/ghq/github.com/legion2004/tai-phake-lip-reading/data/augmented_100spk_dataset_d/s4_aug3/d0,31,train,rotation
s4_aug3_d1,s4_aug3,s4,d1,/Users/milinda/ghq/github.com/legion2004/tai-phake-lip-reading/data/augmented_100spk_dataset_d/s4_aug3/d1,37,train,rotation
s4_aug3_d2,s4_aug3,s4,d2,/Users/milinda/ghq/github.com/legion2004/tai-phake-lip-reading/data/augmented_100spk_dataset_d/s4_aug3/d2,38,train,rotation
s4_aug3_d3,s4_aug3,s4,d3,/Users/milinda/ghq/github.com/legion2004/tai-phake-lip-reading/data/augmented_100spk_dataset_d/s4_aug3/d3,35,train,rotation
s4_aug3_d4,s4_aug3,s4,d4,/Users/milinda/ghq/github.com/legion2004/tai-phake-lip-reading/data/augmented_100spk_dataset_d/s4_aug3/d4,36,train,rotation
s4_aug3_d5,s4_aug3,s4,d5,/Users/milinda/ghq/github.com/legion2004/tai-phake-lip-reading/data/augmented_100spk_dataset_d/s4_aug3/d5,41,train,rotation
s4_aug3_d6,s4_aug3,s4,d6,/Users/milinda/ghq/github.com/legion2004/tai-phake-lip-reading/data/augmented_100spk_dataset_d/s4_aug3/d6,38,train,rotation
s4_aug3_d7,s4_aug3,s4,d7,/Users/milinda/ghq/github.com/legion2004/tai-phake-lip-reading/data/augmented_100spk_dataset_d/s4_aug3/d7,33,train,rotation
s4_aug3_d8,s4_aug3,s4,d8,/Users/milinda/ghq/github.com/legion2004/tai-phake-lip-reading/data/augmented_100spk_dataset_d/s4_aug3/d8,38,train,rotation
s4_aug3_d9,s4_aug3,s4,d9,/Users/milinda/ghq/github.com/legion2004/tai-phake-lip-reading/data/augmented_100spk_dataset_d/s4_aug3/d9,54,train,rotation
s4_aug3_d10,s4_aug3,s4,d10,/Users/milinda/ghq/github.com/legion2004/tai-phake-lip-reading/data/augmented_100spk_dataset_d/s4_aug3/d10,56,train,rotation
s4_aug4_d0,s4_aug4,s4,d0,/Users/milinda/ghq/github.com/legion2004/tai-phake-lip-reading/data/augmented_100spk_dataset_d/s4_aug4/d0,31,train,zoom
s4_aug4_d1,s4_aug4,s4,d1,/Users/milinda/ghq/github.com/legion2004/tai-phake-lip-reading/data/augmented_100spk_dataset_d/s4_aug4/d1,37,train,zoom
s4_aug4_d2,s4_aug4,s4,d2,/Users/milinda/ghq/github.com/legion2004/tai-phake-lip-reading/data/augmented_100spk_dataset_d/s4_aug4/d2,38,train,zoom
s4_aug4_d3,s4_aug4,s4,d3,/Users/milinda/ghq/github.com/legion2004/tai-phake-lip-reading/data/augmented_100spk_dataset_d/s4_aug4/d3,35,train,zoom
s4_aug4_d4,s4_aug4,s4,d4,/Users/milinda/ghq/github.com/legion2004/tai-phake-lip-reading/data/augmented_100spk_dataset_d/s4_aug4/d4,36,train,zoom
s4_aug4_d5,s4_aug4,s4,d5,/Users/milinda/ghq/github.com/legion2004/tai-phake-lip-reading/data/augmented_100spk_dataset_d/s4_aug4/d5,41,train,zoom
s4_aug4_d6,s4_aug4,s4,d6,/Users/milinda/ghq/github.com/legion2004/tai-phake-lip-reading/data/augmented_100spk_dataset_d/s4_aug4/d6,38,train,zoom
s4_aug4_d7,s4_aug4,s4,d7,/Users/milinda/ghq/github.com/legion2004/tai-phake-lip-reading/data/augmented_100spk_dataset_d/s4_aug4/d7,33,train,zoom
s4_aug4_d8,s4_aug4,s4,d8,/Users/milinda/ghq/github.com/legion2004/tai-phake-lip-reading/data/augmented_100spk_dataset_d/s4_aug4/d8,38,train,zoom
s4_aug4_d9,s4_aug4,s4,d9,/Users/milinda/ghq/github.com/legion2004/tai-phake-lip-reading/data/augmented_100spk_dataset_d/s4_aug4/d9,54,train,zoom
s4_aug4_d10,s4_aug4,s4,d10,/Users/milinda/ghq/github.com/legion2004/tai-phake-lip-reading/data/augmented_100spk_dataset_d/s4_aug4/d10,56,train,zoom
s5_d0,s5,s5,d0,/Users/milinda/ghq/github.com/legion2004/tai-phake-lip-reading/data/augmented_100spk_dataset_d/s5/d0,22,train,original
s5_d1,s5,s5,d1,/Users/milinda/ghq/github.com/legion2004/tai-phake-lip-reading/data/augmented_100spk_dataset_d/s5/d1,40,train,original
s5_d2,s5,s5,d2,/Users/milinda/ghq/github.com/legion2004/tai-phake-lip-reading/data/augmented_100spk_dataset_d/s5/d2,31,train,original
s5_d3,s5,s5,d3,/Users/milinda/ghq/github.com/legion2004/tai-phake-lip-reading/data/augmented_100spk_dataset_d/s5/d3,24,train,original
s5_d4,s5,s5,d4,/Users/milinda/ghq/github.com/legion2004/tai-phake-lip-reading/data/augmented_100spk_dataset_d/s5/d4,47,train,original
s5_d5,s5,s5,d5,/Users/milinda/ghq/github.com/legion2004/tai-phake-lip-reading/data/augmented_100spk_dataset_d/s5/d5,38,train,original
s5_d6,s5,s5,d6,/Users/milinda/ghq/github.com/legion2004/tai-phake-lip-reading/data/augmented_100spk_dataset_d/s5/d6,36,train,original
s5_d7,s5,s5,d7,/Users/milinda/ghq/github.com/legion2004/tai-phake-lip-reading/data/augmented_100spk_dataset_d/s5/d7,36,train,original
s5_d8,s5,s5,d8,/Users/milinda/ghq/github.com/legion2004/tai-phake-lip-reading/data/augmented_100spk_dataset_d/s5/d8,31,train,original
s5_d9,s5,s5,d9,/Users/milinda/ghq/github.com/legion2004/tai-phake-lip-reading/data/augmented_100spk_dataset_d/s5/d9,33,train,original
s5_d10,s5,s5,d10,/Users/milinda/ghq/github.com/legion2004/tai-phake-lip-reading/data/augmented_100spk_dataset_d/s5/d10,28,train,original
s5_aug1_d0,s5_aug1,s5,d0,/Users/milinda/ghq/github.com/legion2004/tai-phake-lip-reading/data/augmented_100spk_dataset_d/s5_aug1/d0,22,train,translation
s5_aug1_d1,s5_aug1,s5,d1,/Users/milinda/ghq/github.com/legion2004/tai-phake-lip-reading/data/augmented_100spk_dataset_d/s5_aug1/d1,40,train,translation
s5_aug1_d2,s5_aug1,s5,d2,/Users/milinda/ghq/github.com/legion2004/tai-phake-lip-reading/data/augmented_100spk_dataset_d/s5_aug1/d2,31,train,translation
s5_aug1_d3,s5_aug1,s5,d3,/Users/milinda/ghq/github.com/legion2004/tai-phake-lip-reading/data/augmented_100spk_dataset_d/s5_aug1/d3,24,train,translation
s5_aug1_d4,s5_aug1,s5,d4,/Users/milinda/ghq/github.com/legion2004/tai-phake-lip-reading/data/augmented_100spk_dataset_d/s5_aug1/d4,47,train,translation
s5_aug1_d5,s5_aug1,s5,d5,/Users/milinda/ghq/github.com/legion2004/tai-phake-lip-reading/data/augmented_100spk_dataset_d/s5_aug1/d5,38,train,translation
s5_aug1_d6,s5_aug1,s5,d6,/Users/milinda/ghq/github.com/legion2004/tai-phake-lip-reading/data/augmented_100spk_dataset_d/s5_aug1/d6,36,train,translation
s5_aug1_d7,s5_aug1,s5,d7,/Users/milinda/ghq/github.com/legion2004/tai-phake-lip-reading/data/augmented_100spk_dataset_d/s5_aug1/d7,36,train,translation
s5_aug1_d8,s5_aug1,s5,d8,/Users/milinda/ghq/github.com/legion2004/tai-phake-lip-reading/data/augmented_100spk_dataset_d/s5_aug1/d8,31,train,translation
s5_aug1_d9,s5_aug1,s5,d9,/Users/milinda/ghq/github.com/legion2004/tai-phake-lip-reading/data/augmented_100spk_dataset_d/s5_aug1/d9,33,train,translation
s5_aug1_d10,s5_aug1,s5,d10,/Users/milinda/ghq/github.com/legion2004/tai-phake-lip-reading/data/augmented_100spk_dataset_d/s5_aug1/d10,28,train,translation
s5_aug2_d0,s5_aug2,s5,d0,/Users/milinda/ghq/github.com/legion2004/tai-phake-lip-reading/data/augmented_100spk_dataset_d/s5_aug2/d0,22,train,photometric
s5_aug2_d1,s5_aug2,s5,d1,/Users/milinda/ghq/github.com/legion2004/tai-phake-lip-reading/data/augmented_100spk_dataset_d/s5_aug2/d1,40,train,photometric
s5_aug2_d2,s5_aug2,s5,d2,/Users/milinda/ghq/github.com/legion2004/tai-phake-lip-reading/data/augmented_100spk_dataset_d/s5_aug2/d2,31,train,photometric
s5_aug2_d3,s5_aug2,s5,d3,/Users/milinda/ghq/github.com/legion2004/tai-phake-lip-reading/data/augmented_100spk_dataset_d/s5_aug2/d3,24,train,photometric
s5_aug2_d4,s5_aug2,s5,d4,/Users/milinda/ghq/github.com/legion2004/tai-phake-lip-reading/data/augmented_100spk_dataset_d/s5_aug2/d4,47,train,photometric
s5_aug2_d5,s5_aug2,s5,d5,/Users/milinda/ghq/github.com/legion2004/tai-phake-lip-reading/data/augmented_100spk_dataset_d/s5_aug2/d5,38,train,photometric
s5_aug2_d6,s5_aug2,s5,d6,/Users/milinda/ghq/github.com/legion2004/tai-phake-lip-reading/data/augmented_100spk_dataset_d/s5_aug2/d6,36,train,photometric
s5_aug2_d7,s5_aug2,s5,d7,/Users/milinda/ghq/github.com/legion2004/tai-phake-lip-reading/data/augmented_100spk_dataset_d/s5_aug2/d7,36,train,photometric
s5_aug2_d8,s5_aug2,s5,d8,/Users/milinda/ghq/github.com/legion2004/tai-phake-lip-reading/data/augmented_100spk_dataset_d/s5_aug2/d8,31,train,photometric
s5_aug2_d9,s5_aug2,s5,d9,/Users/milinda/ghq/github.com/legion2004/tai-phake-lip-reading/data/augmented_100spk_dataset_d/s5_aug2/d9,33,train,photometric
s5_aug2_d10,s5_aug2,s5,d10,/Users/milinda/ghq/github.com/legion2004/tai-phake-lip-reading/data/augmented_100spk_dataset_d/s5_aug2/d10,28,train,photometric
s5_aug3_d0,s5_aug3,s5,d0,/Users/milinda/ghq/github.com/legion2004/tai-phake-lip-reading/data/augmented_100spk_dataset_d/s5_aug3/d0,22,train,rotation
s5_aug3_d1,s5_aug3,s5,d1,/Users/milinda/ghq/github.com/legion2004/tai-phake-lip-reading/data/augmented_100spk_dataset_d/s5_aug3/d1,40,train,rotation
s5_aug3_d2,s5_aug3,s5,d2,/Users/milinda/ghq/github.com/legion2004/tai-phake-lip-reading/data/augmented_100spk_dataset_d/s5_aug3/d2,31,train,rotation
s5_aug3_d3,s5_aug3,s5,d3,/Users/milinda/ghq/github.com/legion2004/tai-phake-lip-reading/data/augmented_100spk_dataset_d/s5_aug3/d3,24,train,rotation
s5_aug3_d4,s5_aug3,s5,d4,/Users/milinda/ghq/github.com/legion2004/tai-phake-lip-reading/data/augmented_100spk_dataset_d/s5_aug3/d4,47,train,rotation
s5_aug3_d5,s5_aug3,s5,d5,/Users/milinda/ghq/github.com/legion2004/tai-phake-lip-reading/data/augmented_100spk_dataset_d/s5_aug3/d5,38,train,rotation
s5_aug3_d6,s5_aug3,s5,d6,/Users/milinda/ghq/github.com/legion2004/tai-phake-lip-reading/data/augmented_100spk_dataset_d/s5_aug3/d6,36,train,rotation
s5_aug3_d7,s5_aug3,s5,d7,/Users/milinda/ghq/github.com/legion2004/tai-phake-lip-reading/data/augmented_100spk_dataset_d/s5_aug3/d7,36,train,rotation
s5_aug3_d8,s5_aug3,s5,d8,/Users/milinda/ghq/github.com/legion2004/tai-phake-lip-reading/data/augmented_100spk_dataset_d/s5_aug3/d8,31,train,rotation
s5_aug3_d9,s5_aug3,s5,d9,/Users/milinda/ghq/github.com/legion2004/tai-phake-lip-reading/data/augmented_100spk_dataset_d/s5_aug3/d9,33,train,rotation
s5_aug3_d10,s5_aug3,s5,d10,/Users/milinda/ghq/github.com/legion2004/tai-phake-lip-reading/data/augmented_100spk_dataset_d/s5_aug3/d10,28,train,rotation
s5_aug4_d0,s5_aug4,s5,d0,/Users/milinda/ghq/github.com/legion2004/tai-phake-lip-reading/data/augmented_100spk_dataset_d/s5_aug4/d0,22,train,zoom
s5_aug4_d1,s5_aug4,s5,d1,/Users/milinda/ghq/github.com/legion2004/tai-phake-lip-reading/data/augmented_100spk_dataset_d/s5_aug4/d1,40,train,zoom
s5_aug4_d2,s5_aug4,s5,d2,/Users/milinda/ghq/github.com/legion2004/tai-phake-lip-reading/data/augmented_100spk_dataset_d/s5_aug4/d2,31,train,zoom
s5_aug4_d3,s5_aug4,s5,d3,/Users/milinda/ghq/github.com/legion2004/tai-phake-lip-reading/data/augmented_100spk_dataset_d/s5_aug4/d3,24,train,zoom
s5_aug4_d4,s5_aug4,s5,d4,/Users/milinda/ghq/github.com/legion2004/tai-phake-lip-reading/data/augmented_100spk_dataset_d/s5_aug4/d4,47,train,zoom
s5_aug4_d5,s5_aug4,s5,d5,/Users/milinda/ghq/github.com/legion2004/tai-phake-lip-reading/data/augmented_100spk_dataset_d/s5_aug4/d5,38,train,zoom
s5_aug4_d6,s5_aug4,s5,d6,/Users/milinda/ghq/github.com/legion2004/tai-phake-lip-reading/data/augmented_100spk_dataset_d/s5_aug4/d6,36,train,zoom
s5_aug4_d7,s5_aug4,s5,d7,/Users/milinda/ghq/github.com/legion2004/tai-phake-lip-reading/data/augmented_100spk_dataset_d/s5_aug4/d7,36,train,zoom
s5_aug4_d8,s5_aug4,s5,d8,/Users/milinda/ghq/github.com/legion2004/tai-phake-lip-reading/data/augmented_100spk_dataset_d/s5_aug4/d8,31,train,zoom
s5_aug4_d9,s5_aug4,s5,d9,/Users/milinda/ghq/github.com/legion2004/tai-phake-lip-reading/data/augmented_100spk_dataset_d/s5_aug4/d9,33,train,zoom
s5_aug4_d10,s5_aug4,s5,d10,/Users/milinda/ghq/github.com/legion2004/tai-phake-lip-reading/data/augmented_100spk_dataset_d/s5_aug4/d10,28,train,zoom
s6_d0,s6,s6,d0,/Users/milinda/ghq/github.com/legion2004/tai-phake-lip-reading/data/augmented_100spk_dataset_d/s6/d0,39,train,original
s6_d1,s6,s6,d1,/Users/milinda/ghq/github.com/legion2004/tai-phake-lip-reading/data/augmented_100spk_dataset_d/s6/d1,37,train,original
s6_d2,s6,s6,d2,/Users/milinda/ghq/github.com/legion2004/tai-phake-lip-reading/data/augmented_100spk_dataset_d/s6/d2,42,train,original
s6_d3,s6,s6,d3,/Users/milinda/ghq/github.com/legion2004/tai-phake-lip-reading/data/augmented_100spk_dataset_d/s6/d3,40,train,original
s6_d4,s6,s6,d4,/Users/milinda/ghq/github.com/legion2004/tai-phake-lip-reading/data/augmented_100spk_dataset_d/s6/d4,42,train,original
s6_d5,s6,s6,d5,/Users/milinda/ghq/github.com/legion2004/tai-phake-lip-reading/data/augmented_100spk_dataset_d/s6/d5,42,train,original
s6_d6,s6,s6,d6,/Users/milinda/ghq/github.com/legion2004/tai-phake-lip-reading/data/augmented_100spk_dataset_d/s6/d6,47,train,original
s6_d7,s6,s6,d7,/Users/milinda/ghq/github.com/legion2004/tai-phake-lip-reading/data/augmented_100spk_dataset_d/s6/d7,39,train,original
s6_d8,s6,s6,d8,/Users/milinda/ghq/github.com/legion2004/tai-phake-lip-reading/data/augmented_100spk_dataset_d/s6/d8,41,train,original
s6_d9,s6,s6,d9,/Users/milinda/ghq/github.com/legion2004/tai-phake-lip-reading/data/augmented_100spk_dataset_d/s6/d9,42,train,original
s6_d10,s6,s6,d10,/Users/milinda/ghq/github.com/legion2004/tai-phake-lip-reading/data/augmented_100spk_dataset_d/s6/d10,42,train,original
s6_aug1_d0,s6_aug1,s6,d0,/Users/milinda/ghq/github.com/legion2004/tai-phake-lip-reading/data/augmented_100spk_dataset_d/s6_aug1/d0,39,train,translation
s6_aug1_d1,s6_aug1,s6,d1,/Users/milinda/ghq/github.com/legion2004/tai-phake-lip-reading/data/augmented_100spk_dataset_d/s6_aug1/d1,37,train,translation
s6_aug1_d2,s6_aug1,s6,d2,/Users/milinda/ghq/github.com/legion2004/tai-phake-lip-reading/data/augmented_100spk_dataset_d/s6_aug1/d2,42,train,translation
s6_aug1_d3,s6_aug1,s6,d3,/Users/milinda/ghq/github.com/legion2004/tai-phake-lip-reading/data/augmented_100spk_dataset_d/s6_aug1/d3,40,train,translation
s6_aug1_d4,s6_aug1,s6,d4,/Users/milinda/ghq/github.com/legion2004/tai-phake-lip-reading/data/augmented_100spk_dataset_d/s6_aug1/d4,42,train,translation
s6_aug1_d5,s6_aug1,s6,d5,/Users/milinda/ghq/github.com/legion2004/tai-phake-lip-reading/data/augmented_100spk_dataset_d/s6_aug1/d5,42,train,translation
s6_aug1_d6,s6_aug1,s6,d6,/Users/milinda/ghq/github.com/legion2004/tai-phake-lip-reading/data/augmented_100spk_dataset_d/s6_aug1/d6,47,train,translation
s6_aug1_d7,s6_aug1,s6,d7,/Users/milinda/ghq/github.com/legion2004/tai-phake-lip-reading/data/augmented_100spk_dataset_d/s6_aug1/d7,39,train,translation
s6_aug1_d8,s6_aug1,s6,d8,/Users/milinda/ghq/github.com/legion2004/tai-phake-lip-reading/data/augmented_100spk_dataset_d/s6_aug1/d8,41,train,translation
s6_aug1_d9,s6_aug1,s6,d9,/Users/milinda/ghq/github.com/legion2004/tai-phake-lip-reading/data/augmented_100spk_dataset_d/s6_aug1/d9,42,train,translation
s6_aug1_d10,s6_aug1,s6,d10,/Users/milinda/ghq/github.com/legion2004/tai-phake-lip-reading/data/augmented_100spk_dataset_d/s6_aug1/d10,42,train,translation
s6_aug2_d0,s6_aug2,s6,d0,/Users/milinda/ghq/github.com/legion2004/tai-phake-lip-reading/data/augmented_100spk_dataset_d/s6_aug2/d0,39,train,photometric
s6_aug2_d1,s6_aug2,s6,d1,/Users/milinda/ghq/github.com/legion2004/tai-phake-lip-reading/data/augmented_100spk_dataset_d/s6_aug2/d1,37,train,photometric
s6_aug2_d2,s6_aug2,s6,d2,/Users/milinda/ghq/github.com/legion2004/tai-phake-lip-reading/data/augmented_100spk_dataset_d/s6_aug2/d2,42,train,photometric
s6_aug2_d3,s6_aug2,s6,d3,/Users/milinda/ghq/github.com/legion2004/tai-phake-lip-reading/data/augmented_100spk_dataset_d/s6_aug2/d3,40,train,photometric
s6_aug2_d4,s6_aug2,s6,d4,/Users/milinda/ghq/github.com/legion2004/tai-phake-lip-reading/data/augmented_100spk_dataset_d/s6_aug2/d4,42,train,photometric
s6_aug2_d5,s6_aug2,s6,d5,/Users/milinda/ghq/github.com/legion2004/tai-phake-lip-reading/data/augmented_100spk_dataset_d/s6_aug2/d5,42,train,photometric
s6_aug2_d6,s6_aug2,s6,d6,/Users/milinda/ghq/github.com/legion2004/tai-phake-lip-reading/data/augmented_100spk_dataset_d/s6_aug2/d6,47,train,photometric
s6_aug2_d7,s6_aug2,s6,d7,/Users/milinda/ghq/github.com/legion2004/tai-phake-lip-reading/data/augmented_100spk_dataset_d/s6_aug2/d7,39,train,photometric
s6_aug2_d8,s6_aug2,s6,d8,/Users/milinda/ghq/github.com/legion2004/tai-phake-lip-reading/data/augmented_100spk_dataset_d/s6_aug2/d8,41,train,photometric
s6_aug2_d9,s6_aug2,s6,d9,/Users/milinda/ghq/github.com/legion2004/tai-phake-lip-reading/data/augmented_100spk_dataset_d/s6_aug2/d9,42,train,photometric
s6_aug2_d10,s6_aug2,s6,d10,/Users/milinda/ghq/github.com/legion2004/tai-phake-lip-reading/data/augmented_100spk_dataset_d/s6_aug2/d10,42,train,photometric
s6_aug3_d0,s6_aug3,s6,d0,/Users/milinda/ghq/github.com/legion2004/tai-phake-lip-reading/data/augmented_100spk_dataset_d/s6_aug3/d0,39,train,rotation
s6_aug3_d1,s6_aug3,s6,d1,/Users/milinda/ghq/github.com/legion2004/tai-phake-lip-reading/data/augmented_100spk_dataset_d/s6_aug3/d1,37,train,rotation
s6_aug3_d2,s6_aug3,s6,d2,/Users/milinda/ghq/github.com/legion2004/tai-phake-lip-reading/data/augmented_100spk_dataset_d/s6_aug3/d2,42,train,rotation
s6_aug3_d3,s6_aug3,s6,d3,/Users/milinda/ghq/github.com/legion2004/tai-phake-lip-reading/data/augmented_100spk_dataset_d/s6_aug3/d3,40,train,rotation
s6_aug3_d4,s6_aug3,s6,d4,/Users/milinda/ghq/github.com/legion2004/tai-phake-lip-reading/data/augmented_100spk_dataset_d/s6_aug3/d4,42,train,rotation
s6_aug3_d5,s6_aug3,s6,d5,/Users/milinda/ghq/github.com/legion2004/tai-phake-lip-reading/data/augmented_100spk_dataset_d/s6_aug3/d5,42,train,rotation
s6_aug3_d6,s6_aug3,s6,d6,/Users/milinda/ghq/github.com/legion2004/tai-phake-lip-reading/data/augmented_100spk_dataset_d/s6_aug3/d6,47,train,rotation
s6_aug3_d7,s6_aug3,s6,d7,/Users/milinda/ghq/github.com/legion2004/tai-phake-lip-reading/data/augmented_100spk_dataset_d/s6_aug3/d7,39,train,rotation
s6_aug3_d8,s6_aug3,s6,d8,/Users/milinda/ghq/github.com/legion2004/tai-phake-lip-reading/data/augmented_100spk_dataset_d/s6_aug3/d8,41,train,rotation
s6_aug3_d9,s6_aug3,s6,d9,/Users/milinda/ghq/github.com/legion2004/tai-phake-lip-reading/data/augmented_100spk_dataset_d/s6_aug3/d9,42,train,rotation
s6_aug3_d10,s6_aug3,s6,d10,/Users/milinda/ghq/github.com/legion2004/tai-phake-lip-reading/data/augmented_100spk_dataset_d/s6_aug3/d10,42,train,rotation
s6_aug4_d0,s6_aug4,s6,d0,/Users/milinda/ghq/github.com/legion2004/tai-phake-lip-reading/data/augmented_100spk_dataset_d/s6_aug4/d0,39,train,zoom
s6_aug4_d1,s6_aug4,s6,d1,/Users/milinda/ghq/github.com/legion2004/tai-phake-lip-reading/data/augmented_100spk_dataset_d/s6_aug4/d1,37,train,zoom
s6_aug4_d2,s6_aug4,s6,d2,/Users/milinda/ghq/github.com/legion2004/tai-phake-lip-reading/data/augmented_100spk_dataset_d/s6_aug4/d2,42,train,zoom
s6_aug4_d3,s6_aug4,s6,d3,/Users/milinda/ghq/github.com/legion2004/tai-phake-lip-reading/data/augmented_100spk_dataset_d/s6_aug4/d3,40,train,zoom
s6_aug4_d4,s6_aug4,s6,d4,/Users/milinda/ghq/github.com/legion2004/tai-phake-lip-reading/data/augmented_100spk_dataset_d/s6_aug4/d4,42,train,zoom
s6_aug4_d5,s6_aug4,s6,d5,/Users/milinda/ghq/github.com/legion2004/tai-phake-lip-reading/data/augmented_100spk_dataset_d/s6_aug4/d5,42,train,zoom
s6_aug4_d6,s6_aug4,s6,d6,/Users/milinda/ghq/github.com/legion2004/tai-phake-lip-reading/data/augmented_100spk_dataset_d/s6_aug4/d6,47,train,zoom
s6_aug4_d7,s6_aug4,s6,d7,/Users/milinda/ghq/github.com/legion2004/tai-phake-lip-reading/data/augmented_100spk_dataset_d/s6_aug4/d7,39,train,zoom
s6_aug4_d8,s6_aug4,s6,d8,/Users/milinda/ghq/github.com/legion2004/tai-phake-lip-reading/data/augmented_100spk_dataset_d/s6_aug4/d8,41,train,zoom
s6_aug4_d9,s6_aug4,s6,d9,/Users/milinda/ghq/github.com/legion2004/tai-phake-lip-reading/data/augmented_100spk_dataset_d/s6_aug4/d9,42,train,zoom
s6_aug4_d10,s6_aug4,s6,d10,/Users/milinda/ghq/github.com/legion2004/tai-phake-lip-reading/data/augmented_100spk_dataset_d/s6_aug4/d10,42,train,zoom
s7_d0,s7,s7,d0,/Users/milinda/ghq/github.com/legion2004/tai-phake-lip-reading/data/augmented_100spk_dataset_d/s7/d0,31,train,original
s7_d1,s7,s7,d1,/Users/milinda/ghq/github.com/legion2004/tai-phake-lip-reading/data/augmented_100spk_dataset_d/s7/d1,39,train,original
s7_d2,s7,s7,d2,/Users/milinda/ghq/github.com/legion2004/tai-phake-lip-reading/data/augmented_100spk_dataset_d/s7/d2,42,train,original
s7_d3,s7,s7,d3,/Users/milinda/ghq/github.com/legion2004/tai-phake-lip-reading/data/augmented_100spk_dataset_d/s7/d3,30,train,original
s7_d4,s7,s7,d4,/Users/milinda/ghq/github.com/legion2004/tai-phake-lip-reading/data/augmented_100spk_dataset_d/s7/d4,41,train,original
s7_d5,s7,s7,d5,/Users/milinda/ghq/github.com/legion2004/tai-phake-lip-reading/data/augmented_100spk_dataset_d/s7/d5,28,train,original
s7_d6,s7,s7,d6,/Users/milinda/ghq/github.com/legion2004/tai-phake-lip-reading/data/augmented_100spk_dataset_d/s7/d6,32,train,original
s7_d7,s7,s7,d7,/Users/milinda/ghq/github.com/legion2004/tai-phake-lip-reading/data/augmented_100spk_dataset_d/s7/d7,43,train,original
s7_d8,s7,s7,d8,/Users/milinda/ghq/github.com/legion2004/tai-phake-lip-reading/data/augmented_100spk_dataset_d/s7/d8,26,train,original
s7_d9,s7,s7,d9,/Users/milinda/ghq/github.com/legion2004/tai-phake-lip-reading/data/augmented_100spk_dataset_d/s7/d9,30,train,original
s7_d10,s7,s7,d10,/Users/milinda/ghq/github.com/legion2004/tai-phake-lip-reading/data/augmented_100spk_dataset_d/s7/d10,52,train,original
s7_aug1_d0,s7_aug1,s7,d0,/Users/milinda/ghq/github.com/legion2004/tai-phake-lip-reading/data/augmented_100spk_dataset_d/s7_aug1/d0,31,train,translation
s7_aug1_d1,s7_aug1,s7,d1,/Users/milinda/ghq/github.com/legion2004/tai-phake-lip-reading/data/augmented_100spk_dataset_d/s7_aug1/d1,39,train,translation
s7_aug1_d2,s7_aug1,s7,d2,/Users/milinda/ghq/github.com/legion2004/tai-phake-lip-reading/data/augmented_100spk_dataset_d/s7_aug1/d2,42,train,translation
s7_aug1_d3,s7_aug1,s7,d3,/Users/milinda/ghq/github.com/legion2004/tai-phake-lip-reading/data/augmented_100spk_dataset_d/s7_aug1/d3,30,train,translation
s7_aug1_d4,s7_aug1,s7,d4,/Users/milinda/ghq/github.com/legion2004/tai-phake-lip-reading/data/augmented_100spk_dataset_d/s7_aug1/d4,41,train,translation
s7_aug1_d5,s7_aug1,s7,d5,/Users/milinda/ghq/github.com/legion2004/tai-phake-lip-reading/data/augmented_100spk_dataset_d/s7_aug1/d5,28,train,translation
s7_aug1_d6,s7_aug1,s7,d6,/Users/milinda/ghq/github.com/legion2004/tai-phake-lip-reading/data/augmented_100spk_dataset_d/s7_aug1/d6,32,train,translation
s7_aug1_d7,s7_aug1,s7,d7,/Users/milinda/ghq/github.com/legion2004/tai-phake-lip-reading/data/augmented_100spk_dataset_d/s7_aug1/d7,43,train,translation
s7_aug1_d8,s7_aug1,s7,d8,/Users/milinda/ghq/github.com/legion2004/tai-phake-lip-reading/data/augmented_100spk_dataset_d/s7_aug1/d8,26,train,translation
s7_aug1_d9,s7_aug1,s7,d9,/Users/milinda/ghq/github.com/legion2004/tai-phake-lip-reading/data/augmented_100spk_dataset_d/s7_aug1/d9,30,train,translation
s7_aug1_d10,s7_aug1,s7,d10,/Users/milinda/ghq/github.com/legion2004/tai-phake-lip-reading/data/augmented_100spk_dataset_d/s7_aug1/d10,52,train,translation
s7_aug2_d0,s7_aug2,s7,d0,/Users/milinda/ghq/github.com/legion2004/tai-phake-lip-reading/data/augmented_100spk_dataset_d/s7_aug2/d0,31,train,photometric
s7_aug2_d1,s7_aug2,s7,d1,/Users/milinda/ghq/github.com/legion2004/tai-phake-lip-reading/data/augmented_100spk_dataset_d/s7_aug2/d1,39,train,photometric
s7_aug2_d2,s7_aug2,s7,d2,/Users/milinda/ghq/github.com/legion2004/tai-phake-lip-reading/data/augmented_100spk_dataset_d/s7_aug2/d2,42,train,photometric
s7_aug2_d3,s7_aug2,s7,d3,/Users/milinda/ghq/github.com/legion2004/tai-phake-lip-reading/data/augmented_100spk_dataset_d/s7_aug2/d3,30,train,photometric
s7_aug2_d4,s7_aug2,s7,d4,/Users/milinda/ghq/github.com/legion2004/tai-phake-lip-reading/data/augmented_100spk_dataset_d/s7_aug2/d4,41,train,photometric
s7_aug2_d5,s7_aug2,s7,d5,/Users/milinda/ghq/github.com/legion2004/tai-phake-lip-reading/data/augmented_100spk_dataset_d/s7_aug2/d5,28,train,photometric
s7_aug2_d6,s7_aug2,s7,d6,/Users/milinda/ghq/github.com/legion2004/tai-phake-lip-reading/data/augmented_100spk_dataset_d/s7_aug2/d6,32,train,photometric
s7_aug2_d7,s7_aug2,s7,d7,/Users/milinda/ghq/github.com/legion2004/tai-phake-lip-reading/data/augmented_100spk_dataset_d/s7_aug2/d7,43,train,photometric
s7_aug2_d8,s7_aug2,s7,d8,/Users/milinda/ghq/github.com/legion2004/tai-phake-lip-reading/data/augmented_100spk_dataset_d/s7_aug2/d8,26,train,photometric
s7_aug2_d9,s7_aug2,s7,d9,/Users/milinda/ghq/github.com/legion2004/tai-phake-lip-reading/data/augmented_100spk_dataset_d/s7_aug2/d9,30,train,photometric
s7_aug2_d10,s7_aug2,s7,d10,/Users/milinda/ghq/github.com/legion2004/tai-phake-lip-reading/data/augmented_100spk_dataset_d/s7_aug2/d10,52,train,photometric
s7_aug3_d0,s7_aug3,s7,d0,/Users/milinda/ghq/github.com/legion2004/tai-phake-lip-reading/data/augmented_100spk_dataset_d/s7_aug3/d0,31,train,rotation
s7_aug3_d1,s7_aug3,s7,d1,/Users/milinda/ghq/github.com/legion2004/tai-phake-lip-reading/data/augmented_100spk_dataset_d/s7_aug3/d1,39,train,rotation
s7_aug3_d2,s7_aug3,s7,d2,/Users/milinda/ghq/github.com/legion2004/tai-phake-lip-reading/data/augmented_100spk_dataset_d/s7_aug3/d2,42,train,rotation
s7_aug3_d3,s7_aug3,s7,d3,/Users/milinda/ghq/github.com/legion2004/tai-phake-lip-reading/data/augmented_100spk_dataset_d/s7_aug3/d3,30,train,rotation
s7_aug3_d4,s7_aug3,s7,d4,/Users/milinda/ghq/github.com/legion2004/tai-phake-lip-reading/data/augmented_100spk_dataset_d/s7_aug3/d4,41,train,rotation
s7_aug3_d5,s7_aug3,s7,d5,/Users/milinda/ghq/github.com/legion2004/tai-phake-lip-reading/data/augmented_100spk_dataset_d/s7_aug3/d5,28,train,rotation
s7_aug3_d6,s7_aug3,s7,d6,/Users/milinda/ghq/github.com/legion2004/tai-phake-lip-reading/data/augmented_100spk_dataset_d/s7_aug3/d6,32,train,rotation
s7_aug3_d7,s7_aug3,s7,d7,/Users/milinda/ghq/github.com/legion2004/tai-phake-lip-reading/data/augmented_100spk_dataset_d/s7_aug3/d7,43,train,rotation
s7_aug3_d8,s7_aug3,s7,d8,/Users/milinda/ghq/github.com/legion2004/tai-phake-lip-reading/data/augmented_100spk_dataset_d/s7_aug3/d8,26,train,rotation
s7_aug3_d9,s7_aug3,s7,d9,/Users/milinda/ghq/github.com/legion2004/tai-phake-lip-reading/data/augmented_100spk_dataset_d/s7_aug3/d9,30,train,rotation
s7_aug3_d10,s7_aug3,s7,d10,/Users/milinda/ghq/github.com/legion2004/tai-phake-lip-reading/data/augmented_100spk_dataset_d/s7_aug3/d10,52,train,rotation
s7_aug4_d0,s7_aug4,s7,d0,/Users/milinda/ghq/github.com/legion2004/tai-phake-lip-reading/data/augmented_100spk_dataset_d/s7_aug4/d0,31,train,zoom
s7_aug4_d1,s7_aug4,s7,d1,/Users/milinda/ghq/github.com/legion2004/tai-phake-lip-reading/data/augmented_100spk_dataset_d/s7_aug4/d1,39,train,zoom
s7_aug4_d2,s7_aug4,s7,d2,/Users/milinda/ghq/github.com/legion2004/tai-phake-lip-reading/data/augmented_100spk_dataset_d/s7_aug4/d2,42,train,zoom
s7_aug4_d3,s7_aug4,s7,d3,/Users/milinda/ghq/github.com/legion2004/tai-phake-lip-reading/data/augmented_100spk_dataset_d/s7_aug4/d3,30,train,zoom
s7_aug4_d4,s7_aug4,s7,d4,/Users/milinda/ghq/github.com/legion2004/tai-phake-lip-reading/data/augmented_100spk_dataset_d/s7_aug4/d4,41,train,zoom
s7_aug4_d5,s7_aug4,s7,d5,/Users/milinda/ghq/github.com/legion2004/tai-phake-lip-reading/data/augmented_100spk_dataset_d/s7_aug4/d5,28,train,zoom
s7_aug4_d6,s7_aug4,s7,d6,/Users/milinda/ghq/github.com/legion2004/tai-phake-lip-reading/data/augmented_100spk_dataset_d/s7_aug4/d6,32,train,zoom
s7_aug4_d7,s7_aug4,s7,d7,/Users/milinda/ghq/github.com/legion2004/tai-phake-lip-reading/data/augmented_100spk_dataset_d/s7_aug4/d7,43,train,zoom
s7_aug4_d8,s7_aug4,s7,d8,/Users/milinda/ghq/github.com/legion2004/tai-phake-lip-reading/data/augmented_100spk_dataset_d/s7_aug4/d8,26,train,zoom
s7_aug4_d9,s7_aug4,s7,d9,/Users/milinda/ghq/github.com/legion2004/tai-phake-lip-reading/data/augmented_100spk_dataset_d/s7_aug4/d9,30,train,zoom
s7_aug4_d10,s7_aug4,s7,d10,/Users/milinda/ghq/github.com/legion2004/tai-phake-lip-reading/data/augmented_100spk_dataset_d/s7_aug4/d10,52,train,zoom
s8_d0,s8,s8,d0,/Users/milinda/ghq/github.com/legion2004/tai-phake-lip-reading/data/augmented_100spk_dataset_d/s8/d0,36,train,original
s8_d1,s8,s8,d1,/Users/milinda/ghq/github.com/legion2004/tai-phake-lip-reading/data/augmented_100spk_dataset_d/s8/d1,32,train,original
s8_d2,s8,s8,d2,/Users/milinda/ghq/github.com/legion2004/tai-phake-lip-reading/data/augmented_100spk_dataset_d/s8/d2,37,train,original
s8_d3,s8,s8,d3,/Users/milinda/ghq/github.com/legion2004/tai-phake-lip-reading/data/augmented_100spk_dataset_d/s8/d3,50,train,original
s8_d4,s8,s8,d4,/Users/milinda/ghq/github.com/legion2004/tai-phake-lip-reading/data/augmented_100spk_dataset_d/s8/d4,34,train,original
s8_d5,s8,s8,d5,/Users/milinda/ghq/github.com/legion2004/tai-phake-lip-reading/data/augmented_100spk_dataset_d/s8/d5,41,train,original
s8_d6,s8,s8,d6,/Users/milinda/ghq/github.com/legion2004/tai-phake-lip-reading/data/augmented_100spk_dataset_d/s8/d6,56,train,original
s8_d7,s8,s8,d7,/Users/milinda/ghq/github.com/legion2004/tai-phake-lip-reading/data/augmented_100spk_dataset_d/s8/d7,38,train,original
s8_d8,s8,s8,d8,/Users/milinda/ghq/github.com/legion2004/tai-phake-lip-reading/data/augmented_100spk_dataset_d/s8/d8,32,train,original
s8_d9,s8,s8,d9,/Users/milinda/ghq/github.com/legion2004/tai-phake-lip-reading/data/augmented_100spk_dataset_d/s8/d9,28,train,original
s8_d10,s8,s8,d10,/Users/milinda/ghq/github.com/legion2004/tai-phake-lip-reading/data/augmented_100spk_dataset_d/s8/d10,31,train,original
s8_aug1_d0,s8_aug1,s8,d0,/Users/milinda/ghq/github.com/legion2004/tai-phake-lip-reading/data/augmented_100spk_dataset_d/s8_aug1/d0,36,train,translation
s8_aug1_d1,s8_aug1,s8,d1,/Users/milinda/ghq/github.com/legion2004/tai-phake-lip-reading/data/augmented_100spk_dataset_d/s8_aug1/d1,32,train,translation
s8_aug1_d2,s8_aug1,s8,d2,/Users/milinda/ghq/github.com/legion2004/tai-phake-lip-reading/data/augmented_100spk_dataset_d/s8_aug1/d2,37,train,translation
s8_aug1_d3,s8_aug1,s8,d3,/Users/milinda/ghq/github.com/legion2004/tai-phake-lip-reading/data/augmented_100spk_dataset_d/s8_aug1/d3,50,train,translation
s8_aug1_d4,s8_aug1,s8,d4,/Users/milinda/ghq/github.com/legion2004/tai-phake-lip-reading/data/augmented_100spk_dataset_d/s8_aug1/d4,34,train,translation
s8_aug1_d5,s8_aug1,s8,d5,/Users/milinda/ghq/github.com/legion2004/tai-phake-lip-reading/data/augmented_100spk_dataset_d/s8_aug1/d5,41,train,translation
s8_aug1_d6,s8_aug1,s8,d6,/Users/milinda/ghq/github.com/legion2004/tai-phake-lip-reading/data/augmented_100spk_dataset_d/s8_aug1/d6,56,train,translation
s8_aug1_d7,s8_aug1,s8,d7,/Users/milinda/ghq/github.com/legion2004/tai-phake-lip-reading/data/augmented_100spk_dataset_d/s8_aug1/d7,38,train,translation
s8_aug1_d8,s8_aug1,s8,d8,/Users/milinda/ghq/github.com/legion2004/tai-phake-lip-reading/data/augmented_100spk_dataset_d/s8_aug1/d8,32,train,translation
s8_aug1_d9,s8_aug1,s8,d9,/Users/milinda/ghq/github.com/legion2004/tai-phake-lip-reading/data/augmented_100spk_dataset_d/s8_aug1/d9,28,train,translation
s8_aug1_d10,s8_aug1,s8,d10,/Users/milinda/ghq/github.com/legion2004/tai-phake-lip-reading/data/augmented_100spk_dataset_d/s8_aug1/d10,31,train,translation
s8_aug2_d0,s8_aug2,s8,d0,/Users/milinda/ghq/github.com/legion2004/tai-phake-lip-reading/data/augmented_100spk_dataset_d/s8_aug2/d0,36,train,photometric
s8_aug2_d1,s8_aug2,s8,d1,/Users/milinda/ghq/github.com/legion2004/tai-phake-lip-reading/data/augmented_100spk_dataset_d/s8_aug2/d1,32,train,photometric
s8_aug2_d2,s8_aug2,s8,d2,/Users/milinda/ghq/github.com/legion2004/tai-phake-lip-reading/data/augmented_100spk_dataset_d/s8_aug2/d2,37,train,photometric
s8_aug2_d3,s8_aug2,s8,d3,/Users/milinda/ghq/github.com/legion2004/tai-phake-lip-reading/data/augmented_100spk_dataset_d/s8_aug2/d3,50,train,photometric
s8_aug2_d4,s8_aug2,s8,d4,/Users/milinda/ghq/github.com/legion2004/tai-phake-lip-reading/data/augmented_100spk_dataset_d/s8_aug2/d4,34,train,photometric
s8_aug2_d5,s8_aug2,s8,d5,/Users/milinda/ghq/github.com/legion2004/tai-phake-lip-reading/data/augmented_100spk_dataset_d/s8_aug2/d5,41,train,photometric
s8_aug2_d6,s8_aug2,s8,d6,/Users/milinda/ghq/github.com/legion2004/tai-phake-lip-reading/data/augmented_100spk_dataset_d/s8_aug2/d6,56,train,photometric
s8_aug2_d7,s8_aug2,s8,d7,/Users/milinda/ghq/github.com/legion2004/tai-phake-lip-reading/data/augmented_100spk_dataset_d/s8_aug2/d7,38,train,photometric
s8_aug2_d8,s8_aug2,s8,d8,/Users/milinda/ghq/github.com/legion2004/tai-phake-lip-reading/data/augmented_100spk_dataset_d/s8_aug2/d8,32,train,photometric
s8_aug2_d9,s8_aug2,s8,d9,/Users/milinda/ghq/github.com/legion2004/tai-phake-lip-reading/data/augmented_100spk_dataset_d/s8_aug2/d9,28,train,photometric
s8_aug2_d10,s8_aug2,s8,d10,/Users/milinda/ghq/github.com/legion2004/tai-phake-lip-reading/data/augmented_100spk_dataset_d/s8_aug2/d10,31,train,photometric
s8_aug3_d0,s8_aug3,s8,d0,/Users/milinda/ghq/github.com/legion2004/tai-phake-lip-reading/data/augmented_100spk_dataset_d/s8_aug3/d0,36,train,rotation
s8_aug3_d1,s8_aug3,s8,d1,/Users/milinda/ghq/github.com/legion2004/tai-phake-lip-reading/data/augmented_100spk_dataset_d/s8_aug3/d1,32,train,rotation
s8_aug3_d2,s8_aug3,s8,d2,/Users/milinda/ghq/github.com/legion2004/tai-phake-lip-reading/data/augmented_100spk_dataset_d/s8_aug3/d2,37,train,rotation
s8_aug3_d3,s8_aug3,s8,d3,/Users/milinda/ghq/github.com/legion2004/tai-phake-lip-reading/data/augmented_100spk_dataset_d/s8_aug3/d3,50,train,rotation
s8_aug3_d4,s8_aug3,s8,d4,/Users/milinda/ghq/github.com/legion2004/tai-phake-lip-reading/data/augmented_100spk_dataset_d/s8_aug3/d4,34,train,rotation
s8_aug3_d5,s8_aug3,s8,d5,/Users/milinda/ghq/github.com/legion2004/tai-phake-lip-reading/data/augmented_100spk_dataset_d/s8_aug3/d5,41,train,rotation
s8_aug3_d6,s8_aug3,s8,d6,/Users/milinda/ghq/github.com/legion2004/tai-phake-lip-reading/data/augmented_100spk_dataset_d/s8_aug3/d6,56,train,rotation
s8_aug3_d7,s8_aug3,s8,d7,/Users/milinda/ghq/github.com/legion2004/tai-phake-lip-reading/data/augmented_100spk_dataset_d/s8_aug3/d7,38,train,rotation
s8_aug3_d8,s8_aug3,s8,d8,/Users/milinda/ghq/github.com/legion2004/tai-phake-lip-reading/data/augmented_100spk_dataset_d/s8_aug3/d8,32,train,rotation
s8_aug3_d9,s8_aug3,s8,d9,/Users/milinda/ghq/github.com/legion2004/tai-phake-lip-reading/data/augmented_100spk_dataset_d/s8_aug3/d9,28,train,rotation
s8_aug3_d10,s8_aug3,s8,d10,/Users/milinda/ghq/github.com/legion2004/tai-phake-lip-reading/data/augmented_100spk_dataset_d/s8_aug3/d10,31,train,rotation
s8_aug4_d0,s8_aug4,s8,d0,/Users/milinda/ghq/github.com/legion2004/tai-phake-lip-reading/data/augmented_100spk_dataset_d/s8_aug4/d0,36,train,zoom
s8_aug4_d1,s8_aug4,s8,d1,/Users/milinda/ghq/github.com/legion2004/tai-phake-lip-reading/data/augmented_100spk_dataset_d/s8_aug4/d1,32,train,zoom
s8_aug4_d2,s8_aug4,s8,d2,/Users/milinda/ghq/github.com/legion2004/tai-phake-lip-reading/data/augmented_100spk_dataset_d/s8_aug4/d2,37,train,zoom
s8_aug4_d3,s8_aug4,s8,d3,/Users/milinda/ghq/github.com/legion2004/tai-phake-lip-reading/data/augmented_100spk_dataset_d/s8_aug4/d3,50,train,zoom
s8_aug4_d4,s8_aug4,s8,d4,/Users/milinda/ghq/github.com/legion2004/tai-phake-lip-reading/data/augmented_100spk_dataset_d/s8_aug4/d4,34,train,zoom
s8_aug4_d5,s8_aug4,s8,d5,/Users/milinda/ghq/github.com/legion2004/tai-phake-lip-reading/data/augmented_100spk_dataset_d/s8_aug4/d5,41,train,zoom
s8_aug4_d6,s8_aug4,s8,d6,/Users/milinda/ghq/github.com/legion2004/tai-phake-lip-reading/data/augmented_100spk_dataset_d/s8_aug4/d6,56,train,zoom
s8_aug4_d7,s8_aug4,s8,d7,/Users/milinda/ghq/github.com/legion2004/tai-phake-lip-reading/data/augmented_100spk_dataset_d/s8_aug4/d7,38,train,zoom
s8_aug4_d8,s8_aug4,s8,d8,/Users/milinda/ghq/github.com/legion2004/tai-phake-lip-reading/data/augmented_100spk_dataset_d/s8_aug4/d8,32,train,zoom
s8_aug4_d9,s8_aug4,s8,d9,/Users/milinda/ghq/github.com/legion2004/tai-phake-lip-reading/data/augmented_100spk_dataset_d/s8_aug4/d9,28,train,zoom
s8_aug4_d10,s8_aug4,s8,d10,/Users/milinda/ghq/github.com/legion2004/tai-phake-lip-reading/data/augmented_100spk_dataset_d/s8_aug4/d10,31,train,zoom
s11_d0,s11,s11,d0,/Users/milinda/ghq/github.com/legion2004/tai-phake-lip-reading/data/augmented_100spk_dataset_d/s11/d0,45,train,original
s11_d1,s11,s11,d1,/Users/milinda/ghq/github.com/legion2004/tai-phake-lip-reading/data/augmented_100spk_dataset_d/s11/d1,34,train,original
s11_d2,s11,s11,d2,/Users/milinda/ghq/github.com/legion2004/tai-phake-lip-reading/data/augmented_100spk_dataset_d/s11/d2,51,train,original
s11_d3,s11,s11,d3,/Users/milinda/ghq/github.com/legion2004/tai-phake-lip-reading/data/augmented_100spk_dataset_d/s11/d3,43,train,original
s11_d4,s11,s11,d4,/Users/milinda/ghq/github.com/legion2004/tai-phake-lip-reading/data/augmented_100spk_dataset_d/s11/d4,40,train,original
s11_d5,s11,s11,d5,/Users/milinda/ghq/github.com/legion2004/tai-phake-lip-reading/data/augmented_100spk_dataset_d/s11/d5,77,train,original
s11_d6,s11,s11,d6,/Users/milinda/ghq/github.com/legion2004/tai-phake-lip-reading/data/augmented_100spk_dataset_d/s11/d6,42,train,original
s11_d7,s11,s11,d7,/Users/milinda/ghq/github.com/legion2004/tai-phake-lip-reading/data/augmented_100spk_dataset_d/s11/d7,37,train,original
s11_d8,s11,s11,d8,/Users/milinda/ghq/github.com/legion2004/tai-phake-lip-reading/data/augmented_100spk_dataset_d/s11/d8,42,train,original
s11_d9,s11,s11,d9,/Users/milinda/ghq/github.com/legion2004/tai-phake-lip-reading/data/augmented_100spk_dataset_d/s11/d9,52,train,original
s11_d10,s11,s11,d10,/Users/milinda/ghq/github.com/legion2004/tai-phake-lip-reading/data/augmented_100spk_dataset_d/s11/d10,54,train,original
s11_aug1_d0,s11_aug1,s11,d0,/Users/milinda/ghq/github.com/legion2004/tai-phake-lip-reading/data/augmented_100spk_dataset_d/s11_aug1/d0,45,train,translation
s11_aug1_d1,s11_aug1,s11,d1,/Users/milinda/ghq/github.com/legion2004/tai-phake-lip-reading/data/augmented_100spk_dataset_d/s11_aug1/d1,34,train,translation
s11_aug1_d2,s11_aug1,s11,d2,/Users/milinda/ghq/github.com/legion2004/tai-phake-lip-reading/data/augmented_100spk_dataset_d/s11_aug1/d2,51,train,translation
s11_aug1_d3,s11_aug1,s11,d3,/Users/milinda/ghq/github.com/legion2004/tai-phake-lip-reading/data/augmented_100spk_dataset_d/s11_aug1/d3,43,train,translation
s11_aug1_d4,s11_aug1,s11,d4,/Users/milinda/ghq/github.com/legion2004/tai-phake-lip-reading/data/augmented_100spk_dataset_d/s11_aug1/d4,40,train,translation
s11_aug1_d5,s11_aug1,s11,d5,/Users/milinda/ghq/github.com/legion2004/tai-phake-lip-reading/data/augmented_100spk_dataset_d/s11_aug1/d5,77,train,translation
s11_aug1_d6,s11_aug1,s11,d6,/Users/milinda/ghq/github.com/legion2004/tai-phake-lip-reading/data/augmented_100spk_dataset_d/s11_aug1/d6,42,train,translation
s11_aug1_d7,s11_aug1,s11,d7,/Users/milinda/ghq/github.com/legion2004/tai-phake-lip-reading/data/augmented_100spk_dataset_d/s11_aug1/d7,37,train,translation
s11_aug1_d8,s11_aug1,s11,d8,/Users/milinda/ghq/github.com/legion2004/tai-phake-lip-reading/data/augmented_100spk_dataset_d/s11_aug1/d8,42,train,translation
s11_aug1_d9,s11_aug1,s11,d9,/Users/milinda/ghq/github.com/legion2004/tai-phake-lip-reading/data/augmented_100spk_dataset_d/s11_aug1/d9,52,train,translation
s11_aug1_d10,s11_aug1,s11,d10,/Users/milinda/ghq/github.com/legion2004/tai-phake-lip-reading/data/augmented_100spk_dataset_d/s11_aug1/d10,54,train,translation
s11_aug2_d0,s11_aug2,s11,d0,/Users/milinda/ghq/github.com/legion2004/tai-phake-lip-reading/data/augmented_100spk_dataset_d/s11_aug2/d0,45,train,photometric
s11_aug2_d1,s11_aug2,s11,d1,/Users/milinda/ghq/github.com/legion2004/tai-phake-lip-reading/data/augmented_100spk_dataset_d/s11_aug2/d1,34,train,photometric
s11_aug2_d2,s11_aug2,s11,d2,/Users/milinda/ghq/github.com/legion2004/tai-phake-lip-reading/data/augmented_100spk_dataset_d/s11_aug2/d2,51,train,photometric
s11_aug2_d3,s11_aug2,s11,d3,/Users/milinda/ghq/github.com/legion2004/tai-phake-lip-reading/data/augmented_100spk_dataset_d/s11_aug2/d3,43,train,photometric
s11_aug2_d4,s11_aug2,s11,d4,/Users/milinda/ghq/github.com/legion2004/tai-phake-lip-reading/data/augmented_100spk_dataset_d/s11_aug2/d4,40,train,photometric
s11_aug2_d5,s11_aug2,s11,d5,/Users/milinda/ghq/github.com/legion2004/tai-phake-lip-reading/data/augmented_100spk_dataset_d/s11_aug2/d5,77,train,photometric
s11_aug2_d6,s11_aug2,s11,d6,/Users/milinda/ghq/github.com/legion2004/tai-phake-lip-reading/data/augmented_100spk_dataset_d/s11_aug2/d6,42,train,photometric
s11_aug2_d7,s11_aug2,s11,d7,/Users/milinda/ghq/github.com/legion2004/tai-phake-lip-reading/data/augmented_100spk_dataset_d/s11_aug2/d7,37,train,photometric
s11_aug2_d8,s11_aug2,s11,d8,/Users/milinda/ghq/github.com/legion2004/tai-phake-lip-reading/data/augmented_100spk_dataset_d/s11_aug2/d8,42,train,photometric
s11_aug2_d9,s11_aug2,s11,d9,/Users/milinda/ghq/github.com/legion2004/tai-phake-lip-reading/data/augmented_100spk_dataset_d/s11_aug2/d9,52,train,photometric
s11_aug2_d10,s11_aug2,s11,d10,/Users/milinda/ghq/github.com/legion2004/tai-phake-lip-reading/data/augmented_100spk_dataset_d/s11_aug2/d10,54,train,photometric
s11_aug3_d0,s11_aug3,s11,d0,/Users/milinda/ghq/github.com/legion2004/tai-phake-lip-reading/data/augmented_100spk_dataset_d/s11_aug3/d0,45,train,rotation
s11_aug3_d1,s11_aug3,s11,d1,/Users/milinda/ghq/github.com/legion2004/tai-phake-lip-reading/data/augmented_100spk_dataset_d/s11_aug3/d1,34,train,rotation
s11_aug3_d2,s11_aug3,s11,d2,/Users/milinda/ghq/github.com/legion2004/tai-phake-lip-reading/data/augmented_100spk_dataset_d/s11_aug3/d2,51,train,rotation
s11_aug3_d3,s11_aug3,s11,d3,/Users/milinda/ghq/github.com/legion2004/tai-phake-lip-reading/data/augmented_100spk_dataset_d/s11_aug3/d3,43,train,rotation
s11_aug3_d4,s11_aug3,s11,d4,/Users/milinda/ghq/github.com/legion2004/tai-phake-lip-reading/data/augmented_100spk_dataset_d/s11_aug3/d4,40,train,rotation
s11_aug3_d5,s11_aug3,s11,d5,/Users/milinda/ghq/github.com/legion2004/tai-phake-lip-reading/data/augmented_100spk_dataset_d/s11_aug3/d5,77,train,rotation
s11_aug3_d6,s11_aug3,s11,d6,/Users/milinda/ghq/github.com/legion2004/tai-phake-lip-reading/data/augmented_100spk_dataset_d/s11_aug3/d6,42,train,rotation
s11_aug3_d7,s11_aug3,s11,d7,/Users/milinda/ghq/github.com/legion2004/tai-phake-lip-reading/data/augmented_100spk_dataset_d/s11_aug3/d7,37,train,rotation
s11_aug3_d8,s11_aug3,s11,d8,/Users/milinda/ghq/github.com/legion2004/tai-phake-lip-reading/data/augmented_100spk_dataset_d/s11_aug3/d8,42,train,rotation
s11_aug3_d9,s11_aug3,s11,d9,/Users/milinda/ghq/github.com/legion2004/tai-phake-lip-reading/data/augmented_100spk_dataset_d/s11_aug3/d9,52,train,rotation
s11_aug3_d10,s11_aug3,s11,d10,/Users/milinda/ghq/github.com/legion2004/tai-phake-lip-reading/data/augmented_100spk_dataset_d/s11_aug3/d10,54,train,rotation
s11_aug4_d0,s11_aug4,s11,d0,/Users/milinda/ghq/github.com/legion2004/tai-phake-lip-reading/data/augmented_100spk_dataset_d/s11_aug4/d0,45,train,zoom
s11_aug4_d1,s11_aug4,s11,d1,/Users/milinda/ghq/github.com/legion2004/tai-phake-lip-reading/data/augmented_100spk_dataset_d/s11_aug4/d1,34,train,zoom
s11_aug4_d2,s11_aug4,s11,d2,/Users/milinda/ghq/github.com/legion2004/tai-phake-lip-reading/data/augmented_100spk_dataset_d/s11_aug4/d2,51,train,zoom
s11_aug4_d3,s11_aug4,s11,d3,/Users/milinda/ghq/github.com/legion2004/tai-phake-lip-reading/data/augmented_100spk_dataset_d/s11_aug4/d3,43,train,zoom
s11_aug4_d4,s11_aug4,s11,d4,/Users/milinda/ghq/github.com/legion2004/tai-phake-lip-reading/data/augmented_100spk_dataset_d/s11_aug4/d4,40,train,zoom
s11_aug4_d5,s11_aug4,s11,d5,/Users/milinda/ghq/github.com/legion2004/tai-phake-lip-reading/data/augmented_100spk_dataset_d/s11_aug4/d5,77,train,zoom
s11_aug4_d6,s11_aug4,s11,d6,/Users/milinda/ghq/github.com/legion2004/tai-phake-lip-reading/data/augmented_100spk_dataset_d/s11_aug4/d6,42,train,zoom
s11_aug4_d7,s11_aug4,s11,d7,/Users/milinda/ghq/github.com/legion2004/tai-phake-lip-reading/data/augmented_100spk_dataset_d/s11_aug4/d7,37,train,zoom
s11_aug4_d8,s11_aug4,s11,d8,/Users/milinda/ghq/github.com/legion2004/tai-phake-lip-reading/data/augmented_100spk_dataset_d/s11_aug4/d8,42,train,zoom
s11_aug4_d9,s11_aug4,s11,d9,/Users/milinda/ghq/github.com/legion2004/tai-phake-lip-reading/data/augmented_100spk_dataset_d/s11_aug4/d9,52,train,zoom
s11_aug4_d10,s11_aug4,s11,d10,/Users/milinda/ghq/github.com/legion2004/tai-phake-lip-reading/data/augmented_100spk_dataset_d/s11_aug4/d10,54,train,zoom
s13_d0,s13,s13,d0,/Users/milinda/ghq/github.com/legion2004/tai-phake-lip-reading/data/augmented_100spk_dataset_d/s13/d0,33,train,original
s13_d1,s13,s13,d1,/Users/milinda/ghq/github.com/legion2004/tai-phake-lip-reading/data/augmented_100spk_dataset_d/s13/d1,44,train,original
s13_d2,s13,s13,d2,/Users/milinda/ghq/github.com/legion2004/tai-phake-lip-reading/data/augmented_100spk_dataset_d/s13/d2,44,train,original
s13_d3,s13,s13,d3,/Users/milinda/ghq/github.com/legion2004/tai-phake-lip-reading/data/augmented_100spk_dataset_d/s13/d3,49,train,original
s13_d4,s13,s13,d4,/Users/milinda/ghq/github.com/legion2004/tai-phake-lip-reading/data/augmented_100spk_dataset_d/s13/d4,47,train,original
s13_d5,s13,s13,d5,/Users/milinda/ghq/github.com/legion2004/tai-phake-lip-reading/data/augmented_100spk_dataset_d/s13/d5,45,train,original
s13_d6,s13,s13,d6,/Users/milinda/ghq/github.com/legion2004/tai-phake-lip-reading/data/augmented_100spk_dataset_d/s13/d6,56,train,original
s13_d7,s13,s13,d7,/Users/milinda/ghq/github.com/legion2004/tai-phake-lip-reading/data/augmented_100spk_dataset_d/s13/d7,46,train,original
s13_d8,s13,s13,d8,/Users/milinda/ghq/github.com/legion2004/tai-phake-lip-reading/data/augmented_100spk_dataset_d/s13/d8,56,train,original
s13_d9,s13,s13,d9,/Users/milinda/ghq/github.com/legion2004/tai-phake-lip-reading/data/augmented_100spk_dataset_d/s13/d9,45,train,original
s13_d10,s13,s13,d10,/Users/milinda/ghq/github.com/legion2004/tai-phake-lip-reading/data/augmented_100spk_dataset_d/s13/d10,60,train,original
s13_aug1_d0,s13_aug1,s13,d0,/Users/milinda/ghq/github.com/legion2004/tai-phake-lip-reading/data/augmented_100spk_dataset_d/s13_aug1/d0,33,train,translation
s13_aug1_d1,s13_aug1,s13,d1,/Users/milinda/ghq/github.com/legion2004/tai-phake-lip-reading/data/augmented_100spk_dataset_d/s13_aug1/d1,44,train,translation
s13_aug1_d2,s13_aug1,s13,d2,/Users/milinda/ghq/github.com/legion2004/tai-phake-lip-reading/data/augmented_100spk_dataset_d/s13_aug1/d2,44,train,translation
s13_aug1_d3,s13_aug1,s13,d3,/Users/milinda/ghq/github.com/legion2004/tai-phake-lip-reading/data/augmented_100spk_dataset_d/s13_aug1/d3,49,train,translation
s13_aug1_d4,s13_aug1,s13,d4,/Users/milinda/ghq/github.com/legion2004/tai-phake-lip-reading/data/augmented_100spk_dataset_d/s13_aug1/d4,47,train,translation
s13_aug1_d5,s13_aug1,s13,d5,/Users/milinda/ghq/github.com/legion2004/tai-phake-lip-reading/data/augmented_100spk_dataset_d/s13_aug1/d5,45,train,translation
s13_aug1_d6,s13_aug1,s13,d6,/Users/milinda/ghq/github.com/legion2004/tai-phake-lip-reading/data/augmented_100spk_dataset_d/s13_aug1/d6,56,train,translation
s13_aug1_d7,s13_aug1,s13,d7,/Users/milinda/ghq/github.com/legion2004/tai-phake-lip-reading/data/augmented_100spk_dataset_d/s13_aug1/d7,46,train,translation
s13_aug1_d8,s13_aug1,s13,d8,/Users/milinda/ghq/github.com/legion2004/tai-phake-lip-reading/data/augmented_100spk_dataset_d/s13_aug1/d8,56,train,translation
s13_aug1_d9,s13_aug1,s13,d9,/Users/milinda/ghq/github.com/legion2004/tai-phake-lip-reading/data/augmented_100spk_dataset_d/s13_aug1/d9,45,train,translation
s13_aug1_d10,s13_aug1,s13,d10,/Users/milinda/ghq/github.com/legion2004/tai-phake-lip-reading/data/augmented_100spk_dataset_d/s13_aug1/d10,60,train,translation
s13_aug2_d0,s13_aug2,s13,d0,/Users/milinda/ghq/github.com/legion2004/tai-phake-lip-reading/data/augmented_100spk_dataset_d/s13_aug2/d0,33,train,photometric
s13_aug2_d1,s13_aug2,s13,d1,/Users/milinda/ghq/github.com/legion2004/tai-phake-lip-reading/data/augmented_100spk_dataset_d/s13_aug2/d1,44,train,photometric
s13_aug2_d2,s13_aug2,s13,d2,/Users/milinda/ghq/github.com/legion2004/tai-phake-lip-reading/data/augmented_100spk_dataset_d/s13_aug2/d2,44,train,photometric
s13_aug2_d3,s13_aug2,s13,d3,/Users/milinda/ghq/github.com/legion2004/tai-phake-lip-reading/data/augmented_100spk_dataset_d/s13_aug2/d3,49,train,photometric
s13_aug2_d4,s13_aug2,s13,d4,/Users/milinda/ghq/github.com/legion2004/tai-phake-lip-reading/data/augmented_100spk_dataset_d/s13_aug2/d4,47,train,photometric
s13_aug2_d5,s13_aug2,s13,d5,/Users/milinda/ghq/github.com/legion2004/tai-phake-lip-reading/data/augmented_100spk_dataset_d/s13_aug2/d5,45,train,photometric
s13_aug2_d6,s13_aug2,s13,d6,/Users/milinda/ghq/github.com/legion2004/tai-phake-lip-reading/data/augmented_100spk_dataset_d/s13_aug2/d6,56,train,photometric
s13_aug2_d7,s13_aug2,s13,d7,/Users/milinda/ghq/github.com/legion2004/tai-phake-lip-reading/data/augmented_100spk_dataset_d/s13_aug2/d7,46,train,photometric
s13_aug2_d8,s13_aug2,s13,d8,/Users/milinda/ghq/github.com/legion2004/tai-phake-lip-reading/data/augmented_100spk_dataset_d/s13_aug2/d8,56,train,photometric
s13_aug2_d9,s13_aug2,s13,d9,/Users/milinda/ghq/github.com/legion2004/tai-phake-lip-reading/data/augmented_100spk_dataset_d/s13_aug2/d9,45,train,photometric
s13_aug2_d10,s13_aug2,s13,d10,/Users/milinda/ghq/github.com/legion2004/tai-phake-lip-reading/data/augmented_100spk_dataset_d/s13_aug2/d10,60,train,photometric
s13_aug3_d0,s13_aug3,s13,d0,/Users/milinda/ghq/github.com/legion2004/tai-phake-lip-reading/data/augmented_100spk_dataset_d/s13_aug3/d0,33,train,rotation
s13_aug3_d1,s13_aug3,s13,d1,/Users/milinda/ghq/github.com/legion2004/tai-phake-lip-reading/data/augmented_100spk_dataset_d/s13_aug3/d1,44,train,rotation
s13_aug3_d2,s13_aug3,s13,d2,/Users/milinda/ghq/github.com/legion2004/tai-phake-lip-reading/data/augmented_100spk_dataset_d/s13_aug3/d2,44,train,rotation
s13_aug3_d3,s13_aug3,s13,d3,/Users/milinda/ghq/github.com/legion2004/tai-phake-lip-reading/data/augmented_100spk_dataset_d/s13_aug3/d3,49,train,rotation
s13_aug3_d4,s13_aug3,s13,d4,/Users/milinda/ghq/github.com/legion2004/tai-phake-lip-reading/data/augmented_100spk_dataset_d/s13_aug3/d4,47,train,rotation
s13_aug3_d5,s13_aug3,s13,d5,/Users/milinda/ghq/github.com/legion2004/tai-phake-lip-reading/data/augmented_100spk_dataset_d/s13_aug3/d5,45,train,rotation
s13_aug3_d6,s13_aug3,s13,d6,/Users/milinda/ghq/github.com/legion2004/tai-phake-lip-reading/data/augmented_100spk_dataset_d/s13_aug3/d6,56,train,rotation
s13_aug3_d7,s13_aug3,s13,d7,/Users/milinda/ghq/github.com/legion2004/tai-phake-lip-reading/data/augmented_100spk_dataset_d/s13_aug3/d7,46,train,rotation
s13_aug3_d8,s13_aug3,s13,d8,/Users/milinda/ghq/github.com/legion2004/tai-phake-lip-reading/data/augmented_100spk_dataset_d/s13_aug3/d8,56,train,rotation
s13_aug3_d9,s13_aug3,s13,d9,/Users/milinda/ghq/github.com/legion2004/tai-phake-lip-reading/data/augmented_100spk_dataset_d/s13_aug3/d9,45,train,rotation
s13_aug3_d10,s13_aug3,s13,d10,/Users/milinda/ghq/github.com/legion2004/tai-phake-lip-reading/data/augmented_100spk_dataset_d/s13_aug3/d10,60,train,rotation
s13_aug4_d0,s13_aug4,s13,d0,/Users/milinda/ghq/github.com/legion2004/tai-phake-lip-reading/data/augmented_100spk_dataset_d/s13_aug4/d0,33,train,zoom
s13_aug4_d1,s13_aug4,s13,d1,/Users/milinda/ghq/github.com/legion2004/tai-phake-lip-reading/data/augmented_100spk_dataset_d/s13_aug4/d1,44,train,zoom
s13_aug4_d2,s13_aug4,s13,d2,/Users/milinda/ghq/github.com/legion2004/tai-phake-lip-reading/data/augmented_100spk_dataset_d/s13_aug4/d2,44,train,zoom
s13_aug4_d3,s13_aug4,s13,d3,/Users/milinda/ghq/github.com/legion2004/tai-phake-lip-reading/data/augmented_100spk_dataset_d/s13_aug4/d3,49,train,zoom
s13_aug4_d4,s13_aug4,s13,d4,/Users/milinda/ghq/github.com/legion2004/tai-phake-lip-reading/data/augmented_100spk_dataset_d/s13_aug4/d4,47,train,zoom
s13_aug4_d5,s13_aug4,s13,d5,/Users/milinda/ghq/github.com/legion2004/tai-phake-lip-reading/data/augmented_100spk_dataset_d/s13_aug4/d5,45,train,zoom
s13_aug4_d6,s13_aug4,s13,d6,/Users/milinda/ghq/github.com/legion2004/tai-phake-lip-reading/data/augmented_100spk_dataset_d/s13_aug4/d6,56,train,zoom
s13_aug4_d7,s13_aug4,s13,d7,/Users/milinda/ghq/github.com/legion2004/tai-phake-lip-reading/data/augmented_100spk_dataset_d/s13_aug4/d7,46,train,zoom
s13_aug4_d8,s13_aug4,s13,d8,/Users/milinda/ghq/github.com/legion2004/tai-phake-lip-reading/data/augmented_100spk_dataset_d/s13_aug4/d8,56,train,zoom
s13_aug4_d9,s13_aug4,s13,d9,/Users/milinda/ghq/github.com/legion2004/tai-phake-lip-reading/data/augmented_100spk_dataset_d/s13_aug4/d9,45,train,zoom
s13_aug4_d10,s13_aug4,s13,d10,/Users/milinda/ghq/github.com/legion2004/tai-phake-lip-reading/data/augmented_100spk_dataset_d/s13_aug4/d10,60,train,zoom
s14_d0,s14,s14,d0,/Users/milinda/ghq/github.com/legion2004/tai-phake-lip-reading/data/augmented_100spk_dataset_d/s14/d0,32,train,original
s14_d1,s14,s14,d1,/Users/milinda/ghq/github.com/legion2004/tai-phake-lip-reading/data/augmented_100spk_dataset_d/s14/d1,30,train,original
s14_d2,s14,s14,d2,/Users/milinda/ghq/github.com/legion2004/tai-phake-lip-reading/data/augmented_100spk_dataset_d/s14/d2,32,train,original
s14_d3,s14,s14,d3,/Users/milinda/ghq/github.com/legion2004/tai-phake-lip-reading/data/augmented_100spk_dataset_d/s14/d3,45,train,original
s14_d4,s14,s14,d4,/Users/milinda/ghq/github.com/legion2004/tai-phake-lip-reading/data/augmented_100spk_dataset_d/s14/d4,50,train,original
s14_d5,s14,s14,d5,/Users/milinda/ghq/github.com/legion2004/tai-phake-lip-reading/data/augmented_100spk_dataset_d/s14/d5,40,train,original
s14_d6,s14,s14,d6,/Users/milinda/ghq/github.com/legion2004/tai-phake-lip-reading/data/augmented_100spk_dataset_d/s14/d6,56,train,original
s14_d7,s14,s14,d7,/Users/milinda/ghq/github.com/legion2004/tai-phake-lip-reading/data/augmented_100spk_dataset_d/s14/d7,42,train,original
s14_d8,s14,s14,d8,/Users/milinda/ghq/github.com/legion2004/tai-phake-lip-reading/data/augmented_100spk_dataset_d/s14/d8,40,train,original
s14_d9,s14,s14,d9,/Users/milinda/ghq/github.com/legion2004/tai-phake-lip-reading/data/augmented_100spk_dataset_d/s14/d9,68,train,original
s14_d10,s14,s14,d10,/Users/milinda/ghq/github.com/legion2004/tai-phake-lip-reading/data/augmented_100spk_dataset_d/s14/d10,56,train,original
s14_aug1_d0,s14_aug1,s14,d0,/Users/milinda/ghq/github.com/legion2004/tai-phake-lip-reading/data/augmented_100spk_dataset_d/s14_aug1/d0,32,train,translation
s14_aug1_d1,s14_aug1,s14,d1,/Users/milinda/ghq/github.com/legion2004/tai-phake-lip-reading/data/augmented_100spk_dataset_d/s14_aug1/d1,30,train,translation
s14_aug1_d2,s14_aug1,s14,d2,/Users/milinda/ghq/github.com/legion2004/tai-phake-lip-reading/data/augmented_100spk_dataset_d/s14_aug1/d2,32,train,translation
s14_aug1_d3,s14_aug1,s14,d3,/Users/milinda/ghq/github.com/legion2004/tai-phake-lip-reading/data/augmented_100spk_dataset_d/s14_aug1/d3,45,train,translation
s14_aug1_d4,s14_aug1,s14,d4,/Users/milinda/ghq/github.com/legion2004/tai-phake-lip-reading/data/augmented_100spk_dataset_d/s14_aug1/d4,50,train,translation
s14_aug1_d5,s14_aug1,s14,d5,/Users/milinda/ghq/github.com/legion2004/tai-phake-lip-reading/data/augmented_100spk_dataset_d/s14_aug1/d5,40,train,translation
s14_aug1_d6,s14_aug1,s14,d6,/Users/milinda/ghq/github.com/legion2004/tai-phake-lip-reading/data/augmented_100spk_dataset_d/s14_aug1/d6,56,train,translation
s14_aug1_d7,s14_aug1,s14,d7,/Users/milinda/ghq/github.com/legion2004/tai-phake-lip-reading/data/augmented_100spk_dataset_d/s14_aug1/d7,42,train,translation
s14_aug1_d8,s14_aug1,s14,d8,/Users/milinda/ghq/github.com/legion2004/tai-phake-lip-reading/data/augmented_100spk_dataset_d/s14_aug1/d8,40,train,translation
s14_aug1_d9,s14_aug1,s14,d9,/Users/milinda/ghq/github.com/legion2004/tai-phake-lip-reading/data/augmented_100spk_dataset_d/s14_aug1/d9,68,train,translation
s14_aug1_d10,s14_aug1,s14,d10,/Users/milinda/ghq/github.com/legion2004/tai-phake-lip-reading/data/augmented_100spk_dataset_d/s14_aug1/d10,56,train,translation
s14_aug2_d0,s14_aug2,s14,d0,/Users/milinda/ghq/github.com/legion2004/tai-phake-lip-reading/data/augmented_100spk_dataset_d/s14_aug2/d0,32,train,photometric
s14_aug2_d1,s14_aug2,s14,d1,/Users/milinda/ghq/github.com/legion2004/tai-phake-lip-reading/data/augmented_100spk_dataset_d/s14_aug2/d1,30,train,photometric
s14_aug2_d2,s14_aug2,s14,d2,/Users/milinda/ghq/github.com/legion2004/tai-phake-lip-reading/data/augmented_100spk_dataset_d/s14_aug2/d2,32,train,photometric
s14_aug2_d3,s14_aug2,s14,d3,/Users/milinda/ghq/github.com/legion2004/tai-phake-lip-reading/data/augmented_100spk_dataset_d/s14_aug2/d3,45,train,photometric
s14_aug2_d4,s14_aug2,s14,d4,/Users/milinda/ghq/github.com/legion2004/tai-phake-lip-reading/data/augmented_100spk_dataset_d/s14_aug2/d4,50,train,photometric
s14_aug2_d5,s14_aug2,s14,d5,/Users/milinda/ghq/github.com/legion2004/tai-phake-lip-reading/data/augmented_100spk_dataset_d/s14_aug2/d5,40,train,photometric
s14_aug2_d6,s14_aug2,s14,d6,/Users/milinda/ghq/github.com/legion2004/tai-phake-lip-reading/data/augmented_100spk_dataset_d/s14_aug2/d6,56,train,photometric
s14_aug2_d7,s14_aug2,s14,d7,/Users/milinda/ghq/github.com/legion2004/tai-phake-lip-reading/data/augmented_100spk_dataset_d/s14_aug2/d7,42,train,photometric
s14_aug2_d8,s14_aug2,s14,d8,/Users/milinda/ghq/github.com/legion2004/tai-phake-lip-reading/data/augmented_100spk_dataset_d/s14_aug2/d8,40,train,photometric
s14_aug2_d9,s14_aug2,s14,d9,/Users/milinda/ghq/github.com/legion2004/tai-phake-lip-reading/data/augmented_100spk_dataset_d/s14_aug2/d9,68,train,photometric
s14_aug2_d10,s14_aug2,s14,d10,/Users/milinda/ghq/github.com/legion2004/tai-phake-lip-reading/data/augmented_100spk_dataset_d/s14_aug2/d10,56,train,photometric
s14_aug3_d0,s14_aug3,s14,d0,/Users/milinda/ghq/github.com/legion2004/tai-phake-lip-reading/data/augmented_100spk_dataset_d/s14_aug3/d0,32,train,rotation
s14_aug3_d1,s14_aug3,s14,d1,/Users/milinda/ghq/github.com/legion2004/tai-phake-lip-reading/data/augmented_100spk_dataset_d/s14_aug3/d1,30,train,rotation
s14_aug3_d2,s14_aug3,s14,d2,/Users/milinda/ghq/github.com/legion2004/tai-phake-lip-reading/data/augmented_100spk_dataset_d/s14_aug3/d2,32,train,rotation
s14_aug3_d3,s14_aug3,s14,d3,/Users/milinda/ghq/github.com/legion2004/tai-phake-lip-reading/data/augmented_100spk_dataset_d/s14_aug3/d3,45,train,rotation
s14_aug3_d4,s14_aug3,s14,d4,/Users/milinda/ghq/github.com/legion2004/tai-phake-lip-reading/data/augmented_100spk_dataset_d/s14_aug3/d4,50,train,rotation
s14_aug3_d5,s14_aug3,s14,d5,/Users/milinda/ghq/github.com/legion2004/tai-phake-lip-reading/data/augmented_100spk_dataset_d/s14_aug3/d5,40,train,rotation
s14_aug3_d6,s14_aug3,s14,d6,/Users/milinda/ghq/github.com/legion2004/tai-phake-lip-reading/data/augmented_100spk_dataset_d/s14_aug3/d6,56,train,rotation
s14_aug3_d7,s14_aug3,s14,d7,/Users/milinda/ghq/github.com/legion2004/tai-phake-lip-reading/data/augmented_100spk_dataset_d/s14_aug3/d7,42,train,rotation
s14_aug3_d8,s14_aug3,s14,d8,/Users/milinda/ghq/github.com/legion2004/tai-phake-lip-reading/data/augmented_100spk_dataset_d/s14_aug3/d8,40,train,rotation
s14_aug3_d9,s14_aug3,s14,d9,/Users/milinda/ghq/github.com/legion2004/tai-phake-lip-reading/data/augmented_100spk_dataset_d/s14_aug3/d9,68,train,rotation
s14_aug3_d10,s14_aug3,s14,d10,/Users/milinda/ghq/github.com/legion2004/tai-phake-lip-reading/data/augmented_100spk_dataset_d/s14_aug3/d10,56,train,rotation
s14_aug4_d0,s14_aug4,s14,d0,/Users/milinda/ghq/github.com/legion2004/tai-phake-lip-reading/data/augmented_100spk_dataset_d/s14_aug4/d0,32,train,zoom
s14_aug4_d1,s14_aug4,s14,d1,/Users/milinda/ghq/github.com/legion2004/tai-phake-lip-reading/data/augmented_100spk_dataset_d/s14_aug4/d1,30,train,zoom
s14_aug4_d2,s14_aug4,s14,d2,/Users/milinda/ghq/github.com/legion2004/tai-phake-lip-reading/data/augmented_100spk_dataset_d/s14_aug4/d2,32,train,zoom
s14_aug4_d3,s14_aug4,s14,d3,/Users/milinda/ghq/github.com/legion2004/tai-phake-lip-reading/data/augmented_100spk_dataset_d/s14_aug4/d3,45,train,zoom
s14_aug4_d4,s14_aug4,s14,d4,/Users/milinda/ghq/github.com/legion2004/tai-phake-lip-reading/data/augmented_100spk_dataset_d/s14_aug4/d4,50,train,zoom
s14_aug4_d5,s14_aug4,s14,d5,/Users/milinda/ghq/github.com/legion2004/tai-phake-lip-reading/data/augmented_100spk_dataset_d/s14_aug4/d5,40,train,zoom
s14_aug4_d6,s14_aug4,s14,d6,/Users/milinda/ghq/github.com/legion2004/tai-phake-lip-reading/data/augmented_100spk_dataset_d/s14_aug4/d6,56,train,zoom
s14_aug4_d7,s14_aug4,s14,d7,/Users/milinda/ghq/github.com/legion2004/tai-phake-lip-reading/data/augmented_100spk_dataset_d/s14_aug4/d7,42,train,zoom
s14_aug4_d8,s14_aug4,s14,d8,/Users/milinda/ghq/github.com/legion2004/tai-phake-lip-reading/data/augmented_100spk_dataset_d/s14_aug4/d8,40,train,zoom
s14_aug4_d9,s14_aug4,s14,d9,/Users/milinda/ghq/github.com/legion2004/tai-phake-lip-reading/data/augmented_100spk_dataset_d/s14_aug4/d9,68,train,zoom
s14_aug4_d10,s14_aug4,s14,d10,/Users/milinda/ghq/github.com/legion2004/tai-phake-lip-reading/data/augmented_100spk_dataset_d/s14_aug4/d10,56,train,zoom
s15_d0,s15,s15,d0,/Users/milinda/ghq/github.com/legion2004/tai-phake-lip-reading/data/augmented_100spk_dataset_d/s15/d0,59,train,original
s15_d1,s15,s15,d1,/Users/milinda/ghq/github.com/legion2004/tai-phake-lip-reading/data/augmented_100spk_dataset_d/s15/d1,92,train,original
s15_d2,s15,s15,d2,/Users/milinda/ghq/github.com/legion2004/tai-phake-lip-reading/data/augmented_100spk_dataset_d/s15/d2,53,train,original
s15_d3,s15,s15,d3,/Users/milinda/ghq/github.com/legion2004/tai-phake-lip-reading/data/augmented_100spk_dataset_d/s15/d3,38,train,original
s15_d4,s15,s15,d4,/Users/milinda/ghq/github.com/legion2004/tai-phake-lip-reading/data/augmented_100spk_dataset_d/s15/d4,56,train,original
s15_d5,s15,s15,d5,/Users/milinda/ghq/github.com/legion2004/tai-phake-lip-reading/data/augmented_100spk_dataset_d/s15/d5,53,train,original
s15_d6,s15,s15,d6,/Users/milinda/ghq/github.com/legion2004/tai-phake-lip-reading/data/augmented_100spk_dataset_d/s15/d6,85,train,original
s15_d7,s15,s15,d7,/Users/milinda/ghq/github.com/legion2004/tai-phake-lip-reading/data/augmented_100spk_dataset_d/s15/d7,55,train,original
s15_d8,s15,s15,d8,/Users/milinda/ghq/github.com/legion2004/tai-phake-lip-reading/data/augmented_100spk_dataset_d/s15/d8,55,train,original
s15_d9,s15,s15,d9,/Users/milinda/ghq/github.com/legion2004/tai-phake-lip-reading/data/augmented_100spk_dataset_d/s15/d9,53,train,original
s15_d10,s15,s15,d10,/Users/milinda/ghq/github.com/legion2004/tai-phake-lip-reading/data/augmented_100spk_dataset_d/s15/d10,43,train,original
s15_aug1_d0,s15_aug1,s15,d0,/Users/milinda/ghq/github.com/legion2004/tai-phake-lip-reading/data/augmented_100spk_dataset_d/s15_aug1/d0,59,train,translation
s15_aug1_d1,s15_aug1,s15,d1,/Users/milinda/ghq/github.com/legion2004/tai-phake-lip-reading/data/augmented_100spk_dataset_d/s15_aug1/d1,92,train,translation
s15_aug1_d2,s15_aug1,s15,d2,/Users/milinda/ghq/github.com/legion2004/tai-phake-lip-reading/data/augmented_100spk_dataset_d/s15_aug1/d2,53,train,translation
s15_aug1_d3,s15_aug1,s15,d3,/Users/milinda/ghq/github.com/legion2004/tai-phake-lip-reading/data/augmented_100spk_dataset_d/s15_aug1/d3,38,train,translation
s15_aug1_d4,s15_aug1,s15,d4,/Users/milinda/ghq/github.com/legion2004/tai-phake-lip-reading/data/augmented_100spk_dataset_d/s15_aug1/d4,56,train,translation
s15_aug1_d5,s15_aug1,s15,d5,/Users/milinda/ghq/github.com/legion2004/tai-phake-lip-reading/data/augmented_100spk_dataset_d/s15_aug1/d5,53,train,translation
s15_aug1_d6,s15_aug1,s15,d6,/Users/milinda/ghq/github.com/legion2004/tai-phake-lip-reading/data/augmented_100spk_dataset_d/s15_aug1/d6,85,train,translation
s15_aug1_d7,s15_aug1,s15,d7,/Users/milinda/ghq/github.com/legion2004/tai-phake-lip-reading/data/augmented_100spk_dataset_d/s15_aug1/d7,55,train,translation
s15_aug1_d8,s15_aug1,s15,d8,/Users/milinda/ghq/github.com/legion2004/tai-phake-lip-reading/data/augmented_100spk_dataset_d/s15_aug1/d8,55,train,translation
s15_aug1_d9,s15_aug1,s15,d9,/Users/milinda/ghq/github.com/legion2004/tai-phake-lip-reading/data/augmented_100spk_dataset_d/s15_aug1/d9,53,train,translation
s15_aug1_d10,s15_aug1,s15,d10,/Users/milinda/ghq/github.com/legion2004/tai-phake-lip-reading/data/augmented_100spk_dataset_d/s15_aug1/d10,43,train,translation
s15_aug2_d0,s15_aug2,s15,d0,/Users/milinda/ghq/github.com/legion2004/tai-phake-lip-reading/data/augmented_100spk_dataset_d/s15_aug2/d0,59,train,photometric
s15_aug2_d1,s15_aug2,s15,d1,/Users/milinda/ghq/github.com/legion2004/tai-phake-lip-reading/data/augmented_100spk_dataset_d/s15_aug2/d1,92,train,photometric
s15_aug2_d2,s15_aug2,s15,d2,/Users/milinda/ghq/github.com/legion2004/tai-phake-lip-reading/data/augmented_100spk_dataset_d/s15_aug2/d2,53,train,photometric
s15_aug2_d3,s15_aug2,s15,d3,/Users/milinda/ghq/github.com/legion2004/tai-phake-lip-reading/data/augmented_100spk_dataset_d/s15_aug2/d3,38,train,photometric
s15_aug2_d4,s15_aug2,s15,d4,/Users/milinda/ghq/github.com/legion2004/tai-phake-lip-reading/data/augmented_100spk_dataset_d/s15_aug2/d4,56,train,photometric
s15_aug2_d5,s15_aug2,s15,d5,/Users/milinda/ghq/github.com/legion2004/tai-phake-lip-reading/data/augmented_100spk_dataset_d/s15_aug2/d5,53,train,photometric
s15_aug2_d6,s15_aug2,s15,d6,/Users/milinda/ghq/github.com/legion2004/tai-phake-lip-reading/data/augmented_100spk_dataset_d/s15_aug2/d6,85,train,photometric
s15_aug2_d7,s15_aug2,s15,d7,/Users/milinda/ghq/github.com/legion2004/tai-phake-lip-reading/data/augmented_100spk_dataset_d/s15_aug2/d7,55,train,photometric
s15_aug2_d8,s15_aug2,s15,d8,/Users/milinda/ghq/github.com/legion2004/tai-phake-lip-reading/data/augmented_100spk_dataset_d/s15_aug2/d8,55,train,photometric
s15_aug2_d9,s15_aug2,s15,d9,/Users/milinda/ghq/github.com/legion2004/tai-phake-lip-reading/data/augmented_100spk_dataset_d/s15_aug2/d9,53,train,photometric
s15_aug2_d10,s15_aug2,s15,d10,/Users/milinda/ghq/github.com/legion2004/tai-phake-lip-reading/data/augmented_100spk_dataset_d/s15_aug2/d10,43,train,photometric
s15_aug3_d0,s15_aug3,s15,d0,/Users/milinda/ghq/github.com/legion2004/tai-phake-lip-reading/data/augmented_100spk_dataset_d/s15_aug3/d0,59,train,rotation
s15_aug3_d1,s15_aug3,s15,d1,/Users/milinda/ghq/github.com/legion2004/tai-phake-lip-reading/data/augmented_100spk_dataset_d/s15_aug3/d1,92,train,rotation
s15_aug3_d2,s15_aug3,s15,d2,/Users/milinda/ghq/github.com/legion2004/tai-phake-lip-reading/data/augmented_100spk_dataset_d/s15_aug3/d2,53,train,rotation
s15_aug3_d3,s15_aug3,s15,d3,/Users/milinda/ghq/github.com/legion2004/tai-phake-lip-reading/data/augmented_100spk_dataset_d/s15_aug3/d3,38,train,rotation
s15_aug3_d4,s15_aug3,s15,d4,/Users/milinda/ghq/github.com/legion2004/tai-phake-lip-reading/data/augmented_100spk_dataset_d/s15_aug3/d4,56,train,rotation
s15_aug3_d5,s15_aug3,s15,d5,/Users/milinda/ghq/github.com/legion2004/tai-phake-lip-reading/data/augmented_100spk_dataset_d/s15_aug3/d5,53,train,rotation
s15_aug3_d6,s15_aug3,s15,d6,/Users/milinda/ghq/github.com/legion2004/tai-phake-lip-reading/data/augmented_100spk_dataset_d/s15_aug3/d6,85,train,rotation
s15_aug3_d7,s15_aug3,s15,d7,/Users/milinda/ghq/github.com/legion2004/tai-phake-lip-reading/data/augmented_100spk_dataset_d/s15_aug3/d7,55,train,rotation
s15_aug3_d8,s15_aug3,s15,d8,/Users/milinda/ghq/github.com/legion2004/tai-phake-lip-reading/data/augmented_100spk_dataset_d/s15_aug3/d8,55,train,rotation
s15_aug3_d9,s15_aug3,s15,d9,/Users/milinda/ghq/github.com/legion2004/tai-phake-lip-reading/data/augmented_100spk_dataset_d/s15_aug3/d9,53,train,rotation
s15_aug3_d10,s15_aug3,s15,d10,/Users/milinda/ghq/github.com/legion2004/tai-phake-lip-reading/data/augmented_100spk_dataset_d/s15_aug3/d10,43,train,rotation
s15_aug4_d0,s15_aug4,s15,d0,/Users/milinda/ghq/github.com/legion2004/tai-phake-lip-reading/data/augmented_100spk_dataset_d/s15_aug4/d0,59,train,zoom
s15_aug4_d1,s15_aug4,s15,d1,/Users/milinda/ghq/github.com/legion2004/tai-phake-lip-reading/data/augmented_100spk_dataset_d/s15_aug4/d1,92,train,zoom
s15_aug4_d2,s15_aug4,s15,d2,/Users/milinda/ghq/github.com/legion2004/tai-phake-lip-reading/data/augmented_100spk_dataset_d/s15_aug4/d2,53,train,zoom
s15_aug4_d3,s15_aug4,s15,d3,/Users/milinda/ghq/github.com/legion2004/tai-phake-lip-reading/data/augmented_100spk_dataset_d/s15_aug4/d3,38,train,zoom
s15_aug4_d4,s15_aug4,s15,d4,/Users/milinda/ghq/github.com/legion2004/tai-phake-lip-reading/data/augmented_100spk_dataset_d/s15_aug4/d4,56,train,zoom
s15_aug4_d5,s15_aug4,s15,d5,/Users/milinda/ghq/github.com/legion2004/tai-phake-lip-reading/data/augmented_100spk_dataset_d/s15_aug4/d5,53,train,zoom
s15_aug4_d6,s15_aug4,s15,d6,/Users/milinda/ghq/github.com/legion2004/tai-phake-lip-reading/data/augmented_100spk_dataset_d/s15_aug4/d6,85,train,zoom
s15_aug4_d7,s15_aug4,s15,d7,/Users/milinda/ghq/github.com/legion2004/tai-phake-lip-reading/data/augmented_100spk_dataset_d/s15_aug4/d7,55,train,zoom
s15_aug4_d8,s15_aug4,s15,d8,/Users/milinda/ghq/github.com/legion2004/tai-phake-lip-reading/data/augmented_100spk_dataset_d/s15_aug4/d8,55,train,zoom
s15_aug4_d9,s15_aug4,s15,d9,/Users/milinda/ghq/github.com/legion2004/tai-phake-lip-reading/data/augmented_100spk_dataset_d/s15_aug4/d9,53,train,zoom
s15_aug4_d10,s15_aug4,s15,d10,/Users/milinda/ghq/github.com/legion2004/tai-phake-lip-reading/data/augmented_100spk_dataset_d/s15_aug4/d10,43,train,zoom
s17_d0,s17,s17,d0,/Users/milinda/ghq/github.com/legion2004/tai-phake-lip-reading/data/augmented_100spk_dataset_d/s17/d0,32,train,original
s17_d1,s17,s17,d1,/Users/milinda/ghq/github.com/legion2004/tai-phake-lip-reading/data/augmented_100spk_dataset_d/s17/d1,38,train,original
s17_d2,s17,s17,d2,/Users/milinda/ghq/github.com/legion2004/tai-phake-lip-reading/data/augmented_100spk_dataset_d/s17/d2,53,train,original
s17_d3,s17,s17,d3,/Users/milinda/ghq/github.com/legion2004/tai-phake-lip-reading/data/augmented_100spk_dataset_d/s17/d3,37,train,original
s17_d4,s17,s17,d4,/Users/milinda/ghq/github.com/legion2004/tai-phake-lip-reading/data/augmented_100spk_dataset_d/s17/d4,41,train,original
s17_d5,s17,s17,d5,/Users/milinda/ghq/github.com/legion2004/tai-phake-lip-reading/data/augmented_100spk_dataset_d/s17/d5,25,train,original
s17_d6,s17,s17,d6,/Users/milinda/ghq/github.com/legion2004/tai-phake-lip-reading/data/augmented_100spk_dataset_d/s17/d6,37,train,original
s17_d7,s17,s17,d7,/Users/milinda/ghq/github.com/legion2004/tai-phake-lip-reading/data/augmented_100spk_dataset_d/s17/d7,35,train,original
s17_d8,s17,s17,d8,/Users/milinda/ghq/github.com/legion2004/tai-phake-lip-reading/data/augmented_100spk_dataset_d/s17/d8,38,train,original
s17_d9,s17,s17,d9,/Users/milinda/ghq/github.com/legion2004/tai-phake-lip-reading/data/augmented_100spk_dataset_d/s17/d9,36,train,original
s17_d10,s17,s17,d10,/Users/milinda/ghq/github.com/legion2004/tai-phake-lip-reading/data/augmented_100spk_dataset_d/s17/d10,31,train,original
s17_aug1_d0,s17_aug1,s17,d0,/Users/milinda/ghq/github.com/legion2004/tai-phake-lip-reading/data/augmented_100spk_dataset_d/s17_aug1/d0,32,train,translation
s17_aug1_d1,s17_aug1,s17,d1,/Users/milinda/ghq/github.com/legion2004/tai-phake-lip-reading/data/augmented_100spk_dataset_d/s17_aug1/d1,38,train,translation
s17_aug1_d2,s17_aug1,s17,d2,/Users/milinda/ghq/github.com/legion2004/tai-phake-lip-reading/data/augmented_100spk_dataset_d/s17_aug1/d2,53,train,translation
s17_aug1_d3,s17_aug1,s17,d3,/Users/milinda/ghq/github.com/legion2004/tai-phake-lip-reading/data/augmented_100spk_dataset_d/s17_aug1/d3,37,train,translation
s17_aug1_d4,s17_aug1,s17,d4,/Users/milinda/ghq/github.com/legion2004/tai-phake-lip-reading/data/augmented_100spk_dataset_d/s17_aug1/d4,41,train,translation
s17_aug1_d5,s17_aug1,s17,d5,/Users/milinda/ghq/github.com/legion2004/tai-phake-lip-reading/data/augmented_100spk_dataset_d/s17_aug1/d5,25,train,translation
s17_aug1_d6,s17_aug1,s17,d6,/Users/milinda/ghq/github.com/legion2004/tai-phake-lip-reading/data/augmented_100spk_dataset_d/s17_aug1/d6,37,train,translation
s17_aug1_d7,s17_aug1,s17,d7,/Users/milinda/ghq/github.com/legion2004/tai-phake-lip-reading/data/augmented_100spk_dataset_d/s17_aug1/d7,35,train,translation
s17_aug1_d8,s17_aug1,s17,d8,/Users/milinda/ghq/github.com/legion2004/tai-phake-lip-reading/data/augmented_100spk_dataset_d/s17_aug1/d8,38,train,translation
s17_aug1_d9,s17_aug1,s17,d9,/Users/milinda/ghq/github.com/legion2004/tai-phake-lip-reading/data/augmented_100spk_dataset_d/s17_aug1/d9,36,train,translation
s17_aug1_d10,s17_aug1,s17,d10,/Users/milinda/ghq/github.com/legion2004/tai-phake-lip-reading/data/augmented_100spk_dataset_d/s17_aug1/d10,31,train,translation
s17_aug2_d0,s17_aug2,s17,d0,/Users/milinda/ghq/github.com/legion2004/tai-phake-lip-reading/data/augmented_100spk_dataset_d/s17_aug2/d0,32,train,photometric
s17_aug2_d1,s17_aug2,s17,d1,/Users/milinda/ghq/github.com/legion2004/tai-phake-lip-reading/data/augmented_100spk_dataset_d/s17_aug2/d1,38,train,photometric
s17_aug2_d2,s17_aug2,s17,d2,/Users/milinda/ghq/github.com/legion2004/tai-phake-lip-reading/data/augmented_100spk_dataset_d/s17_aug2/d2,53,train,photometric
s17_aug2_d3,s17_aug2,s17,d3,/Users/milinda/ghq/github.com/legion2004/tai-phake-lip-reading/data/augmented_100spk_dataset_d/s17_aug2/d3,37,train,photometric
s17_aug2_d4,s17_aug2,s17,d4,/Users/milinda/ghq/github.com/legion2004/tai-phake-lip-reading/data/augmented_100spk_dataset_d/s17_aug2/d4,41,train,photometric
s17_aug2_d5,s17_aug2,s17,d5,/Users/milinda/ghq/github.com/legion2004/tai-phake-lip-reading/data/augmented_100spk_dataset_d/s17_aug2/d5,25,train,photometric
s17_aug2_d6,s17_aug2,s17,d6,/Users/milinda/ghq/github.com/legion2004/tai-phake-lip-reading/data/augmented_100spk_dataset_d/s17_aug2/d6,37,train,photometric
s17_aug2_d7,s17_aug2,s17,d7,/Users/milinda/ghq/github.com/legion2004/tai-phake-lip-reading/data/augmented_100spk_dataset_d/s17_aug2/d7,35,train,photometric
s17_aug2_d8,s17_aug2,s17,d8,/Users/milinda/ghq/github.com/legion2004/tai-phake-lip-reading/data/augmented_100spk_dataset_d/s17_aug2/d8,38,train,photometric
s17_aug2_d9,s17_aug2,s17,d9,/Users/milinda/ghq/github.com/legion2004/tai-phake-lip-reading/data/augmented_100spk_dataset_d/s17_aug2/d9,36,train,photometric
s17_aug2_d10,s17_aug2,s17,d10,/Users/milinda/ghq/github.com/legion2004/tai-phake-lip-reading/data/augmented_100spk_dataset_d/s17_aug2/d10,31,train,photometric
s17_aug3_d0,s17_aug3,s17,d0,/Users/milinda/ghq/github.com/legion2004/tai-phake-lip-reading/data/augmented_100spk_dataset_d/s17_aug3/d0,32,train,rotation
s17_aug3_d1,s17_aug3,s17,d1,/Users/milinda/ghq/github.com/legion2004/tai-phake-lip-reading/data/augmented_100spk_dataset_d/s17_aug3/d1,38,train,rotation
s17_aug3_d2,s17_aug3,s17,d2,/Users/milinda/ghq/github.com/legion2004/tai-phake-lip-reading/data/augmented_100spk_dataset_d/s17_aug3/d2,53,train,rotation
s17_aug3_d3,s17_aug3,s17,d3,/Users/milinda/ghq/github.com/legion2004/tai-phake-lip-reading/data/augmented_100spk_dataset_d/s17_aug3/d3,37,train,rotation
s17_aug3_d4,s17_aug3,s17,d4,/Users/milinda/ghq/github.com/legion2004/tai-phake-lip-reading/data/augmented_100spk_dataset_d/s17_aug3/d4,41,train,rotation
s17_aug3_d5,s17_aug3,s17,d5,/Users/milinda/ghq/github.com/legion2004/tai-phake-lip-reading/data/augmented_100spk_dataset_d/s17_aug3/d5,25,train,rotation
s17_aug3_d6,s17_aug3,s17,d6,/Users/milinda/ghq/github.com/legion2004/tai-phake-lip-reading/data/augmented_100spk_dataset_d/s17_aug3/d6,37,train,rotation
s17_aug3_d7,s17_aug3,s17,d7,/Users/milinda/ghq/github.com/legion2004/tai-phake-lip-reading/data/augmented_100spk_dataset_d/s17_aug3/d7,35,train,rotation
s17_aug3_d8,s17_aug3,s17,d8,/Users/milinda/ghq/github.com/legion2004/tai-phake-lip-reading/data/augmented_100spk_dataset_d/s17_aug3/d8,38,train,rotation
s17_aug3_d9,s17_aug3,s17,d9,/Users/milinda/ghq/github.com/legion2004/tai-phake-lip-reading/data/augmented_100spk_dataset_d/s17_aug3/d9,36,train,rotation
s17_aug3_d10,s17_aug3,s17,d10,/Users/milinda/ghq/github.com/legion2004/tai-phake-lip-reading/data/augmented_100spk_dataset_d/s17_aug3/d10,31,train,rotation
s17_aug4_d0,s17_aug4,s17,d0,/Users/milinda/ghq/github.com/legion2004/tai-phake-lip-reading/data/augmented_100spk_dataset_d/s17_aug4/d0,32,train,zoom
s17_aug4_d1,s17_aug4,s17,d1,/Users/milinda/ghq/github.com/legion2004/tai-phake-lip-reading/data/augmented_100spk_dataset_d/s17_aug4/d1,38,train,zoom
s17_aug4_d2,s17_aug4,s17,d2,/Users/milinda/ghq/github.com/legion2004/tai-phake-lip-reading/data/augmented_100spk_dataset_d/s17_aug4/d2,53,train,zoom
s17_aug4_d3,s17_aug4,s17,d3,/Users/milinda/ghq/github.com/legion2004/tai-phake-lip-reading/data/augmented_100spk_dataset_d/s17_aug4/d3,37,train,zoom
s17_aug4_d4,s17_aug4,s17,d4,/Users/milinda/ghq/github.com/legion2004/tai-phake-lip-reading/data/augmented_100spk_dataset_d/s17_aug4/d4,41,train,zoom
s17_aug4_d5,s17_aug4,s17,d5,/Users/milinda/ghq/github.com/legion2004/tai-phake-lip-reading/data/augmented_100spk_dataset_d/s17_aug4/d5,25,train,zoom
s17_aug4_d6,s17_aug4,s17,d6,/Users/milinda/ghq/github.com/legion2004/tai-phake-lip-reading/data/augmented_100spk_dataset_d/s17_aug4/d6,37,train,zoom
s17_aug4_d7,s17_aug4,s17,d7,/Users/milinda/ghq/github.com/legion2004/tai-phake-lip-reading/data/augmented_100spk_dataset_d/s17_aug4/d7,35,train,zoom
s17_aug4_d8,s17_aug4,s17,d8,/Users/milinda/ghq/github.com/legion2004/tai-phake-lip-reading/data/augmented_100spk_dataset_d/s17_aug4/d8,38,train,zoom
s17_aug4_d9,s17_aug4,s17,d9,/Users/milinda/ghq/github.com/legion2004/tai-phake-lip-reading/data/augmented_100spk_dataset_d/s17_aug4/d9,36,train,zoom
s17_aug4_d10,s17_aug4,s17,d10,/Users/milinda/ghq/github.com/legion2004/tai-phake-lip-reading/data/augmented_100spk_dataset_d/s17_aug4/d10,31,train,zoom
s20_d0,s20,s20,d0,/Users/milinda/ghq/github.com/legion2004/tai-phake-lip-reading/data/augmented_100spk_dataset_d/s20/d0,45,train,original
s20_d1,s20,s20,d1,/Users/milinda/ghq/github.com/legion2004/tai-phake-lip-reading/data/augmented_100spk_dataset_d/s20/d1,37,train,original
s20_d2,s20,s20,d2,/Users/milinda/ghq/github.com/legion2004/tai-phake-lip-reading/data/augmented_100spk_dataset_d/s20/d2,46,train,original
s20_d3,s20,s20,d3,/Users/milinda/ghq/github.com/legion2004/tai-phake-lip-reading/data/augmented_100spk_dataset_d/s20/d3,48,train,original
s20_d4,s20,s20,d4,/Users/milinda/ghq/github.com/legion2004/tai-phake-lip-reading/data/augmented_100spk_dataset_d/s20/d4,60,train,original
s20_d5,s20,s20,d5,/Users/milinda/ghq/github.com/legion2004/tai-phake-lip-reading/data/augmented_100spk_dataset_d/s20/d5,43,train,original
s20_d6,s20,s20,d6,/Users/milinda/ghq/github.com/legion2004/tai-phake-lip-reading/data/augmented_100spk_dataset_d/s20/d6,41,train,original
s20_d7,s20,s20,d7,/Users/milinda/ghq/github.com/legion2004/tai-phake-lip-reading/data/augmented_100spk_dataset_d/s20/d7,44,train,original
s20_d8,s20,s20,d8,/Users/milinda/ghq/github.com/legion2004/tai-phake-lip-reading/data/augmented_100spk_dataset_d/s20/d8,39,train,original
s20_d9,s20,s20,d9,/Users/milinda/ghq/github.com/legion2004/tai-phake-lip-reading/data/augmented_100spk_dataset_d/s20/d9,35,train,original
s20_d10,s20,s20,d10,/Users/milinda/ghq/github.com/legion2004/tai-phake-lip-reading/data/augmented_100spk_dataset_d/s20/d10,41,train,original
s20_aug1_d0,s20_aug1,s20,d0,/Users/milinda/ghq/github.com/legion2004/tai-phake-lip-reading/data/augmented_100spk_dataset_d/s20_aug1/d0,45,train,translation
s20_aug1_d1,s20_aug1,s20,d1,/Users/milinda/ghq/github.com/legion2004/tai-phake-lip-reading/data/augmented_100spk_dataset_d/s20_aug1/d1,37,train,translation
s20_aug1_d2,s20_aug1,s20,d2,/Users/milinda/ghq/github.com/legion2004/tai-phake-lip-reading/data/augmented_100spk_dataset_d/s20_aug1/d2,46,train,translation
s20_aug1_d3,s20_aug1,s20,d3,/Users/milinda/ghq/github.com/legion2004/tai-phake-lip-reading/data/augmented_100spk_dataset_d/s20_aug1/d3,48,train,translation
s20_aug1_d4,s20_aug1,s20,d4,/Users/milinda/ghq/github.com/legion2004/tai-phake-lip-reading/data/augmented_100spk_dataset_d/s20_aug1/d4,60,train,translation
s20_aug1_d5,s20_aug1,s20,d5,/Users/milinda/ghq/github.com/legion2004/tai-phake-lip-reading/data/augmented_100spk_dataset_d/s20_aug1/d5,43,train,translation
s20_aug1_d6,s20_aug1,s20,d6,/Users/milinda/ghq/github.com/legion2004/tai-phake-lip-reading/data/augmented_100spk_dataset_d/s20_aug1/d6,41,train,translation
s20_aug1_d7,s20_aug1,s20,d7,/Users/milinda/ghq/github.com/legion2004/tai-phake-lip-reading/data/augmented_100spk_dataset_d/s20_aug1/d7,44,train,translation
s20_aug1_d8,s20_aug1,s20,d8,/Users/milinda/ghq/github.com/legion2004/tai-phake-lip-reading/data/augmented_100spk_dataset_d/s20_aug1/d8,39,train,translation
s20_aug1_d9,s20_aug1,s20,d9,/Users/milinda/ghq/github.com/legion2004/tai-phake-lip-reading/data/augmented_100spk_dataset_d/s20_aug1/d9,35,train,translation
s20_aug1_d10,s20_aug1,s20,d10,/Users/milinda/ghq/github.com/legion2004/tai-phake-lip-reading/data/augmented_100spk_dataset_d/s20_aug1/d10,41,train,translation
s20_aug2_d0,s20_aug2,s20,d0,/Users/milinda/ghq/github.com/legion2004/tai-phake-lip-reading/data/augmented_100spk_dataset_d/s20_aug2/d0,45,train,photometric
s20_aug2_d1,s20_aug2,s20,d1,/Users/milinda/ghq/github.com/legion2004/tai-phake-lip-reading/data/augmented_100spk_dataset_d/s20_aug2/d1,37,train,photometric
s20_aug2_d2,s20_aug2,s20,d2,/Users/milinda/ghq/github.com/legion2004/tai-phake-lip-reading/data/augmented_100spk_dataset_d/s20_aug2/d2,46,train,photometric
s20_aug2_d3,s20_aug2,s20,d3,/Users/milinda/ghq/github.com/legion2004/tai-phake-lip-reading/data/augmented_100spk_dataset_d/s20_aug2/d3,48,train,photometric
s20_aug2_d4,s20_aug2,s20,d4,/Users/milinda/ghq/github.com/legion2004/tai-phake-lip-reading/data/augmented_100spk_dataset_d/s20_aug2/d4,60,train,photometric
s20_aug2_d5,s20_aug2,s20,d5,/Users/milinda/ghq/github.com/legion2004/tai-phake-lip-reading/data/augmented_100spk_dataset_d/s20_aug2/d5,43,train,photometric
s20_aug2_d6,s20_aug2,s20,d6,/Users/milinda/ghq/github.com/legion2004/tai-phake-lip-reading/data/augmented_100spk_dataset_d/s20_aug2/d6,41,train,photometric
s20_aug2_d7,s20_aug2,s20,d7,/Users/milinda/ghq/github.com/legion2004/tai-phake-lip-reading/data/augmented_100spk_dataset_d/s20_aug2/d7,44,train,photometric
s20_aug2_d8,s20_aug2,s20,d8,/Users/milinda/ghq/github.com/legion2004/tai-phake-lip-reading/data/augmented_100spk_dataset_d/s20_aug2/d8,39,train,photometric
s20_aug2_d9,s20_aug2,s20,d9,/Users/milinda/ghq/github.com/legion2004/tai-phake-lip-reading/data/augmented_100spk_dataset_d/s20_aug2/d9,35,train,photometric
s20_aug2_d10,s20_aug2,s20,d10,/Users/milinda/ghq/github.com/legion2004/tai-phake-lip-reading/data/augmented_100spk_dataset_d/s20_aug2/d10,41,train,photometric
s20_aug3_d0,s20_aug3,s20,d0,/Users/milinda/ghq/github.com/legion2004/tai-phake-lip-reading/data/augmented_100spk_dataset_d/s20_aug3/d0,45,train,rotation
s20_aug3_d1,s20_aug3,s20,d1,/Users/milinda/ghq/github.com/legion2004/tai-phake-lip-reading/data/augmented_100spk_dataset_d/s20_aug3/d1,37,train,rotation
s20_aug3_d2,s20_aug3,s20,d2,/Users/milinda/ghq/github.com/legion2004/tai-phake-lip-reading/data/augmented_100spk_dataset_d/s20_aug3/d2,46,train,rotation
s20_aug3_d3,s20_aug3,s20,d3,/Users/milinda/ghq/github.com/legion2004/tai-phake-lip-reading/data/augmented_100spk_dataset_d/s20_aug3/d3,48,train,rotation
s20_aug3_d4,s20_aug3,s20,d4,/Users/milinda/ghq/github.com/legion2004/tai-phake-lip-reading/data/augmented_100spk_dataset_d/s20_aug3/d4,60,train,rotation
s20_aug3_d5,s20_aug3,s20,d5,/Users/milinda/ghq/github.com/legion2004/tai-phake-lip-reading/data/augmented_100spk_dataset_d/s20_aug3/d5,43,train,rotation
s20_aug3_d6,s20_aug3,s20,d6,/Users/milinda/ghq/github.com/legion2004/tai-phake-lip-reading/data/augmented_100spk_dataset_d/s20_aug3/d6,41,train,rotation
s20_aug3_d7,s20_aug3,s20,d7,/Users/milinda/ghq/github.com/legion2004/tai-phake-lip-reading/data/augmented_100spk_dataset_d/s20_aug3/d7,44,train,rotation
s20_aug3_d8,s20_aug3,s20,d8,/Users/milinda/ghq/github.com/legion2004/tai-phake-lip-reading/data/augmented_100spk_dataset_d/s20_aug3/d8,39,train,rotation
s20_aug3_d9,s20_aug3,s20,d9,/Users/milinda/ghq/github.com/legion2004/tai-phake-lip-reading/data/augmented_100spk_dataset_d/s20_aug3/d9,35,train,rotation
s20_aug3_d10,s20_aug3,s20,d10,/Users/milinda/ghq/github.com/legion2004/tai-phake-lip-reading/data/augmented_100spk_dataset_d/s20_aug3/d10,41,train,rotation
s20_aug4_d0,s20_aug4,s20,d0,/Users/milinda/ghq/github.com/legion2004/tai-phake-lip-reading/data/augmented_100spk_dataset_d/s20_aug4/d0,45,train,zoom
s20_aug4_d1,s20_aug4,s20,d1,/Users/milinda/ghq/github.com/legion2004/tai-phake-lip-reading/data/augmented_100spk_dataset_d/s20_aug4/d1,37,train,zoom
s20_aug4_d2,s20_aug4,s20,d2,/Users/milinda/ghq/github.com/legion2004/tai-phake-lip-reading/data/augmented_100spk_dataset_d/s20_aug4/d2,46,train,zoom
s20_aug4_d3,s20_aug4,s20,d3,/Users/milinda/ghq/github.com/legion2004/tai-phake-lip-reading/data/augmented_100spk_dataset_d/s20_aug4/d3,48,train,zoom
s20_aug4_d4,s20_aug4,s20,d4,/Users/milinda/ghq/github.com/legion2004/tai-phake-lip-reading/data/augmented_100spk_dataset_d/s20_aug4/d4,60,train,zoom
s20_aug4_d5,s20_aug4,s20,d5,/Users/milinda/ghq/github.com/legion2004/tai-phake-lip-reading/data/augmented_100spk_dataset_d/s20_aug4/d5,43,train,zoom
s20_aug4_d6,s20_aug4,s20,d6,/Users/milinda/ghq/github.com/legion2004/tai-phake-lip-reading/data/augmented_100spk_dataset_d/s20_aug4/d6,41,train,zoom
s20_aug4_d7,s20_aug4,s20,d7,/Users/milinda/ghq/github.com/legion2004/tai-phake-lip-reading/data/augmented_100spk_dataset_d/s20_aug4/d7,44,train,zoom
s20_aug4_d8,s20_aug4,s20,d8,/Users/milinda/ghq/github.com/legion2004/tai-phake-lip-reading/data/augmented_100spk_dataset_d/s20_aug4/d8,39,train,zoom
s20_aug4_d9,s20_aug4,s20,d9,/Users/milinda/ghq/github.com/legion2004/tai-phake-lip-reading/data/augmented_100spk_dataset_d/s20_aug4/d9,35,train,zoom
s20_aug4_d10,s20_aug4,s20,d10,/Users/milinda/ghq/github.com/legion2004/tai-phake-lip-reading/data/augmented_100spk_dataset_d/s20_aug4/d10,41,train,zoom
s22_d0,s22,s22,d0,/Users/milinda/ghq/github.com/legion2004/tai-phake-lip-reading/data/augmented_100spk_dataset_d/s22/d0,25,train,original
s22_d1,s22,s22,d1,/Users/milinda/ghq/github.com/legion2004/tai-phake-lip-reading/data/augmented_100spk_dataset_d/s22/d1,31,train,original
s22_d2,s22,s22,d2,/Users/milinda/ghq/github.com/legion2004/tai-phake-lip-reading/data/augmented_100spk_dataset_d/s22/d2,41,train,original
s22_d3,s22,s22,d3,/Users/milinda/ghq/github.com/legion2004/tai-phake-lip-reading/data/augmented_100spk_dataset_d/s22/d3,28,train,original
s22_d4,s22,s22,d4,/Users/milinda/ghq/github.com/legion2004/tai-phake-lip-reading/data/augmented_100spk_dataset_d/s22/d4,55,train,original
s22_d5,s22,s22,d5,/Users/milinda/ghq/github.com/legion2004/tai-phake-lip-reading/data/augmented_100spk_dataset_d/s22/d5,37,train,original
s22_d6,s22,s22,d6,/Users/milinda/ghq/github.com/legion2004/tai-phake-lip-reading/data/augmented_100spk_dataset_d/s22/d6,42,train,original
s22_d7,s22,s22,d7,/Users/milinda/ghq/github.com/legion2004/tai-phake-lip-reading/data/augmented_100spk_dataset_d/s22/d7,46,train,original
s22_d8,s22,s22,d8,/Users/milinda/ghq/github.com/legion2004/tai-phake-lip-reading/data/augmented_100spk_dataset_d/s22/d8,36,train,original
s22_d9,s22,s22,d9,/Users/milinda/ghq/github.com/legion2004/tai-phake-lip-reading/data/augmented_100spk_dataset_d/s22/d9,36,train,original
s22_d10,s22,s22,d10,/Users/milinda/ghq/github.com/legion2004/tai-phake-lip-reading/data/augmented_100spk_dataset_d/s22/d10,32,train,original
s22_aug1_d0,s22_aug1,s22,d0,/Users/milinda/ghq/github.com/legion2004/tai-phake-lip-reading/data/augmented_100spk_dataset_d/s22_aug1/d0,25,train,translation
s22_aug1_d1,s22_aug1,s22,d1,/Users/milinda/ghq/github.com/legion2004/tai-phake-lip-reading/data/augmented_100spk_dataset_d/s22_aug1/d1,31,train,translation
s22_aug1_d2,s22_aug1,s22,d2,/Users/milinda/ghq/github.com/legion2004/tai-phake-lip-reading/data/augmented_100spk_dataset_d/s22_aug1/d2,41,train,translation
s22_aug1_d3,s22_aug1,s22,d3,/Users/milinda/ghq/github.com/legion2004/tai-phake-lip-reading/data/augmented_100spk_dataset_d/s22_aug1/d3,28,train,translation
s22_aug1_d4,s22_aug1,s22,d4,/Users/milinda/ghq/github.com/legion2004/tai-phake-lip-reading/data/augmented_100spk_dataset_d/s22_aug1/d4,55,train,translation
s22_aug1_d5,s22_aug1,s22,d5,/Users/milinda/ghq/github.com/legion2004/tai-phake-lip-reading/data/augmented_100spk_dataset_d/s22_aug1/d5,37,train,translation
s22_aug1_d6,s22_aug1,s22,d6,/Users/milinda/ghq/github.com/legion2004/tai-phake-lip-reading/data/augmented_100spk_dataset_d/s22_aug1/d6,42,train,translation
s22_aug1_d7,s22_aug1,s22,d7,/Users/milinda/ghq/github.com/legion2004/tai-phake-lip-reading/data/augmented_100spk_dataset_d/s22_aug1/d7,46,train,translation
s22_aug1_d8,s22_aug1,s22,d8,/Users/milinda/ghq/github.com/legion2004/tai-phake-lip-reading/data/augmented_100spk_dataset_d/s22_aug1/d8,36,train,translation
s22_aug1_d9,s22_aug1,s22,d9,/Users/milinda/ghq/github.com/legion2004/tai-phake-lip-reading/data/augmented_100spk_dataset_d/s22_aug1/d9,36,train,translation
s22_aug1_d10,s22_aug1,s22,d10,/Users/milinda/ghq/github.com/legion2004/tai-phake-lip-reading/data/augmented_100spk_dataset_d/s22_aug1/d10,32,train,translation
s22_aug2_d0,s22_aug2,s22,d0,/Users/milinda/ghq/github.com/legion2004/tai-phake-lip-reading/data/augmented_100spk_dataset_d/s22_aug2/d0,25,train,photometric
s22_aug2_d1,s22_aug2,s22,d1,/Users/milinda/ghq/github.com/legion2004/tai-phake-lip-reading/data/augmented_100spk_dataset_d/s22_aug2/d1,31,train,photometric
s22_aug2_d2,s22_aug2,s22,d2,/Users/milinda/ghq/github.com/legion2004/tai-phake-lip-reading/data/augmented_100spk_dataset_d/s22_aug2/d2,41,train,photometric
s22_aug2_d3,s22_aug2,s22,d3,/Users/milinda/ghq/github.com/legion2004/tai-phake-lip-reading/data/augmented_100spk_dataset_d/s22_aug2/d3,28,train,photometric
s22_aug2_d4,s22_aug2,s22,d4,/Users/milinda/ghq/github.com/legion2004/tai-phake-lip-reading/data/augmented_100spk_dataset_d/s22_aug2/d4,55,train,photometric
s22_aug2_d5,s22_aug2,s22,d5,/Users/milinda/ghq/github.com/legion2004/tai-phake-lip-reading/data/augmented_100spk_dataset_d/s22_aug2/d5,37,train,photometric
s22_aug2_d6,s22_aug2,s22,d6,/Users/milinda/ghq/github.com/legion2004/tai-phake-lip-reading/data/augmented_100spk_dataset_d/s22_aug2/d6,42,train,photometric
s22_aug2_d7,s22_aug2,s22,d7,/Users/milinda/ghq/github.com/legion2004/tai-phake-lip-reading/data/augmented_100spk_dataset_d/s22_aug2/d7,46,train,photometric
s22_aug2_d8,s22_aug2,s22,d8,/Users/milinda/ghq/github.com/legion2004/tai-phake-lip-reading/data/augmented_100spk_dataset_d/s22_aug2/d8,36,train,photometric
s22_aug2_d9,s22_aug2,s22,d9,/Users/milinda/ghq/github.com/legion2004/tai-phake-lip-reading/data/augmented_100spk_dataset_d/s22_aug2/d9,36,train,photometric
s22_aug2_d10,s22_aug2,s22,d10,/Users/milinda/ghq/github.com/legion2004/tai-phake-lip-reading/data/augmented_100spk_dataset_d/s22_aug2/d10,32,train,photometric
s22_aug3_d0,s22_aug3,s22,d0,/Users/milinda/ghq/github.com/legion2004/tai-phake-lip-reading/data/augmented_100spk_dataset_d/s22_aug3/d0,25,train,rotation
s22_aug3_d1,s22_aug3,s22,d1,/Users/milinda/ghq/github.com/legion2004/tai-phake-lip-reading/data/augmented_100spk_dataset_d/s22_aug3/d1,31,train,rotation
s22_aug3_d2,s22_aug3,s22,d2,/Users/milinda/ghq/github.com/legion2004/tai-phake-lip-reading/data/augmented_100spk_dataset_d/s22_aug3/d2,41,train,rotation
s22_aug3_d3,s22_aug3,s22,d3,/Users/milinda/ghq/github.com/legion2004/tai-phake-lip-reading/data/augmented_100spk_dataset_d/s22_aug3/d3,28,train,rotation
s22_aug3_d4,s22_aug3,s22,d4,/Users/milinda/ghq/github.com/legion2004/tai-phake-lip-reading/data/augmented_100spk_dataset_d/s22_aug3/d4,55,train,rotation
s22_aug3_d5,s22_aug3,s22,d5,/Users/milinda/ghq/github.com/legion2004/tai-phake-lip-reading/data/augmented_100spk_dataset_d/s22_aug3/d5,37,train,rotation
s22_aug3_d6,s22_aug3,s22,d6,/Users/milinda/ghq/github.com/legion2004/tai-phake-lip-reading/data/augmented_100spk_dataset_d/s22_aug3/d6,42,train,rotation
s22_aug3_d7,s22_aug3,s22,d7,/Users/milinda/ghq/github.com/legion2004/tai-phake-lip-reading/data/augmented_100spk_dataset_d/s22_aug3/d7,46,train,rotation
s22_aug3_d8,s22_aug3,s22,d8,/Users/milinda/ghq/github.com/legion2004/tai-phake-lip-reading/data/augmented_100spk_dataset_d/s22_aug3/d8,36,train,rotation
s22_aug3_d9,s22_aug3,s22,d9,/Users/milinda/ghq/github.com/legion2004/tai-phake-lip-reading/data/augmented_100spk_dataset_d/s22_aug3/d9,36,train,rotation
s22_aug3_d10,s22_aug3,s22,d10,/Users/milinda/ghq/github.com/legion2004/tai-phake-lip-reading/data/augmented_100spk_dataset_d/s22_aug3/d10,32,train,rotation
s22_aug4_d0,s22_aug4,s22,d0,/Users/milinda/ghq/github.com/legion2004/tai-phake-lip-reading/data/augmented_100spk_dataset_d/s22_aug4/d0,25,train,zoom
s22_aug4_d1,s22_aug4,s22,d1,/Users/milinda/ghq/github.com/legion2004/tai-phake-lip-reading/data/augmented_100spk_dataset_d/s22_aug4/d1,31,train,zoom
s22_aug4_d2,s22_aug4,s22,d2,/Users/milinda/ghq/github.com/legion2004/tai-phake-lip-reading/data/augmented_100spk_dataset_d/s22_aug4/d2,41,train,zoom
s22_aug4_d3,s22_aug4,s22,d3,/Users/milinda/ghq/github.com/legion2004/tai-phake-lip-reading/data/augmented_100spk_dataset_d/s22_aug4/d3,28,train,zoom
s22_aug4_d4,s22_aug4,s22,d4,/Users/milinda/ghq/github.com/legion2004/tai-phake-lip-reading/data/augmented_100spk_dataset_d/s22_aug4/d4,55,train,zoom
s22_aug4_d5,s22_aug4,s22,d5,/Users/milinda/ghq/github.com/legion2004/tai-phake-lip-reading/data/augmented_100spk_dataset_d/s22_aug4/d5,37,train,zoom
s22_aug4_d6,s22_aug4,s22,d6,/Users/milinda/ghq/github.com/legion2004/tai-phake-lip-reading/data/augmented_100spk_dataset_d/s22_aug4/d6,42,train,zoom
s22_aug4_d7,s22_aug4,s22,d7,/Users/milinda/ghq/github.com/legion2004/tai-phake-lip-reading/data/augmented_100spk_dataset_d/s22_aug4/d7,46,train,zoom
s22_aug4_d8,s22_aug4,s22,d8,/Users/milinda/ghq/github.com/legion2004/tai-phake-lip-reading/data/augmented_100spk_dataset_d/s22_aug4/d8,36,train,zoom
s22_aug4_d9,s22_aug4,s22,d9,/Users/milinda/ghq/github.com/legion2004/tai-phake-lip-reading/data/augmented_100spk_dataset_d/s22_aug4/d9,36,train,zoom
s22_aug4_d10,s22_aug4,s22,d10,/Users/milinda/ghq/github.com/legion2004/tai-phake-lip-reading/data/augmented_100spk_dataset_d/s22_aug4/d10,32,train,zoom
s23_d0,s23,s23,d0,/Users/milinda/ghq/github.com/legion2004/tai-phake-lip-reading/data/augmented_100spk_dataset_d/s23/d0,35,train,original
s23_d1,s23,s23,d1,/Users/milinda/ghq/github.com/legion2004/tai-phake-lip-reading/data/augmented_100spk_dataset_d/s23/d1,42,train,original
s23_d2,s23,s23,d2,/Users/milinda/ghq/github.com/legion2004/tai-phake-lip-reading/data/augmented_100spk_dataset_d/s23/d2,44,train,original
s23_d3,s23,s23,d3,/Users/milinda/ghq/github.com/legion2004/tai-phake-lip-reading/data/augmented_100spk_dataset_d/s23/d3,30,train,original
s23_d4,s23,s23,d4,/Users/milinda/ghq/github.com/legion2004/tai-phake-lip-reading/data/augmented_100spk_dataset_d/s23/d4,48,train,original
s23_d5,s23,s23,d5,/Users/milinda/ghq/github.com/legion2004/tai-phake-lip-reading/data/augmented_100spk_dataset_d/s23/d5,44,train,original
s23_d6,s23,s23,d6,/Users/milinda/ghq/github.com/legion2004/tai-phake-lip-reading/data/augmented_100spk_dataset_d/s23/d6,34,train,original
s23_d7,s23,s23,d7,/Users/milinda/ghq/github.com/legion2004/tai-phake-lip-reading/data/augmented_100spk_dataset_d/s23/d7,45,train,original
s23_d8,s23,s23,d8,/Users/milinda/ghq/github.com/legion2004/tai-phake-lip-reading/data/augmented_100spk_dataset_d/s23/d8,42,train,original
s23_d9,s23,s23,d9,/Users/milinda/ghq/github.com/legion2004/tai-phake-lip-reading/data/augmented_100spk_dataset_d/s23/d9,34,train,original
s23_d10,s23,s23,d10,/Users/milinda/ghq/github.com/legion2004/tai-phake-lip-reading/data/augmented_100spk_dataset_d/s23/d10,30,train,original
s23_aug1_d0,s23_aug1,s23,d0,/Users/milinda/ghq/github.com/legion2004/tai-phake-lip-reading/data/augmented_100spk_dataset_d/s23_aug1/d0,35,train,translation
s23_aug1_d1,s23_aug1,s23,d1,/Users/milinda/ghq/github.com/legion2004/tai-phake-lip-reading/data/augmented_100spk_dataset_d/s23_aug1/d1,42,train,translation
s23_aug1_d2,s23_aug1,s23,d2,/Users/milinda/ghq/github.com/legion2004/tai-phake-lip-reading/data/augmented_100spk_dataset_d/s23_aug1/d2,44,train,translation
s23_aug1_d3,s23_aug1,s23,d3,/Users/milinda/ghq/github.com/legion2004/tai-phake-lip-reading/data/augmented_100spk_dataset_d/s23_aug1/d3,30,train,translation
s23_aug1_d4,s23_aug1,s23,d4,/Users/milinda/ghq/github.com/legion2004/tai-phake-lip-reading/data/augmented_100spk_dataset_d/s23_aug1/d4,48,train,translation
s23_aug1_d5,s23_aug1,s23,d5,/Users/milinda/ghq/github.com/legion2004/tai-phake-lip-reading/data/augmented_100spk_dataset_d/s23_aug1/d5,44,train,translation
s23_aug1_d6,s23_aug1,s23,d6,/Users/milinda/ghq/github.com/legion2004/tai-phake-lip-reading/data/augmented_100spk_dataset_d/s23_aug1/d6,34,train,translation
s23_aug1_d7,s23_aug1,s23,d7,/Users/milinda/ghq/github.com/legion2004/tai-phake-lip-reading/data/augmented_100spk_dataset_d/s23_aug1/d7,45,train,translation
s23_aug1_d8,s23_aug1,s23,d8,/Users/milinda/ghq/github.com/legion2004/tai-phake-lip-reading/data/augmented_100spk_dataset_d/s23_aug1/d8,42,train,translation
s23_aug1_d9,s23_aug1,s23,d9,/Users/milinda/ghq/github.com/legion2004/tai-phake-lip-reading/data/augmented_100spk_dataset_d/s23_aug1/d9,34,train,translation
s23_aug1_d10,s23_aug1,s23,d10,/Users/milinda/ghq/github.com/legion2004/tai-phake-lip-reading/data/augmented_100spk_dataset_d/s23_aug1/d10,30,train,translation
s23_aug2_d0,s23_aug2,s23,d0,/Users/milinda/ghq/github.com/legion2004/tai-phake-lip-reading/data/augmented_100spk_dataset_d/s23_aug2/d0,35,train,photometric
s23_aug2_d1,s23_aug2,s23,d1,/Users/milinda/ghq/github.com/legion2004/tai-phake-lip-reading/data/augmented_100spk_dataset_d/s23_aug2/d1,42,train,photometric
s23_aug2_d2,s23_aug2,s23,d2,/Users/milinda/ghq/github.com/legion2004/tai-phake-lip-reading/data/augmented_100spk_dataset_d/s23_aug2/d2,44,train,photometric
s23_aug2_d3,s23_aug2,s23,d3,/Users/milinda/ghq/github.com/legion2004/tai-phake-lip-reading/data/augmented_100spk_dataset_d/s23_aug2/d3,30,train,photometric
s23_aug2_d4,s23_aug2,s23,d4,/Users/milinda/ghq/github.com/legion2004/tai-phake-lip-reading/data/augmented_100spk_dataset_d/s23_aug2/d4,48,train,photometric
s23_aug2_d5,s23_aug2,s23,d5,/Users/milinda/ghq/github.com/legion2004/tai-phake-lip-reading/data/augmented_100spk_dataset_d/s23_aug2/d5,44,train,photometric
s23_aug2_d6,s23_aug2,s23,d6,/Users/milinda/ghq/github.com/legion2004/tai-phake-lip-reading/data/augmented_100spk_dataset_d/s23_aug2/d6,34,train,photometric
s23_aug2_d7,s23_aug2,s23,d7,/Users/milinda/ghq/github.com/legion2004/tai-phake-lip-reading/data/augmented_100spk_dataset_d/s23_aug2/d7,45,train,photometric
s23_aug2_d8,s23_aug2,s23,d8,/Users/milinda/ghq/github.com/legion2004/tai-phake-lip-reading/data/augmented_100spk_dataset_d/s23_aug2/d8,42,train,photometric
s23_aug2_d9,s23_aug2,s23,d9,/Users/milinda/ghq/github.com/legion2004/tai-phake-lip-reading/data/augmented_100spk_dataset_d/s23_aug2/d9,34,train,photometric
s23_aug2_d10,s23_aug2,s23,d10,/Users/milinda/ghq/github.com/legion2004/tai-phake-lip-reading/data/augmented_100spk_dataset_d/s23_aug2/d10,30,train,photometric
s23_aug3_d0,s23_aug3,s23,d0,/Users/milinda/ghq/github.com/legion2004/tai-phake-lip-reading/data/augmented_100spk_dataset_d/s23_aug3/d0,35,train,rotation
s23_aug3_d1,s23_aug3,s23,d1,/Users/milinda/ghq/github.com/legion2004/tai-phake-lip-reading/data/augmented_100spk_dataset_d/s23_aug3/d1,42,train,rotation
s23_aug3_d2,s23_aug3,s23,d2,/Users/milinda/ghq/github.com/legion2004/tai-phake-lip-reading/data/augmented_100spk_dataset_d/s23_aug3/d2,44,train,rotation
s23_aug3_d3,s23_aug3,s23,d3,/Users/milinda/ghq/github.com/legion2004/tai-phake-lip-reading/data/augmented_100spk_dataset_d/s23_aug3/d3,30,train,rotation
s23_aug3_d4,s23_aug3,s23,d4,/Users/milinda/ghq/github.com/legion2004/tai-phake-lip-reading/data/augmented_100spk_dataset_d/s23_aug3/d4,48,train,rotation
s23_aug3_d5,s23_aug3,s23,d5,/Users/milinda/ghq/github.com/legion2004/tai-phake-lip-reading/data/augmented_100spk_dataset_d/s23_aug3/d5,44,train,rotation
s23_aug3_d6,s23_aug3,s23,d6,/Users/milinda/ghq/github.com/legion2004/tai-phake-lip-reading/data/augmented_100spk_dataset_d/s23_aug3/d6,34,train,rotation
s23_aug3_d7,s23_aug3,s23,d7,/Users/milinda/ghq/github.com/legion2004/tai-phake-lip-reading/data/augmented_100spk_dataset_d/s23_aug3/d7,45,train,rotation
s23_aug3_d8,s23_aug3,s23,d8,/Users/milinda/ghq/github.com/legion2004/tai-phake-lip-reading/data/augmented_100spk_dataset_d/s23_aug3/d8,42,train,rotation
s23_aug3_d9,s23_aug3,s23,d9,/Users/milinda/ghq/github.com/legion2004/tai-phake-lip-reading/data/augmented_100spk_dataset_d/s23_aug3/d9,34,train,rotation
s23_aug3_d10,s23_aug3,s23,d10,/Users/milinda/ghq/github.com/legion2004/tai-phake-lip-reading/data/augmented_100spk_dataset_d/s23_aug3/d10,30,train,rotation
s23_aug4_d0,s23_aug4,s23,d0,/Users/milinda/ghq/github.com/legion2004/tai-phake-lip-reading/data/augmented_100spk_dataset_d/s23_aug4/d0,35,train,zoom
s23_aug4_d1,s23_aug4,s23,d1,/Users/milinda/ghq/github.com/legion2004/tai-phake-lip-reading/data/augmented_100spk_dataset_d/s23_aug4/d1,42,train,zoom
s23_aug4_d2,s23_aug4,s23,d2,/Users/milinda/ghq/github.com/legion2004/tai-phake-lip-reading/data/augmented_100spk_dataset_d/s23_aug4/d2,44,train,zoom
s23_aug4_d3,s23_aug4,s23,d3,/Users/milinda/ghq/github.com/legion2004/tai-phake-lip-reading/data/augmented_100spk_dataset_d/s23_aug4/d3,30,train,zoom
s23_aug4_d4,s23_aug4,s23,d4,/Users/milinda/ghq/github.com/legion2004/tai-phake-lip-reading/data/augmented_100spk_dataset_d/s23_aug4/d4,48,train,zoom
s23_aug4_d5,s23_aug4,s23,d5,/Users/milinda/ghq/github.com/legion2004/tai-phake-lip-reading/data/augmented_100spk_dataset_d/s23_aug4/d5,44,train,zoom
s23_aug4_d6,s23_aug4,s23,d6,/Users/milinda/ghq/github.com/legion2004/tai-phake-lip-reading/data/augmented_100spk_dataset_d/s23_aug4/d6,34,train,zoom
s23_aug4_d7,s23_aug4,s23,d7,/Users/milinda/ghq/github.com/legion2004/tai-phake-lip-reading/data/augmented_100spk_dataset_d/s23_aug4/d7,45,train,zoom
s23_aug4_d8,s23_aug4,s23,d8,/Users/milinda/ghq/github.com/legion2004/tai-phake-lip-reading/data/augmented_100spk_dataset_d/s23_aug4/d8,42,train,zoom
s23_aug4_d9,s23_aug4,s23,d9,/Users/milinda/ghq/github.com/legion2004/tai-phake-lip-reading/data/augmented_100spk_dataset_d/s23_aug4/d9,34,train,zoom
s23_aug4_d10,s23_aug4,s23,d10,/Users/milinda/ghq/github.com/legion2004/tai-phake-lip-reading/data/augmented_100spk_dataset_d/s23_aug4/d10,30,train,zoom
s25_d0,s25,s25,d0,/Users/milinda/ghq/github.com/legion2004/tai-phake-lip-reading/data/augmented_100spk_dataset_d/s25/d0,42,train,original
s25_d1,s25,s25,d1,/Users/milinda/ghq/github.com/legion2004/tai-phake-lip-reading/data/augmented_100spk_dataset_d/s25/d1,41,train,original
s25_d2,s25,s25,d2,/Users/milinda/ghq/github.com/legion2004/tai-phake-lip-reading/data/augmented_100spk_dataset_d/s25/d2,41,train,original
s25_d3,s25,s25,d3,/Users/milinda/ghq/github.com/legion2004/tai-phake-lip-reading/data/augmented_100spk_dataset_d/s25/d3,39,train,original
s25_d4,s25,s25,d4,/Users/milinda/ghq/github.com/legion2004/tai-phake-lip-reading/data/augmented_100spk_dataset_d/s25/d4,39,train,original
s25_d5,s25,s25,d5,/Users/milinda/ghq/github.com/legion2004/tai-phake-lip-reading/data/augmented_100spk_dataset_d/s25/d5,41,train,original
s25_d6,s25,s25,d6,/Users/milinda/ghq/github.com/legion2004/tai-phake-lip-reading/data/augmented_100spk_dataset_d/s25/d6,41,train,original
s25_d7,s25,s25,d7,/Users/milinda/ghq/github.com/legion2004/tai-phake-lip-reading/data/augmented_100spk_dataset_d/s25/d7,44,train,original
s25_d8,s25,s25,d8,/Users/milinda/ghq/github.com/legion2004/tai-phake-lip-reading/data/augmented_100spk_dataset_d/s25/d8,33,train,original
s25_d9,s25,s25,d9,/Users/milinda/ghq/github.com/legion2004/tai-phake-lip-reading/data/augmented_100spk_dataset_d/s25/d9,41,train,original
s25_d10,s25,s25,d10,/Users/milinda/ghq/github.com/legion2004/tai-phake-lip-reading/data/augmented_100spk_dataset_d/s25/d10,34,train,original
s25_aug1_d0,s25_aug1,s25,d0,/Users/milinda/ghq/github.com/legion2004/tai-phake-lip-reading/data/augmented_100spk_dataset_d/s25_aug1/d0,42,train,translation
s25_aug1_d1,s25_aug1,s25,d1,/Users/milinda/ghq/github.com/legion2004/tai-phake-lip-reading/data/augmented_100spk_dataset_d/s25_aug1/d1,41,train,translation
s25_aug1_d2,s25_aug1,s25,d2,/Users/milinda/ghq/github.com/legion2004/tai-phake-lip-reading/data/augmented_100spk_dataset_d/s25_aug1/d2,41,train,translation
s25_aug1_d3,s25_aug1,s25,d3,/Users/milinda/ghq/github.com/legion2004/tai-phake-lip-reading/data/augmented_100spk_dataset_d/s25_aug1/d3,39,train,translation
s25_aug1_d4,s25_aug1,s25,d4,/Users/milinda/ghq/github.com/legion2004/tai-phake-lip-reading/data/augmented_100spk_dataset_d/s25_aug1/d4,39,train,translation
s25_aug1_d5,s25_aug1,s25,d5,/Users/milinda/ghq/github.com/legion2004/tai-phake-lip-reading/data/augmented_100spk_dataset_d/s25_aug1/d5,41,train,translation
s25_aug1_d6,s25_aug1,s25,d6,/Users/milinda/ghq/github.com/legion2004/tai-phake-lip-reading/data/augmented_100spk_dataset_d/s25_aug1/d6,41,train,translation
s25_aug1_d7,s25_aug1,s25,d7,/Users/milinda/ghq/github.com/legion2004/tai-phake-lip-reading/data/augmented_100spk_dataset_d/s25_aug1/d7,44,train,translation
s25_aug1_d8,s25_aug1,s25,d8,/Users/milinda/ghq/github.com/legion2004/tai-phake-lip-reading/data/augmented_100spk_dataset_d/s25_aug1/d8,33,train,translation
s25_aug1_d9,s25_aug1,s25,d9,/Users/milinda/ghq/github.com/legion2004/tai-phake-lip-reading/data/augmented_100spk_dataset_d/s25_aug1/d9,41,train,translation
s25_aug1_d10,s25_aug1,s25,d10,/Users/milinda/ghq/github.com/legion2004/tai-phake-lip-reading/data/augmented_100spk_dataset_d/s25_aug1/d10,34,train,translation
s25_aug2_d0,s25_aug2,s25,d0,/Users/milinda/ghq/github.com/legion2004/tai-phake-lip-reading/data/augmented_100spk_dataset_d/s25_aug2/d0,42,train,photometric
s25_aug2_d1,s25_aug2,s25,d1,/Users/milinda/ghq/github.com/legion2004/tai-phake-lip-reading/data/augmented_100spk_dataset_d/s25_aug2/d1,41,train,photometric
s25_aug2_d2,s25_aug2,s25,d2,/Users/milinda/ghq/github.com/legion2004/tai-phake-lip-reading/data/augmented_100spk_dataset_d/s25_aug2/d2,41,train,photometric
s25_aug2_d3,s25_aug2,s25,d3,/Users/milinda/ghq/github.com/legion2004/tai-phake-lip-reading/data/augmented_100spk_dataset_d/s25_aug2/d3,39,train,photometric
s25_aug2_d4,s25_aug2,s25,d4,/Users/milinda/ghq/github.com/legion2004/tai-phake-lip-reading/data/augmented_100spk_dataset_d/s25_aug2/d4,39,train,photometric
s25_aug2_d5,s25_aug2,s25,d5,/Users/milinda/ghq/github.com/legion2004/tai-phake-lip-reading/data/augmented_100spk_dataset_d/s25_aug2/d5,41,train,photometric
s25_aug2_d6,s25_aug2,s25,d6,/Users/milinda/ghq/github.com/legion2004/tai-phake-lip-reading/data/augmented_100spk_dataset_d/s25_aug2/d6,41,train,photometric
s25_aug2_d7,s25_aug2,s25,d7,/Users/milinda/ghq/github.com/legion2004/tai-phake-lip-reading/data/augmented_100spk_dataset_d/s25_aug2/d7,44,train,photometric
s25_aug2_d8,s25_aug2,s25,d8,/Users/milinda/ghq/github.com/legion2004/tai-phake-lip-reading/data/augmented_100spk_dataset_d/s25_aug2/d8,33,train,photometric
s25_aug2_d9,s25_aug2,s25,d9,/Users/milinda/ghq/github.com/legion2004/tai-phake-lip-reading/data/augmented_100spk_dataset_d/s25_aug2/d9,41,train,photometric
s25_aug2_d10,s25_aug2,s25,d10,/Users/milinda/ghq/github.com/legion2004/tai-phake-lip-reading/data/augmented_100spk_dataset_d/s25_aug2/d10,34,train,photometric
s25_aug3_d0,s25_aug3,s25,d0,/Users/milinda/ghq/github.com/legion2004/tai-phake-lip-reading/data/augmented_100spk_dataset_d/s25_aug3/d0,42,train,rotation
s25_aug3_d1,s25_aug3,s25,d1,/Users/milinda/ghq/github.com/legion2004/tai-phake-lip-reading/data/augmented_100spk_dataset_d/s25_aug3/d1,41,train,rotation
s25_aug3_d2,s25_aug3,s25,d2,/Users/milinda/ghq/github.com/legion2004/tai-phake-lip-reading/data/augmented_100spk_dataset_d/s25_aug3/d2,41,train,rotation
s25_aug3_d3,s25_aug3,s25,d3,/Users/milinda/ghq/github.com/legion2004/tai-phake-lip-reading/data/augmented_100spk_dataset_d/s25_aug3/d3,39,train,rotation
s25_aug3_d4,s25_aug3,s25,d4,/Users/milinda/ghq/github.com/legion2004/tai-phake-lip-reading/data/augmented_100spk_dataset_d/s25_aug3/d4,39,train,rotation
s25_aug3_d5,s25_aug3,s25,d5,/Users/milinda/ghq/github.com/legion2004/tai-phake-lip-reading/data/augmented_100spk_dataset_d/s25_aug3/d5,41,train,rotation
s25_aug3_d6,s25_aug3,s25,d6,/Users/milinda/ghq/github.com/legion2004/tai-phake-lip-reading/data/augmented_100spk_dataset_d/s25_aug3/d6,41,train,rotation
s25_aug3_d7,s25_aug3,s25,d7,/Users/milinda/ghq/github.com/legion2004/tai-phake-lip-reading/data/augmented_100spk_dataset_d/s25_aug3/d7,44,train,rotation
s25_aug3_d8,s25_aug3,s25,d8,/Users/milinda/ghq/github.com/legion2004/tai-phake-lip-reading/data/augmented_100spk_dataset_d/s25_aug3/d8,33,train,rotation
s25_aug3_d9,s25_aug3,s25,d9,/Users/milinda/ghq/github.com/legion2004/tai-phake-lip-reading/data/augmented_100spk_dataset_d/s25_aug3/d9,41,train,rotation
s25_aug3_d10,s25_aug3,s25,d10,/Users/milinda/ghq/github.com/legion2004/tai-phake-lip-reading/data/augmented_100spk_dataset_d/s25_aug3/d10,34,train,rotation
s25_aug4_d0,s25_aug4,s25,d0,/Users/milinda/ghq/github.com/legion2004/tai-phake-lip-reading/data/augmented_100spk_dataset_d/s25_aug4/d0,42,train,zoom
s25_aug4_d1,s25_aug4,s25,d1,/Users/milinda/ghq/github.com/legion2004/tai-phake-lip-reading/data/augmented_100spk_dataset_d/s25_aug4/d1,41,train,zoom
s25_aug4_d2,s25_aug4,s25,d2,/Users/milinda/ghq/github.com/legion2004/tai-phake-lip-reading/data/augmented_100spk_dataset_d/s25_aug4/d2,41,train,zoom
s25_aug4_d3,s25_aug4,s25,d3,/Users/milinda/ghq/github.com/legion2004/tai-phake-lip-reading/data/augmented_100spk_dataset_d/s25_aug4/d3,39,train,zoom
s25_aug4_d4,s25_aug4,s25,d4,/Users/milinda/ghq/github.com/legion2004/tai-phake-lip-reading/data/augmented_100spk_dataset_d/s25_aug4/d4,39,train,zoom
s25_aug4_d5,s25_aug4,s25,d5,/Users/milinda/ghq/github.com/legion2004/tai-phake-lip-reading/data/augmented_100spk_dataset_d/s25_aug4/d5,41,train,zoom
s25_aug4_d6,s25_aug4,s25,d6,/Users/milinda/ghq/github.com/legion2004/tai-phake-lip-reading/data/augmented_100spk_dataset_d/s25_aug4/d6,41,train,zoom
s25_aug4_d7,s25_aug4,s25,d7,/Users/milinda/ghq/github.com/legion2004/tai-phake-lip-reading/data/augmented_100spk_dataset_d/s25_aug4/d7,44,train,zoom
s25_aug4_d8,s25_aug4,s25,d8,/Users/milinda/ghq/github.com/legion2004/tai-phake-lip-reading/data/augmented_100spk_dataset_d/s25_aug4/d8,33,train,zoom
s25_aug4_d9,s25_aug4,s25,d9,/Users/milinda/ghq/github.com/legion2004/tai-phake-lip-reading/data/augmented_100spk_dataset_d/s25_aug4/d9,41,train,zoom
s25_aug4_d10,s25_aug4,s25,d10,/Users/milinda/ghq/github.com/legion2004/tai-phake-lip-reading/data/augmented_100spk_dataset_d/s25_aug4/d10,34,train,zoom
s26_d0,s26,s26,d0,/Users/milinda/ghq/github.com/legion2004/tai-phake-lip-reading/data/augmented_100spk_dataset_d/s26/d0,25,train,original
s26_d1,s26,s26,d1,/Users/milinda/ghq/github.com/legion2004/tai-phake-lip-reading/data/augmented_100spk_dataset_d/s26/d1,27,train,original
s26_d2,s26,s26,d2,/Users/milinda/ghq/github.com/legion2004/tai-phake-lip-reading/data/augmented_100spk_dataset_d/s26/d2,26,train,original
s26_d3,s26,s26,d3,/Users/milinda/ghq/github.com/legion2004/tai-phake-lip-reading/data/augmented_100spk_dataset_d/s26/d3,28,train,original
s26_d4,s26,s26,d4,/Users/milinda/ghq/github.com/legion2004/tai-phake-lip-reading/data/augmented_100spk_dataset_d/s26/d4,34,train,original
s26_d5,s26,s26,d5,/Users/milinda/ghq/github.com/legion2004/tai-phake-lip-reading/data/augmented_100spk_dataset_d/s26/d5,41,train,original
s26_d6,s26,s26,d6,/Users/milinda/ghq/github.com/legion2004/tai-phake-lip-reading/data/augmented_100spk_dataset_d/s26/d6,24,train,original
s26_d7,s26,s26,d7,/Users/milinda/ghq/github.com/legion2004/tai-phake-lip-reading/data/augmented_100spk_dataset_d/s26/d7,28,train,original
s26_d8,s26,s26,d8,/Users/milinda/ghq/github.com/legion2004/tai-phake-lip-reading/data/augmented_100spk_dataset_d/s26/d8,25,train,original
s26_d9,s26,s26,d9,/Users/milinda/ghq/github.com/legion2004/tai-phake-lip-reading/data/augmented_100spk_dataset_d/s26/d9,43,train,original
s26_d10,s26,s26,d10,/Users/milinda/ghq/github.com/legion2004/tai-phake-lip-reading/data/augmented_100spk_dataset_d/s26/d10,15,train,original
s26_aug1_d0,s26_aug1,s26,d0,/Users/milinda/ghq/github.com/legion2004/tai-phake-lip-reading/data/augmented_100spk_dataset_d/s26_aug1/d0,25,train,translation
s26_aug1_d1,s26_aug1,s26,d1,/Users/milinda/ghq/github.com/legion2004/tai-phake-lip-reading/data/augmented_100spk_dataset_d/s26_aug1/d1,27,train,translation
s26_aug1_d2,s26_aug1,s26,d2,/Users/milinda/ghq/github.com/legion2004/tai-phake-lip-reading/data/augmented_100spk_dataset_d/s26_aug1/d2,26,train,translation
s26_aug1_d3,s26_aug1,s26,d3,/Users/milinda/ghq/github.com/legion2004/tai-phake-lip-reading/data/augmented_100spk_dataset_d/s26_aug1/d3,28,train,translation
s26_aug1_d4,s26_aug1,s26,d4,/Users/milinda/ghq/github.com/legion2004/tai-phake-lip-reading/data/augmented_100spk_dataset_d/s26_aug1/d4,34,train,translation
s26_aug1_d5,s26_aug1,s26,d5,/Users/milinda/ghq/github.com/legion2004/tai-phake-lip-reading/data/augmented_100spk_dataset_d/s26_aug1/d5,41,train,translation
s26_aug1_d6,s26_aug1,s26,d6,/Users/milinda/ghq/github.com/legion2004/tai-phake-lip-reading/data/augmented_100spk_dataset_d/s26_aug1/d6,24,train,translation
s26_aug1_d7,s26_aug1,s26,d7,/Users/milinda/ghq/github.com/legion2004/tai-phake-lip-reading/data/augmented_100spk_dataset_d/s26_aug1/d7,28,train,translation
s26_aug1_d8,s26_aug1,s26,d8,/Users/milinda/ghq/github.com/legion2004/tai-phake-lip-reading/data/augmented_100spk_dataset_d/s26_aug1/d8,25,train,translation
s26_aug1_d9,s26_aug1,s26,d9,/Users/milinda/ghq/github.com/legion2004/tai-phake-lip-reading/data/augmented_100spk_dataset_d/s26_aug1/d9,43,train,translation
s26_aug1_d10,s26_aug1,s26,d10,/Users/milinda/ghq/github.com/legion2004/tai-phake-lip-reading/data/augmented_100spk_dataset_d/s26_aug1/d10,15,train,translation
s26_aug2_d0,s26_aug2,s26,d0,/Users/milinda/ghq/github.com/legion2004/tai-phake-lip-reading/data/augmented_100spk_dataset_d/s26_aug2/d0,25,train,photometric
s26_aug2_d1,s26_aug2,s26,d1,/Users/milinda/ghq/github.com/legion2004/tai-phake-lip-reading/data/augmented_100spk_dataset_d/s26_aug2/d1,27,train,photometric
s26_aug2_d2,s26_aug2,s26,d2,/Users/milinda/ghq/github.com/legion2004/tai-phake-lip-reading/data/augmented_100spk_dataset_d/s26_aug2/d2,26,train,photometric
s26_aug2_d3,s26_aug2,s26,d3,/Users/milinda/ghq/github.com/legion2004/tai-phake-lip-reading/data/augmented_100spk_dataset_d/s26_aug2/d3,28,train,photometric
s26_aug2_d4,s26_aug2,s26,d4,/Users/milinda/ghq/github.com/legion2004/tai-phake-lip-reading/data/augmented_100spk_dataset_d/s26_aug2/d4,34,train,photometric
s26_aug2_d5,s26_aug2,s26,d5,/Users/milinda/ghq/github.com/legion2004/tai-phake-lip-reading/data/augmented_100spk_dataset_d/s26_aug2/d5,41,train,photometric
s26_aug2_d6,s26_aug2,s26,d6,/Users/milinda/ghq/github.com/legion2004/tai-phake-lip-reading/data/augmented_100spk_dataset_d/s26_aug2/d6,24,train,photometric
s26_aug2_d7,s26_aug2,s26,d7,/Users/milinda/ghq/github.com/legion2004/tai-phake-lip-reading/data/augmented_100spk_dataset_d/s26_aug2/d7,28,train,photometric
s26_aug2_d8,s26_aug2,s26,d8,/Users/milinda/ghq/github.com/legion2004/tai-phake-lip-reading/data/augmented_100spk_dataset_d/s26_aug2/d8,25,train,photometric
s26_aug2_d9,s26_aug2,s26,d9,/Users/milinda/ghq/github.com/legion2004/tai-phake-lip-reading/data/augmented_100spk_dataset_d/s26_aug2/d9,43,train,photometric
s26_aug2_d10,s26_aug2,s26,d10,/Users/milinda/ghq/github.com/legion2004/tai-phake-lip-reading/data/augmented_100spk_dataset_d/s26_aug2/d10,15,train,photometric
s26_aug3_d0,s26_aug3,s26,d0,/Users/milinda/ghq/github.com/legion2004/tai-phake-lip-reading/data/augmented_100spk_dataset_d/s26_aug3/d0,25,train,rotation
s26_aug3_d1,s26_aug3,s26,d1,/Users/milinda/ghq/github.com/legion2004/tai-phake-lip-reading/data/augmented_100spk_dataset_d/s26_aug3/d1,27,train,rotation
s26_aug3_d2,s26_aug3,s26,d2,/Users/milinda/ghq/github.com/legion2004/tai-phake-lip-reading/data/augmented_100spk_dataset_d/s26_aug3/d2,26,train,rotation
s26_aug3_d3,s26_aug3,s26,d3,/Users/milinda/ghq/github.com/legion2004/tai-phake-lip-reading/data/augmented_100spk_dataset_d/s26_aug3/d3,28,train,rotation
s26_aug3_d4,s26_aug3,s26,d4,/Users/milinda/ghq/github.com/legion2004/tai-phake-lip-reading/data/augmented_100spk_dataset_d/s26_aug3/d4,34,train,rotation
s26_aug3_d5,s26_aug3,s26,d5,/Users/milinda/ghq/github.com/legion2004/tai-phake-lip-reading/data/augmented_100spk_dataset_d/s26_aug3/d5,41,train,rotation
s26_aug3_d6,s26_aug3,s26,d6,/Users/milinda/ghq/github.com/legion2004/tai-phake-lip-reading/data/augmented_100spk_dataset_d/s26_aug3/d6,24,train,rotation
s26_aug3_d7,s26_aug3,s26,d7,/Users/milinda/ghq/github.com/legion2004/tai-phake-lip-reading/data/augmented_100spk_dataset_d/s26_aug3/d7,28,train,rotation
s26_aug3_d8,s26_aug3,s26,d8,/Users/milinda/ghq/github.com/legion2004/tai-phake-lip-reading/data/augmented_100spk_dataset_d/s26_aug3/d8,25,train,rotation
s26_aug3_d9,s26_aug3,s26,d9,/Users/milinda/ghq/github.com/legion2004/tai-phake-lip-reading/data/augmented_100spk_dataset_d/s26_aug3/d9,43,train,rotation
s26_aug3_d10,s26_aug3,s26,d10,/Users/milinda/ghq/github.com/legion2004/tai-phake-lip-reading/data/augmented_100spk_dataset_d/s26_aug3/d10,15,train,rotation
s26_aug4_d0,s26_aug4,s26,d0,/Users/milinda/ghq/github.com/legion2004/tai-phake-lip-reading/data/augmented_100spk_dataset_d/s26_aug4/d0,25,train,zoom
s26_aug4_d1,s26_aug4,s26,d1,/Users/milinda/ghq/github.com/legion2004/tai-phake-lip-reading/data/augmented_100spk_dataset_d/s26_aug4/d1,27,train,zoom
s26_aug4_d2,s26_aug4,s26,d2,/Users/milinda/ghq/github.com/legion2004/tai-phake-lip-reading/data/augmented_100spk_dataset_d/s26_aug4/d2,26,train,zoom
s26_aug4_d3,s26_aug4,s26,d3,/Users/milinda/ghq/github.com/legion2004/tai-phake-lip-reading/data/augmented_100spk_dataset_d/s26_aug4/d3,28,train,zoom
s26_aug4_d4,s26_aug4,s26,d4,/Users/milinda/ghq/github.com/legion2004/tai-phake-lip-reading/data/augmented_100spk_dataset_d/s26_aug4/d4,34,train,zoom
s26_aug4_d5,s26_aug4,s26,d5,/Users/milinda/ghq/github.com/legion2004/tai-phake-lip-reading/data/augmented_100spk_dataset_d/s26_aug4/d5,41,train,zoom
s26_aug4_d6,s26_aug4,s26,d6,/Users/milinda/ghq/github.com/legion2004/tai-phake-lip-reading/data/augmented_100spk_dataset_d/s26_aug4/d6,24,train,zoom
s26_aug4_d7,s26_aug4,s26,d7,/Users/milinda/ghq/github.com/legion2004/tai-phake-lip-reading/data/augmented_100spk_dataset_d/s26_aug4/d7,28,train,zoom
s26_aug4_d8,s26_aug4,s26,d8,/Users/milinda/ghq/github.com/legion2004/tai-phake-lip-reading/data/augmented_100spk_dataset_d/s26_aug4/d8,25,train,zoom
s26_aug4_d9,s26_aug4,s26,d9,/Users/milinda/ghq/github.com/legion2004/tai-phake-lip-reading/data/augmented_100spk_dataset_d/s26_aug4/d9,43,train,zoom
s26_aug4_d10,s26_aug4,s26,d10,/Users/milinda/ghq/github.com/legion2004/tai-phake-lip-reading/data/augmented_100spk_dataset_d/s26_aug4/d10,15,train,zoom
s27_d0,s27,s27,d0,/Users/milinda/ghq/github.com/legion2004/tai-phake-lip-reading/data/augmented_100spk_dataset_d/s27/d0,25,train,original
s27_d1,s27,s27,d1,/Users/milinda/ghq/github.com/legion2004/tai-phake-lip-reading/data/augmented_100spk_dataset_d/s27/d1,29,train,original
s27_d2,s27,s27,d2,/Users/milinda/ghq/github.com/legion2004/tai-phake-lip-reading/data/augmented_100spk_dataset_d/s27/d2,37,train,original
s27_d3,s27,s27,d3,/Users/milinda/ghq/github.com/legion2004/tai-phake-lip-reading/data/augmented_100spk_dataset_d/s27/d3,29,train,original
s27_d4,s27,s27,d4,/Users/milinda/ghq/github.com/legion2004/tai-phake-lip-reading/data/augmented_100spk_dataset_d/s27/d4,38,train,original
s27_d5,s27,s27,d5,/Users/milinda/ghq/github.com/legion2004/tai-phake-lip-reading/data/augmented_100spk_dataset_d/s27/d5,32,train,original
s27_d6,s27,s27,d6,/Users/milinda/ghq/github.com/legion2004/tai-phake-lip-reading/data/augmented_100spk_dataset_d/s27/d6,38,train,original
s27_d7,s27,s27,d7,/Users/milinda/ghq/github.com/legion2004/tai-phake-lip-reading/data/augmented_100spk_dataset_d/s27/d7,45,train,original
s27_d8,s27,s27,d8,/Users/milinda/ghq/github.com/legion2004/tai-phake-lip-reading/data/augmented_100spk_dataset_d/s27/d8,32,train,original
s27_d9,s27,s27,d9,/Users/milinda/ghq/github.com/legion2004/tai-phake-lip-reading/data/augmented_100spk_dataset_d/s27/d9,29,train,original
s27_d10,s27,s27,d10,/Users/milinda/ghq/github.com/legion2004/tai-phake-lip-reading/data/augmented_100spk_dataset_d/s27/d10,29,train,original
s27_aug1_d0,s27_aug1,s27,d0,/Users/milinda/ghq/github.com/legion2004/tai-phake-lip-reading/data/augmented_100spk_dataset_d/s27_aug1/d0,25,train,translation
s27_aug1_d1,s27_aug1,s27,d1,/Users/milinda/ghq/github.com/legion2004/tai-phake-lip-reading/data/augmented_100spk_dataset_d/s27_aug1/d1,29,train,translation
s27_aug1_d2,s27_aug1,s27,d2,/Users/milinda/ghq/github.com/legion2004/tai-phake-lip-reading/data/augmented_100spk_dataset_d/s27_aug1/d2,37,train,translation
s27_aug1_d3,s27_aug1,s27,d3,/Users/milinda/ghq/github.com/legion2004/tai-phake-lip-reading/data/augmented_100spk_dataset_d/s27_aug1/d3,29,train,translation
s27_aug1_d4,s27_aug1,s27,d4,/Users/milinda/ghq/github.com/legion2004/tai-phake-lip-reading/data/augmented_100spk_dataset_d/s27_aug1/d4,38,train,translation
s27_aug1_d5,s27_aug1,s27,d5,/Users/milinda/ghq/github.com/legion2004/tai-phake-lip-reading/data/augmented_100spk_dataset_d/s27_aug1/d5,32,train,translation
s27_aug1_d6,s27_aug1,s27,d6,/Users/milinda/ghq/github.com/legion2004/tai-phake-lip-reading/data/augmented_100spk_dataset_d/s27_aug1/d6,38,train,translation
s27_aug1_d7,s27_aug1,s27,d7,/Users/milinda/ghq/github.com/legion2004/tai-phake-lip-reading/data/augmented_100spk_dataset_d/s27_aug1/d7,45,train,translation
s27_aug1_d8,s27_aug1,s27,d8,/Users/milinda/ghq/github.com/legion2004/tai-phake-lip-reading/data/augmented_100spk_dataset_d/s27_aug1/d8,32,train,translation
s27_aug1_d9,s27_aug1,s27,d9,/Users/milinda/ghq/github.com/legion2004/tai-phake-lip-reading/data/augmented_100spk_dataset_d/s27_aug1/d9,29,train,translation
s27_aug1_d10,s27_aug1,s27,d10,/Users/milinda/ghq/github.com/legion2004/tai-phake-lip-reading/data/augmented_100spk_dataset_d/s27_aug1/d10,29,train,translation
s27_aug2_d0,s27_aug2,s27,d0,/Users/milinda/ghq/github.com/legion2004/tai-phake-lip-reading/data/augmented_100spk_dataset_d/s27_aug2/d0,25,train,photometric
s27_aug2_d1,s27_aug2,s27,d1,/Users/milinda/ghq/github.com/legion2004/tai-phake-lip-reading/data/augmented_100spk_dataset_d/s27_aug2/d1,29,train,photometric
s27_aug2_d2,s27_aug2,s27,d2,/Users/milinda/ghq/github.com/legion2004/tai-phake-lip-reading/data/augmented_100spk_dataset_d/s27_aug2/d2,37,train,photometric
s27_aug2_d3,s27_aug2,s27,d3,/Users/milinda/ghq/github.com/legion2004/tai-phake-lip-reading/data/augmented_100spk_dataset_d/s27_aug2/d3,29,train,photometric
s27_aug2_d4,s27_aug2,s27,d4,/Users/milinda/ghq/github.com/legion2004/tai-phake-lip-reading/data/augmented_100spk_dataset_d/s27_aug2/d4,38,train,photometric
s27_aug2_d5,s27_aug2,s27,d5,/Users/milinda/ghq/github.com/legion2004/tai-phake-lip-reading/data/augmented_100spk_dataset_d/s27_aug2/d5,32,train,photometric
s27_aug2_d6,s27_aug2,s27,d6,/Users/milinda/ghq/github.com/legion2004/tai-phake-lip-reading/data/augmented_100spk_dataset_d/s27_aug2/d6,38,train,photometric
s27_aug2_d7,s27_aug2,s27,d7,/Users/milinda/ghq/github.com/legion2004/tai-phake-lip-reading/data/augmented_100spk_dataset_d/s27_aug2/d7,45,train,photometric
s27_aug2_d8,s27_aug2,s27,d8,/Users/milinda/ghq/github.com/legion2004/tai-phake-lip-reading/data/augmented_100spk_dataset_d/s27_aug2/d8,32,train,photometric
s27_aug2_d9,s27_aug2,s27,d9,/Users/milinda/ghq/github.com/legion2004/tai-phake-lip-reading/data/augmented_100spk_dataset_d/s27_aug2/d9,29,train,photometric
s27_aug2_d10,s27_aug2,s27,d10,/Users/milinda/ghq/github.com/legion2004/tai-phake-lip-reading/data/augmented_100spk_dataset_d/s27_aug2/d10,29,train,photometric
s27_aug3_d0,s27_aug3,s27,d0,/Users/milinda/ghq/github.com/legion2004/tai-phake-lip-reading/data/augmented_100spk_dataset_d/s27_aug3/d0,25,train,rotation
s27_aug3_d1,s27_aug3,s27,d1,/Users/milinda/ghq/github.com/legion2004/tai-phake-lip-reading/data/augmented_100spk_dataset_d/s27_aug3/d1,29,train,rotation
s27_aug3_d2,s27_aug3,s27,d2,/Users/milinda/ghq/github.com/legion2004/tai-phake-lip-reading/data/augmented_100spk_dataset_d/s27_aug3/d2,37,train,rotation
s27_aug3_d3,s27_aug3,s27,d3,/Users/milinda/ghq/github.com/legion2004/tai-phake-lip-reading/data/augmented_100spk_dataset_d/s27_aug3/d3,29,train,rotation
s27_aug3_d4,s27_aug3,s27,d4,/Users/milinda/ghq/github.com/legion2004/tai-phake-lip-reading/data/augmented_100spk_dataset_d/s27_aug3/d4,38,train,rotation
s27_aug3_d5,s27_aug3,s27,d5,/Users/milinda/ghq/github.com/legion2004/tai-phake-lip-reading/data/augmented_100spk_dataset_d/s27_aug3/d5,32,train,rotation
s27_aug3_d6,s27_aug3,s27,d6,/Users/milinda/ghq/github.com/legion2004/tai-phake-lip-reading/data/augmented_100spk_dataset_d/s27_aug3/d6,38,train,rotation
s27_aug3_d7,s27_aug3,s27,d7,/Users/milinda/ghq/github.com/legion2004/tai-phake-lip-reading/data/augmented_100spk_dataset_d/s27_aug3/d7,45,train,rotation
s27_aug3_d8,s27_aug3,s27,d8,/Users/milinda/ghq/github.com/legion2004/tai-phake-lip-reading/data/augmented_100spk_dataset_d/s27_aug3/d8,32,train,rotation
s27_aug3_d9,s27_aug3,s27,d9,/Users/milinda/ghq/github.com/legion2004/tai-phake-lip-reading/data/augmented_100spk_dataset_d/s27_aug3/d9,29,train,rotation
s27_aug3_d10,s27_aug3,s27,d10,/Users/milinda/ghq/github.com/legion2004/tai-phake-lip-reading/data/augmented_100spk_dataset_d/s27_aug3/d10,29,train,rotation
s27_aug4_d0,s27_aug4,s27,d0,/Users/milinda/ghq/github.com/legion2004/tai-phake-lip-reading/data/augmented_100spk_dataset_d/s27_aug4/d0,25,train,zoom
s27_aug4_d1,s27_aug4,s27,d1,/Users/milinda/ghq/github.com/legion2004/tai-phake-lip-reading/data/augmented_100spk_dataset_d/s27_aug4/d1,29,train,zoom
s27_aug4_d2,s27_aug4,s27,d2,/Users/milinda/ghq/github.com/legion2004/tai-phake-lip-reading/data/augmented_100spk_dataset_d/s27_aug4/d2,37,train,zoom
s27_aug4_d3,s27_aug4,s27,d3,/Users/milinda/ghq/github.com/legion2004/tai-phake-lip-reading/data/augmented_100spk_dataset_d/s27_aug4/d3,29,train,zoom
s27_aug4_d4,s27_aug4,s27,d4,/Users/milinda/ghq/github.com/legion2004/tai-phake-lip-reading/data/augmented_100spk_dataset_d/s27_aug4/d4,38,train,zoom
s27_aug4_d5,s27_aug4,s27,d5,/Users/milinda/ghq/github.com/legion2004/tai-phake-lip-reading/data/augmented_100spk_dataset_d/s27_aug4/d5,32,train,zoom
s27_aug4_d6,s27_aug4,s27,d6,/Users/milinda/ghq/github.com/legion2004/tai-phake-lip-reading/data/augmented_100spk_dataset_d/s27_aug4/d6,38,train,zoom
s27_aug4_d7,s27_aug4,s27,d7,/Users/milinda/ghq/github.com/legion2004/tai-phake-lip-reading/data/augmented_100spk_dataset_d/s27_aug4/d7,45,train,zoom
s27_aug4_d8,s27_aug4,s27,d8,/Users/milinda/ghq/github.com/legion2004/tai-phake-lip-reading/data/augmented_100spk_dataset_d/s27_aug4/d8,32,train,zoom
s27_aug4_d9,s27_aug4,s27,d9,/Users/milinda/ghq/github.com/legion2004/tai-phake-lip-reading/data/augmented_100spk_dataset_d/s27_aug4/d9,29,train,zoom
s27_aug4_d10,s27_aug4,s27,d10,/Users/milinda/ghq/github.com/legion2004/tai-phake-lip-reading/data/augmented_100spk_dataset_d/s27_aug4/d10,29,train,zoom
s30_d0,s30,s30,d0,/Users/milinda/ghq/github.com/legion2004/tai-phake-lip-reading/data/augmented_100spk_dataset_d/s30/d0,31,train,original
s30_d1,s30,s30,d1,/Users/milinda/ghq/github.com/legion2004/tai-phake-lip-reading/data/augmented_100spk_dataset_d/s30/d1,30,train,original
s30_d2,s30,s30,d2,/Users/milinda/ghq/github.com/legion2004/tai-phake-lip-reading/data/augmented_100spk_dataset_d/s30/d2,54,train,original
s30_d3,s30,s30,d3,/Users/milinda/ghq/github.com/legion2004/tai-phake-lip-reading/data/augmented_100spk_dataset_d/s30/d3,23,train,original
s30_d4,s30,s30,d4,/Users/milinda/ghq/github.com/legion2004/tai-phake-lip-reading/data/augmented_100spk_dataset_d/s30/d4,36,train,original
s30_d5,s30,s30,d5,/Users/milinda/ghq/github.com/legion2004/tai-phake-lip-reading/data/augmented_100spk_dataset_d/s30/d5,18,train,original
s30_d6,s30,s30,d6,/Users/milinda/ghq/github.com/legion2004/tai-phake-lip-reading/data/augmented_100spk_dataset_d/s30/d6,23,train,original
s30_d7,s30,s30,d7,/Users/milinda/ghq/github.com/legion2004/tai-phake-lip-reading/data/augmented_100spk_dataset_d/s30/d7,35,train,original
s30_d8,s30,s30,d8,/Users/milinda/ghq/github.com/legion2004/tai-phake-lip-reading/data/augmented_100spk_dataset_d/s30/d8,37,train,original
s30_d9,s30,s30,d9,/Users/milinda/ghq/github.com/legion2004/tai-phake-lip-reading/data/augmented_100spk_dataset_d/s30/d9,34,train,original
s30_d10,s30,s30,d10,/Users/milinda/ghq/github.com/legion2004/tai-phake-lip-reading/data/augmented_100spk_dataset_d/s30/d10,23,train,original
s30_aug1_d0,s30_aug1,s30,d0,/Users/milinda/ghq/github.com/legion2004/tai-phake-lip-reading/data/augmented_100spk_dataset_d/s30_aug1/d0,31,train,translation
s30_aug1_d1,s30_aug1,s30,d1,/Users/milinda/ghq/github.com/legion2004/tai-phake-lip-reading/data/augmented_100spk_dataset_d/s30_aug1/d1,30,train,translation
s30_aug1_d2,s30_aug1,s30,d2,/Users/milinda/ghq/github.com/legion2004/tai-phake-lip-reading/data/augmented_100spk_dataset_d/s30_aug1/d2,54,train,translation
s30_aug1_d3,s30_aug1,s30,d3,/Users/milinda/ghq/github.com/legion2004/tai-phake-lip-reading/data/augmented_100spk_dataset_d/s30_aug1/d3,23,train,translation
s30_aug1_d4,s30_aug1,s30,d4,/Users/milinda/ghq/github.com/legion2004/tai-phake-lip-reading/data/augmented_100spk_dataset_d/s30_aug1/d4,36,train,translation
s30_aug1_d5,s30_aug1,s30,d5,/Users/milinda/ghq/github.com/legion2004/tai-phake-lip-reading/data/augmented_100spk_dataset_d/s30_aug1/d5,18,train,translation
s30_aug1_d6,s30_aug1,s30,d6,/Users/milinda/ghq/github.com/legion2004/tai-phake-lip-reading/data/augmented_100spk_dataset_d/s30_aug1/d6,23,train,translation
s30_aug1_d7,s30_aug1,s30,d7,/Users/milinda/ghq/github.com/legion2004/tai-phake-lip-reading/data/augmented_100spk_dataset_d/s30_aug1/d7,35,train,translation
s30_aug1_d8,s30_aug1,s30,d8,/Users/milinda/ghq/github.com/legion2004/tai-phake-lip-reading/data/augmented_100spk_dataset_d/s30_aug1/d8,37,train,translation
s30_aug1_d9,s30_aug1,s30,d9,/Users/milinda/ghq/github.com/legion2004/tai-phake-lip-reading/data/augmented_100spk_dataset_d/s30_aug1/d9,34,train,translation
s30_aug1_d10,s30_aug1,s30,d10,/Users/milinda/ghq/github.com/legion2004/tai-phake-lip-reading/data/augmented_100spk_dataset_d/s30_aug1/d10,23,train,translation
s30_aug2_d0,s30_aug2,s30,d0,/Users/milinda/ghq/github.com/legion2004/tai-phake-lip-reading/data/augmented_100spk_dataset_d/s30_aug2/d0,31,train,photometric
s30_aug2_d1,s30_aug2,s30,d1,/Users/milinda/ghq/github.com/legion2004/tai-phake-lip-reading/data/augmented_100spk_dataset_d/s30_aug2/d1,30,train,photometric
s30_aug2_d2,s30_aug2,s30,d2,/Users/milinda/ghq/github.com/legion2004/tai-phake-lip-reading/data/augmented_100spk_dataset_d/s30_aug2/d2,54,train,photometric
s30_aug2_d3,s30_aug2,s30,d3,/Users/milinda/ghq/github.com/legion2004/tai-phake-lip-reading/data/augmented_100spk_dataset_d/s30_aug2/d3,23,train,photometric
s30_aug2_d4,s30_aug2,s30,d4,/Users/milinda/ghq/github.com/legion2004/tai-phake-lip-reading/data/augmented_100spk_dataset_d/s30_aug2/d4,36,train,photometric
s30_aug2_d5,s30_aug2,s30,d5,/Users/milinda/ghq/github.com/legion2004/tai-phake-lip-reading/data/augmented_100spk_dataset_d/s30_aug2/d5,18,train,photometric
s30_aug2_d6,s30_aug2,s30,d6,/Users/milinda/ghq/github.com/legion2004/tai-phake-lip-reading/data/augmented_100spk_dataset_d/s30_aug2/d6,23,train,photometric
s30_aug2_d7,s30_aug2,s30,d7,/Users/milinda/ghq/github.com/legion2004/tai-phake-lip-reading/data/augmented_100spk_dataset_d/s30_aug2/d7,35,train,photometric
s30_aug2_d8,s30_aug2,s30,d8,/Users/milinda/ghq/github.com/legion2004/tai-phake-lip-reading/data/augmented_100spk_dataset_d/s30_aug2/d8,37,train,photometric
s30_aug2_d9,s30_aug2,s30,d9,/Users/milinda/ghq/github.com/legion2004/tai-phake-lip-reading/data/augmented_100spk_dataset_d/s30_aug2/d9,34,train,photometric
s30_aug2_d10,s30_aug2,s30,d10,/Users/milinda/ghq/github.com/legion2004/tai-phake-lip-reading/data/augmented_100spk_dataset_d/s30_aug2/d10,23,train,photometric
s30_aug3_d0,s30_aug3,s30,d0,/Users/milinda/ghq/github.com/legion2004/tai-phake-lip-reading/data/augmented_100spk_dataset_d/s30_aug3/d0,31,train,rotation
s30_aug3_d1,s30_aug3,s30,d1,/Users/milinda/ghq/github.com/legion2004/tai-phake-lip-reading/data/augmented_100spk_dataset_d/s30_aug3/d1,30,train,rotation
s30_aug3_d2,s30_aug3,s30,d2,/Users/milinda/ghq/github.com/legion2004/tai-phake-lip-reading/data/augmented_100spk_dataset_d/s30_aug3/d2,54,train,rotation
s30_aug3_d3,s30_aug3,s30,d3,/Users/milinda/ghq/github.com/legion2004/tai-phake-lip-reading/data/augmented_100spk_dataset_d/s30_aug3/d3,23,train,rotation
s30_aug3_d4,s30_aug3,s30,d4,/Users/milinda/ghq/github.com/legion2004/tai-phake-lip-reading/data/augmented_100spk_dataset_d/s30_aug3/d4,36,train,rotation
s30_aug3_d5,s30_aug3,s30,d5,/Users/milinda/ghq/github.com/legion2004/tai-phake-lip-reading/data/augmented_100spk_dataset_d/s30_aug3/d5,18,train,rotation
s30_aug3_d6,s30_aug3,s30,d6,/Users/milinda/ghq/github.com/legion2004/tai-phake-lip-reading/data/augmented_100spk_dataset_d/s30_aug3/d6,23,train,rotation
s30_aug3_d7,s30_aug3,s30,d7,/Users/milinda/ghq/github.com/legion2004/tai-phake-lip-reading/data/augmented_100spk_dataset_d/s30_aug3/d7,35,train,rotation
s30_aug3_d8,s30_aug3,s30,d8,/Users/milinda/ghq/github.com/legion2004/tai-phake-lip-reading/data/augmented_100spk_dataset_d/s30_aug3/d8,37,train,rotation
s30_aug3_d9,s30_aug3,s30,d9,/Users/milinda/ghq/github.com/legion2004/tai-phake-lip-reading/data/augmented_100spk_dataset_d/s30_aug3/d9,34,train,rotation
s30_aug3_d10,s30_aug3,s30,d10,/Users/milinda/ghq/github.com/legion2004/tai-phake-lip-reading/data/augmented_100spk_dataset_d/s30_aug3/d10,23,train,rotation
s30_aug4_d0,s30_aug4,s30,d0,/Users/milinda/ghq/github.com/legion2004/tai-phake-lip-reading/data/augmented_100spk_dataset_d/s30_aug4/d0,31,train,zoom
s30_aug4_d1,s30_aug4,s30,d1,/Users/milinda/ghq/github.com/legion2004/tai-phake-lip-reading/data/augmented_100spk_dataset_d/s30_aug4/d1,30,train,zoom
s30_aug4_d2,s30_aug4,s30,d2,/Users/milinda/ghq/github.com/legion2004/tai-phake-lip-reading/data/augmented_100spk_dataset_d/s30_aug4/d2,54,train,zoom
s30_aug4_d3,s30_aug4,s30,d3,/Users/milinda/ghq/github.com/legion2004/tai-phake-lip-reading/data/augmented_100spk_dataset_d/s30_aug4/d3,23,train,zoom
s30_aug4_d4,s30_aug4,s30,d4,/Users/milinda/ghq/github.com/legion2004/tai-phake-lip-reading/data/augmented_100spk_dataset_d/s30_aug4/d4,36,train,zoom
s30_aug4_d5,s30_aug4,s30,d5,/Users/milinda/ghq/github.com/legion2004/tai-phake-lip-reading/data/augmented_100spk_dataset_d/s30_aug4/d5,18,train,zoom
s30_aug4_d6,s30_aug4,s30,d6,/Users/milinda/ghq/github.com/legion2004/tai-phake-lip-reading/data/augmented_100spk_dataset_d/s30_aug4/d6,23,train,zoom
s30_aug4_d7,s30_aug4,s30,d7,/Users/milinda/ghq/github.com/legion2004/tai-phake-lip-reading/data/augmented_100spk_dataset_d/s30_aug4/d7,35,train,zoom
s30_aug4_d8,s30_aug4,s30,d8,/Users/milinda/ghq/github.com/legion2004/tai-phake-lip-reading/data/augmented_100spk_dataset_d/s30_aug4/d8,37,train,zoom
s30_aug4_d9,s30_aug4,s30,d9,/Users/milinda/ghq/github.com/legion2004/tai-phake-lip-reading/data/augmented_100spk_dataset_d/s30_aug4/d9,34,train,zoom
s30_aug4_d10,s30_aug4,s30,d10,/Users/milinda/ghq/github.com/legion2004/tai-phake-lip-reading/data/augmented_100spk_dataset_d/s30_aug4/d10,23,train,zoom
s12_d0,s12,s12,d0,/Users/milinda/ghq/github.com/legion2004/tai-phake-lip-reading/data/augmented_100spk_dataset_d/s12/d0,28,val,original
s12_d1,s12,s12,d1,/Users/milinda/ghq/github.com/legion2004/tai-phake-lip-reading/data/augmented_100spk_dataset_d/s12/d1,30,val,original
s12_d2,s12,s12,d2,/Users/milinda/ghq/github.com/legion2004/tai-phake-lip-reading/data/augmented_100spk_dataset_d/s12/d2,38,val,original
s12_d3,s12,s12,d3,/Users/milinda/ghq/github.com/legion2004/tai-phake-lip-reading/data/augmented_100spk_dataset_d/s12/d3,41,val,original
s12_d4,s12,s12,d4,/Users/milinda/ghq/github.com/legion2004/tai-phake-lip-reading/data/augmented_100spk_dataset_d/s12/d4,50,val,original
s12_d5,s12,s12,d5,/Users/milinda/ghq/github.com/legion2004/tai-phake-lip-reading/data/augmented_100spk_dataset_d/s12/d5,55,val,original
s12_d6,s12,s12,d6,/Users/milinda/ghq/github.com/legion2004/tai-phake-lip-reading/data/augmented_100spk_dataset_d/s12/d6,44,val,original
s12_d7,s12,s12,d7,/Users/milinda/ghq/github.com/legion2004/tai-phake-lip-reading/data/augmented_100spk_dataset_d/s12/d7,49,val,original
s12_d8,s12,s12,d8,/Users/milinda/ghq/github.com/legion2004/tai-phake-lip-reading/data/augmented_100spk_dataset_d/s12/d8,30,val,original
s12_d9,s12,s12,d9,/Users/milinda/ghq/github.com/legion2004/tai-phake-lip-reading/data/augmented_100spk_dataset_d/s12/d9,32,val,original
s12_d10,s12,s12,d10,/Users/milinda/ghq/github.com/legion2004/tai-phake-lip-reading/data/augmented_100spk_dataset_d/s12/d10,36,val,original
s19_d0,s19,s19,d0,/Users/milinda/ghq/github.com/legion2004/tai-phake-lip-reading/data/augmented_100spk_dataset_d/s19/d0,41,val,original
s19_d1,s19,s19,d1,/Users/milinda/ghq/github.com/legion2004/tai-phake-lip-reading/data/augmented_100spk_dataset_d/s19/d1,40,val,original
s19_d2,s19,s19,d2,/Users/milinda/ghq/github.com/legion2004/tai-phake-lip-reading/data/augmented_100spk_dataset_d/s19/d2,45,val,original
s19_d3,s19,s19,d3,/Users/milinda/ghq/github.com/legion2004/tai-phake-lip-reading/data/augmented_100spk_dataset_d/s19/d3,45,val,original
s19_d4,s19,s19,d4,/Users/milinda/ghq/github.com/legion2004/tai-phake-lip-reading/data/augmented_100spk_dataset_d/s19/d4,60,val,original
s19_d5,s19,s19,d5,/Users/milinda/ghq/github.com/legion2004/tai-phake-lip-reading/data/augmented_100spk_dataset_d/s19/d5,45,val,original
s19_d6,s19,s19,d6,/Users/milinda/ghq/github.com/legion2004/tai-phake-lip-reading/data/augmented_100spk_dataset_d/s19/d6,64,val,original
s19_d7,s19,s19,d7,/Users/milinda/ghq/github.com/legion2004/tai-phake-lip-reading/data/augmented_100spk_dataset_d/s19/d7,44,val,original
s19_d8,s19,s19,d8,/Users/milinda/ghq/github.com/legion2004/tai-phake-lip-reading/data/augmented_100spk_dataset_d/s19/d8,41,val,original
s19_d9,s19,s19,d9,/Users/milinda/ghq/github.com/legion2004/tai-phake-lip-reading/data/augmented_100spk_dataset_d/s19/d9,48,val,original
s19_d10,s19,s19,d10,/Users/milinda/ghq/github.com/legion2004/tai-phake-lip-reading/data/augmented_100spk_dataset_d/s19/d10,43,val,original
s21_d0,s21,s21,d0,/Users/milinda/ghq/github.com/legion2004/tai-phake-lip-reading/data/augmented_100spk_dataset_d/s21/d0,49,val,original
s21_d1,s21,s21,d1,/Users/milinda/ghq/github.com/legion2004/tai-phake-lip-reading/data/augmented_100spk_dataset_d/s21/d1,74,val,original
s21_d2,s21,s21,d2,/Users/milinda/ghq/github.com/legion2004/tai-phake-lip-reading/data/augmented_100spk_dataset_d/s21/d2,51,val,original
s21_d3,s21,s21,d3,/Users/milinda/ghq/github.com/legion2004/tai-phake-lip-reading/data/augmented_100spk_dataset_d/s21/d3,60,val,original
s21_d4,s21,s21,d4,/Users/milinda/ghq/github.com/legion2004/tai-phake-lip-reading/data/augmented_100spk_dataset_d/s21/d4,90,val,original
s21_d5,s21,s21,d5,/Users/milinda/ghq/github.com/legion2004/tai-phake-lip-reading/data/augmented_100spk_dataset_d/s21/d5,64,val,original
s21_d6,s21,s21,d6,/Users/milinda/ghq/github.com/legion2004/tai-phake-lip-reading/data/augmented_100spk_dataset_d/s21/d6,76,val,original
s21_d7,s21,s21,d7,/Users/milinda/ghq/github.com/legion2004/tai-phake-lip-reading/data/augmented_100spk_dataset_d/s21/d7,87,val,original
s21_d8,s21,s21,d8,/Users/milinda/ghq/github.com/legion2004/tai-phake-lip-reading/data/augmented_100spk_dataset_d/s21/d8,72,val,original
s21_d9,s21,s21,d9,/Users/milinda/ghq/github.com/legion2004/tai-phake-lip-reading/data/augmented_100spk_dataset_d/s21/d9,76,val,original
s21_d10,s21,s21,d10,/Users/milinda/ghq/github.com/legion2004/tai-phake-lip-reading/data/augmented_100spk_dataset_d/s21/d10,74,val,original
s29_d0,s29,s29,d0,/Users/milinda/ghq/github.com/legion2004/tai-phake-lip-reading/data/augmented_100spk_dataset_d/s29/d0,33,val,original
s29_d1,s29,s29,d1,/Users/milinda/ghq/github.com/legion2004/tai-phake-lip-reading/data/augmented_100spk_dataset_d/s29/d1,34,val,original
s29_d2,s29,s29,d2,/Users/milinda/ghq/github.com/legion2004/tai-phake-lip-reading/data/augmented_100spk_dataset_d/s29/d2,37,val,original
s29_d3,s29,s29,d3,/Users/milinda/ghq/github.com/legion2004/tai-phake-lip-reading/data/augmented_100spk_dataset_d/s29/d3,34,val,original
s29_d4,s29,s29,d4,/Users/milinda/ghq/github.com/legion2004/tai-phake-lip-reading/data/augmented_100spk_dataset_d/s29/d4,32,val,original
s29_d5,s29,s29,d5,/Users/milinda/ghq/github.com/legion2004/tai-phake-lip-reading/data/augmented_100spk_dataset_d/s29/d5,29,val,original
s29_d6,s29,s29,d6,/Users/milinda/ghq/github.com/legion2004/tai-phake-lip-reading/data/augmented_100spk_dataset_d/s29/d6,35,val,original
s29_d7,s29,s29,d7,/Users/milinda/ghq/github.com/legion2004/tai-phake-lip-reading/data/augmented_100spk_dataset_d/s29/d7,34,val,original
s29_d8,s29,s29,d8,/Users/milinda/ghq/github.com/legion2004/tai-phake-lip-reading/data/augmented_100spk_dataset_d/s29/d8,35,val,original
s29_d9,s29,s29,d9,/Users/milinda/ghq/github.com/legion2004/tai-phake-lip-reading/data/augmented_100spk_dataset_d/s29/d9,27,val,original
s29_d10,s29,s29,d10,/Users/milinda/ghq/github.com/legion2004/tai-phake-lip-reading/data/augmented_100spk_dataset_d/s29/d10,34,val,original
s9_d0,s9,s9,d0,/Users/milinda/ghq/github.com/legion2004/tai-phake-lip-reading/data/augmented_100spk_dataset_d/s9/d0,44,test,original
s9_d1,s9,s9,d1,/Users/milinda/ghq/github.com/legion2004/tai-phake-lip-reading/data/augmented_100spk_dataset_d/s9/d1,59,test,original
s9_d2,s9,s9,d2,/Users/milinda/ghq/github.com/legion2004/tai-phake-lip-reading/data/augmented_100spk_dataset_d/s9/d2,51,test,original
s9_d3,s9,s9,d3,/Users/milinda/ghq/github.com/legion2004/tai-phake-lip-reading/data/augmented_100spk_dataset_d/s9/d3,52,test,original
s9_d4,s9,s9,d4,/Users/milinda/ghq/github.com/legion2004/tai-phake-lip-reading/data/augmented_100spk_dataset_d/s9/d4,44,test,original
s9_d5,s9,s9,d5,/Users/milinda/ghq/github.com/legion2004/tai-phake-lip-reading/data/augmented_100spk_dataset_d/s9/d5,52,test,original
s9_d6,s9,s9,d6,/Users/milinda/ghq/github.com/legion2004/tai-phake-lip-reading/data/augmented_100spk_dataset_d/s9/d6,61,test,original
s9_d7,s9,s9,d7,/Users/milinda/ghq/github.com/legion2004/tai-phake-lip-reading/data/augmented_100spk_dataset_d/s9/d7,64,test,original
s9_d8,s9,s9,d8,/Users/milinda/ghq/github.com/legion2004/tai-phake-lip-reading/data/augmented_100spk_dataset_d/s9/d8,53,test,original
s9_d9,s9,s9,d9,/Users/milinda/ghq/github.com/legion2004/tai-phake-lip-reading/data/augmented_100spk_dataset_d/s9/d9,66,test,original
s9_d10,s9,s9,d10,/Users/milinda/ghq/github.com/legion2004/tai-phake-lip-reading/data/augmented_100spk_dataset_d/s9/d10,51,test,original
s10_d0,s10,s10,d0,/Users/milinda/ghq/github.com/legion2004/tai-phake-lip-reading/data/augmented_100spk_dataset_d/s10/d0,48,test,original
s10_d1,s10,s10,d1,/Users/milinda/ghq/github.com/legion2004/tai-phake-lip-reading/data/augmented_100spk_dataset_d/s10/d1,60,test,original
s10_d2,s10,s10,d2,/Users/milinda/ghq/github.com/legion2004/tai-phake-lip-reading/data/augmented_100spk_dataset_d/s10/d2,68,test,original
s10_d3,s10,s10,d3,/Users/milinda/ghq/github.com/legion2004/tai-phake-lip-reading/data/augmented_100spk_dataset_d/s10/d3,54,test,original
s10_d4,s10,s10,d4,/Users/milinda/ghq/github.com/legion2004/tai-phake-lip-reading/data/augmented_100spk_dataset_d/s10/d4,51,test,original
s10_d5,s10,s10,d5,/Users/milinda/ghq/github.com/legion2004/tai-phake-lip-reading/data/augmented_100spk_dataset_d/s10/d5,47,test,original
s10_d6,s10,s10,d6,/Users/milinda/ghq/github.com/legion2004/tai-phake-lip-reading/data/augmented_100spk_dataset_d/s10/d6,44,test,original
s10_d7,s10,s10,d7,/Users/milinda/ghq/github.com/legion2004/tai-phake-lip-reading/data/augmented_100spk_dataset_d/s10/d7,41,test,original
s10_d8,s10,s10,d8,/Users/milinda/ghq/github.com/legion2004/tai-phake-lip-reading/data/augmented_100spk_dataset_d/s10/d8,45,test,original
s10_d9,s10,s10,d9,/Users/milinda/ghq/github.com/legion2004/tai-phake-lip-reading/data/augmented_100spk_dataset_d/s10/d9,46,test,original
s10_d10,s10,s10,d10,/Users/milinda/ghq/github.com/legion2004/tai-phake-lip-reading/data/augmented_100spk_dataset_d/s10/d10,50,test,original
s16_d0,s16,s16,d0,/Users/milinda/ghq/github.com/legion2004/tai-phake-lip-reading/data/augmented_100spk_dataset_d/s16/d0,51,test,original
s16_d1,s16,s16,d1,/Users/milinda/ghq/github.com/legion2004/tai-phake-lip-reading/data/augmented_100spk_dataset_d/s16/d1,59,test,original
s16_d2,s16,s16,d2,/Users/milinda/ghq/github.com/legion2004/tai-phake-lip-reading/data/augmented_100spk_dataset_d/s16/d2,47,test,original
s16_d3,s16,s16,d3,/Users/milinda/ghq/github.com/legion2004/tai-phake-lip-reading/data/augmented_100spk_dataset_d/s16/d3,45,test,original
s16_d4,s16,s16,d4,/Users/milinda/ghq/github.com/legion2004/tai-phake-lip-reading/data/augmented_100spk_dataset_d/s16/d4,51,test,original
s16_d5,s16,s16,d5,/Users/milinda/ghq/github.com/legion2004/tai-phake-lip-reading/data/augmented_100spk_dataset_d/s16/d5,51,test,original
s16_d6,s16,s16,d6,/Users/milinda/ghq/github.com/legion2004/tai-phake-lip-reading/data/augmented_100spk_dataset_d/s16/d6,40,test,original
s16_d7,s16,s16,d7,/Users/milinda/ghq/github.com/legion2004/tai-phake-lip-reading/data/augmented_100spk_dataset_d/s16/d7,59,test,original
s16_d8,s16,s16,d8,/Users/milinda/ghq/github.com/legion2004/tai-phake-lip-reading/data/augmented_100spk_dataset_d/s16/d8,51,test,original
s16_d9,s16,s16,d9,/Users/milinda/ghq/github.com/legion2004/tai-phake-lip-reading/data/augmented_100spk_dataset_d/s16/d9,46,test,original
s16_d10,s16,s16,d10,/Users/milinda/ghq/github.com/legion2004/tai-phake-lip-reading/data/augmented_100spk_dataset_d/s16/d10,52,test,original
s18_d0,s18,s18,d0,/Users/milinda/ghq/github.com/legion2004/tai-phake-lip-reading/data/augmented_100spk_dataset_d/s18/d0,29,test,original
s18_d1,s18,s18,d1,/Users/milinda/ghq/github.com/legion2004/tai-phake-lip-reading/data/augmented_100spk_dataset_d/s18/d1,41,test,original
s18_d2,s18,s18,d2,/Users/milinda/ghq/github.com/legion2004/tai-phake-lip-reading/data/augmented_100spk_dataset_d/s18/d2,49,test,original
s18_d3,s18,s18,d3,/Users/milinda/ghq/github.com/legion2004/tai-phake-lip-reading/data/augmented_100spk_dataset_d/s18/d3,45,test,original
s18_d4,s18,s18,d4,/Users/milinda/ghq/github.com/legion2004/tai-phake-lip-reading/data/augmented_100spk_dataset_d/s18/d4,34,test,original
s18_d5,s18,s18,d5,/Users/milinda/ghq/github.com/legion2004/tai-phake-lip-reading/data/augmented_100spk_dataset_d/s18/d5,44,test,original
s18_d6,s18,s18,d6,/Users/milinda/ghq/github.com/legion2004/tai-phake-lip-reading/data/augmented_100spk_dataset_d/s18/d6,46,test,original
s18_d7,s18,s18,d7,/Users/milinda/ghq/github.com/legion2004/tai-phake-lip-reading/data/augmented_100spk_dataset_d/s18/d7,44,test,original
s18_d8,s18,s18,d8,/Users/milinda/ghq/github.com/legion2004/tai-phake-lip-reading/data/augmented_100spk_dataset_d/s18/d8,39,test,original
s18_d9,s18,s18,d9,/Users/milinda/ghq/github.com/legion2004/tai-phake-lip-reading/data/augmented_100spk_dataset_d/s18/d9,38,test,original
s18_d10,s18,s18,d10,/Users/milinda/ghq/github.com/legion2004/tai-phake-lip-reading/data/augmented_100spk_dataset_d/s18/d10,49,test,original
s24_d0,s24,s24,d0,/Users/milinda/ghq/github.com/legion2004/tai-phake-lip-reading/data/augmented_100spk_dataset_d/s24/d0,30,test,original
s24_d1,s24,s24,d1,/Users/milinda/ghq/github.com/legion2004/tai-phake-lip-reading/data/augmented_100spk_dataset_d/s24/d1,31,test,original
s24_d2,s24,s24,d2,/Users/milinda/ghq/github.com/legion2004/tai-phake-lip-reading/data/augmented_100spk_dataset_d/s24/d2,39,test,original
s24_d3,s24,s24,d3,/Users/milinda/ghq/github.com/legion2004/tai-phake-lip-reading/data/augmented_100spk_dataset_d/s24/d3,28,test,original
s24_d4,s24,s24,d4,/Users/milinda/ghq/github.com/legion2004/tai-phake-lip-reading/data/augmented_100spk_dataset_d/s24/d4,37,test,original
s24_d5,s24,s24,d5,/Users/milinda/ghq/github.com/legion2004/tai-phake-lip-reading/data/augmented_100spk_dataset_d/s24/d5,33,test,original
s24_d6,s24,s24,d6,/Users/milinda/ghq/github.com/legion2004/tai-phake-lip-reading/data/augmented_100spk_dataset_d/s24/d6,34,test,original
s24_d7,s24,s24,d7,/Users/milinda/ghq/github.com/legion2004/tai-phake-lip-reading/data/augmented_100spk_dataset_d/s24/d7,31,test,original
s24_d8,s24,s24,d8,/Users/milinda/ghq/github.com/legion2004/tai-phake-lip-reading/data/augmented_100spk_dataset_d/s24/d8,31,test,original
s24_d9,s24,s24,d9,/Users/milinda/ghq/github.com/legion2004/tai-phake-lip-reading/data/augmented_100spk_dataset_d/s24/d9,31,test,original
s24_d10,s24,s24,d10,/Users/milinda/ghq/github.com/legion2004/tai-phake-lip-reading/data/augmented_100spk_dataset_d/s24/d10,30,test,original
s28_d0,s28,s28,d0,/Users/milinda/ghq/github.com/legion2004/tai-phake-lip-reading/data/augmented_100spk_dataset_d/s28/d0,23,test,original
s28_d1,s28,s28,d1,/Users/milinda/ghq/github.com/legion2004/tai-phake-lip-reading/data/augmented_100spk_dataset_d/s28/d1,35,test,original
s28_d2,s28,s28,d2,/Users/milinda/ghq/github.com/legion2004/tai-phake-lip-reading/data/augmented_100spk_dataset_d/s28/d2,55,test,original
s28_d3,s28,s28,d3,/Users/milinda/ghq/github.com/legion2004/tai-phake-lip-reading/data/augmented_100spk_dataset_d/s28/d3,35,test,original
s28_d4,s28,s28,d4,/Users/milinda/ghq/github.com/legion2004/tai-phake-lip-reading/data/augmented_100spk_dataset_d/s28/d4,44,test,original
s28_d5,s28,s28,d5,/Users/milinda/ghq/github.com/legion2004/tai-phake-lip-reading/data/augmented_100spk_dataset_d/s28/d5,31,test,original
s28_d6,s28,s28,d6,/Users/milinda/ghq/github.com/legion2004/tai-phake-lip-reading/data/augmented_100spk_dataset_d/s28/d6,21,test,original
s28_d7,s28,s28,d7,/Users/milinda/ghq/github.com/legion2004/tai-phake-lip-reading/data/augmented_100spk_dataset_d/s28/d7,42,test,original
s28_d8,s28,s28,d8,/Users/milinda/ghq/github.com/legion2004/tai-phake-lip-reading/data/augmented_100spk_dataset_d/s28/d8,29,test,original
s28_d9,s28,s28,d9,/Users/milinda/ghq/github.com/legion2004/tai-phake-lip-reading/data/augmented_100spk_dataset_d/s28/d9,29,test,original
s28_d10,s28,s28,d10,/Users/milinda/ghq/github.com/legion2004/tai-phake-lip-reading/data/augmented_100spk_dataset_d/s28/d10,38,test,original
