speaker,digit,frame,status,scaled_w,scaled_h,pad_h,pad_v,output_w,output_h
s1,d0,frame_0001.jpg,SUCCESS,96,96,0,0,96,96
s1,d0,frame_0002.jpg,SUCCESS,96,96,0,0,96,96
s1,d0,frame_0003.jpg,SUCCESS,96,96,0,0,96,96
s1,d0,frame_0004.jpg,SUCCESS,96,96,0,0,96,96
s1,d0,frame_0005.jpg,SUCCESS,96,96,0,0,96,96
s1,d0,frame_0006.jpg,SUCCESS,96,96,0,0,96,96
s1,d0,frame_0007.jpg,SUCCESS,96,96,0,0,96,96
s1,d0,frame_0008.jpg,SUCCESS,96,96,0,0,96,96
s1,d0,frame_0009.jpg,SUCCESS,96,96,0,0,96,96
s1,d0,frame_0010.jpg,SUCCESS,96,96,0,0,96,96
s1,d0,frame_0011.jpg,SUCCESS,96,96,0,0,96,96
s1,d0,frame_0012.jpg,SUCCESS,96,96,0,0,96,96
s1,d0,frame_0013.jpg,SUCCESS,96,96,0,0,96,96
s1,d0,frame_0014.jpg,SUCCESS,96,96,0,0,96,96
s1,d0,frame_0015.jpg,SUCCESS,96,96,0,0,96,96
s1,d0,frame_0016.jpg,SUCCESS,96,96,0,0,96,96
s1,d0,frame_0017.jpg,SUCCESS,96,96,0,0,96,96
s1,d0,frame_0018.jpg,SUCCESS,96,96,0,0,96,96
s1,d0,frame_0019.jpg,SUCCESS,96,96,0,0,96,96
s1,d0,frame_0020.jpg,SUCCESS,96,96,0,0,96,96
s1,d0,frame_0021.jpg,SUCCESS,96,96,0,0,96,96
s1,d0,frame_0022.jpg,SUCCESS,96,96,0,0,96,96
s1,d0,frame_0023.jpg,SUCCESS,96,96,0,0,96,96
s1,d0,frame_0024.jpg,SUCCESS,96,96,0,0,96,96
s1,d0,frame_0025.jpg,SUCCESS,96,96,0,0,96,96
s1,d0,frame_0026.jpg,SUCCESS,96,96,0,0,96,96
s1,d0,frame_0027.jpg,SUCCESS,96,96,0,0,96,96
s1,d0,frame_0028.jpg,SUCCESS,96,96,0,0,96,96
s1,d0,frame_0029.jpg,SUCCESS,96,96,0,0,96,96
s1,d0,frame_0030.jpg,SUCCESS,96,96,0,0,96,96
s1,d0,frame_0031.jpg,SUCCESS,96,96,0,0,96,96
s1,d0,frame_0032.jpg,SUCCESS,96,96,0,0,96,96
s1,d0,frame_0033.jpg,SUCCESS,96,96,0,0,96,96
s1,d0,frame_0034.jpg,SUCCESS,96,96,0,0,96,96
s1,d0,frame_0035.jpg,SUCCESS,96,96,0,0,96,96
s1,d0,frame_0036.jpg,SUCCESS,96,96,0,0,96,96
s1,d0,frame_0037.jpg,SUCCESS,96,96,0,0,96,96
s1,d0,frame_0038.jpg,SUCCESS,96,96,0,0,96,96
s1,d0,frame_0039.jpg,SUCCESS,96,96,0,0,96,96
s1,d0,frame_0040.jpg,SUCCESS,96,96,0,0,96,96
s1,d1,frame_0001.jpg,SUCCESS,96,96,0,0,96,96
s1,d1,frame_0002.jpg,SUCCESS,96,96,0,0,96,96
s1,d1,frame_0003.jpg,SUCCESS,96,96,0,0,96,96
s1,d1,frame_0004.jpg,SUCCESS,96,96,0,0,96,96
s1,d1,frame_0005.jpg,SUCCESS,96,96,0,0,96,96
s1,d1,frame_0006.jpg,SUCCESS,96,96,0,0,96,96
s1,d1,frame_0007.jpg,SUCCESS,96,96,0,0,96,96
s1,d1,frame_0008.jpg,SUCCESS,96,96,0,0,96,96
s1,d1,frame_0009.jpg,SUCCESS,96,96,0,0,96,96
s1,d1,frame_0010.jpg,SUCCESS,96,96,0,0,96,96
s1,d1,frame_0011.jpg,SUCCESS,96,96,0,0,96,96
s1,d1,frame_0012.jpg,SUCCESS,96,96,0,0,96,96
s1,d1,frame_0013.jpg,SUCCESS,96,96,0,0,96,96
s1,d1,frame_0014.jpg,SUCCESS,96,96,0,0,96,96
s1,d1,frame_0015.jpg,SUCCESS,96,96,0,0,96,96
s1,d1,frame_0016.jpg,SUCCESS,96,96,0,0,96,96
s1,d1,frame_0017.jpg,SUCCESS,96,96,0,0,96,96
s1,d1,frame_0018.jpg,SUCCESS,96,96,0,0,96,96
s1,d1,frame_0019.jpg,SUCCESS,96,96,0,0,96,96
s1,d1,frame_0020.jpg,SUCCESS,96,96,0,0,96,96
s1,d1,frame_0021.jpg,SUCCESS,96,96,0,0,96,96
s1,d1,frame_0022.jpg,SUCCESS,96,96,0,0,96,96
s1,d1,frame_0023.jpg,SUCCESS,96,96,0,0,96,96
s1,d1,frame_0024.jpg,SUCCESS,96,96,0,0,96,96
s1,d1,frame_0025.jpg,SUCCESS,96,96,0,0,96,96
s1,d1,frame_0026.jpg,SUCCESS,96,96,0,0,96,96
s1,d1,frame_0027.jpg,SUCCESS,96,96,0,0,96,96
s1,d1,frame_0028.jpg,SUCCESS,96,96,0,0,96,96
s1,d1,frame_0029.jpg,SUCCESS,96,96,0,0,96,96
s1,d1,frame_0030.jpg,SUCCESS,96,96,0,0,96,96
s1,d1,frame_0031.jpg,SUCCESS,96,96,0,0,96,96
s1,d1,frame_0032.jpg,SUCCESS,96,96,0,0,96,96
s1,d1,frame_0033.jpg,SUCCESS,96,96,0,0,96,96
s1,d1,frame_0034.jpg,SUCCESS,96,96,0,0,96,96
s1,d1,frame_0035.jpg,SUCCESS,96,96,0,0,96,96
s1,d1,frame_0036.jpg,SUCCESS,96,96,0,0,96,96
s1,d1,frame_0037.jpg,SUCCESS,96,96,0,0,96,96
s1,d1,frame_0038.jpg,SUCCESS,96,96,0,0,96,96
s1,d1,frame_0039.jpg,SUCCESS,96,96,0,0,96,96
s1,d10,frame_0001.jpg,SUCCESS,96,96,0,0,96,96
s1,d10,frame_0002.jpg,SUCCESS,96,96,0,0,96,96
s1,d10,frame_0003.jpg,SUCCESS,96,96,0,0,96,96
s1,d10,frame_0004.jpg,SUCCESS,96,96,0,0,96,96
s1,d10,frame_0005.jpg,SUCCESS,96,96,0,0,96,96
s1,d10,frame_0006.jpg,SUCCESS,96,96,0,0,96,96
s1,d10,frame_0007.jpg,SUCCESS,96,96,0,0,96,96
s1,d10,frame_0008.jpg,SUCCESS,96,96,0,0,96,96
s1,d10,frame_0009.jpg,SUCCESS,96,96,0,0,96,96
s1,d10,frame_0010.jpg,SUCCESS,96,96,0,0,96,96
s1,d10,frame_0011.jpg,SUCCESS,96,96,0,0,96,96
s1,d10,frame_0012.jpg,SUCCESS,96,96,0,0,96,96
s1,d10,frame_0013.jpg,SUCCESS,96,96,0,0,96,96
s1,d10,frame_0014.jpg,SUCCESS,96,96,0,0,96,96
s1,d10,frame_0015.jpg,SUCCESS,96,96,0,0,96,96
s1,d10,frame_0016.jpg,SUCCESS,96,96,0,0,96,96
s1,d10,frame_0017.jpg,SUCCESS,96,96,0,0,96,96
s1,d10,frame_0018.jpg,SUCCESS,96,96,0,0,96,96
s1,d10,frame_0019.jpg,SUCCESS,96,96,0,0,96,96
s1,d10,frame_0020.jpg,SUCCESS,96,96,0,0,96,96
s1,d10,frame_0021.jpg,SUCCESS,96,96,0,0,96,96
s1,d10,frame_0022.jpg,SUCCESS,96,96,0,0,96,96
s1,d10,frame_0023.jpg,SUCCESS,96,96,0,0,96,96
s1,d10,frame_0024.jpg,SUCCESS,96,96,0,0,96,96
s1,d10,frame_0025.jpg,SUCCESS,96,96,0,0,96,96
s1,d10,frame_0026.jpg,SUCCESS,96,96,0,0,96,96
s1,d10,frame_0027.jpg,SUCCESS,96,96,0,0,96,96
s1,d10,frame_0028.jpg,SUCCESS,96,96,0,0,96,96
s1,d10,frame_0029.jpg,SUCCESS,96,96,0,0,96,96
s1,d10,frame_0030.jpg,SUCCESS,96,96,0,0,96,96
s1,d2,frame_0001.jpg,SUCCESS,96,96,0,0,96,96
s1,d2,frame_0002.jpg,SUCCESS,96,96,0,0,96,96
s1,d2,frame_0003.jpg,SUCCESS,96,96,0,0,96,96
s1,d2,frame_0004.jpg,SUCCESS,96,96,0,0,96,96
s1,d2,frame_0005.jpg,SUCCESS,96,96,0,0,96,96
s1,d2,frame_0006.jpg,SUCCESS,96,96,0,0,96,96
s1,d2,frame_0007.jpg,SUCCESS,96,96,0,0,96,96
s1,d2,frame_0008.jpg,SUCCESS,96,96,0,0,96,96
s1,d2,frame_0009.jpg,SUCCESS,96,96,0,0,96,96
s1,d2,frame_0010.jpg,SUCCESS,96,96,0,0,96,96
s1,d2,frame_0011.jpg,SUCCESS,96,96,0,0,96,96
s1,d2,frame_0012.jpg,SUCCESS,96,96,0,0,96,96
s1,d2,frame_0013.jpg,SUCCESS,96,96,0,0,96,96
s1,d2,frame_0014.jpg,SUCCESS,96,96,0,0,96,96
s1,d2,frame_0015.jpg,SUCCESS,96,96,0,0,96,96
s1,d2,frame_0016.jpg,SUCCESS,96,96,0,0,96,96
s1,d2,frame_0017.jpg,SUCCESS,96,96,0,0,96,96
s1,d2,frame_0018.jpg,SUCCESS,96,96,0,0,96,96
s1,d2,frame_0019.jpg,SUCCESS,96,96,0,0,96,96
s1,d2,frame_0020.jpg,SUCCESS,96,96,0,0,96,96
s1,d2,frame_0021.jpg,SUCCESS,96,96,0,0,96,96
s1,d2,frame_0022.jpg,SUCCESS,96,96,0,0,96,96
s1,d2,frame_0023.jpg,SUCCESS,96,96,0,0,96,96
s1,d2,frame_0024.jpg,SUCCESS,96,96,0,0,96,96
s1,d2,frame_0025.jpg,SUCCESS,96,96,0,0,96,96
s1,d2,frame_0026.jpg,SUCCESS,96,96,0,0,96,96
s1,d2,frame_0027.jpg,SUCCESS,96,96,0,0,96,96
s1,d2,frame_0028.jpg,SUCCESS,96,96,0,0,96,96
s1,d2,frame_0029.jpg,SUCCESS,96,96,0,0,96,96
s1,d2,frame_0030.jpg,SUCCESS,96,96,0,0,96,96
s1,d2,frame_0031.jpg,SUCCESS,96,96,0,0,96,96
s1,d2,frame_0032.jpg,SUCCESS,96,96,0,0,96,96
s1,d2,frame_0033.jpg,SUCCESS,96,96,0,0,96,96
s1,d2,frame_0034.jpg,SUCCESS,96,96,0,0,96,96
s1,d2,frame_0035.jpg,SUCCESS,96,96,0,0,96,96
s1,d2,frame_0036.jpg,SUCCESS,96,96,0,0,96,96
s1,d2,frame_0037.jpg,SUCCESS,96,96,0,0,96,96
s1,d2,frame_0038.jpg,SUCCESS,96,96,0,0,96,96
s1,d2,frame_0039.jpg,SUCCESS,96,96,0,0,96,96
s1,d2,frame_0040.jpg,SUCCESS,96,96,0,0,96,96
s1,d3,frame_0001.jpg,SUCCESS,96,96,0,0,96,96
s1,d3,frame_0002.jpg,SUCCESS,96,96,0,0,96,96
s1,d3,frame_0003.jpg,SUCCESS,96,96,0,0,96,96
s1,d3,frame_0004.jpg,SUCCESS,96,96,0,0,96,96
s1,d3,frame_0005.jpg,SUCCESS,96,96,0,0,96,96
s1,d3,frame_0006.jpg,SUCCESS,96,96,0,0,96,96
s1,d3,frame_0007.jpg,SUCCESS,96,96,0,0,96,96
s1,d3,frame_0008.jpg,SUCCESS,96,96,0,0,96,96
s1,d3,frame_0009.jpg,SUCCESS,96,96,0,0,96,96
s1,d3,frame_0010.jpg,SUCCESS,96,96,0,0,96,96
s1,d3,frame_0011.jpg,SUCCESS,96,96,0,0,96,96
s1,d3,frame_0012.jpg,SUCCESS,96,96,0,0,96,96
s1,d3,frame_0013.jpg,SUCCESS,96,96,0,0,96,96
s1,d3,frame_0014.jpg,SUCCESS,96,96,0,0,96,96
s1,d3,frame_0015.jpg,SUCCESS,96,96,0,0,96,96
s1,d3,frame_0016.jpg,SUCCESS,96,96,0,0,96,96
s1,d3,frame_0017.jpg,SUCCESS,96,96,0,0,96,96
s1,d3,frame_0018.jpg,SUCCESS,96,96,0,0,96,96
s1,d3,frame_0019.jpg,SUCCESS,96,96,0,0,96,96
s1,d3,frame_0020.jpg,SUCCESS,96,96,0,0,96,96
s1,d3,frame_0021.jpg,SUCCESS,96,96,0,0,96,96
s1,d3,frame_0022.jpg,SUCCESS,96,96,0,0,96,96
s1,d3,frame_0023.jpg,SUCCESS,96,96,0,0,96,96
s1,d3,frame_0024.jpg,SUCCESS,96,96,0,0,96,96
s1,d3,frame_0025.jpg,SUCCESS,96,96,0,0,96,96
s1,d3,frame_0026.jpg,SUCCESS,96,96,0,0,96,96
s1,d3,frame_0027.jpg,SUCCESS,96,96,0,0,96,96
s1,d3,frame_0028.jpg,SUCCESS,96,96,0,0,96,96
s1,d3,frame_0029.jpg,SUCCESS,96,96,0,0,96,96
s1,d3,frame_0030.jpg,SUCCESS,96,96,0,0,96,96
s1,d3,frame_0031.jpg,SUCCESS,96,96,0,0,96,96
s1,d3,frame_0032.jpg,SUCCESS,96,96,0,0,96,96
s1,d3,frame_0033.jpg,SUCCESS,96,96,0,0,96,96
s1,d3,frame_0034.jpg,SUCCESS,96,96,0,0,96,96
s1,d3,frame_0035.jpg,SUCCESS,96,96,0,0,96,96
s1,d3,frame_0036.jpg,SUCCESS,96,96,0,0,96,96
s1,d4,frame_0001.jpg,SUCCESS,96,96,0,0,96,96
s1,d4,frame_0002.jpg,SUCCESS,96,96,0,0,96,96
s1,d4,frame_0003.jpg,SUCCESS,96,96,0,0,96,96
s1,d4,frame_0004.jpg,SUCCESS,96,96,0,0,96,96
s1,d4,frame_0005.jpg,SUCCESS,96,96,0,0,96,96
s1,d4,frame_0006.jpg,SUCCESS,96,96,0,0,96,96
s1,d4,frame_0007.jpg,SUCCESS,96,96,0,0,96,96
s1,d4,frame_0008.jpg,SUCCESS,96,96,0,0,96,96
s1,d4,frame_0009.jpg,SUCCESS,96,96,0,0,96,96
s1,d4,frame_0010.jpg,SUCCESS,96,96,0,0,96,96
s1,d4,frame_0011.jpg,SUCCESS,96,96,0,0,96,96
s1,d4,frame_0012.jpg,SUCCESS,96,96,0,0,96,96
s1,d4,frame_0013.jpg,SUCCESS,96,96,0,0,96,96
s1,d4,frame_0014.jpg,SUCCESS,96,96,0,0,96,96
s1,d4,frame_0015.jpg,SUCCESS,96,96,0,0,96,96
s1,d4,frame_0016.jpg,SUCCESS,96,96,0,0,96,96
s1,d4,frame_0017.jpg,SUCCESS,96,96,0,0,96,96
s1,d4,frame_0018.jpg,SUCCESS,96,96,0,0,96,96
s1,d4,frame_0019.jpg,SUCCESS,96,96,0,0,96,96
s1,d4,frame_0020.jpg,SUCCESS,96,96,0,0,96,96
s1,d4,frame_0021.jpg,SUCCESS,96,96,0,0,96,96
s1,d4,frame_0022.jpg,SUCCESS,96,96,0,0,96,96
s1,d4,frame_0023.jpg,SUCCESS,96,96,0,0,96,96
s1,d4,frame_0024.jpg,SUCCESS,96,96,0,0,96,96
s1,d4,frame_0025.jpg,SUCCESS,96,96,0,0,96,96
s1,d4,frame_0026.jpg,SUCCESS,96,96,0,0,96,96
s1,d4,frame_0027.jpg,SUCCESS,96,96,0,0,96,96
s1,d4,frame_0028.jpg,SUCCESS,96,96,0,0,96,96
s1,d4,frame_0029.jpg,SUCCESS,96,96,0,0,96,96
s1,d4,frame_0030.jpg,SUCCESS,96,96,0,0,96,96
s1,d4,frame_0031.jpg,SUCCESS,96,96,0,0,96,96
s1,d4,frame_0032.jpg,SUCCESS,96,96,0,0,96,96
s1,d4,frame_0033.jpg,SUCCESS,96,96,0,0,96,96
s1,d4,frame_0034.jpg,SUCCESS,96,96,0,0,96,96
s1,d4,frame_0035.jpg,SUCCESS,96,96,0,0,96,96
s1,d4,frame_0036.jpg,SUCCESS,96,96,0,0,96,96
s1,d4,frame_0037.jpg,SUCCESS,96,96,0,0,96,96
s1,d4,frame_0038.jpg,SUCCESS,96,96,0,0,96,96
s1,d4,frame_0039.jpg,SUCCESS,96,96,0,0,96,96
s1,d4,frame_0040.jpg,SUCCESS,96,96,0,0,96,96
s1,d4,frame_0041.jpg,SUCCESS,96,96,0,0,96,96
s1,d4,frame_0042.jpg,SUCCESS,96,96,0,0,96,96
s1,d4,frame_0043.jpg,SUCCESS,96,96,0,0,96,96
s1,d4,frame_0044.jpg,SUCCESS,96,96,0,0,96,96
s1,d4,frame_0045.jpg,SUCCESS,96,96,0,0,96,96
s1,d4,frame_0046.jpg,SUCCESS,96,96,0,0,96,96
s1,d4,frame_0047.jpg,SUCCESS,96,96,0,0,96,96
s1,d4,frame_0048.jpg,SUCCESS,96,96,0,0,96,96
s1,d5,frame_0001.jpg,SUCCESS,96,96,0,0,96,96
s1,d5,frame_0002.jpg,SUCCESS,96,96,0,0,96,96
s1,d5,frame_0003.jpg,SUCCESS,96,96,0,0,96,96
s1,d5,frame_0004.jpg,SUCCESS,96,96,0,0,96,96
s1,d5,frame_0005.jpg,SUCCESS,96,96,0,0,96,96
s1,d5,frame_0006.jpg,SUCCESS,96,96,0,0,96,96
s1,d5,frame_0007.jpg,SUCCESS,96,96,0,0,96,96
s1,d5,frame_0008.jpg,SUCCESS,96,96,0,0,96,96
s1,d5,frame_0009.jpg,SUCCESS,96,96,0,0,96,96
s1,d5,frame_0010.jpg,SUCCESS,96,96,0,0,96,96
s1,d5,frame_0011.jpg,SUCCESS,96,96,0,0,96,96
s1,d5,frame_0012.jpg,SUCCESS,96,96,0,0,96,96
s1,d5,frame_0013.jpg,SUCCESS,96,96,0,0,96,96
s1,d5,frame_0014.jpg,SUCCESS,96,96,0,0,96,96
s1,d5,frame_0015.jpg,SUCCESS,96,96,0,0,96,96
s1,d5,frame_0016.jpg,SUCCESS,96,96,0,0,96,96
s1,d5,frame_0017.jpg,SUCCESS,96,96,0,0,96,96
s1,d5,frame_0018.jpg,SUCCESS,96,96,0,0,96,96
s1,d5,frame_0019.jpg,SUCCESS,96,96,0,0,96,96
s1,d5,frame_0020.jpg,SUCCESS,96,96,0,0,96,96
s1,d5,frame_0021.jpg,SUCCESS,96,96,0,0,96,96
s1,d5,frame_0022.jpg,SUCCESS,96,96,0,0,96,96
s1,d5,frame_0023.jpg,SUCCESS,96,96,0,0,96,96
s1,d5,frame_0024.jpg,SUCCESS,96,96,0,0,96,96
s1,d5,frame_0025.jpg,SUCCESS,96,96,0,0,96,96
s1,d5,frame_0026.jpg,SUCCESS,96,96,0,0,96,96
s1,d5,frame_0027.jpg,SUCCESS,96,96,0,0,96,96
s1,d5,frame_0028.jpg,SUCCESS,96,96,0,0,96,96
s1,d5,frame_0029.jpg,SUCCESS,96,96,0,0,96,96
s1,d5,frame_0030.jpg,SUCCESS,96,96,0,0,96,96
s1,d5,frame_0031.jpg,SUCCESS,96,96,0,0,96,96
s1,d5,frame_0032.jpg,SUCCESS,96,96,0,0,96,96
s1,d5,frame_0033.jpg,SUCCESS,96,96,0,0,96,96
s1,d5,frame_0034.jpg,SUCCESS,96,96,0,0,96,96
s1,d5,frame_0035.jpg,SUCCESS,96,96,0,0,96,96
s1,d5,frame_0036.jpg,SUCCESS,96,96,0,0,96,96
s1,d5,frame_0037.jpg,SUCCESS,96,96,0,0,96,96
s1,d5,frame_0038.jpg,SUCCESS,96,96,0,0,96,96
s1,d5,frame_0039.jpg,SUCCESS,96,96,0,0,96,96
s1,d5,frame_0040.jpg,SUCCESS,96,96,0,0,96,96
s1,d5,frame_0041.jpg,SUCCESS,96,96,0,0,96,96
s1,d5,frame_0042.jpg,SUCCESS,96,96,0,0,96,96
s1,d5,frame_0043.jpg,SUCCESS,96,96,0,0,96,96
s1,d5,frame_0044.jpg,SUCCESS,96,96,0,0,96,96
s1,d5,frame_0045.jpg,SUCCESS,96,96,0,0,96,96
s1,d5,frame_0046.jpg,SUCCESS,96,96,0,0,96,96
s1,d5,frame_0047.jpg,SUCCESS,96,96,0,0,96,96
s1,d5,frame_0048.jpg,SUCCESS,96,96,0,0,96,96
s1,d5,frame_0049.jpg,SUCCESS,96,96,0,0,96,96
s1,d5,frame_0050.jpg,SUCCESS,96,96,0,0,96,96
s1,d5,frame_0051.jpg,SUCCESS,96,96,0,0,96,96
s1,d5,frame_0052.jpg,SUCCESS,96,96,0,0,96,96
s1,d5,frame_0053.jpg,SUCCESS,96,96,0,0,96,96
s1,d5,frame_0054.jpg,SUCCESS,96,96,0,0,96,96
s1,d5,frame_0055.jpg,SUCCESS,96,96,0,0,96,96
s1,d6,frame_0001.jpg,SUCCESS,96,96,0,0,96,96
s1,d6,frame_0002.jpg,SUCCESS,96,96,0,0,96,96
s1,d6,frame_0003.jpg,SUCCESS,96,96,0,0,96,96
s1,d6,frame_0004.jpg,SUCCESS,96,96,0,0,96,96
s1,d6,frame_0005.jpg,SUCCESS,96,96,0,0,96,96
s1,d6,frame_0006.jpg,SUCCESS,96,96,0,0,96,96
s1,d6,frame_0007.jpg,SUCCESS,96,96,0,0,96,96
s1,d6,frame_0008.jpg,SUCCESS,96,96,0,0,96,96
s1,d6,frame_0009.jpg,SUCCESS,96,96,0,0,96,96
s1,d6,frame_0010.jpg,SUCCESS,96,96,0,0,96,96
s1,d6,frame_0011.jpg,SUCCESS,96,96,0,0,96,96
s1,d6,frame_0012.jpg,SUCCESS,96,96,0,0,96,96
s1,d6,frame_0013.jpg,SUCCESS,96,96,0,0,96,96
s1,d6,frame_0014.jpg,SUCCESS,96,96,0,0,96,96
s1,d6,frame_0015.jpg,SUCCESS,96,96,0,0,96,96
s1,d6,frame_0016.jpg,SUCCESS,96,96,0,0,96,96
s1,d6,frame_0017.jpg,SUCCESS,96,96,0,0,96,96
s1,d6,frame_0018.jpg,SUCCESS,96,96,0,0,96,96
s1,d6,frame_0019.jpg,SUCCESS,96,96,0,0,96,96
s1,d6,frame_0020.jpg,SUCCESS,96,96,0,0,96,96
s1,d6,frame_0021.jpg,SUCCESS,96,96,0,0,96,96
s1,d6,frame_0022.jpg,SUCCESS,96,96,0,0,96,96
s1,d6,frame_0023.jpg,SUCCESS,96,96,0,0,96,96
s1,d6,frame_0024.jpg,SUCCESS,96,96,0,0,96,96
s1,d6,frame_0025.jpg,SUCCESS,96,96,0,0,96,96
s1,d6,frame_0026.jpg,SUCCESS,96,96,0,0,96,96
s1,d6,frame_0027.jpg,SUCCESS,96,96,0,0,96,96
s1,d6,frame_0028.jpg,SUCCESS,96,96,0,0,96,96
s1,d6,frame_0029.jpg,SUCCESS,96,96,0,0,96,96
s1,d6,frame_0030.jpg,SUCCESS,96,96,0,0,96,96
s1,d6,frame_0031.jpg,SUCCESS,96,96,0,0,96,96
s1,d6,frame_0032.jpg,SUCCESS,96,96,0,0,96,96
s1,d6,frame_0033.jpg,SUCCESS,96,96,0,0,96,96
s1,d6,frame_0034.jpg,SUCCESS,96,96,0,0,96,96
s1,d6,frame_0035.jpg,SUCCESS,96,96,0,0,96,96
s1,d7,frame_0001.jpg,SUCCESS,96,96,0,0,96,96
s1,d7,frame_0002.jpg,SUCCESS,96,96,0,0,96,96
s1,d7,frame_0003.jpg,SUCCESS,96,96,0,0,96,96
s1,d7,frame_0004.jpg,SUCCESS,96,96,0,0,96,96
s1,d7,frame_0005.jpg,SUCCESS,96,96,0,0,96,96
s1,d7,frame_0006.jpg,SUCCESS,96,96,0,0,96,96
s1,d7,frame_0007.jpg,SUCCESS,96,96,0,0,96,96
s1,d7,frame_0008.jpg,SUCCESS,96,96,0,0,96,96
s1,d7,frame_0009.jpg,SUCCESS,96,96,0,0,96,96
s1,d7,frame_0010.jpg,SUCCESS,96,96,0,0,96,96
s1,d7,frame_0011.jpg,SUCCESS,96,96,0,0,96,96
s1,d7,frame_0012.jpg,SUCCESS,96,96,0,0,96,96
s1,d7,frame_0013.jpg,SUCCESS,96,96,0,0,96,96
s1,d7,frame_0014.jpg,SUCCESS,96,96,0,0,96,96
s1,d7,frame_0015.jpg,SUCCESS,96,96,0,0,96,96
s1,d7,frame_0016.jpg,SUCCESS,96,96,0,0,96,96
s1,d7,frame_0017.jpg,SUCCESS,96,96,0,0,96,96
s1,d7,frame_0018.jpg,SUCCESS,96,96,0,0,96,96
s1,d7,frame_0019.jpg,SUCCESS,96,96,0,0,96,96
s1,d7,frame_0020.jpg,SUCCESS,96,96,0,0,96,96
s1,d7,frame_0021.jpg,SUCCESS,96,96,0,0,96,96
s1,d7,frame_0022.jpg,SUCCESS,96,96,0,0,96,96
s1,d7,frame_0023.jpg,SUCCESS,96,96,0,0,96,96
s1,d7,frame_0024.jpg,SUCCESS,96,96,0,0,96,96
s1,d7,frame_0025.jpg,SUCCESS,96,96,0,0,96,96
s1,d7,frame_0026.jpg,SUCCESS,96,96,0,0,96,96
s1,d7,frame_0027.jpg,SUCCESS,96,96,0,0,96,96
s1,d7,frame_0028.jpg,SUCCESS,96,96,0,0,96,96
s1,d7,frame_0029.jpg,SUCCESS,96,96,0,0,96,96
s1,d7,frame_0030.jpg,SUCCESS,96,96,0,0,96,96
s1,d7,frame_0031.jpg,SUCCESS,96,96,0,0,96,96
s1,d7,frame_0032.jpg,SUCCESS,96,96,0,0,96,96
s1,d7,frame_0033.jpg,SUCCESS,96,96,0,0,96,96
s1,d7,frame_0034.jpg,SUCCESS,96,96,0,0,96,96
s1,d7,frame_0035.jpg,SUCCESS,96,96,0,0,96,96
s1,d7,frame_0036.jpg,SUCCESS,96,96,0,0,96,96
s1,d7,frame_0037.jpg,SUCCESS,96,96,0,0,96,96
s1,d7,frame_0038.jpg,SUCCESS,96,96,0,0,96,96
s1,d7,frame_0039.jpg,SUCCESS,96,96,0,0,96,96
s1,d7,frame_0040.jpg,SUCCESS,96,96,0,0,96,96
s1,d7,frame_0041.jpg,SUCCESS,96,96,0,0,96,96
s1,d8,frame_0001.jpg,SUCCESS,96,96,0,0,96,96
s1,d8,frame_0002.jpg,SUCCESS,96,96,0,0,96,96
s1,d8,frame_0003.jpg,SUCCESS,96,96,0,0,96,96
s1,d8,frame_0004.jpg,SUCCESS,96,96,0,0,96,96
s1,d8,frame_0005.jpg,SUCCESS,96,96,0,0,96,96
s1,d8,frame_0006.jpg,SUCCESS,96,96,0,0,96,96
s1,d8,frame_0007.jpg,SUCCESS,96,96,0,0,96,96
s1,d8,frame_0008.jpg,SUCCESS,96,96,0,0,96,96
s1,d8,frame_0009.jpg,SUCCESS,96,96,0,0,96,96
s1,d8,frame_0010.jpg,SUCCESS,96,96,0,0,96,96
s1,d8,frame_0011.jpg,SUCCESS,96,96,0,0,96,96
s1,d8,frame_0012.jpg,SUCCESS,96,96,0,0,96,96
s1,d8,frame_0013.jpg,SUCCESS,96,96,0,0,96,96
s1,d8,frame_0014.jpg,SUCCESS,96,96,0,0,96,96
s1,d8,frame_0015.jpg,SUCCESS,96,96,0,0,96,96
s1,d8,frame_0016.jpg,SUCCESS,96,96,0,0,96,96
s1,d8,frame_0017.jpg,SUCCESS,96,96,0,0,96,96
s1,d8,frame_0018.jpg,SUCCESS,96,96,0,0,96,96
s1,d8,frame_0019.jpg,SUCCESS,96,96,0,0,96,96
s1,d8,frame_0020.jpg,SUCCESS,96,96,0,0,96,96
s1,d8,frame_0021.jpg,SUCCESS,96,96,0,0,96,96
s1,d8,frame_0022.jpg,SUCCESS,96,96,0,0,96,96
s1,d8,frame_0023.jpg,SUCCESS,96,96,0,0,96,96
s1,d8,frame_0024.jpg,SUCCESS,96,96,0,0,96,96
s1,d8,frame_0025.jpg,SUCCESS,96,96,0,0,96,96
s1,d8,frame_0026.jpg,SUCCESS,96,96,0,0,96,96
s1,d8,frame_0027.jpg,SUCCESS,96,96,0,0,96,96
s1,d8,frame_0028.jpg,SUCCESS,96,96,0,0,96,96
s1,d8,frame_0029.jpg,SUCCESS,96,96,0,0,96,96
s1,d8,frame_0030.jpg,SUCCESS,96,96,0,0,96,96
s1,d8,frame_0031.jpg,SUCCESS,96,96,0,0,96,96
s1,d8,frame_0032.jpg,SUCCESS,96,96,0,0,96,96
s1,d8,frame_0033.jpg,SUCCESS,96,96,0,0,96,96
s1,d8,frame_0034.jpg,SUCCESS,96,96,0,0,96,96
s1,d8,frame_0035.jpg,SUCCESS,96,96,0,0,96,96
s1,d8,frame_0036.jpg,SUCCESS,96,96,0,0,96,96
s1,d8,frame_0037.jpg,SUCCESS,96,96,0,0,96,96
s1,d8,frame_0038.jpg,SUCCESS,96,96,0,0,96,96
s1,d8,frame_0039.jpg,SUCCESS,96,96,0,0,96,96
s1,d8,frame_0040.jpg,SUCCESS,96,96,0,0,96,96
s1,d8,frame_0041.jpg,SUCCESS,96,96,0,0,96,96
s1,d8,frame_0042.jpg,SUCCESS,96,96,0,0,96,96
s1,d9,frame_0001.jpg,SUCCESS,96,96,0,0,96,96
s1,d9,frame_0002.jpg,SUCCESS,96,96,0,0,96,96
s1,d9,frame_0003.jpg,SUCCESS,96,96,0,0,96,96
s1,d9,frame_0004.jpg,SUCCESS,96,96,0,0,96,96
s1,d9,frame_0005.jpg,SUCCESS,96,96,0,0,96,96
s1,d9,frame_0006.jpg,SUCCESS,96,96,0,0,96,96
s1,d9,frame_0007.jpg,SUCCESS,96,96,0,0,96,96
s1,d9,frame_0008.jpg,SUCCESS,96,96,0,0,96,96
s1,d9,frame_0009.jpg,SUCCESS,96,96,0,0,96,96
s1,d9,frame_0010.jpg,SUCCESS,96,96,0,0,96,96
s1,d9,frame_0011.jpg,SUCCESS,96,96,0,0,96,96
s1,d9,frame_0012.jpg,SUCCESS,96,96,0,0,96,96
s1,d9,frame_0013.jpg,SUCCESS,96,96,0,0,96,96
s1,d9,frame_0014.jpg,SUCCESS,96,96,0,0,96,96
s1,d9,frame_0015.jpg,SUCCESS,96,96,0,0,96,96
s1,d9,frame_0016.jpg,SUCCESS,96,96,0,0,96,96
s1,d9,frame_0017.jpg,SUCCESS,96,96,0,0,96,96
s1,d9,frame_0018.jpg,SUCCESS,96,96,0,0,96,96
s1,d9,frame_0019.jpg,SUCCESS,96,96,0,0,96,96
s1,d9,frame_0020.jpg,SUCCESS,96,96,0,0,96,96
s1,d9,frame_0021.jpg,SUCCESS,96,96,0,0,96,96
s1,d9,frame_0022.jpg,SUCCESS,96,96,0,0,96,96
s1,d9,frame_0023.jpg,SUCCESS,96,96,0,0,96,96
s1,d9,frame_0024.jpg,SUCCESS,96,96,0,0,96,96
s1,d9,frame_0025.jpg,SUCCESS,96,96,0,0,96,96
s1,d9,frame_0026.jpg,SUCCESS,96,96,0,0,96,96
s1,d9,frame_0027.jpg,SUCCESS,96,96,0,0,96,96
s1,d9,frame_0028.jpg,SUCCESS,96,96,0,0,96,96
s1,d9,frame_0029.jpg,SUCCESS,96,96,0,0,96,96
s1,d9,frame_0030.jpg,SUCCESS,96,96,0,0,96,96
s1,d9,frame_0031.jpg,SUCCESS,96,96,0,0,96,96
s1,d9,frame_0032.jpg,SUCCESS,96,96,0,0,96,96
s1,d9,frame_0033.jpg,SUCCESS,96,96,0,0,96,96
s1,d9,frame_0034.jpg,SUCCESS,96,96,0,0,96,96
s1,d9,frame_0035.jpg,SUCCESS,96,96,0,0,96,96
s1,d9,frame_0036.jpg,SUCCESS,96,96,0,0,96,96
s2,d0,frame_0001.jpg,SUCCESS,96,96,0,0,96,96
s2,d0,frame_0002.jpg,SUCCESS,96,96,0,0,96,96
s2,d0,frame_0003.jpg,SUCCESS,96,96,0,0,96,96
s2,d0,frame_0004.jpg,SUCCESS,96,96,0,0,96,96
s2,d0,frame_0005.jpg,SUCCESS,96,96,0,0,96,96
s2,d0,frame_0006.jpg,SUCCESS,96,96,0,0,96,96
s2,d0,frame_0007.jpg,SUCCESS,96,96,0,0,96,96
s2,d0,frame_0008.jpg,SUCCESS,96,96,0,0,96,96
s2,d0,frame_0009.jpg,SUCCESS,96,96,0,0,96,96
s2,d0,frame_0010.jpg,SUCCESS,96,96,0,0,96,96
s2,d0,frame_0011.jpg,SUCCESS,96,96,0,0,96,96
s2,d0,frame_0012.jpg,SUCCESS,96,96,0,0,96,96
s2,d0,frame_0013.jpg,SUCCESS,96,96,0,0,96,96
s2,d0,frame_0014.jpg,SUCCESS,96,96,0,0,96,96
s2,d0,frame_0015.jpg,SUCCESS,96,96,0,0,96,96
s2,d0,frame_0016.jpg,SUCCESS,96,96,0,0,96,96
s2,d0,frame_0017.jpg,SUCCESS,96,96,0,0,96,96
s2,d0,frame_0018.jpg,SUCCESS,96,96,0,0,96,96
s2,d0,frame_0019.jpg,SUCCESS,96,96,0,0,96,96
s2,d0,frame_0020.jpg,SUCCESS,96,96,0,0,96,96
s2,d0,frame_0021.jpg,SUCCESS,96,96,0,0,96,96
s2,d0,frame_0022.jpg,SUCCESS,96,96,0,0,96,96
s2,d0,frame_0023.jpg,SUCCESS,96,96,0,0,96,96
s2,d1,frame_0001.jpg,SUCCESS,96,96,0,0,96,96
s2,d1,frame_0002.jpg,SUCCESS,96,96,0,0,96,96
s2,d1,frame_0003.jpg,SUCCESS,96,96,0,0,96,96
s2,d1,frame_0004.jpg,SUCCESS,96,96,0,0,96,96
s2,d1,frame_0005.jpg,SUCCESS,96,96,0,0,96,96
s2,d1,frame_0006.jpg,SUCCESS,96,96,0,0,96,96
s2,d1,frame_0007.jpg,SUCCESS,96,96,0,0,96,96
s2,d1,frame_0008.jpg,SUCCESS,96,96,0,0,96,96
s2,d1,frame_0009.jpg,SUCCESS,96,96,0,0,96,96
s2,d1,frame_0010.jpg,SUCCESS,96,96,0,0,96,96
s2,d1,frame_0011.jpg,SUCCESS,96,96,0,0,96,96
s2,d1,frame_0012.jpg,SUCCESS,96,96,0,0,96,96
s2,d1,frame_0013.jpg,SUCCESS,96,96,0,0,96,96
s2,d1,frame_0014.jpg,SUCCESS,96,96,0,0,96,96
s2,d1,frame_0015.jpg,SUCCESS,96,96,0,0,96,96
s2,d1,frame_0016.jpg,SUCCESS,96,96,0,0,96,96
s2,d1,frame_0017.jpg,SUCCESS,96,96,0,0,96,96
s2,d1,frame_0018.jpg,SUCCESS,96,96,0,0,96,96
s2,d1,frame_0019.jpg,SUCCESS,96,96,0,0,96,96
s2,d1,frame_0020.jpg,SUCCESS,96,96,0,0,96,96
s2,d1,frame_0021.jpg,SUCCESS,96,96,0,0,96,96
s2,d1,frame_0022.jpg,SUCCESS,96,96,0,0,96,96
s2,d1,frame_0023.jpg,SUCCESS,96,96,0,0,96,96
s2,d1,frame_0024.jpg,SUCCESS,96,96,0,0,96,96
s2,d1,frame_0025.jpg,SUCCESS,96,96,0,0,96,96
s2,d1,frame_0026.jpg,SUCCESS,96,96,0,0,96,96
s2,d1,frame_0027.jpg,SUCCESS,96,96,0,0,96,96
s2,d1,frame_0028.jpg,SUCCESS,96,96,0,0,96,96
s2,d1,frame_0029.jpg,SUCCESS,96,96,0,0,96,96
s2,d1,frame_0030.jpg,SUCCESS,96,96,0,0,96,96
s2,d1,frame_0031.jpg,SUCCESS,96,96,0,0,96,96
s2,d1,frame_0032.jpg,SUCCESS,96,96,0,0,96,96
s2,d1,frame_0033.jpg,SUCCESS,96,96,0,0,96,96
s2,d1,frame_0034.jpg,SUCCESS,96,96,0,0,96,96
s2,d1,frame_0035.jpg,SUCCESS,96,96,0,0,96,96
s2,d1,frame_0036.jpg,SUCCESS,96,96,0,0,96,96
s2,d1,frame_0037.jpg,SUCCESS,96,96,0,0,96,96
s2,d1,frame_0038.jpg,SUCCESS,96,96,0,0,96,96
s2,d1,frame_0039.jpg,SUCCESS,96,96,0,0,96,96
s2,d1,frame_0040.jpg,SUCCESS,96,96,0,0,96,96
s2,d1,frame_0041.jpg,SUCCESS,96,96,0,0,96,96
s2,d1,frame_0042.jpg,SUCCESS,96,96,0,0,96,96
s2,d1,frame_0043.jpg,SUCCESS,96,96,0,0,96,96
s2,d10,frame_0001.jpg,SUCCESS,96,96,0,0,96,96
s2,d10,frame_0002.jpg,SUCCESS,96,96,0,0,96,96
s2,d10,frame_0003.jpg,SUCCESS,96,96,0,0,96,96
s2,d10,frame_0004.jpg,SUCCESS,96,96,0,0,96,96
s2,d10,frame_0005.jpg,SUCCESS,96,96,0,0,96,96
s2,d10,frame_0006.jpg,SUCCESS,96,96,0,0,96,96
s2,d10,frame_0007.jpg,SUCCESS,96,96,0,0,96,96
s2,d10,frame_0008.jpg,SUCCESS,96,96,0,0,96,96
s2,d10,frame_0009.jpg,SUCCESS,96,96,0,0,96,96
s2,d10,frame_0010.jpg,SUCCESS,96,96,0,0,96,96
s2,d10,frame_0011.jpg,SUCCESS,96,96,0,0,96,96
s2,d10,frame_0012.jpg,SUCCESS,96,96,0,0,96,96
s2,d10,frame_0013.jpg,SUCCESS,96,96,0,0,96,96
s2,d10,frame_0014.jpg,SUCCESS,96,96,0,0,96,96
s2,d10,frame_0015.jpg,SUCCESS,96,96,0,0,96,96
s2,d10,frame_0016.jpg,SUCCESS,96,96,0,0,96,96
s2,d10,frame_0017.jpg,SUCCESS,96,96,0,0,96,96
s2,d10,frame_0018.jpg,SUCCESS,96,96,0,0,96,96
s2,d10,frame_0019.jpg,SUCCESS,96,96,0,0,96,96
s2,d10,frame_0020.jpg,SUCCESS,96,96,0,0,96,96
s2,d10,frame_0021.jpg,SUCCESS,96,96,0,0,96,96
s2,d10,frame_0022.jpg,SUCCESS,96,96,0,0,96,96
s2,d10,frame_0023.jpg,SUCCESS,96,96,0,0,96,96
s2,d10,frame_0024.jpg,SUCCESS,96,96,0,0,96,96
s2,d10,frame_0025.jpg,SUCCESS,96,96,0,0,96,96
s2,d2,frame_0001.jpg,SUCCESS,96,96,0,0,96,96
s2,d2,frame_0002.jpg,SUCCESS,96,96,0,0,96,96
s2,d2,frame_0003.jpg,SUCCESS,96,96,0,0,96,96
s2,d2,frame_0004.jpg,SUCCESS,96,96,0,0,96,96
s2,d2,frame_0005.jpg,SUCCESS,96,96,0,0,96,96
s2,d2,frame_0006.jpg,SUCCESS,96,96,0,0,96,96
s2,d2,frame_0007.jpg,SUCCESS,96,96,0,0,96,96
s2,d2,frame_0008.jpg,SUCCESS,96,96,0,0,96,96
s2,d2,frame_0009.jpg,SUCCESS,96,96,0,0,96,96
s2,d2,frame_0010.jpg,SUCCESS,96,96,0,0,96,96
s2,d2,frame_0011.jpg,SUCCESS,96,96,0,0,96,96
s2,d2,frame_0012.jpg,SUCCESS,96,96,0,0,96,96
s2,d2,frame_0013.jpg,SUCCESS,96,96,0,0,96,96
s2,d2,frame_0014.jpg,SUCCESS,96,96,0,0,96,96
s2,d2,frame_0015.jpg,SUCCESS,96,96,0,0,96,96
s2,d2,frame_0016.jpg,SUCCESS,96,96,0,0,96,96
s2,d2,frame_0017.jpg,SUCCESS,96,96,0,0,96,96
s2,d2,frame_0018.jpg,SUCCESS,96,96,0,0,96,96
s2,d2,frame_0019.jpg,SUCCESS,96,96,0,0,96,96
s2,d2,frame_0020.jpg,SUCCESS,96,96,0,0,96,96
s2,d2,frame_0021.jpg,SUCCESS,96,96,0,0,96,96
s2,d2,frame_0022.jpg,SUCCESS,96,96,0,0,96,96
s2,d2,frame_0023.jpg,SUCCESS,96,96,0,0,96,96
s2,d2,frame_0024.jpg,SUCCESS,96,96,0,0,96,96
s2,d2,frame_0025.jpg,SUCCESS,96,96,0,0,96,96
s2,d2,frame_0026.jpg,SUCCESS,96,96,0,0,96,96
s2,d2,frame_0027.jpg,SUCCESS,96,96,0,0,96,96
s2,d2,frame_0028.jpg,SUCCESS,96,96,0,0,96,96
s2,d2,frame_0029.jpg,SUCCESS,96,96,0,0,96,96
s2,d2,frame_0030.jpg,SUCCESS,96,96,0,0,96,96
s2,d2,frame_0031.jpg,SUCCESS,96,96,0,0,96,96
s2,d2,frame_0032.jpg,SUCCESS,96,96,0,0,96,96
s2,d3,frame_0001.jpg,SUCCESS,96,96,0,0,96,96
s2,d3,frame_0002.jpg,SUCCESS,96,96,0,0,96,96
s2,d3,frame_0003.jpg,SUCCESS,96,96,0,0,96,96
s2,d3,frame_0004.jpg,SUCCESS,96,96,0,0,96,96
s2,d3,frame_0005.jpg,SUCCESS,96,96,0,0,96,96
s2,d3,frame_0006.jpg,SUCCESS,96,96,0,0,96,96
s2,d3,frame_0007.jpg,SUCCESS,96,96,0,0,96,96
s2,d3,frame_0008.jpg,SUCCESS,96,96,0,0,96,96
s2,d3,frame_0009.jpg,SUCCESS,96,96,0,0,96,96
s2,d3,frame_0010.jpg,SUCCESS,96,96,0,0,96,96
s2,d3,frame_0011.jpg,SUCCESS,96,96,0,0,96,96
s2,d3,frame_0012.jpg,SUCCESS,96,96,0,0,96,96
s2,d3,frame_0013.jpg,SUCCESS,96,96,0,0,96,96
s2,d3,frame_0014.jpg,SUCCESS,96,96,0,0,96,96
s2,d3,frame_0015.jpg,SUCCESS,96,96,0,0,96,96
s2,d3,frame_0016.jpg,SUCCESS,96,96,0,0,96,96
s2,d3,frame_0017.jpg,SUCCESS,96,96,0,0,96,96
s2,d3,frame_0018.jpg,SUCCESS,96,96,0,0,96,96
s2,d3,frame_0019.jpg,SUCCESS,96,96,0,0,96,96
s2,d3,frame_0020.jpg,SUCCESS,96,96,0,0,96,96
s2,d3,frame_0021.jpg,SUCCESS,96,96,0,0,96,96
s2,d3,frame_0022.jpg,SUCCESS,96,96,0,0,96,96
s2,d3,frame_0023.jpg,SUCCESS,96,96,0,0,96,96
s2,d3,frame_0024.jpg,SUCCESS,96,96,0,0,96,96
s2,d3,frame_0025.jpg,SUCCESS,96,96,0,0,96,96
s2,d3,frame_0026.jpg,SUCCESS,96,96,0,0,96,96
s2,d3,frame_0027.jpg,SUCCESS,96,96,0,0,96,96
s2,d3,frame_0028.jpg,SUCCESS,96,96,0,0,96,96
s2,d4,frame_0001.jpg,SUCCESS,96,96,0,0,96,96
s2,d4,frame_0002.jpg,SUCCESS,96,96,0,0,96,96
s2,d4,frame_0003.jpg,SUCCESS,96,96,0,0,96,96
s2,d4,frame_0004.jpg,SUCCESS,96,96,0,0,96,96
s2,d4,frame_0005.jpg,SUCCESS,96,96,0,0,96,96
s2,d4,frame_0006.jpg,SUCCESS,96,96,0,0,96,96
s2,d4,frame_0007.jpg,SUCCESS,96,96,0,0,96,96
s2,d4,frame_0008.jpg,SUCCESS,96,96,0,0,96,96
s2,d4,frame_0009.jpg,SUCCESS,96,96,0,0,96,96
s2,d4,frame_0010.jpg,SUCCESS,96,96,0,0,96,96
s2,d4,frame_0011.jpg,SUCCESS,96,96,0,0,96,96
s2,d4,frame_0012.jpg,SUCCESS,96,96,0,0,96,96
s2,d4,frame_0013.jpg,SUCCESS,96,96,0,0,96,96
s2,d4,frame_0014.jpg,SUCCESS,96,96,0,0,96,96
s2,d4,frame_0015.jpg,SUCCESS,96,96,0,0,96,96
s2,d4,frame_0016.jpg,SUCCESS,96,96,0,0,96,96
s2,d4,frame_0017.jpg,SUCCESS,96,96,0,0,96,96
s2,d4,frame_0018.jpg,SUCCESS,96,96,0,0,96,96
s2,d4,frame_0019.jpg,SUCCESS,96,96,0,0,96,96
s2,d4,frame_0020.jpg,SUCCESS,96,96,0,0,96,96
s2,d4,frame_0021.jpg,SUCCESS,96,96,0,0,96,96
s2,d4,frame_0022.jpg,SUCCESS,96,96,0,0,96,96
s2,d4,frame_0023.jpg,SUCCESS,96,96,0,0,96,96
s2,d4,frame_0024.jpg,SUCCESS,96,96,0,0,96,96
s2,d4,frame_0025.jpg,SUCCESS,96,96,0,0,96,96
s2,d4,frame_0026.jpg,SUCCESS,96,96,0,0,96,96
s2,d4,frame_0027.jpg,SUCCESS,96,96,0,0,96,96
s2,d4,frame_0028.jpg,SUCCESS,96,96,0,0,96,96
s2,d4,frame_0029.jpg,SUCCESS,96,96,0,0,96,96
s2,d4,frame_0030.jpg,SUCCESS,96,96,0,0,96,96
s2,d4,frame_0031.jpg,SUCCESS,96,96,0,0,96,96
s2,d4,frame_0032.jpg,SUCCESS,96,96,0,0,96,96
s2,d4,frame_0033.jpg,SUCCESS,96,96,0,0,96,96
s2,d4,frame_0034.jpg,SUCCESS,96,96,0,0,96,96
s2,d4,frame_0035.jpg,SUCCESS,96,96,0,0,96,96
s2,d4,frame_0036.jpg,SUCCESS,96,96,0,0,96,96
s2,d4,frame_0037.jpg,SUCCESS,96,96,0,0,96,96
s2,d4,frame_0038.jpg,SUCCESS,96,96,0,0,96,96
s2,d4,frame_0039.jpg,SUCCESS,96,96,0,0,96,96
s2,d4,frame_0040.jpg,SUCCESS,96,96,0,0,96,96
s2,d4,frame_0041.jpg,SUCCESS,96,96,0,0,96,96
s2,d4,frame_0042.jpg,SUCCESS,96,96,0,0,96,96
s2,d4,frame_0043.jpg,SUCCESS,96,96,0,0,96,96
s2,d4,frame_0044.jpg,SUCCESS,96,96,0,0,96,96
s2,d5,frame_0001.jpg,SUCCESS,96,96,0,0,96,96
s2,d5,frame_0002.jpg,SUCCESS,96,96,0,0,96,96
s2,d5,frame_0003.jpg,SUCCESS,96,96,0,0,96,96
s2,d5,frame_0004.jpg,SUCCESS,96,96,0,0,96,96
s2,d5,frame_0005.jpg,SUCCESS,96,96,0,0,96,96
s2,d5,frame_0006.jpg,SUCCESS,96,96,0,0,96,96
s2,d5,frame_0007.jpg,SUCCESS,96,96,0,0,96,96
s2,d5,frame_0008.jpg,SUCCESS,96,96,0,0,96,96
s2,d5,frame_0009.jpg,SUCCESS,96,96,0,0,96,96
s2,d5,frame_0010.jpg,SUCCESS,96,96,0,0,96,96
s2,d5,frame_0011.jpg,SUCCESS,96,96,0,0,96,96
s2,d5,frame_0012.jpg,SUCCESS,96,96,0,0,96,96
s2,d5,frame_0013.jpg,SUCCESS,96,96,0,0,96,96
s2,d5,frame_0014.jpg,SUCCESS,96,96,0,0,96,96
s2,d5,frame_0015.jpg,SUCCESS,96,96,0,0,96,96
s2,d5,frame_0016.jpg,SUCCESS,96,96,0,0,96,96
s2,d5,frame_0017.jpg,SUCCESS,96,96,0,0,96,96
s2,d5,frame_0018.jpg,SUCCESS,96,96,0,0,96,96
s2,d5,frame_0019.jpg,SUCCESS,96,96,0,0,96,96
s2,d5,frame_0020.jpg,SUCCESS,96,96,0,0,96,96
s2,d5,frame_0021.jpg,SUCCESS,96,96,0,0,96,96
s2,d5,frame_0022.jpg,SUCCESS,96,96,0,0,96,96
s2,d5,frame_0023.jpg,SUCCESS,96,96,0,0,96,96
s2,d5,frame_0024.jpg,SUCCESS,96,96,0,0,96,96
s2,d5,frame_0025.jpg,SUCCESS,96,96,0,0,96,96
s2,d5,frame_0026.jpg,SUCCESS,96,96,0,0,96,96
s2,d5,frame_0027.jpg,SUCCESS,96,96,0,0,96,96
s2,d5,frame_0028.jpg,SUCCESS,96,96,0,0,96,96
s2,d5,frame_0029.jpg,SUCCESS,96,96,0,0,96,96
s2,d5,frame_0030.jpg,SUCCESS,96,96,0,0,96,96
s2,d5,frame_0031.jpg,SUCCESS,96,96,0,0,96,96
s2,d5,frame_0032.jpg,SUCCESS,96,96,0,0,96,96
s2,d5,frame_0033.jpg,SUCCESS,96,96,0,0,96,96
s2,d5,frame_0034.jpg,SUCCESS,96,96,0,0,96,96
s2,d5,frame_0035.jpg,SUCCESS,96,96,0,0,96,96
s2,d5,frame_0036.jpg,SUCCESS,96,96,0,0,96,96
s2,d5,frame_0037.jpg,SUCCESS,96,96,0,0,96,96
s2,d6,frame_0001.jpg,SUCCESS,96,96,0,0,96,96
s2,d6,frame_0002.jpg,SUCCESS,96,96,0,0,96,96
s2,d6,frame_0003.jpg,SUCCESS,96,96,0,0,96,96
s2,d6,frame_0004.jpg,SUCCESS,96,96,0,0,96,96
s2,d6,frame_0005.jpg,SUCCESS,96,96,0,0,96,96
s2,d6,frame_0006.jpg,SUCCESS,96,96,0,0,96,96
s2,d6,frame_0007.jpg,SUCCESS,96,96,0,0,96,96
s2,d6,frame_0008.jpg,SUCCESS,96,96,0,0,96,96
s2,d6,frame_0009.jpg,SUCCESS,96,96,0,0,96,96
s2,d6,frame_0010.jpg,SUCCESS,96,96,0,0,96,96
s2,d6,frame_0011.jpg,SUCCESS,96,96,0,0,96,96
s2,d6,frame_0012.jpg,SUCCESS,96,96,0,0,96,96
s2,d6,frame_0013.jpg,SUCCESS,96,96,0,0,96,96
s2,d6,frame_0014.jpg,SUCCESS,96,96,0,0,96,96
s2,d6,frame_0015.jpg,SUCCESS,96,96,0,0,96,96
s2,d6,frame_0016.jpg,SUCCESS,96,96,0,0,96,96
s2,d6,frame_0017.jpg,SUCCESS,96,96,0,0,96,96
s2,d6,frame_0018.jpg,SUCCESS,96,96,0,0,96,96
s2,d6,frame_0019.jpg,SUCCESS,96,96,0,0,96,96
s2,d6,frame_0020.jpg,SUCCESS,96,96,0,0,96,96
s2,d6,frame_0021.jpg,SUCCESS,96,96,0,0,96,96
s2,d6,frame_0022.jpg,SUCCESS,96,96,0,0,96,96
s2,d6,frame_0023.jpg,SUCCESS,96,96,0,0,96,96
s2,d6,frame_0024.jpg,SUCCESS,96,96,0,0,96,96
s2,d6,frame_0025.jpg,SUCCESS,96,96,0,0,96,96
s2,d6,frame_0026.jpg,SUCCESS,96,96,0,0,96,96
s2,d6,frame_0027.jpg,SUCCESS,96,96,0,0,96,96
s2,d6,frame_0028.jpg,SUCCESS,96,96,0,0,96,96
s2,d6,frame_0029.jpg,SUCCESS,96,96,0,0,96,96
s2,d6,frame_0030.jpg,SUCCESS,96,96,0,0,96,96
s2,d6,frame_0031.jpg,SUCCESS,96,96,0,0,96,96
s2,d6,frame_0032.jpg,SUCCESS,96,96,0,0,96,96
s2,d6,frame_0033.jpg,SUCCESS,96,96,0,0,96,96
s2,d6,frame_0034.jpg,SUCCESS,96,96,0,0,96,96
s2,d6,frame_0035.jpg,SUCCESS,96,96,0,0,96,96
s2,d6,frame_0036.jpg,SUCCESS,96,96,0,0,96,96
s2,d6,frame_0037.jpg,SUCCESS,96,96,0,0,96,96
s2,d6,frame_0038.jpg,SUCCESS,96,96,0,0,96,96
s2,d6,frame_0039.jpg,SUCCESS,96,96,0,0,96,96
s2,d6,frame_0040.jpg,SUCCESS,96,96,0,0,96,96
s2,d7,frame_0001.jpg,SUCCESS,96,96,0,0,96,96
s2,d7,frame_0002.jpg,SUCCESS,96,96,0,0,96,96
s2,d7,frame_0003.jpg,SUCCESS,96,96,0,0,96,96
s2,d7,frame_0004.jpg,SUCCESS,96,96,0,0,96,96
s2,d7,frame_0005.jpg,SUCCESS,96,96,0,0,96,96
s2,d7,frame_0006.jpg,SUCCESS,96,96,0,0,96,96
s2,d7,frame_0007.jpg,SUCCESS,96,96,0,0,96,96
s2,d7,frame_0008.jpg,SUCCESS,96,96,0,0,96,96
s2,d7,frame_0009.jpg,SUCCESS,96,96,0,0,96,96
s2,d7,frame_0010.jpg,SUCCESS,96,96,0,0,96,96
s2,d7,frame_0011.jpg,SUCCESS,96,96,0,0,96,96
s2,d7,frame_0012.jpg,SUCCESS,96,96,0,0,96,96
s2,d7,frame_0013.jpg,SUCCESS,96,96,0,0,96,96
s2,d7,frame_0014.jpg,SUCCESS,96,96,0,0,96,96
s2,d7,frame_0015.jpg,SUCCESS,96,96,0,0,96,96
s2,d7,frame_0016.jpg,SUCCESS,96,96,0,0,96,96
s2,d7,frame_0017.jpg,SUCCESS,96,96,0,0,96,96
s2,d7,frame_0018.jpg,SUCCESS,96,96,0,0,96,96
s2,d7,frame_0019.jpg,SUCCESS,96,96,0,0,96,96
s2,d7,frame_0020.jpg,SUCCESS,96,96,0,0,96,96
s2,d7,frame_0021.jpg,SUCCESS,96,96,0,0,96,96
s2,d7,frame_0022.jpg,SUCCESS,96,96,0,0,96,96
s2,d7,frame_0023.jpg,SUCCESS,96,96,0,0,96,96
s2,d7,frame_0024.jpg,SUCCESS,96,96,0,0,96,96
s2,d7,frame_0025.jpg,SUCCESS,96,96,0,0,96,96
s2,d7,frame_0026.jpg,SUCCESS,96,96,0,0,96,96
s2,d7,frame_0027.jpg,SUCCESS,96,96,0,0,96,96
s2,d7,frame_0028.jpg,SUCCESS,96,96,0,0,96,96
s2,d7,frame_0029.jpg,SUCCESS,96,96,0,0,96,96
s2,d7,frame_0030.jpg,SUCCESS,96,96,0,0,96,96
s2,d7,frame_0031.jpg,SUCCESS,96,96,0,0,96,96
s2,d7,frame_0032.jpg,SUCCESS,96,96,0,0,96,96
s2,d7,frame_0033.jpg,SUCCESS,96,96,0,0,96,96
s2,d7,frame_0034.jpg,SUCCESS,96,96,0,0,96,96
s2,d7,frame_0035.jpg,SUCCESS,96,96,0,0,96,96
s2,d7,frame_0036.jpg,SUCCESS,96,96,0,0,96,96
s2,d7,frame_0037.jpg,SUCCESS,96,96,0,0,96,96
s2,d7,frame_0038.jpg,SUCCESS,96,96,0,0,96,96
s2,d7,frame_0039.jpg,SUCCESS,96,96,0,0,96,96
s2,d7,frame_0040.jpg,SUCCESS,96,96,0,0,96,96
s2,d7,frame_0041.jpg,SUCCESS,96,96,0,0,96,96
s2,d7,frame_0042.jpg,SUCCESS,96,96,0,0,96,96
s2,d7,frame_0043.jpg,SUCCESS,96,96,0,0,96,96
s2,d7,frame_0044.jpg,SUCCESS,96,96,0,0,96,96
s2,d7,frame_0045.jpg,SUCCESS,96,96,0,0,96,96
s2,d7,frame_0046.jpg,SUCCESS,96,96,0,0,96,96
s2,d8,frame_0001.jpg,SUCCESS,96,96,0,0,96,96
s2,d8,frame_0002.jpg,SUCCESS,96,96,0,0,96,96
s2,d8,frame_0003.jpg,SUCCESS,96,96,0,0,96,96
s2,d8,frame_0004.jpg,SUCCESS,96,96,0,0,96,96
s2,d8,frame_0005.jpg,SUCCESS,96,96,0,0,96,96
s2,d8,frame_0006.jpg,SUCCESS,96,96,0,0,96,96
s2,d8,frame_0007.jpg,SUCCESS,96,96,0,0,96,96
s2,d8,frame_0008.jpg,SUCCESS,96,96,0,0,96,96
s2,d8,frame_0009.jpg,SUCCESS,96,96,0,0,96,96
s2,d8,frame_0010.jpg,SUCCESS,96,96,0,0,96,96
s2,d8,frame_0011.jpg,SUCCESS,96,96,0,0,96,96
s2,d8,frame_0012.jpg,SUCCESS,96,96,0,0,96,96
s2,d8,frame_0013.jpg,SUCCESS,96,96,0,0,96,96
s2,d8,frame_0014.jpg,SUCCESS,96,96,0,0,96,96
s2,d8,frame_0015.jpg,SUCCESS,96,96,0,0,96,96
s2,d8,frame_0016.jpg,SUCCESS,96,96,0,0,96,96
s2,d8,frame_0017.jpg,SUCCESS,96,96,0,0,96,96
s2,d8,frame_0018.jpg,SUCCESS,96,96,0,0,96,96
s2,d8,frame_0019.jpg,SUCCESS,96,96,0,0,96,96
s2,d8,frame_0020.jpg,SUCCESS,96,96,0,0,96,96
s2,d8,frame_0021.jpg,SUCCESS,96,96,0,0,96,96
s2,d8,frame_0022.jpg,SUCCESS,96,96,0,0,96,96
s2,d8,frame_0023.jpg,SUCCESS,96,96,0,0,96,96
s2,d8,frame_0024.jpg,SUCCESS,96,96,0,0,96,96
s2,d8,frame_0025.jpg,SUCCESS,96,96,0,0,96,96
s2,d8,frame_0026.jpg,SUCCESS,96,96,0,0,96,96
s2,d8,frame_0027.jpg,SUCCESS,96,96,0,0,96,96
s2,d8,frame_0028.jpg,SUCCESS,96,96,0,0,96,96
s2,d8,frame_0029.jpg,SUCCESS,96,96,0,0,96,96
s2,d8,frame_0030.jpg,SUCCESS,96,96,0,0,96,96
s2,d8,frame_0031.jpg,SUCCESS,96,96,0,0,96,96
s2,d8,frame_0032.jpg,SUCCESS,96,96,0,0,96,96
s2,d8,frame_0033.jpg,SUCCESS,96,96,0,0,96,96
s2,d8,frame_0034.jpg,SUCCESS,96,96,0,0,96,96
s2,d8,frame_0035.jpg,SUCCESS,96,96,0,0,96,96
s2,d8,frame_0036.jpg,SUCCESS,96,96,0,0,96,96
s2,d8,frame_0037.jpg,SUCCESS,96,96,0,0,96,96
s2,d8,frame_0038.jpg,SUCCESS,96,96,0,0,96,96
s2,d8,frame_0039.jpg,SUCCESS,96,96,0,0,96,96
s2,d9,frame_0001.jpg,SUCCESS,96,96,0,0,96,96
s2,d9,frame_0002.jpg,SUCCESS,96,96,0,0,96,96
s2,d9,frame_0003.jpg,SUCCESS,96,96,0,0,96,96
s2,d9,frame_0004.jpg,SUCCESS,96,96,0,0,96,96
s2,d9,frame_0005.jpg,SUCCESS,96,96,0,0,96,96
s2,d9,frame_0006.jpg,SUCCESS,96,96,0,0,96,96
s2,d9,frame_0007.jpg,SUCCESS,96,96,0,0,96,96
s2,d9,frame_0008.jpg,SUCCESS,96,96,0,0,96,96
s2,d9,frame_0009.jpg,SUCCESS,96,96,0,0,96,96
s2,d9,frame_0010.jpg,SUCCESS,96,96,0,0,96,96
s2,d9,frame_0011.jpg,SUCCESS,96,96,0,0,96,96
s2,d9,frame_0012.jpg,SUCCESS,96,96,0,0,96,96
s2,d9,frame_0013.jpg,SUCCESS,96,96,0,0,96,96
s2,d9,frame_0014.jpg,SUCCESS,96,96,0,0,96,96
s2,d9,frame_0015.jpg,SUCCESS,96,96,0,0,96,96
s2,d9,frame_0016.jpg,SUCCESS,96,96,0,0,96,96
s2,d9,frame_0017.jpg,SUCCESS,96,96,0,0,96,96
s2,d9,frame_0018.jpg,SUCCESS,96,96,0,0,96,96
s2,d9,frame_0019.jpg,SUCCESS,96,96,0,0,96,96
s2,d9,frame_0020.jpg,SUCCESS,96,96,0,0,96,96
s2,d9,frame_0021.jpg,SUCCESS,96,96,0,0,96,96
s2,d9,frame_0022.jpg,SUCCESS,96,96,0,0,96,96
s2,d9,frame_0023.jpg,SUCCESS,96,96,0,0,96,96
s2,d9,frame_0024.jpg,SUCCESS,96,96,0,0,96,96
s2,d9,frame_0025.jpg,SUCCESS,96,96,0,0,96,96
s2,d9,frame_0026.jpg,SUCCESS,96,96,0,0,96,96
s2,d9,frame_0027.jpg,SUCCESS,96,96,0,0,96,96
s2,d9,frame_0028.jpg,SUCCESS,96,96,0,0,96,96
s2,d9,frame_0029.jpg,SUCCESS,96,96,0,0,96,96
s2,d9,frame_0030.jpg,SUCCESS,96,96,0,0,96,96
s2,d9,frame_0031.jpg,SUCCESS,96,96,0,0,96,96
s2,d9,frame_0032.jpg,SUCCESS,96,96,0,0,96,96
s3,d0,frame_0001.jpg,SUCCESS,96,96,0,0,96,96
s3,d0,frame_0002.jpg,SUCCESS,96,96,0,0,96,96
s3,d0,frame_0003.jpg,SUCCESS,96,96,0,0,96,96
s3,d0,frame_0004.jpg,SUCCESS,96,96,0,0,96,96
s3,d0,frame_0005.jpg,SUCCESS,96,96,0,0,96,96
s3,d0,frame_0006.jpg,SUCCESS,96,96,0,0,96,96
s3,d0,frame_0007.jpg,SUCCESS,96,96,0,0,96,96
s3,d0,frame_0008.jpg,SUCCESS,96,96,0,0,96,96
s3,d0,frame_0009.jpg,SUCCESS,96,96,0,0,96,96
s3,d0,frame_0010.jpg,SUCCESS,96,96,0,0,96,96
s3,d0,frame_0011.jpg,SUCCESS,96,96,0,0,96,96
s3,d0,frame_0012.jpg,SUCCESS,96,96,0,0,96,96
s3,d0,frame_0013.jpg,SUCCESS,96,96,0,0,96,96
s3,d0,frame_0014.jpg,SUCCESS,96,96,0,0,96,96
s3,d0,frame_0015.jpg,SUCCESS,96,96,0,0,96,96
s3,d0,frame_0016.jpg,SUCCESS,96,96,0,0,96,96
s3,d0,frame_0017.jpg,SUCCESS,96,96,0,0,96,96
s3,d0,frame_0018.jpg,SUCCESS,96,96,0,0,96,96
s3,d0,frame_0019.jpg,SUCCESS,96,96,0,0,96,96
s3,d0,frame_0020.jpg,SUCCESS,96,96,0,0,96,96
s3,d0,frame_0021.jpg,SUCCESS,96,96,0,0,96,96
s3,d0,frame_0022.jpg,SUCCESS,96,96,0,0,96,96
s3,d0,frame_0023.jpg,SUCCESS,96,96,0,0,96,96
s3,d0,frame_0024.jpg,SUCCESS,96,96,0,0,96,96
s3,d0,frame_0025.jpg,SUCCESS,96,96,0,0,96,96
s3,d0,frame_0026.jpg,SUCCESS,96,96,0,0,96,96
s3,d0,frame_0027.jpg,SUCCESS,96,96,0,0,96,96
s3,d0,frame_0028.jpg,SUCCESS,96,96,0,0,96,96
s3,d0,frame_0029.jpg,SUCCESS,96,96,0,0,96,96
s3,d0,frame_0030.jpg,SUCCESS,96,96,0,0,96,96
s3,d0,frame_0031.jpg,SUCCESS,96,96,0,0,96,96
s3,d0,frame_0032.jpg,SUCCESS,96,96,0,0,96,96
s3,d0,frame_0033.jpg,SUCCESS,96,96,0,0,96,96
s3,d0,frame_0034.jpg,SUCCESS,96,96,0,0,96,96
s3,d0,frame_0035.jpg,SUCCESS,96,96,0,0,96,96
s3,d0,frame_0036.jpg,SUCCESS,96,96,0,0,96,96
s3,d0,frame_0037.jpg,SUCCESS,96,96,0,0,96,96
s3,d0,frame_0038.jpg,SUCCESS,96,96,0,0,96,96
s3,d0,frame_0039.jpg,SUCCESS,96,96,0,0,96,96
s3,d0,frame_0040.jpg,SUCCESS,96,96,0,0,96,96
s3,d0,frame_0041.jpg,SUCCESS,96,96,0,0,96,96
s3,d0,frame_0042.jpg,SUCCESS,96,96,0,0,96,96
s3,d0,frame_0043.jpg,SUCCESS,96,96,0,0,96,96
s3,d0,frame_0044.jpg,SUCCESS,96,96,0,0,96,96
s3,d0,frame_0045.jpg,SUCCESS,96,96,0,0,96,96
s3,d0,frame_0046.jpg,SUCCESS,96,96,0,0,96,96
s3,d0,frame_0047.jpg,SUCCESS,96,96,0,0,96,96
s3,d0,frame_0048.jpg,SUCCESS,96,96,0,0,96,96
s3,d0,frame_0049.jpg,SUCCESS,96,96,0,0,96,96
s3,d0,frame_0050.jpg,SUCCESS,96,96,0,0,96,96
s3,d0,frame_0051.jpg,SUCCESS,96,96,0,0,96,96
s3,d0,frame_0052.jpg,SUCCESS,96,96,0,0,96,96
s3,d0,frame_0053.jpg,SUCCESS,96,96,0,0,96,96
s3,d0,frame_0054.jpg,SUCCESS,96,96,0,0,96,96
s3,d0,frame_0055.jpg,SUCCESS,96,96,0,0,96,96
s3,d0,frame_0056.jpg,SUCCESS,96,96,0,0,96,96
s3,d0,frame_0057.jpg,SUCCESS,96,96,0,0,96,96
s3,d0,frame_0058.jpg,SUCCESS,96,96,0,0,96,96
s3,d0,frame_0059.jpg,SUCCESS,96,96,0,0,96,96
s3,d0,frame_0060.jpg,SUCCESS,96,96,0,0,96,96
s3,d0,frame_0061.jpg,SUCCESS,96,96,0,0,96,96
s3,d0,frame_0062.jpg,SUCCESS,96,96,0,0,96,96
s3,d0,frame_0063.jpg,SUCCESS,96,96,0,0,96,96
s3,d0,frame_0064.jpg,SUCCESS,96,96,0,0,96,96
s3,d0,frame_0065.jpg,SUCCESS,96,96,0,0,96,96
s3,d0,frame_0066.jpg,SUCCESS,96,96,0,0,96,96
s3,d1,frame_0001.jpg,SUCCESS,96,96,0,0,96,96
s3,d1,frame_0002.jpg,SUCCESS,96,96,0,0,96,96
s3,d1,frame_0003.jpg,SUCCESS,96,96,0,0,96,96
s3,d1,frame_0004.jpg,SUCCESS,96,96,0,0,96,96
s3,d1,frame_0005.jpg,SUCCESS,96,96,0,0,96,96
s3,d1,frame_0006.jpg,SUCCESS,96,96,0,0,96,96
s3,d1,frame_0007.jpg,SUCCESS,96,96,0,0,96,96
s3,d1,frame_0008.jpg,SUCCESS,96,96,0,0,96,96
s3,d1,frame_0009.jpg,SUCCESS,96,96,0,0,96,96
s3,d1,frame_0010.jpg,SUCCESS,96,96,0,0,96,96
s3,d1,frame_0011.jpg,SUCCESS,96,96,0,0,96,96
s3,d1,frame_0012.jpg,SUCCESS,96,96,0,0,96,96
s3,d1,frame_0013.jpg,SUCCESS,96,96,0,0,96,96
s3,d1,frame_0014.jpg,SUCCESS,96,96,0,0,96,96
s3,d1,frame_0015.jpg,SUCCESS,96,96,0,0,96,96
s3,d1,frame_0016.jpg,SUCCESS,96,96,0,0,96,96
s3,d1,frame_0017.jpg,SUCCESS,96,96,0,0,96,96
s3,d1,frame_0018.jpg,SUCCESS,96,96,0,0,96,96
s3,d1,frame_0019.jpg,SUCCESS,96,96,0,0,96,96
s3,d1,frame_0020.jpg,SUCCESS,96,96,0,0,96,96
s3,d1,frame_0021.jpg,SUCCESS,96,96,0,0,96,96
s3,d1,frame_0022.jpg,SUCCESS,96,96,0,0,96,96
s3,d1,frame_0023.jpg,SUCCESS,96,96,0,0,96,96
s3,d1,frame_0024.jpg,SUCCESS,96,96,0,0,96,96
s3,d1,frame_0025.jpg,SUCCESS,96,96,0,0,96,96
s3,d1,frame_0026.jpg,SUCCESS,96,96,0,0,96,96
s3,d1,frame_0027.jpg,SUCCESS,96,96,0,0,96,96
s3,d1,frame_0028.jpg,SUCCESS,96,96,0,0,96,96
s3,d1,frame_0029.jpg,SUCCESS,96,96,0,0,96,96
s3,d1,frame_0030.jpg,SUCCESS,96,96,0,0,96,96
s3,d1,frame_0031.jpg,SUCCESS,96,96,0,0,96,96
s3,d10,frame_0001.jpg,SUCCESS,96,96,0,0,96,96
s3,d10,frame_0002.jpg,SUCCESS,96,96,0,0,96,96
s3,d10,frame_0003.jpg,SUCCESS,96,96,0,0,96,96
s3,d10,frame_0004.jpg,SUCCESS,96,96,0,0,96,96
s3,d10,frame_0005.jpg,SUCCESS,96,96,0,0,96,96
s3,d10,frame_0006.jpg,SUCCESS,96,96,0,0,96,96
s3,d10,frame_0007.jpg,SUCCESS,96,96,0,0,96,96
s3,d10,frame_0008.jpg,SUCCESS,96,96,0,0,96,96
s3,d10,frame_0009.jpg,SUCCESS,96,96,0,0,96,96
s3,d10,frame_0010.jpg,SUCCESS,96,96,0,0,96,96
s3,d10,frame_0011.jpg,SUCCESS,96,96,0,0,96,96
s3,d10,frame_0012.jpg,SUCCESS,96,96,0,0,96,96
s3,d10,frame_0013.jpg,SUCCESS,96,96,0,0,96,96
s3,d10,frame_0014.jpg,SUCCESS,96,96,0,0,96,96
s3,d10,frame_0015.jpg,SUCCESS,96,96,0,0,96,96
s3,d10,frame_0016.jpg,SUCCESS,96,96,0,0,96,96
s3,d10,frame_0017.jpg,SUCCESS,96,96,0,0,96,96
s3,d10,frame_0018.jpg,SUCCESS,96,96,0,0,96,96
s3,d10,frame_0019.jpg,SUCCESS,96,96,0,0,96,96
s3,d10,frame_0020.jpg,SUCCESS,96,96,0,0,96,96
s3,d10,frame_0021.jpg,SUCCESS,96,96,0,0,96,96
s3,d10,frame_0022.jpg,SUCCESS,96,96,0,0,96,96
s3,d2,frame_0001.jpg,SUCCESS,96,96,0,0,96,96
s3,d2,frame_0002.jpg,SUCCESS,96,96,0,0,96,96
s3,d2,frame_0003.jpg,SUCCESS,96,96,0,0,96,96
s3,d2,frame_0004.jpg,SUCCESS,96,96,0,0,96,96
s3,d2,frame_0005.jpg,SUCCESS,96,96,0,0,96,96
s3,d2,frame_0006.jpg,SUCCESS,96,96,0,0,96,96
s3,d2,frame_0007.jpg,SUCCESS,96,96,0,0,96,96
s3,d2,frame_0008.jpg,SUCCESS,96,96,0,0,96,96
s3,d2,frame_0009.jpg,SUCCESS,96,96,0,0,96,96
s3,d2,frame_0010.jpg,SUCCESS,96,96,0,0,96,96
s3,d2,frame_0011.jpg,SUCCESS,96,96,0,0,96,96
s3,d2,frame_0012.jpg,SUCCESS,96,96,0,0,96,96
s3,d2,frame_0013.jpg,SUCCESS,96,96,0,0,96,96
s3,d2,frame_0014.jpg,SUCCESS,96,96,0,0,96,96
s3,d2,frame_0015.jpg,SUCCESS,96,96,0,0,96,96
s3,d2,frame_0016.jpg,SUCCESS,96,96,0,0,96,96
s3,d2,frame_0017.jpg,SUCCESS,96,96,0,0,96,96
s3,d2,frame_0018.jpg,SUCCESS,96,96,0,0,96,96
s3,d2,frame_0019.jpg,SUCCESS,96,96,0,0,96,96
s3,d2,frame_0020.jpg,SUCCESS,96,96,0,0,96,96
s3,d2,frame_0021.jpg,SUCCESS,96,96,0,0,96,96
s3,d2,frame_0022.jpg,SUCCESS,96,96,0,0,96,96
s3,d2,frame_0023.jpg,SUCCESS,96,96,0,0,96,96
s3,d2,frame_0024.jpg,SUCCESS,96,96,0,0,96,96
s3,d2,frame_0025.jpg,SUCCESS,96,96,0,0,96,96
s3,d2,frame_0026.jpg,SUCCESS,96,96,0,0,96,96
s3,d2,frame_0027.jpg,SUCCESS,96,96,0,0,96,96
s3,d2,frame_0028.jpg,SUCCESS,96,96,0,0,96,96
s3,d2,frame_0029.jpg,SUCCESS,96,96,0,0,96,96
s3,d2,frame_0030.jpg,SUCCESS,96,96,0,0,96,96
s3,d2,frame_0031.jpg,SUCCESS,96,96,0,0,96,96
s3,d2,frame_0032.jpg,SUCCESS,96,96,0,0,96,96
s3,d3,frame_0001.jpg,SUCCESS,96,96,0,0,96,96
s3,d3,frame_0002.jpg,SUCCESS,96,96,0,0,96,96
s3,d3,frame_0003.jpg,SUCCESS,96,96,0,0,96,96
s3,d3,frame_0004.jpg,SUCCESS,96,96,0,0,96,96
s3,d3,frame_0005.jpg,SUCCESS,96,96,0,0,96,96
s3,d3,frame_0006.jpg,SUCCESS,96,96,0,0,96,96
s3,d3,frame_0007.jpg,SUCCESS,96,96,0,0,96,96
s3,d3,frame_0008.jpg,SUCCESS,96,96,0,0,96,96
s3,d3,frame_0009.jpg,SUCCESS,96,96,0,0,96,96
s3,d3,frame_0010.jpg,SUCCESS,96,96,0,0,96,96
s3,d3,frame_0011.jpg,SUCCESS,96,96,0,0,96,96
s3,d3,frame_0012.jpg,SUCCESS,96,96,0,0,96,96
s3,d3,frame_0013.jpg,SUCCESS,96,96,0,0,96,96
s3,d3,frame_0014.jpg,SUCCESS,96,96,0,0,96,96
s3,d3,frame_0015.jpg,SUCCESS,96,96,0,0,96,96
s3,d3,frame_0016.jpg,SUCCESS,96,96,0,0,96,96
s3,d3,frame_0017.jpg,SUCCESS,96,96,0,0,96,96
s3,d3,frame_0018.jpg,SUCCESS,96,96,0,0,96,96
s3,d3,frame_0019.jpg,SUCCESS,96,96,0,0,96,96
s3,d3,frame_0020.jpg,SUCCESS,96,96,0,0,96,96
s3,d3,frame_0021.jpg,SUCCESS,96,96,0,0,96,96
s3,d3,frame_0022.jpg,SUCCESS,96,96,0,0,96,96
s3,d3,frame_0023.jpg,SUCCESS,96,96,0,0,96,96
s3,d4,frame_0001.jpg,SUCCESS,96,96,0,0,96,96
s3,d4,frame_0002.jpg,SUCCESS,96,96,0,0,96,96
s3,d4,frame_0003.jpg,SUCCESS,96,96,0,0,96,96
s3,d4,frame_0004.jpg,SUCCESS,96,96,0,0,96,96
s3,d4,frame_0005.jpg,SUCCESS,96,96,0,0,96,96
s3,d4,frame_0006.jpg,SUCCESS,96,96,0,0,96,96
s3,d4,frame_0007.jpg,SUCCESS,96,96,0,0,96,96
s3,d4,frame_0008.jpg,SUCCESS,96,96,0,0,96,96
s3,d4,frame_0009.jpg,SUCCESS,96,96,0,0,96,96
s3,d4,frame_0010.jpg,SUCCESS,96,96,0,0,96,96
s3,d4,frame_0011.jpg,SUCCESS,96,96,0,0,96,96
s3,d4,frame_0012.jpg,SUCCESS,96,96,0,0,96,96
s3,d4,frame_0013.jpg,SUCCESS,96,96,0,0,96,96
s3,d4,frame_0014.jpg,SUCCESS,96,96,0,0,96,96
s3,d4,frame_0015.jpg,SUCCESS,96,96,0,0,96,96
s3,d4,frame_0016.jpg,SUCCESS,96,96,0,0,96,96
s3,d4,frame_0017.jpg,SUCCESS,96,96,0,0,96,96
s3,d4,frame_0018.jpg,SUCCESS,96,96,0,0,96,96
s3,d4,frame_0019.jpg,SUCCESS,96,96,0,0,96,96
s3,d4,frame_0020.jpg,SUCCESS,96,96,0,0,96,96
s3,d4,frame_0021.jpg,SUCCESS,96,96,0,0,96,96
s3,d4,frame_0022.jpg,SUCCESS,96,96,0,0,96,96
s3,d4,frame_0023.jpg,SUCCESS,96,96,0,0,96,96
s3,d4,frame_0024.jpg,SUCCESS,96,96,0,0,96,96
s3,d4,frame_0025.jpg,SUCCESS,96,96,0,0,96,96
s3,d4,frame_0026.jpg,SUCCESS,96,96,0,0,96,96
s3,d4,frame_0027.jpg,SUCCESS,96,96,0,0,96,96
s3,d4,frame_0028.jpg,SUCCESS,96,96,0,0,96,96
s3,d4,frame_0029.jpg,SUCCESS,96,96,0,0,96,96
s3,d4,frame_0030.jpg,SUCCESS,96,96,0,0,96,96
s3,d4,frame_0031.jpg,SUCCESS,96,96,0,0,96,96
s3,d4,frame_0032.jpg,SUCCESS,96,96,0,0,96,96
s3,d4,frame_0033.jpg,SUCCESS,96,96,0,0,96,96
s3,d4,frame_0034.jpg,SUCCESS,96,96,0,0,96,96
s3,d4,frame_0035.jpg,SUCCESS,96,96,0,0,96,96
s3,d4,frame_0036.jpg,SUCCESS,96,96,0,0,96,96
s3,d4,frame_0037.jpg,SUCCESS,96,96,0,0,96,96
s3,d5,frame_0001.jpg,SUCCESS,96,96,0,0,96,96
s3,d5,frame_0002.jpg,SUCCESS,96,96,0,0,96,96
s3,d5,frame_0003.jpg,SUCCESS,96,96,0,0,96,96
s3,d5,frame_0004.jpg,SUCCESS,96,96,0,0,96,96
s3,d5,frame_0005.jpg,SUCCESS,96,96,0,0,96,96
s3,d5,frame_0006.jpg,SUCCESS,96,96,0,0,96,96
s3,d5,frame_0007.jpg,SUCCESS,96,96,0,0,96,96
s3,d5,frame_0008.jpg,SUCCESS,96,96,0,0,96,96
s3,d5,frame_0009.jpg,SUCCESS,96,96,0,0,96,96
s3,d5,frame_0010.jpg,SUCCESS,96,96,0,0,96,96
s3,d5,frame_0011.jpg,SUCCESS,96,96,0,0,96,96
s3,d5,frame_0012.jpg,SUCCESS,96,96,0,0,96,96
s3,d5,frame_0013.jpg,SUCCESS,96,96,0,0,96,96
s3,d5,frame_0014.jpg,SUCCESS,96,96,0,0,96,96
s3,d5,frame_0015.jpg,SUCCESS,96,96,0,0,96,96
s3,d5,frame_0016.jpg,SUCCESS,96,96,0,0,96,96
s3,d5,frame_0017.jpg,SUCCESS,96,96,0,0,96,96
s3,d5,frame_0018.jpg,SUCCESS,96,96,0,0,96,96
s3,d5,frame_0019.jpg,SUCCESS,96,96,0,0,96,96
s3,d5,frame_0020.jpg,SUCCESS,96,96,0,0,96,96
s3,d5,frame_0021.jpg,SUCCESS,96,96,0,0,96,96
s3,d5,frame_0022.jpg,SUCCESS,96,96,0,0,96,96
s3,d5,frame_0023.jpg,SUCCESS,96,96,0,0,96,96
s3,d5,frame_0024.jpg,SUCCESS,96,96,0,0,96,96
s3,d5,frame_0025.jpg,SUCCESS,96,96,0,0,96,96
s3,d5,frame_0026.jpg,SUCCESS,96,96,0,0,96,96
s3,d5,frame_0027.jpg,SUCCESS,96,96,0,0,96,96
s3,d5,frame_0028.jpg,SUCCESS,96,96,0,0,96,96
s3,d5,frame_0029.jpg,SUCCESS,96,96,0,0,96,96
s3,d5,frame_0030.jpg,SUCCESS,96,96,0,0,96,96
s3,d5,frame_0031.jpg,SUCCESS,96,96,0,0,96,96
s3,d6,frame_0001.jpg,SUCCESS,96,96,0,0,96,96
s3,d6,frame_0002.jpg,SUCCESS,96,96,0,0,96,96
s3,d6,frame_0003.jpg,SUCCESS,96,96,0,0,96,96
s3,d6,frame_0004.jpg,SUCCESS,96,96,0,0,96,96
s3,d6,frame_0005.jpg,SUCCESS,96,96,0,0,96,96
s3,d6,frame_0006.jpg,SUCCESS,96,96,0,0,96,96
s3,d6,frame_0007.jpg,SUCCESS,96,96,0,0,96,96
s3,d6,frame_0008.jpg,SUCCESS,96,96,0,0,96,96
s3,d6,frame_0009.jpg,SUCCESS,96,96,0,0,96,96
s3,d6,frame_0010.jpg,SUCCESS,96,96,0,0,96,96
s3,d6,frame_0011.jpg,SUCCESS,96,96,0,0,96,96
s3,d6,frame_0012.jpg,SUCCESS,96,96,0,0,96,96
s3,d6,frame_0013.jpg,SUCCESS,96,96,0,0,96,96
s3,d6,frame_0014.jpg,SUCCESS,96,96,0,0,96,96
s3,d6,frame_0015.jpg,SUCCESS,96,96,0,0,96,96
s3,d6,frame_0016.jpg,SUCCESS,96,96,0,0,96,96
s3,d6,frame_0017.jpg,SUCCESS,96,96,0,0,96,96
s3,d6,frame_0018.jpg,SUCCESS,96,96,0,0,96,96
s3,d6,frame_0019.jpg,SUCCESS,96,96,0,0,96,96
s3,d6,frame_0020.jpg,SUCCESS,96,96,0,0,96,96
s3,d6,frame_0021.jpg,SUCCESS,96,96,0,0,96,96
s3,d6,frame_0022.jpg,SUCCESS,96,96,0,0,96,96
s3,d6,frame_0023.jpg,SUCCESS,96,96,0,0,96,96
s3,d6,frame_0024.jpg,SUCCESS,96,96,0,0,96,96
s3,d6,frame_0025.jpg,SUCCESS,96,96,0,0,96,96
s3,d6,frame_0026.jpg,SUCCESS,96,96,0,0,96,96
s3,d6,frame_0027.jpg,SUCCESS,96,96,0,0,96,96
s3,d6,frame_0028.jpg,SUCCESS,96,96,0,0,96,96
s3,d6,frame_0029.jpg,SUCCESS,96,96,0,0,96,96
s3,d6,frame_0030.jpg,SUCCESS,96,96,0,0,96,96
s3,d7,frame_0001.jpg,SUCCESS,96,96,0,0,96,96
s3,d7,frame_0002.jpg,SUCCESS,96,96,0,0,96,96
s3,d7,frame_0003.jpg,SUCCESS,96,96,0,0,96,96
s3,d7,frame_0004.jpg,SUCCESS,96,96,0,0,96,96
s3,d7,frame_0005.jpg,SUCCESS,96,96,0,0,96,96
s3,d7,frame_0006.jpg,SUCCESS,96,96,0,0,96,96
s3,d7,frame_0007.jpg,SUCCESS,96,96,0,0,96,96
s3,d7,frame_0008.jpg,SUCCESS,96,96,0,0,96,96
s3,d7,frame_0009.jpg,SUCCESS,96,96,0,0,96,96
s3,d7,frame_0010.jpg,SUCCESS,96,96,0,0,96,96
s3,d7,frame_0011.jpg,SUCCESS,96,96,0,0,96,96
s3,d7,frame_0012.jpg,SUCCESS,96,96,0,0,96,96
s3,d7,frame_0013.jpg,SUCCESS,96,96,0,0,96,96
s3,d7,frame_0014.jpg,SUCCESS,96,96,0,0,96,96
s3,d7,frame_0015.jpg,SUCCESS,96,96,0,0,96,96
s3,d7,frame_0016.jpg,SUCCESS,96,96,0,0,96,96
s3,d7,frame_0017.jpg,SUCCESS,96,96,0,0,96,96
s3,d7,frame_0018.jpg,SUCCESS,96,96,0,0,96,96
s3,d7,frame_0019.jpg,SUCCESS,96,96,0,0,96,96
s3,d7,frame_0020.jpg,SUCCESS,96,96,0,0,96,96
s3,d7,frame_0021.jpg,SUCCESS,96,96,0,0,96,96
s3,d7,frame_0022.jpg,SUCCESS,96,96,0,0,96,96
s3,d7,frame_0023.jpg,SUCCESS,96,96,0,0,96,96
s3,d7,frame_0024.jpg,SUCCESS,96,96,0,0,96,96
s3,d7,frame_0025.jpg,SUCCESS,96,96,0,0,96,96
s3,d7,frame_0026.jpg,SUCCESS,96,96,0,0,96,96
s3,d7,frame_0027.jpg,SUCCESS,96,96,0,0,96,96
s3,d7,frame_0028.jpg,SUCCESS,96,96,0,0,96,96
s3,d7,frame_0029.jpg,SUCCESS,96,96,0,0,96,96
s3,d7,frame_0030.jpg,SUCCESS,96,96,0,0,96,96
s3,d7,frame_0031.jpg,SUCCESS,96,96,0,0,96,96
s3,d7,frame_0032.jpg,SUCCESS,96,96,0,0,96,96
s3,d7,frame_0033.jpg,SUCCESS,96,96,0,0,96,96
s3,d7,frame_0034.jpg,SUCCESS,96,96,0,0,96,96
s3,d7,frame_0035.jpg,SUCCESS,96,96,0,0,96,96
s3,d7,frame_0036.jpg,SUCCESS,96,96,0,0,96,96
s3,d8,frame_0001.jpg,SUCCESS,96,96,0,0,96,96
s3,d8,frame_0002.jpg,SUCCESS,96,96,0,0,96,96
s3,d8,frame_0003.jpg,SUCCESS,96,96,0,0,96,96
s3,d8,frame_0004.jpg,SUCCESS,96,96,0,0,96,96
s3,d8,frame_0005.jpg,SUCCESS,96,96,0,0,96,96
s3,d8,frame_0006.jpg,SUCCESS,96,96,0,0,96,96
s3,d8,frame_0007.jpg,SUCCESS,96,96,0,0,96,96
s3,d8,frame_0008.jpg,SUCCESS,96,96,0,0,96,96
s3,d8,frame_0009.jpg,SUCCESS,96,96,0,0,96,96
s3,d8,frame_0010.jpg,SUCCESS,96,96,0,0,96,96
s3,d8,frame_0011.jpg,SUCCESS,96,96,0,0,96,96
s3,d8,frame_0012.jpg,SUCCESS,96,96,0,0,96,96
s3,d8,frame_0013.jpg,SUCCESS,96,96,0,0,96,96
s3,d8,frame_0014.jpg,SUCCESS,96,96,0,0,96,96
s3,d8,frame_0015.jpg,SUCCESS,96,96,0,0,96,96
s3,d8,frame_0016.jpg,SUCCESS,96,96,0,0,96,96
s3,d8,frame_0017.jpg,SUCCESS,96,96,0,0,96,96
s3,d8,frame_0018.jpg,SUCCESS,96,96,0,0,96,96
s3,d8,frame_0019.jpg,SUCCESS,96,96,0,0,96,96
s3,d8,frame_0020.jpg,SUCCESS,96,96,0,0,96,96
s3,d8,frame_0021.jpg,SUCCESS,96,96,0,0,96,96
s3,d8,frame_0022.jpg,SUCCESS,96,96,0,0,96,96
s3,d8,frame_0023.jpg,SUCCESS,96,96,0,0,96,96
s3,d8,frame_0024.jpg,SUCCESS,96,96,0,0,96,96
s3,d8,frame_0025.jpg,SUCCESS,96,96,0,0,96,96
s3,d9,frame_0001.jpg,SUCCESS,96,96,0,0,96,96
s3,d9,frame_0002.jpg,SUCCESS,96,96,0,0,96,96
s3,d9,frame_0003.jpg,SUCCESS,96,96,0,0,96,96
s3,d9,frame_0004.jpg,SUCCESS,96,96,0,0,96,96
s3,d9,frame_0005.jpg,SUCCESS,96,96,0,0,96,96
s3,d9,frame_0006.jpg,SUCCESS,96,96,0,0,96,96
s3,d9,frame_0007.jpg,SUCCESS,96,96,0,0,96,96
s3,d9,frame_0008.jpg,SUCCESS,96,96,0,0,96,96
s3,d9,frame_0009.jpg,SUCCESS,96,96,0,0,96,96
s3,d9,frame_0010.jpg,SUCCESS,96,96,0,0,96,96
s3,d9,frame_0011.jpg,SUCCESS,96,96,0,0,96,96
s3,d9,frame_0012.jpg,SUCCESS,96,96,0,0,96,96
s3,d9,frame_0013.jpg,SUCCESS,96,96,0,0,96,96
s3,d9,frame_0014.jpg,SUCCESS,96,96,0,0,96,96
s3,d9,frame_0015.jpg,SUCCESS,96,96,0,0,96,96
s3,d9,frame_0016.jpg,SUCCESS,96,96,0,0,96,96
s3,d9,frame_0017.jpg,SUCCESS,96,96,0,0,96,96
s3,d9,frame_0018.jpg,SUCCESS,96,96,0,0,96,96
s3,d9,frame_0019.jpg,SUCCESS,96,96,0,0,96,96
s3,d9,frame_0020.jpg,SUCCESS,96,96,0,0,96,96
s3,d9,frame_0021.jpg,SUCCESS,96,96,0,0,96,96
s3,d9,frame_0022.jpg,SUCCESS,96,96,0,0,96,96
s3,d9,frame_0023.jpg,SUCCESS,96,96,0,0,96,96
s3,d9,frame_0024.jpg,SUCCESS,96,96,0,0,96,96
s3,d9,frame_0025.jpg,SUCCESS,96,96,0,0,96,96
s3,d9,frame_0026.jpg,SUCCESS,96,96,0,0,96,96
s3,d9,frame_0027.jpg,SUCCESS,96,96,0,0,96,96
s3,d9,frame_0028.jpg,SUCCESS,96,96,0,0,96,96
s3,d9,frame_0029.jpg,SUCCESS,96,96,0,0,96,96
s3,d9,frame_0030.jpg,SUCCESS,96,96,0,0,96,96
s3,d9,frame_0031.jpg,SUCCESS,96,96,0,0,96,96
s3,d9,frame_0032.jpg,SUCCESS,96,96,0,0,96,96
s3,d9,frame_0033.jpg,SUCCESS,96,96,0,0,96,96
s3,d9,frame_0034.jpg,SUCCESS,96,96,0,0,96,96
s3,d9,frame_0035.jpg,SUCCESS,96,96,0,0,96,96
s3,d9,frame_0036.jpg,SUCCESS,96,96,0,0,96,96
s3,d9,frame_0037.jpg,SUCCESS,96,96,0,0,96,96
s3,d9,frame_0038.jpg,SUCCESS,96,96,0,0,96,96
s3,d9,frame_0039.jpg,SUCCESS,96,96,0,0,96,96
s3,d9,frame_0040.jpg,SUCCESS,96,96,0,0,96,96
s3,d9,frame_0041.jpg,SUCCESS,96,96,0,0,96,96
s3,d9,frame_0042.jpg,SUCCESS,96,96,0,0,96,96
s3,d9,frame_0043.jpg,SUCCESS,96,96,0,0,96,96
s3,d9,frame_0044.jpg,SUCCESS,96,96,0,0,96,96
s4,d0,frame_0001.jpg,SUCCESS,96,96,0,0,96,96
s4,d0,frame_0002.jpg,SUCCESS,96,96,0,0,96,96
s4,d0,frame_0003.jpg,SUCCESS,96,96,0,0,96,96
s4,d0,frame_0004.jpg,SUCCESS,96,96,0,0,96,96
s4,d0,frame_0005.jpg,SUCCESS,96,96,0,0,96,96
s4,d0,frame_0006.jpg,SUCCESS,96,96,0,0,96,96
s4,d0,frame_0007.jpg,SUCCESS,96,96,0,0,96,96
s4,d0,frame_0008.jpg,SUCCESS,96,96,0,0,96,96
s4,d0,frame_0009.jpg,SUCCESS,96,96,0,0,96,96
s4,d0,frame_0010.jpg,SUCCESS,96,96,0,0,96,96
s4,d0,frame_0011.jpg,SUCCESS,96,96,0,0,96,96
s4,d0,frame_0012.jpg,SUCCESS,96,96,0,0,96,96
s4,d0,frame_0013.jpg,SUCCESS,96,96,0,0,96,96
s4,d0,frame_0014.jpg,SUCCESS,96,96,0,0,96,96
s4,d0,frame_0015.jpg,SUCCESS,96,96,0,0,96,96
s4,d0,frame_0016.jpg,SUCCESS,96,96,0,0,96,96
s4,d0,frame_0017.jpg,SUCCESS,96,96,0,0,96,96
s4,d0,frame_0018.jpg,SUCCESS,96,96,0,0,96,96
s4,d0,frame_0019.jpg,SUCCESS,96,96,0,0,96,96
s4,d0,frame_0020.jpg,SUCCESS,96,96,0,0,96,96
s4,d0,frame_0021.jpg,SUCCESS,96,96,0,0,96,96
s4,d0,frame_0022.jpg,SUCCESS,96,96,0,0,96,96
s4,d0,frame_0023.jpg,SUCCESS,96,96,0,0,96,96
s4,d0,frame_0024.jpg,SUCCESS,96,96,0,0,96,96
s4,d0,frame_0025.jpg,SUCCESS,96,96,0,0,96,96
s4,d0,frame_0026.jpg,SUCCESS,96,96,0,0,96,96
s4,d0,frame_0027.jpg,SUCCESS,96,96,0,0,96,96
s4,d0,frame_0028.jpg,SUCCESS,96,96,0,0,96,96
s4,d0,frame_0029.jpg,SUCCESS,96,96,0,0,96,96
s4,d0,frame_0030.jpg,SUCCESS,96,96,0,0,96,96
s4,d0,frame_0031.jpg,SUCCESS,96,96,0,0,96,96
s4,d1,frame_0001.jpg,SUCCESS,96,96,0,0,96,96
s4,d1,frame_0002.jpg,SUCCESS,96,96,0,0,96,96
s4,d1,frame_0003.jpg,SUCCESS,96,96,0,0,96,96
s4,d1,frame_0004.jpg,SUCCESS,96,96,0,0,96,96
s4,d1,frame_0005.jpg,SUCCESS,96,96,0,0,96,96
s4,d1,frame_0006.jpg,SUCCESS,96,96,0,0,96,96
s4,d1,frame_0007.jpg,SUCCESS,96,96,0,0,96,96
s4,d1,frame_0008.jpg,SUCCESS,96,96,0,0,96,96
s4,d1,frame_0009.jpg,SUCCESS,96,96,0,0,96,96
s4,d1,frame_0010.jpg,SUCCESS,96,96,0,0,96,96
s4,d1,frame_0011.jpg,SUCCESS,96,96,0,0,96,96
s4,d1,frame_0012.jpg,SUCCESS,96,96,0,0,96,96
s4,d1,frame_0013.jpg,SUCCESS,96,96,0,0,96,96
s4,d1,frame_0014.jpg,SUCCESS,96,96,0,0,96,96
s4,d1,frame_0015.jpg,SUCCESS,96,96,0,0,96,96
s4,d1,frame_0016.jpg,SUCCESS,96,96,0,0,96,96
s4,d1,frame_0017.jpg,SUCCESS,96,96,0,0,96,96
s4,d1,frame_0018.jpg,SUCCESS,96,96,0,0,96,96
s4,d1,frame_0019.jpg,SUCCESS,96,96,0,0,96,96
s4,d1,frame_0020.jpg,SUCCESS,96,96,0,0,96,96
s4,d1,frame_0021.jpg,SUCCESS,96,96,0,0,96,96
s4,d1,frame_0022.jpg,SUCCESS,96,96,0,0,96,96
s4,d1,frame_0023.jpg,SUCCESS,96,96,0,0,96,96
s4,d1,frame_0024.jpg,SUCCESS,96,96,0,0,96,96
s4,d1,frame_0025.jpg,SUCCESS,96,96,0,0,96,96
s4,d1,frame_0026.jpg,SUCCESS,96,96,0,0,96,96
s4,d1,frame_0027.jpg,SUCCESS,96,96,0,0,96,96
s4,d1,frame_0028.jpg,SUCCESS,96,96,0,0,96,96
s4,d1,frame_0029.jpg,SUCCESS,96,96,0,0,96,96
s4,d1,frame_0030.jpg,SUCCESS,96,96,0,0,96,96
s4,d1,frame_0031.jpg,SUCCESS,96,96,0,0,96,96
s4,d1,frame_0032.jpg,SUCCESS,96,96,0,0,96,96
s4,d1,frame_0033.jpg,SUCCESS,96,96,0,0,96,96
s4,d1,frame_0034.jpg,SUCCESS,96,96,0,0,96,96
s4,d1,frame_0035.jpg,SUCCESS,96,96,0,0,96,96
s4,d1,frame_0036.jpg,SUCCESS,96,96,0,0,96,96
s4,d1,frame_0037.jpg,SUCCESS,96,96,0,0,96,96
s4,d10,frame_0001.jpg,SUCCESS,96,96,0,0,96,96
s4,d10,frame_0002.jpg,SUCCESS,96,96,0,0,96,96
s4,d10,frame_0003.jpg,SUCCESS,96,96,0,0,96,96
s4,d10,frame_0004.jpg,SUCCESS,96,96,0,0,96,96
s4,d10,frame_0005.jpg,SUCCESS,96,96,0,0,96,96
s4,d10,frame_0006.jpg,SUCCESS,96,96,0,0,96,96
s4,d10,frame_0007.jpg,SUCCESS,96,96,0,0,96,96
s4,d10,frame_0008.jpg,SUCCESS,96,96,0,0,96,96
s4,d10,frame_0009.jpg,SUCCESS,96,96,0,0,96,96
s4,d10,frame_0010.jpg,SUCCESS,96,96,0,0,96,96
s4,d10,frame_0011.jpg,SUCCESS,96,96,0,0,96,96
s4,d10,frame_0012.jpg,SUCCESS,96,96,0,0,96,96
s4,d10,frame_0013.jpg,SUCCESS,96,96,0,0,96,96
s4,d10,frame_0014.jpg,SUCCESS,96,96,0,0,96,96
s4,d10,frame_0015.jpg,SUCCESS,96,96,0,0,96,96
s4,d10,frame_0016.jpg,SUCCESS,96,96,0,0,96,96
s4,d10,frame_0017.jpg,SUCCESS,96,96,0,0,96,96
s4,d10,frame_0018.jpg,SUCCESS,96,96,0,0,96,96
s4,d10,frame_0019.jpg,SUCCESS,96,96,0,0,96,96
s4,d10,frame_0020.jpg,SUCCESS,96,96,0,0,96,96
s4,d10,frame_0021.jpg,SUCCESS,96,96,0,0,96,96
s4,d10,frame_0022.jpg,SUCCESS,96,96,0,0,96,96
s4,d10,frame_0023.jpg,SUCCESS,96,96,0,0,96,96
s4,d10,frame_0024.jpg,SUCCESS,96,96,0,0,96,96
s4,d10,frame_0025.jpg,SUCCESS,96,96,0,0,96,96
s4,d10,frame_0026.jpg,SUCCESS,96,96,0,0,96,96
s4,d10,frame_0027.jpg,SUCCESS,96,96,0,0,96,96
s4,d10,frame_0028.jpg,SUCCESS,96,96,0,0,96,96
s4,d10,frame_0029.jpg,SUCCESS,96,96,0,0,96,96
s4,d10,frame_0030.jpg,SUCCESS,96,96,0,0,96,96
s4,d10,frame_0031.jpg,SUCCESS,96,96,0,0,96,96
s4,d10,frame_0032.jpg,SUCCESS,96,96,0,0,96,96
s4,d10,frame_0033.jpg,SUCCESS,96,96,0,0,96,96
s4,d10,frame_0034.jpg,SUCCESS,96,96,0,0,96,96
s4,d10,frame_0035.jpg,SUCCESS,96,96,0,0,96,96
s4,d10,frame_0036.jpg,SUCCESS,96,96,0,0,96,96
s4,d10,frame_0037.jpg,SUCCESS,96,96,0,0,96,96
s4,d10,frame_0038.jpg,SUCCESS,96,96,0,0,96,96
s4,d10,frame_0039.jpg,SUCCESS,96,96,0,0,96,96
s4,d10,frame_0040.jpg,SUCCESS,96,96,0,0,96,96
s4,d10,frame_0041.jpg,SUCCESS,96,96,0,0,96,96
s4,d10,frame_0042.jpg,SUCCESS,96,96,0,0,96,96
s4,d10,frame_0043.jpg,SUCCESS,96,96,0,0,96,96
s4,d10,frame_0044.jpg,SUCCESS,96,96,0,0,96,96
s4,d10,frame_0045.jpg,SUCCESS,96,96,0,0,96,96
s4,d10,frame_0046.jpg,SUCCESS,96,96,0,0,96,96
s4,d10,frame_0047.jpg,SUCCESS,96,96,0,0,96,96
s4,d10,frame_0048.jpg,SUCCESS,96,96,0,0,96,96
s4,d10,frame_0049.jpg,SUCCESS,96,96,0,0,96,96
s4,d10,frame_0050.jpg,SUCCESS,96,96,0,0,96,96
s4,d10,frame_0051.jpg,SUCCESS,96,96,0,0,96,96
s4,d10,frame_0052.jpg,SUCCESS,96,96,0,0,96,96
s4,d10,frame_0053.jpg,SUCCESS,96,96,0,0,96,96
s4,d10,frame_0054.jpg,SUCCESS,96,96,0,0,96,96
s4,d10,frame_0055.jpg,SUCCESS,96,96,0,0,96,96
s4,d10,frame_0056.jpg,SUCCESS,96,96,0,0,96,96
s4,d2,frame_0001.jpg,SUCCESS,96,96,0,0,96,96
s4,d2,frame_0002.jpg,SUCCESS,96,96,0,0,96,96
s4,d2,frame_0003.jpg,SUCCESS,96,96,0,0,96,96
s4,d2,frame_0004.jpg,SUCCESS,96,96,0,0,96,96
s4,d2,frame_0005.jpg,SUCCESS,96,96,0,0,96,96
s4,d2,frame_0006.jpg,SUCCESS,96,96,0,0,96,96
s4,d2,frame_0007.jpg,SUCCESS,96,96,0,0,96,96
s4,d2,frame_0008.jpg,SUCCESS,96,96,0,0,96,96
s4,d2,frame_0009.jpg,SUCCESS,96,96,0,0,96,96
s4,d2,frame_0010.jpg,SUCCESS,96,96,0,0,96,96
s4,d2,frame_0011.jpg,SUCCESS,96,96,0,0,96,96
s4,d2,frame_0012.jpg,SUCCESS,96,96,0,0,96,96
s4,d2,frame_0013.jpg,SUCCESS,96,96,0,0,96,96
s4,d2,frame_0014.jpg,SUCCESS,96,96,0,0,96,96
s4,d2,frame_0015.jpg,SUCCESS,96,96,0,0,96,96
s4,d2,frame_0016.jpg,SUCCESS,96,96,0,0,96,96
s4,d2,frame_0017.jpg,SUCCESS,96,96,0,0,96,96
s4,d2,frame_0018.jpg,SUCCESS,96,96,0,0,96,96
s4,d2,frame_0019.jpg,SUCCESS,96,96,0,0,96,96
s4,d2,frame_0020.jpg,SUCCESS,96,96,0,0,96,96
s4,d2,frame_0021.jpg,SUCCESS,96,96,0,0,96,96
s4,d2,frame_0022.jpg,SUCCESS,96,96,0,0,96,96
s4,d2,frame_0023.jpg,SUCCESS,96,96,0,0,96,96
s4,d2,frame_0024.jpg,SUCCESS,96,96,0,0,96,96
s4,d2,frame_0025.jpg,SUCCESS,96,96,0,0,96,96
s4,d2,frame_0026.jpg,SUCCESS,96,96,0,0,96,96
s4,d2,frame_0027.jpg,SUCCESS,96,96,0,0,96,96
s4,d2,frame_0028.jpg,SUCCESS,96,96,0,0,96,96
s4,d2,frame_0029.jpg,SUCCESS,96,96,0,0,96,96
s4,d2,frame_0030.jpg,SUCCESS,96,96,0,0,96,96
s4,d2,frame_0031.jpg,SUCCESS,96,96,0,0,96,96
s4,d2,frame_0032.jpg,SUCCESS,96,96,0,0,96,96
s4,d2,frame_0033.jpg,SUCCESS,96,96,0,0,96,96
s4,d2,frame_0034.jpg,SUCCESS,96,96,0,0,96,96
s4,d2,frame_0035.jpg,SUCCESS,96,96,0,0,96,96
s4,d2,frame_0036.jpg,SUCCESS,96,96,0,0,96,96
s4,d2,frame_0037.jpg,SUCCESS,96,96,0,0,96,96
s4,d2,frame_0038.jpg,SUCCESS,96,96,0,0,96,96
s4,d3,frame_0001.jpg,SUCCESS,96,96,0,0,96,96
s4,d3,frame_0002.jpg,SUCCESS,96,96,0,0,96,96
s4,d3,frame_0003.jpg,SUCCESS,96,96,0,0,96,96
s4,d3,frame_0004.jpg,SUCCESS,96,96,0,0,96,96
s4,d3,frame_0005.jpg,SUCCESS,96,96,0,0,96,96
s4,d3,frame_0006.jpg,SUCCESS,96,96,0,0,96,96
s4,d3,frame_0007.jpg,SUCCESS,96,96,0,0,96,96
s4,d3,frame_0008.jpg,SUCCESS,96,96,0,0,96,96
s4,d3,frame_0009.jpg,SUCCESS,96,96,0,0,96,96
s4,d3,frame_0010.jpg,SUCCESS,96,96,0,0,96,96
s4,d3,frame_0011.jpg,SUCCESS,96,96,0,0,96,96
s4,d3,frame_0012.jpg,SUCCESS,96,96,0,0,96,96
s4,d3,frame_0013.jpg,SUCCESS,96,96,0,0,96,96
s4,d3,frame_0014.jpg,SUCCESS,96,96,0,0,96,96
s4,d3,frame_0015.jpg,SUCCESS,96,96,0,0,96,96
s4,d3,frame_0016.jpg,SUCCESS,96,96,0,0,96,96
s4,d3,frame_0017.jpg,SUCCESS,96,96,0,0,96,96
s4,d3,frame_0018.jpg,SUCCESS,96,96,0,0,96,96
s4,d3,frame_0019.jpg,SUCCESS,96,96,0,0,96,96
s4,d3,frame_0020.jpg,SUCCESS,96,96,0,0,96,96
s4,d3,frame_0021.jpg,SUCCESS,96,96,0,0,96,96
s4,d3,frame_0022.jpg,SUCCESS,96,96,0,0,96,96
s4,d3,frame_0023.jpg,SUCCESS,96,96,0,0,96,96
s4,d3,frame_0024.jpg,SUCCESS,96,96,0,0,96,96
s4,d3,frame_0025.jpg,SUCCESS,96,96,0,0,96,96
s4,d3,frame_0026.jpg,SUCCESS,96,96,0,0,96,96
s4,d3,frame_0027.jpg,SUCCESS,96,96,0,0,96,96
s4,d3,frame_0028.jpg,SUCCESS,96,96,0,0,96,96
s4,d3,frame_0029.jpg,SUCCESS,96,96,0,0,96,96
s4,d3,frame_0030.jpg,SUCCESS,96,96,0,0,96,96
s4,d3,frame_0031.jpg,SUCCESS,96,96,0,0,96,96
s4,d3,frame_0032.jpg,SUCCESS,96,96,0,0,96,96
s4,d3,frame_0033.jpg,SUCCESS,96,96,0,0,96,96
s4,d3,frame_0034.jpg,SUCCESS,96,96,0,0,96,96
s4,d3,frame_0035.jpg,SUCCESS,96,96,0,0,96,96
s4,d4,frame_0001.jpg,SUCCESS,96,96,0,0,96,96
s4,d4,frame_0002.jpg,SUCCESS,96,96,0,0,96,96
s4,d4,frame_0003.jpg,SUCCESS,96,96,0,0,96,96
s4,d4,frame_0004.jpg,SUCCESS,96,96,0,0,96,96
s4,d4,frame_0005.jpg,SUCCESS,96,96,0,0,96,96
s4,d4,frame_0006.jpg,SUCCESS,96,96,0,0,96,96
s4,d4,frame_0007.jpg,SUCCESS,96,96,0,0,96,96
s4,d4,frame_0008.jpg,SUCCESS,96,96,0,0,96,96
s4,d4,frame_0009.jpg,SUCCESS,96,96,0,0,96,96
s4,d4,frame_0010.jpg,SUCCESS,96,96,0,0,96,96
s4,d4,frame_0011.jpg,SUCCESS,96,96,0,0,96,96
s4,d4,frame_0012.jpg,SUCCESS,96,96,0,0,96,96
s4,d4,frame_0013.jpg,SUCCESS,96,96,0,0,96,96
s4,d4,frame_0014.jpg,SUCCESS,96,96,0,0,96,96
s4,d4,frame_0015.jpg,SUCCESS,96,96,0,0,96,96
s4,d4,frame_0016.jpg,SUCCESS,96,96,0,0,96,96
s4,d4,frame_0017.jpg,SUCCESS,96,96,0,0,96,96
s4,d4,frame_0018.jpg,SUCCESS,96,96,0,0,96,96
s4,d4,frame_0019.jpg,SUCCESS,96,96,0,0,96,96
s4,d4,frame_0020.jpg,SUCCESS,96,96,0,0,96,96
s4,d4,frame_0021.jpg,SUCCESS,96,96,0,0,96,96
s4,d4,frame_0022.jpg,SUCCESS,96,96,0,0,96,96
s4,d4,frame_0023.jpg,SUCCESS,96,96,0,0,96,96
s4,d4,frame_0024.jpg,SUCCESS,96,96,0,0,96,96
s4,d4,frame_0025.jpg,SUCCESS,96,96,0,0,96,96
s4,d4,frame_0026.jpg,SUCCESS,96,96,0,0,96,96
s4,d4,frame_0027.jpg,SUCCESS,96,96,0,0,96,96
s4,d4,frame_0028.jpg,SUCCESS,96,96,0,0,96,96
s4,d4,frame_0029.jpg,SUCCESS,96,96,0,0,96,96
s4,d4,frame_0030.jpg,SUCCESS,96,96,0,0,96,96
s4,d4,frame_0031.jpg,SUCCESS,96,96,0,0,96,96
s4,d4,frame_0032.jpg,SUCCESS,96,96,0,0,96,96
s4,d4,frame_0033.jpg,SUCCESS,96,96,0,0,96,96
s4,d4,frame_0034.jpg,SUCCESS,96,96,0,0,96,96
s4,d4,frame_0035.jpg,SUCCESS,96,96,0,0,96,96
s4,d4,frame_0036.jpg,SUCCESS,96,96,0,0,96,96
s4,d5,frame_0001.jpg,SUCCESS,96,96,0,0,96,96
s4,d5,frame_0002.jpg,SUCCESS,96,96,0,0,96,96
s4,d5,frame_0003.jpg,SUCCESS,96,96,0,0,96,96
s4,d5,frame_0004.jpg,SUCCESS,96,96,0,0,96,96
s4,d5,frame_0005.jpg,SUCCESS,96,96,0,0,96,96
s4,d5,frame_0006.jpg,SUCCESS,96,96,0,0,96,96
s4,d5,frame_0007.jpg,SUCCESS,96,96,0,0,96,96
s4,d5,frame_0008.jpg,SUCCESS,96,96,0,0,96,96
s4,d5,frame_0009.jpg,SUCCESS,96,96,0,0,96,96
s4,d5,frame_0010.jpg,SUCCESS,96,96,0,0,96,96
s4,d5,frame_0011.jpg,SUCCESS,96,96,0,0,96,96
s4,d5,frame_0012.jpg,SUCCESS,96,96,0,0,96,96
s4,d5,frame_0013.jpg,SUCCESS,96,96,0,0,96,96
s4,d5,frame_0014.jpg,SUCCESS,96,96,0,0,96,96
s4,d5,frame_0015.jpg,SUCCESS,96,96,0,0,96,96
s4,d5,frame_0016.jpg,SUCCESS,96,96,0,0,96,96
s4,d5,frame_0017.jpg,SUCCESS,96,96,0,0,96,96
s4,d5,frame_0018.jpg,SUCCESS,96,96,0,0,96,96
s4,d5,frame_0019.jpg,SUCCESS,96,96,0,0,96,96
s4,d5,frame_0020.jpg,SUCCESS,96,96,0,0,96,96
s4,d5,frame_0021.jpg,SUCCESS,96,96,0,0,96,96
s4,d5,frame_0022.jpg,SUCCESS,96,96,0,0,96,96
s4,d5,frame_0023.jpg,SUCCESS,96,96,0,0,96,96
s4,d5,frame_0024.jpg,SUCCESS,96,96,0,0,96,96
s4,d5,frame_0025.jpg,SUCCESS,96,96,0,0,96,96
s4,d5,frame_0026.jpg,SUCCESS,96,96,0,0,96,96
s4,d5,frame_0027.jpg,SUCCESS,96,96,0,0,96,96
s4,d5,frame_0028.jpg,SUCCESS,96,96,0,0,96,96
s4,d5,frame_0029.jpg,SUCCESS,96,96,0,0,96,96
s4,d5,frame_0030.jpg,SUCCESS,96,96,0,0,96,96
s4,d5,frame_0031.jpg,SUCCESS,96,96,0,0,96,96
s4,d5,frame_0032.jpg,SUCCESS,96,96,0,0,96,96
s4,d5,frame_0033.jpg,SUCCESS,96,96,0,0,96,96
s4,d5,frame_0034.jpg,SUCCESS,96,96,0,0,96,96
s4,d5,frame_0035.jpg,SUCCESS,96,96,0,0,96,96
s4,d5,frame_0036.jpg,SUCCESS,96,96,0,0,96,96
s4,d5,frame_0037.jpg,SUCCESS,96,96,0,0,96,96
s4,d5,frame_0038.jpg,SUCCESS,96,96,0,0,96,96
s4,d5,frame_0039.jpg,SUCCESS,96,96,0,0,96,96
s4,d5,frame_0040.jpg,SUCCESS,96,96,0,0,96,96
s4,d5,frame_0041.jpg,SUCCESS,96,96,0,0,96,96
s4,d6,frame_0001.jpg,SUCCESS,96,96,0,0,96,96
s4,d6,frame_0002.jpg,SUCCESS,96,96,0,0,96,96
s4,d6,frame_0003.jpg,SUCCESS,96,96,0,0,96,96
s4,d6,frame_0004.jpg,SUCCESS,96,96,0,0,96,96
s4,d6,frame_0005.jpg,SUCCESS,96,96,0,0,96,96
s4,d6,frame_0006.jpg,SUCCESS,96,96,0,0,96,96
s4,d6,frame_0007.jpg,SUCCESS,96,96,0,0,96,96
s4,d6,frame_0008.jpg,SUCCESS,96,96,0,0,96,96
s4,d6,frame_0009.jpg,SUCCESS,96,96,0,0,96,96
s4,d6,frame_0010.jpg,SUCCESS,96,96,0,0,96,96
s4,d6,frame_0011.jpg,SUCCESS,96,96,0,0,96,96
s4,d6,frame_0012.jpg,SUCCESS,96,96,0,0,96,96
s4,d6,frame_0013.jpg,SUCCESS,96,96,0,0,96,96
s4,d6,frame_0014.jpg,SUCCESS,96,96,0,0,96,96
s4,d6,frame_0015.jpg,SUCCESS,96,96,0,0,96,96
s4,d6,frame_0016.jpg,SUCCESS,96,96,0,0,96,96
s4,d6,frame_0017.jpg,SUCCESS,96,96,0,0,96,96
s4,d6,frame_0018.jpg,SUCCESS,96,96,0,0,96,96
s4,d6,frame_0019.jpg,SUCCESS,96,96,0,0,96,96
s4,d6,frame_0020.jpg,SUCCESS,96,96,0,0,96,96
s4,d6,frame_0021.jpg,SUCCESS,96,96,0,0,96,96
s4,d6,frame_0022.jpg,SUCCESS,96,96,0,0,96,96
s4,d6,frame_0023.jpg,SUCCESS,96,96,0,0,96,96
s4,d6,frame_0024.jpg,SUCCESS,96,96,0,0,96,96
s4,d6,frame_0025.jpg,SUCCESS,96,96,0,0,96,96
s4,d6,frame_0026.jpg,SUCCESS,96,96,0,0,96,96
s4,d6,frame_0027.jpg,SUCCESS,96,96,0,0,96,96
s4,d6,frame_0028.jpg,SUCCESS,96,96,0,0,96,96
s4,d6,frame_0029.jpg,SUCCESS,96,96,0,0,96,96
s4,d6,frame_0030.jpg,SUCCESS,96,96,0,0,96,96
s4,d6,frame_0031.jpg,SUCCESS,96,96,0,0,96,96
s4,d6,frame_0032.jpg,SUCCESS,96,96,0,0,96,96
s4,d6,frame_0033.jpg,SUCCESS,96,96,0,0,96,96
s4,d6,frame_0034.jpg,SUCCESS,96,96,0,0,96,96
s4,d6,frame_0035.jpg,SUCCESS,96,96,0,0,96,96
s4,d6,frame_0036.jpg,SUCCESS,96,96,0,0,96,96
s4,d6,frame_0037.jpg,SUCCESS,96,96,0,0,96,96
s4,d6,frame_0038.jpg,SUCCESS,96,96,0,0,96,96
s4,d7,frame_0001.jpg,SUCCESS,96,96,0,0,96,96
s4,d7,frame_0002.jpg,SUCCESS,96,96,0,0,96,96
s4,d7,frame_0003.jpg,SUCCESS,96,96,0,0,96,96
s4,d7,frame_0004.jpg,SUCCESS,96,96,0,0,96,96
s4,d7,frame_0005.jpg,SUCCESS,96,96,0,0,96,96
s4,d7,frame_0006.jpg,SUCCESS,96,96,0,0,96,96
s4,d7,frame_0007.jpg,SUCCESS,96,96,0,0,96,96
s4,d7,frame_0008.jpg,SUCCESS,96,96,0,0,96,96
s4,d7,frame_0009.jpg,SUCCESS,96,96,0,0,96,96
s4,d7,frame_0010.jpg,SUCCESS,96,96,0,0,96,96
s4,d7,frame_0011.jpg,SUCCESS,96,96,0,0,96,96
s4,d7,frame_0012.jpg,SUCCESS,96,96,0,0,96,96
s4,d7,frame_0013.jpg,SUCCESS,96,96,0,0,96,96
s4,d7,frame_0014.jpg,SUCCESS,96,96,0,0,96,96
s4,d7,frame_0015.jpg,SUCCESS,96,96,0,0,96,96
s4,d7,frame_0016.jpg,SUCCESS,96,96,0,0,96,96
s4,d7,frame_0017.jpg,SUCCESS,96,96,0,0,96,96
s4,d7,frame_0018.jpg,SUCCESS,96,96,0,0,96,96
s4,d7,frame_0019.jpg,SUCCESS,96,96,0,0,96,96
s4,d7,frame_0020.jpg,SUCCESS,96,96,0,0,96,96
s4,d7,frame_0021.jpg,SUCCESS,96,96,0,0,96,96
s4,d7,frame_0022.jpg,SUCCESS,96,96,0,0,96,96
s4,d7,frame_0023.jpg,SUCCESS,96,96,0,0,96,96
s4,d7,frame_0024.jpg,SUCCESS,96,96,0,0,96,96
s4,d7,frame_0025.jpg,SUCCESS,96,96,0,0,96,96
s4,d7,frame_0026.jpg,SUCCESS,96,96,0,0,96,96
s4,d7,frame_0027.jpg,SUCCESS,96,96,0,0,96,96
s4,d7,frame_0028.jpg,SUCCESS,96,96,0,0,96,96
s4,d7,frame_0029.jpg,SUCCESS,96,96,0,0,96,96
s4,d7,frame_0030.jpg,SUCCESS,96,96,0,0,96,96
s4,d7,frame_0031.jpg,SUCCESS,96,96,0,0,96,96
s4,d7,frame_0032.jpg,SUCCESS,96,96,0,0,96,96
s4,d7,frame_0033.jpg,SUCCESS,96,96,0,0,96,96
s4,d8,frame_0001.jpg,SUCCESS,96,96,0,0,96,96
s4,d8,frame_0002.jpg,SUCCESS,96,96,0,0,96,96
s4,d8,frame_0003.jpg,SUCCESS,96,96,0,0,96,96
s4,d8,frame_0004.jpg,SUCCESS,96,96,0,0,96,96
s4,d8,frame_0005.jpg,SUCCESS,96,96,0,0,96,96
s4,d8,frame_0006.jpg,SUCCESS,96,96,0,0,96,96
s4,d8,frame_0007.jpg,SUCCESS,96,96,0,0,96,96
s4,d8,frame_0008.jpg,SUCCESS,96,96,0,0,96,96
s4,d8,frame_0009.jpg,SUCCESS,96,96,0,0,96,96
s4,d8,frame_0010.jpg,SUCCESS,96,96,0,0,96,96
s4,d8,frame_0011.jpg,SUCCESS,96,96,0,0,96,96
s4,d8,frame_0012.jpg,SUCCESS,96,96,0,0,96,96
s4,d8,frame_0013.jpg,SUCCESS,96,96,0,0,96,96
s4,d8,frame_0014.jpg,SUCCESS,96,96,0,0,96,96
s4,d8,frame_0015.jpg,SUCCESS,96,96,0,0,96,96
s4,d8,frame_0016.jpg,SUCCESS,96,96,0,0,96,96
s4,d8,frame_0017.jpg,SUCCESS,96,96,0,0,96,96
s4,d8,frame_0018.jpg,SUCCESS,96,96,0,0,96,96
s4,d8,frame_0019.jpg,SUCCESS,96,96,0,0,96,96
s4,d8,frame_0020.jpg,SUCCESS,96,96,0,0,96,96
s4,d8,frame_0021.jpg,SUCCESS,96,96,0,0,96,96
s4,d8,frame_0022.jpg,SUCCESS,96,96,0,0,96,96
s4,d8,frame_0023.jpg,SUCCESS,96,96,0,0,96,96
s4,d8,frame_0024.jpg,SUCCESS,96,96,0,0,96,96
s4,d8,frame_0025.jpg,SUCCESS,96,96,0,0,96,96
s4,d8,frame_0026.jpg,SUCCESS,96,96,0,0,96,96
s4,d8,frame_0027.jpg,SUCCESS,96,96,0,0,96,96
s4,d8,frame_0028.jpg,SUCCESS,96,96,0,0,96,96
s4,d8,frame_0029.jpg,SUCCESS,96,96,0,0,96,96
s4,d8,frame_0030.jpg,SUCCESS,96,96,0,0,96,96
s4,d8,frame_0031.jpg,SUCCESS,96,96,0,0,96,96
s4,d8,frame_0032.jpg,SUCCESS,96,96,0,0,96,96
s4,d8,frame_0033.jpg,SUCCESS,96,96,0,0,96,96
s4,d8,frame_0034.jpg,SUCCESS,96,96,0,0,96,96
s4,d8,frame_0035.jpg,SUCCESS,96,96,0,0,96,96
s4,d8,frame_0036.jpg,SUCCESS,96,96,0,0,96,96
s4,d8,frame_0037.jpg,SUCCESS,96,96,0,0,96,96
s4,d8,frame_0038.jpg,SUCCESS,96,96,0,0,96,96
s4,d9,frame_0001.jpg,SUCCESS,96,96,0,0,96,96
s4,d9,frame_0002.jpg,SUCCESS,96,96,0,0,96,96
s4,d9,frame_0003.jpg,SUCCESS,96,96,0,0,96,96
s4,d9,frame_0004.jpg,SUCCESS,96,96,0,0,96,96
s4,d9,frame_0005.jpg,SUCCESS,96,96,0,0,96,96
s4,d9,frame_0006.jpg,SUCCESS,96,96,0,0,96,96
s4,d9,frame_0007.jpg,SUCCESS,96,96,0,0,96,96
s4,d9,frame_0008.jpg,SUCCESS,96,96,0,0,96,96
s4,d9,frame_0009.jpg,SUCCESS,96,96,0,0,96,96
s4,d9,frame_0010.jpg,SUCCESS,96,96,0,0,96,96
s4,d9,frame_0011.jpg,SUCCESS,96,96,0,0,96,96
s4,d9,frame_0012.jpg,SUCCESS,96,96,0,0,96,96
s4,d9,frame_0013.jpg,SUCCESS,96,96,0,0,96,96
s4,d9,frame_0014.jpg,SUCCESS,96,96,0,0,96,96
s4,d9,frame_0015.jpg,SUCCESS,96,96,0,0,96,96
s4,d9,frame_0016.jpg,SUCCESS,96,96,0,0,96,96
s4,d9,frame_0017.jpg,SUCCESS,96,96,0,0,96,96
s4,d9,frame_0018.jpg,SUCCESS,96,96,0,0,96,96
s4,d9,frame_0019.jpg,SUCCESS,96,96,0,0,96,96
s4,d9,frame_0020.jpg,SUCCESS,96,96,0,0,96,96
s4,d9,frame_0021.jpg,SUCCESS,96,96,0,0,96,96
s4,d9,frame_0022.jpg,SUCCESS,96,96,0,0,96,96
s4,d9,frame_0023.jpg,SUCCESS,96,96,0,0,96,96
s4,d9,frame_0024.jpg,SUCCESS,96,96,0,0,96,96
s4,d9,frame_0025.jpg,SUCCESS,96,96,0,0,96,96
s4,d9,frame_0026.jpg,SUCCESS,96,96,0,0,96,96
s4,d9,frame_0027.jpg,SUCCESS,96,96,0,0,96,96
s4,d9,frame_0028.jpg,SUCCESS,96,96,0,0,96,96
s4,d9,frame_0029.jpg,SUCCESS,96,96,0,0,96,96
s4,d9,frame_0030.jpg,SUCCESS,96,96,0,0,96,96
s4,d9,frame_0031.jpg,SUCCESS,96,96,0,0,96,96
s4,d9,frame_0032.jpg,SUCCESS,96,96,0,0,96,96
s4,d9,frame_0033.jpg,SUCCESS,96,96,0,0,96,96
s4,d9,frame_0034.jpg,SUCCESS,96,96,0,0,96,96
s4,d9,frame_0035.jpg,SUCCESS,96,96,0,0,96,96
s4,d9,frame_0036.jpg,SUCCESS,96,96,0,0,96,96
s4,d9,frame_0037.jpg,SUCCESS,96,96,0,0,96,96
s4,d9,frame_0038.jpg,SUCCESS,96,96,0,0,96,96
s4,d9,frame_0039.jpg,SUCCESS,96,96,0,0,96,96
s4,d9,frame_0040.jpg,SUCCESS,96,96,0,0,96,96
s4,d9,frame_0041.jpg,SUCCESS,96,96,0,0,96,96
s4,d9,frame_0042.jpg,SUCCESS,96,96,0,0,96,96
s4,d9,frame_0043.jpg,SUCCESS,96,96,0,0,96,96
s4,d9,frame_0044.jpg,SUCCESS,96,96,0,0,96,96
s4,d9,frame_0045.jpg,SUCCESS,96,96,0,0,96,96
s4,d9,frame_0046.jpg,SUCCESS,96,96,0,0,96,96
s4,d9,frame_0047.jpg,SUCCESS,96,96,0,0,96,96
s4,d9,frame_0048.jpg,SUCCESS,96,96,0,0,96,96
s4,d9,frame_0049.jpg,SUCCESS,96,96,0,0,96,96
s4,d9,frame_0050.jpg,SUCCESS,96,96,0,0,96,96
s4,d9,frame_0051.jpg,SUCCESS,96,96,0,0,96,96
s4,d9,frame_0052.jpg,SUCCESS,96,96,0,0,96,96
s4,d9,frame_0053.jpg,SUCCESS,96,96,0,0,96,96
s4,d9,frame_0054.jpg,SUCCESS,96,96,0,0,96,96
s5,d0,frame_0001.jpg,SUCCESS,96,96,0,0,96,96
s5,d0,frame_0002.jpg,SUCCESS,96,96,0,0,96,96
s5,d0,frame_0003.jpg,SUCCESS,96,96,0,0,96,96
s5,d0,frame_0004.jpg,SUCCESS,96,96,0,0,96,96
s5,d0,frame_0005.jpg,SUCCESS,96,96,0,0,96,96
s5,d0,frame_0006.jpg,SUCCESS,96,96,0,0,96,96
s5,d0,frame_0007.jpg,SUCCESS,96,96,0,0,96,96
s5,d0,frame_0008.jpg,SUCCESS,96,96,0,0,96,96
s5,d0,frame_0009.jpg,SUCCESS,96,96,0,0,96,96
s5,d0,frame_0010.jpg,SUCCESS,96,96,0,0,96,96
s5,d0,frame_0011.jpg,SUCCESS,96,96,0,0,96,96
s5,d0,frame_0012.jpg,SUCCESS,96,96,0,0,96,96
s5,d0,frame_0013.jpg,SUCCESS,96,96,0,0,96,96
s5,d0,frame_0014.jpg,SUCCESS,96,96,0,0,96,96
s5,d0,frame_0015.jpg,SUCCESS,96,96,0,0,96,96
s5,d0,frame_0016.jpg,SUCCESS,96,96,0,0,96,96
s5,d0,frame_0017.jpg,SUCCESS,96,96,0,0,96,96
s5,d0,frame_0018.jpg,SUCCESS,96,96,0,0,96,96
s5,d0,frame_0019.jpg,SUCCESS,96,96,0,0,96,96
s5,d0,frame_0020.jpg,SUCCESS,96,96,0,0,96,96
s5,d0,frame_0021.jpg,SUCCESS,96,96,0,0,96,96
s5,d0,frame_0022.jpg,SUCCESS,96,96,0,0,96,96
s5,d1,frame_0001.jpg,SUCCESS,96,96,0,0,96,96
s5,d1,frame_0002.jpg,SUCCESS,96,96,0,0,96,96
s5,d1,frame_0003.jpg,SUCCESS,96,96,0,0,96,96
s5,d1,frame_0004.jpg,SUCCESS,96,96,0,0,96,96
s5,d1,frame_0005.jpg,SUCCESS,96,96,0,0,96,96
s5,d1,frame_0006.jpg,SUCCESS,96,96,0,0,96,96
s5,d1,frame_0007.jpg,SUCCESS,96,96,0,0,96,96
s5,d1,frame_0008.jpg,SUCCESS,96,96,0,0,96,96
s5,d1,frame_0009.jpg,SUCCESS,96,96,0,0,96,96
s5,d1,frame_0010.jpg,SUCCESS,96,96,0,0,96,96
s5,d1,frame_0011.jpg,SUCCESS,96,96,0,0,96,96
s5,d1,frame_0012.jpg,SUCCESS,96,96,0,0,96,96
s5,d1,frame_0013.jpg,SUCCESS,96,96,0,0,96,96
s5,d1,frame_0014.jpg,SUCCESS,96,96,0,0,96,96
s5,d1,frame_0015.jpg,SUCCESS,96,96,0,0,96,96
s5,d1,frame_0016.jpg,SUCCESS,96,96,0,0,96,96
s5,d1,frame_0017.jpg,SUCCESS,96,96,0,0,96,96
s5,d1,frame_0018.jpg,SUCCESS,96,96,0,0,96,96
s5,d1,frame_0019.jpg,SUCCESS,96,96,0,0,96,96
s5,d1,frame_0020.jpg,SUCCESS,96,96,0,0,96,96
s5,d1,frame_0021.jpg,SUCCESS,96,96,0,0,96,96
s5,d1,frame_0022.jpg,SUCCESS,96,96,0,0,96,96
s5,d1,frame_0023.jpg,SUCCESS,96,96,0,0,96,96
s5,d1,frame_0024.jpg,SUCCESS,96,96,0,0,96,96
s5,d1,frame_0025.jpg,SUCCESS,96,96,0,0,96,96
s5,d1,frame_0026.jpg,SUCCESS,96,96,0,0,96,96
s5,d1,frame_0027.jpg,SUCCESS,96,96,0,0,96,96
s5,d1,frame_0028.jpg,SUCCESS,96,96,0,0,96,96
s5,d1,frame_0029.jpg,SUCCESS,96,96,0,0,96,96
s5,d1,frame_0030.jpg,SUCCESS,96,96,0,0,96,96
s5,d1,frame_0031.jpg,SUCCESS,96,96,0,0,96,96
s5,d1,frame_0032.jpg,SUCCESS,96,96,0,0,96,96
s5,d1,frame_0033.jpg,SUCCESS,96,96,0,0,96,96
s5,d1,frame_0034.jpg,SUCCESS,96,96,0,0,96,96
s5,d1,frame_0035.jpg,SUCCESS,96,96,0,0,96,96
s5,d1,frame_0036.jpg,SUCCESS,96,96,0,0,96,96
s5,d1,frame_0037.jpg,SUCCESS,96,96,0,0,96,96
s5,d1,frame_0038.jpg,SUCCESS,96,96,0,0,96,96
s5,d1,frame_0039.jpg,SUCCESS,96,96,0,0,96,96
s5,d1,frame_0040.jpg,SUCCESS,96,96,0,0,96,96
s5,d10,frame_0001.jpg,SUCCESS,96,96,0,0,96,96
s5,d10,frame_0002.jpg,SUCCESS,96,96,0,0,96,96
s5,d10,frame_0003.jpg,SUCCESS,96,96,0,0,96,96
s5,d10,frame_0004.jpg,SUCCESS,96,96,0,0,96,96
s5,d10,frame_0005.jpg,SUCCESS,96,96,0,0,96,96
s5,d10,frame_0006.jpg,SUCCESS,96,96,0,0,96,96
s5,d10,frame_0007.jpg,SUCCESS,96,96,0,0,96,96
s5,d10,frame_0008.jpg,SUCCESS,96,96,0,0,96,96
s5,d10,frame_0009.jpg,SUCCESS,96,96,0,0,96,96
s5,d10,frame_0010.jpg,SUCCESS,96,96,0,0,96,96
s5,d10,frame_0011.jpg,SUCCESS,96,96,0,0,96,96
s5,d10,frame_0012.jpg,SUCCESS,96,96,0,0,96,96
s5,d10,frame_0013.jpg,SUCCESS,96,96,0,0,96,96
s5,d10,frame_0014.jpg,SUCCESS,96,96,0,0,96,96
s5,d10,frame_0015.jpg,SUCCESS,96,96,0,0,96,96
s5,d10,frame_0016.jpg,SUCCESS,96,96,0,0,96,96
s5,d10,frame_0017.jpg,SUCCESS,96,96,0,0,96,96
s5,d10,frame_0018.jpg,SUCCESS,96,96,0,0,96,96
s5,d10,frame_0019.jpg,SUCCESS,96,96,0,0,96,96
s5,d10,frame_0020.jpg,SUCCESS,96,96,0,0,96,96
s5,d10,frame_0021.jpg,SUCCESS,96,96,0,0,96,96
s5,d10,frame_0022.jpg,SUCCESS,96,96,0,0,96,96
s5,d10,frame_0023.jpg,SUCCESS,96,96,0,0,96,96
s5,d10,frame_0024.jpg,SUCCESS,96,96,0,0,96,96
s5,d10,frame_0025.jpg,SUCCESS,96,96,0,0,96,96
s5,d10,frame_0026.jpg,SUCCESS,96,96,0,0,96,96
s5,d10,frame_0027.jpg,SUCCESS,96,96,0,0,96,96
s5,d10,frame_0028.jpg,SUCCESS,96,96,0,0,96,96
s5,d2,frame_0001.jpg,SUCCESS,96,96,0,0,96,96
s5,d2,frame_0002.jpg,SUCCESS,96,96,0,0,96,96
s5,d2,frame_0003.jpg,SUCCESS,96,96,0,0,96,96
s5,d2,frame_0004.jpg,SUCCESS,96,96,0,0,96,96
s5,d2,frame_0005.jpg,SUCCESS,96,96,0,0,96,96
s5,d2,frame_0006.jpg,SUCCESS,96,96,0,0,96,96
s5,d2,frame_0007.jpg,SUCCESS,96,96,0,0,96,96
s5,d2,frame_0008.jpg,SUCCESS,96,96,0,0,96,96
s5,d2,frame_0009.jpg,SUCCESS,96,96,0,0,96,96
s5,d2,frame_0010.jpg,SUCCESS,96,96,0,0,96,96
s5,d2,frame_0011.jpg,SUCCESS,96,96,0,0,96,96
s5,d2,frame_0012.jpg,SUCCESS,96,96,0,0,96,96
s5,d2,frame_0013.jpg,SUCCESS,96,96,0,0,96,96
s5,d2,frame_0014.jpg,SUCCESS,96,96,0,0,96,96
s5,d2,frame_0015.jpg,SUCCESS,96,96,0,0,96,96
s5,d2,frame_0016.jpg,SUCCESS,96,96,0,0,96,96
s5,d2,frame_0017.jpg,SUCCESS,96,96,0,0,96,96
s5,d2,frame_0018.jpg,SUCCESS,96,96,0,0,96,96
s5,d2,frame_0019.jpg,SUCCESS,96,96,0,0,96,96
s5,d2,frame_0020.jpg,SUCCESS,96,96,0,0,96,96
s5,d2,frame_0021.jpg,SUCCESS,96,96,0,0,96,96
s5,d2,frame_0022.jpg,SUCCESS,96,96,0,0,96,96
s5,d2,frame_0023.jpg,SUCCESS,96,96,0,0,96,96
s5,d2,frame_0024.jpg,SUCCESS,96,96,0,0,96,96
s5,d2,frame_0025.jpg,SUCCESS,96,96,0,0,96,96
s5,d2,frame_0026.jpg,SUCCESS,96,96,0,0,96,96
s5,d2,frame_0027.jpg,SUCCESS,96,96,0,0,96,96
s5,d2,frame_0028.jpg,SUCCESS,96,96,0,0,96,96
s5,d2,frame_0029.jpg,SUCCESS,96,96,0,0,96,96
s5,d2,frame_0030.jpg,SUCCESS,96,96,0,0,96,96
s5,d2,frame_0031.jpg,SUCCESS,96,96,0,0,96,96
s5,d3,frame_0001.jpg,SUCCESS,96,96,0,0,96,96
s5,d3,frame_0002.jpg,SUCCESS,96,96,0,0,96,96
s5,d3,frame_0003.jpg,SUCCESS,96,96,0,0,96,96
s5,d3,frame_0004.jpg,SUCCESS,96,96,0,0,96,96
s5,d3,frame_0005.jpg,SUCCESS,96,96,0,0,96,96
s5,d3,frame_0006.jpg,SUCCESS,96,96,0,0,96,96
s5,d3,frame_0007.jpg,SUCCESS,96,96,0,0,96,96
s5,d3,frame_0008.jpg,SUCCESS,96,96,0,0,96,96
s5,d3,frame_0009.jpg,SUCCESS,96,96,0,0,96,96
s5,d3,frame_0010.jpg,SUCCESS,96,96,0,0,96,96
s5,d3,frame_0011.jpg,SUCCESS,96,96,0,0,96,96
s5,d3,frame_0012.jpg,SUCCESS,96,96,0,0,96,96
s5,d3,frame_0013.jpg,SUCCESS,96,96,0,0,96,96
s5,d3,frame_0014.jpg,SUCCESS,96,96,0,0,96,96
s5,d3,frame_0015.jpg,SUCCESS,96,96,0,0,96,96
s5,d3,frame_0016.jpg,SUCCESS,96,96,0,0,96,96
s5,d3,frame_0017.jpg,SUCCESS,96,96,0,0,96,96
s5,d3,frame_0018.jpg,SUCCESS,96,96,0,0,96,96
s5,d3,frame_0019.jpg,SUCCESS,96,96,0,0,96,96
s5,d3,frame_0020.jpg,SUCCESS,96,96,0,0,96,96
s5,d3,frame_0021.jpg,SUCCESS,96,96,0,0,96,96
s5,d3,frame_0022.jpg,SUCCESS,96,96,0,0,96,96
s5,d3,frame_0023.jpg,SUCCESS,96,96,0,0,96,96
s5,d3,frame_0024.jpg,SUCCESS,96,96,0,0,96,96
s5,d4,frame_0001.jpg,SUCCESS,96,96,0,0,96,96
s5,d4,frame_0002.jpg,SUCCESS,96,96,0,0,96,96
s5,d4,frame_0003.jpg,SUCCESS,96,96,0,0,96,96
s5,d4,frame_0004.jpg,SUCCESS,96,96,0,0,96,96
s5,d4,frame_0005.jpg,SUCCESS,96,96,0,0,96,96
s5,d4,frame_0006.jpg,SUCCESS,96,96,0,0,96,96
s5,d4,frame_0007.jpg,SUCCESS,96,96,0,0,96,96
s5,d4,frame_0008.jpg,SUCCESS,96,96,0,0,96,96
s5,d4,frame_0009.jpg,SUCCESS,96,96,0,0,96,96
s5,d4,frame_0010.jpg,SUCCESS,96,96,0,0,96,96
s5,d4,frame_0011.jpg,SUCCESS,96,96,0,0,96,96
s5,d4,frame_0012.jpg,SUCCESS,96,96,0,0,96,96
s5,d4,frame_0013.jpg,SUCCESS,96,96,0,0,96,96
s5,d4,frame_0014.jpg,SUCCESS,96,96,0,0,96,96
s5,d4,frame_0015.jpg,SUCCESS,96,96,0,0,96,96
s5,d4,frame_0016.jpg,SUCCESS,96,96,0,0,96,96
s5,d4,frame_0017.jpg,SUCCESS,96,96,0,0,96,96
s5,d4,frame_0018.jpg,SUCCESS,96,96,0,0,96,96
s5,d4,frame_0019.jpg,SUCCESS,96,96,0,0,96,96
s5,d4,frame_0020.jpg,SUCCESS,96,96,0,0,96,96
s5,d4,frame_0021.jpg,SUCCESS,96,96,0,0,96,96
s5,d4,frame_0022.jpg,SUCCESS,96,96,0,0,96,96
s5,d4,frame_0023.jpg,SUCCESS,96,96,0,0,96,96
s5,d4,frame_0024.jpg,SUCCESS,96,96,0,0,96,96
s5,d4,frame_0025.jpg,SUCCESS,96,96,0,0,96,96
s5,d4,frame_0026.jpg,SUCCESS,96,96,0,0,96,96
s5,d4,frame_0027.jpg,SUCCESS,96,96,0,0,96,96
s5,d4,frame_0028.jpg,SUCCESS,96,96,0,0,96,96
s5,d4,frame_0029.jpg,SUCCESS,96,96,0,0,96,96
s5,d4,frame_0030.jpg,SUCCESS,96,96,0,0,96,96
s5,d4,frame_0031.jpg,SUCCESS,96,96,0,0,96,96
s5,d4,frame_0032.jpg,SUCCESS,96,96,0,0,96,96
s5,d4,frame_0033.jpg,SUCCESS,96,96,0,0,96,96
s5,d4,frame_0034.jpg,SUCCESS,96,96,0,0,96,96
s5,d4,frame_0035.jpg,SUCCESS,96,96,0,0,96,96
s5,d4,frame_0036.jpg,SUCCESS,96,96,0,0,96,96
s5,d4,frame_0037.jpg,SUCCESS,96,96,0,0,96,96
s5,d4,frame_0038.jpg,SUCCESS,96,96,0,0,96,96
s5,d4,frame_0039.jpg,SUCCESS,96,96,0,0,96,96
s5,d4,frame_0040.jpg,SUCCESS,96,96,0,0,96,96
s5,d4,frame_0041.jpg,SUCCESS,96,96,0,0,96,96
s5,d4,frame_0042.jpg,SUCCESS,96,96,0,0,96,96
s5,d4,frame_0043.jpg,SUCCESS,96,96,0,0,96,96
s5,d4,frame_0044.jpg,SUCCESS,96,96,0,0,96,96
s5,d4,frame_0045.jpg,SUCCESS,96,96,0,0,96,96
s5,d4,frame_0046.jpg,SUCCESS,96,96,0,0,96,96
s5,d4,frame_0047.jpg,SUCCESS,96,96,0,0,96,96
s5,d5,frame_0001.jpg,SUCCESS,96,96,0,0,96,96
s5,d5,frame_0002.jpg,SUCCESS,96,96,0,0,96,96
s5,d5,frame_0003.jpg,SUCCESS,96,96,0,0,96,96
s5,d5,frame_0004.jpg,SUCCESS,96,96,0,0,96,96
s5,d5,frame_0005.jpg,SUCCESS,96,96,0,0,96,96
s5,d5,frame_0006.jpg,SUCCESS,96,96,0,0,96,96
s5,d5,frame_0007.jpg,SUCCESS,96,96,0,0,96,96
s5,d5,frame_0008.jpg,SUCCESS,96,96,0,0,96,96
s5,d5,frame_0009.jpg,SUCCESS,96,96,0,0,96,96
s5,d5,frame_0010.jpg,SUCCESS,96,96,0,0,96,96
s5,d5,frame_0011.jpg,SUCCESS,96,96,0,0,96,96
s5,d5,frame_0012.jpg,SUCCESS,96,96,0,0,96,96
s5,d5,frame_0013.jpg,SUCCESS,96,96,0,0,96,96
s5,d5,frame_0014.jpg,SUCCESS,96,96,0,0,96,96
s5,d5,frame_0015.jpg,SUCCESS,96,96,0,0,96,96
s5,d5,frame_0016.jpg,SUCCESS,96,96,0,0,96,96
s5,d5,frame_0017.jpg,SUCCESS,96,96,0,0,96,96
s5,d5,frame_0018.jpg,SUCCESS,96,96,0,0,96,96
s5,d5,frame_0019.jpg,SUCCESS,96,96,0,0,96,96
s5,d5,frame_0020.jpg,SUCCESS,96,96,0,0,96,96
s5,d5,frame_0021.jpg,SUCCESS,96,96,0,0,96,96
s5,d5,frame_0022.jpg,SUCCESS,96,96,0,0,96,96
s5,d5,frame_0023.jpg,SUCCESS,96,96,0,0,96,96
s5,d5,frame_0024.jpg,SUCCESS,96,96,0,0,96,96
s5,d5,frame_0025.jpg,SUCCESS,96,96,0,0,96,96
s5,d5,frame_0026.jpg,SUCCESS,96,96,0,0,96,96
s5,d5,frame_0027.jpg,SUCCESS,96,96,0,0,96,96
s5,d5,frame_0028.jpg,SUCCESS,96,96,0,0,96,96
s5,d5,frame_0029.jpg,SUCCESS,96,96,0,0,96,96
s5,d5,frame_0030.jpg,SUCCESS,96,96,0,0,96,96
s5,d5,frame_0031.jpg,SUCCESS,96,96,0,0,96,96
s5,d5,frame_0032.jpg,SUCCESS,96,96,0,0,96,96
s5,d5,frame_0033.jpg,SUCCESS,96,96,0,0,96,96
s5,d5,frame_0034.jpg,SUCCESS,96,96,0,0,96,96
s5,d5,frame_0035.jpg,SUCCESS,96,96,0,0,96,96
s5,d5,frame_0036.jpg,SUCCESS,96,96,0,0,96,96
s5,d5,frame_0037.jpg,SUCCESS,96,96,0,0,96,96
s5,d5,frame_0038.jpg,SUCCESS,96,96,0,0,96,96
s5,d6,frame_0001.jpg,SUCCESS,96,96,0,0,96,96
s5,d6,frame_0002.jpg,SUCCESS,96,96,0,0,96,96
s5,d6,frame_0003.jpg,SUCCESS,96,96,0,0,96,96
s5,d6,frame_0004.jpg,SUCCESS,96,96,0,0,96,96
s5,d6,frame_0005.jpg,SUCCESS,96,96,0,0,96,96
s5,d6,frame_0006.jpg,SUCCESS,96,96,0,0,96,96
s5,d6,frame_0007.jpg,SUCCESS,96,96,0,0,96,96
s5,d6,frame_0008.jpg,SUCCESS,96,96,0,0,96,96
s5,d6,frame_0009.jpg,SUCCESS,96,96,0,0,96,96
s5,d6,frame_0010.jpg,SUCCESS,96,96,0,0,96,96
s5,d6,frame_0011.jpg,SUCCESS,96,96,0,0,96,96
s5,d6,frame_0012.jpg,SUCCESS,96,96,0,0,96,96
s5,d6,frame_0013.jpg,SUCCESS,96,96,0,0,96,96
s5,d6,frame_0014.jpg,SUCCESS,96,96,0,0,96,96
s5,d6,frame_0015.jpg,SUCCESS,96,96,0,0,96,96
s5,d6,frame_0016.jpg,SUCCESS,96,96,0,0,96,96
s5,d6,frame_0017.jpg,SUCCESS,96,96,0,0,96,96
s5,d6,frame_0018.jpg,SUCCESS,96,96,0,0,96,96
s5,d6,frame_0019.jpg,SUCCESS,96,96,0,0,96,96
s5,d6,frame_0020.jpg,SUCCESS,96,96,0,0,96,96
s5,d6,frame_0021.jpg,SUCCESS,96,96,0,0,96,96
s5,d6,frame_0022.jpg,SUCCESS,96,96,0,0,96,96
s5,d6,frame_0023.jpg,SUCCESS,96,96,0,0,96,96
s5,d6,frame_0024.jpg,SUCCESS,96,96,0,0,96,96
s5,d6,frame_0025.jpg,SUCCESS,96,96,0,0,96,96
s5,d6,frame_0026.jpg,SUCCESS,96,96,0,0,96,96
s5,d6,frame_0027.jpg,SUCCESS,96,96,0,0,96,96
s5,d6,frame_0028.jpg,SUCCESS,96,96,0,0,96,96
s5,d6,frame_0029.jpg,SUCCESS,96,96,0,0,96,96
s5,d6,frame_0030.jpg,SUCCESS,96,96,0,0,96,96
s5,d6,frame_0031.jpg,SUCCESS,96,96,0,0,96,96
s5,d6,frame_0032.jpg,SUCCESS,96,96,0,0,96,96
s5,d6,frame_0033.jpg,SUCCESS,96,96,0,0,96,96
s5,d6,frame_0034.jpg,SUCCESS,96,96,0,0,96,96
s5,d6,frame_0035.jpg,SUCCESS,96,96,0,0,96,96
s5,d6,frame_0036.jpg,SUCCESS,96,96,0,0,96,96
s5,d7,frame_0001.jpg,SUCCESS,96,96,0,0,96,96
s5,d7,frame_0002.jpg,SUCCESS,96,96,0,0,96,96
s5,d7,frame_0003.jpg,SUCCESS,96,96,0,0,96,96
s5,d7,frame_0004.jpg,SUCCESS,96,96,0,0,96,96
s5,d7,frame_0005.jpg,SUCCESS,96,96,0,0,96,96
s5,d7,frame_0006.jpg,SUCCESS,96,96,0,0,96,96
s5,d7,frame_0007.jpg,SUCCESS,96,96,0,0,96,96
s5,d7,frame_0008.jpg,SUCCESS,96,96,0,0,96,96
s5,d7,frame_0009.jpg,SUCCESS,96,96,0,0,96,96
s5,d7,frame_0010.jpg,SUCCESS,96,96,0,0,96,96
s5,d7,frame_0011.jpg,SUCCESS,96,96,0,0,96,96
s5,d7,frame_0012.jpg,SUCCESS,96,96,0,0,96,96
s5,d7,frame_0013.jpg,SUCCESS,96,96,0,0,96,96
s5,d7,frame_0014.jpg,SUCCESS,96,96,0,0,96,96
s5,d7,frame_0015.jpg,SUCCESS,96,96,0,0,96,96
s5,d7,frame_0016.jpg,SUCCESS,96,96,0,0,96,96
s5,d7,frame_0017.jpg,SUCCESS,96,96,0,0,96,96
s5,d7,frame_0018.jpg,SUCCESS,96,96,0,0,96,96
s5,d7,frame_0019.jpg,SUCCESS,96,96,0,0,96,96
s5,d7,frame_0020.jpg,SUCCESS,96,96,0,0,96,96
s5,d7,frame_0021.jpg,SUCCESS,96,96,0,0,96,96
s5,d7,frame_0022.jpg,SUCCESS,96,96,0,0,96,96
s5,d7,frame_0023.jpg,SUCCESS,96,96,0,0,96,96
s5,d7,frame_0024.jpg,SUCCESS,96,96,0,0,96,96
s5,d7,frame_0025.jpg,SUCCESS,96,96,0,0,96,96
s5,d7,frame_0026.jpg,SUCCESS,96,96,0,0,96,96
s5,d7,frame_0027.jpg,SUCCESS,96,96,0,0,96,96
s5,d7,frame_0028.jpg,SUCCESS,96,96,0,0,96,96
s5,d7,frame_0029.jpg,SUCCESS,96,96,0,0,96,96
s5,d7,frame_0030.jpg,SUCCESS,96,96,0,0,96,96
s5,d7,frame_0031.jpg,SUCCESS,96,96,0,0,96,96
s5,d7,frame_0032.jpg,SUCCESS,96,96,0,0,96,96
s5,d7,frame_0033.jpg,SUCCESS,96,96,0,0,96,96
s5,d7,frame_0034.jpg,SUCCESS,96,96,0,0,96,96
s5,d7,frame_0035.jpg,SUCCESS,96,96,0,0,96,96
s5,d7,frame_0036.jpg,SUCCESS,96,96,0,0,96,96
s5,d8,frame_0001.jpg,SUCCESS,96,96,0,0,96,96
s5,d8,frame_0002.jpg,SUCCESS,96,96,0,0,96,96
s5,d8,frame_0003.jpg,SUCCESS,96,96,0,0,96,96
s5,d8,frame_0004.jpg,SUCCESS,96,96,0,0,96,96
s5,d8,frame_0005.jpg,SUCCESS,96,96,0,0,96,96
s5,d8,frame_0006.jpg,SUCCESS,96,96,0,0,96,96
s5,d8,frame_0007.jpg,SUCCESS,96,96,0,0,96,96
s5,d8,frame_0008.jpg,SUCCESS,96,96,0,0,96,96
s5,d8,frame_0009.jpg,SUCCESS,96,96,0,0,96,96
s5,d8,frame_0010.jpg,SUCCESS,96,96,0,0,96,96
s5,d8,frame_0011.jpg,SUCCESS,96,96,0,0,96,96
s5,d8,frame_0012.jpg,SUCCESS,96,96,0,0,96,96
s5,d8,frame_0013.jpg,SUCCESS,96,96,0,0,96,96
s5,d8,frame_0014.jpg,SUCCESS,96,96,0,0,96,96
s5,d8,frame_0015.jpg,SUCCESS,96,96,0,0,96,96
s5,d8,frame_0016.jpg,SUCCESS,96,96,0,0,96,96
s5,d8,frame_0017.jpg,SUCCESS,96,96,0,0,96,96
s5,d8,frame_0018.jpg,SUCCESS,96,96,0,0,96,96
s5,d8,frame_0019.jpg,SUCCESS,96,96,0,0,96,96
s5,d8,frame_0020.jpg,SUCCESS,96,96,0,0,96,96
s5,d8,frame_0021.jpg,SUCCESS,96,96,0,0,96,96
s5,d8,frame_0022.jpg,SUCCESS,96,96,0,0,96,96
s5,d8,frame_0023.jpg,SUCCESS,96,96,0,0,96,96
s5,d8,frame_0024.jpg,SUCCESS,96,96,0,0,96,96
s5,d8,frame_0025.jpg,SUCCESS,96,96,0,0,96,96
s5,d8,frame_0026.jpg,SUCCESS,96,96,0,0,96,96
s5,d8,frame_0027.jpg,SUCCESS,96,96,0,0,96,96
s5,d8,frame_0028.jpg,SUCCESS,96,96,0,0,96,96
s5,d8,frame_0029.jpg,SUCCESS,96,96,0,0,96,96
s5,d8,frame_0030.jpg,SUCCESS,96,96,0,0,96,96
s5,d8,frame_0031.jpg,SUCCESS,96,96,0,0,96,96
s5,d9,frame_0001.jpg,SUCCESS,96,96,0,0,96,96
s5,d9,frame_0002.jpg,SUCCESS,96,96,0,0,96,96
s5,d9,frame_0003.jpg,SUCCESS,96,96,0,0,96,96
s5,d9,frame_0004.jpg,SUCCESS,96,96,0,0,96,96
s5,d9,frame_0005.jpg,SUCCESS,96,96,0,0,96,96
s5,d9,frame_0006.jpg,SUCCESS,96,96,0,0,96,96
s5,d9,frame_0007.jpg,SUCCESS,96,96,0,0,96,96
s5,d9,frame_0008.jpg,SUCCESS,96,96,0,0,96,96
s5,d9,frame_0009.jpg,SUCCESS,96,96,0,0,96,96
s5,d9,frame_0010.jpg,SUCCESS,96,96,0,0,96,96
s5,d9,frame_0011.jpg,SUCCESS,96,96,0,0,96,96
s5,d9,frame_0012.jpg,SUCCESS,96,96,0,0,96,96
s5,d9,frame_0013.jpg,SUCCESS,96,96,0,0,96,96
s5,d9,frame_0014.jpg,SUCCESS,96,96,0,0,96,96
s5,d9,frame_0015.jpg,SUCCESS,96,96,0,0,96,96
s5,d9,frame_0016.jpg,SUCCESS,96,96,0,0,96,96
s5,d9,frame_0017.jpg,SUCCESS,96,96,0,0,96,96
s5,d9,frame_0018.jpg,SUCCESS,96,96,0,0,96,96
s5,d9,frame_0019.jpg,SUCCESS,96,96,0,0,96,96
s5,d9,frame_0020.jpg,SUCCESS,96,96,0,0,96,96
s5,d9,frame_0021.jpg,SUCCESS,96,96,0,0,96,96
s5,d9,frame_0022.jpg,SUCCESS,96,96,0,0,96,96
s5,d9,frame_0023.jpg,SUCCESS,96,96,0,0,96,96
s5,d9,frame_0024.jpg,SUCCESS,96,96,0,0,96,96
s5,d9,frame_0025.jpg,SUCCESS,96,96,0,0,96,96
s5,d9,frame_0026.jpg,SUCCESS,96,96,0,0,96,96
s5,d9,frame_0027.jpg,SUCCESS,96,96,0,0,96,96
s5,d9,frame_0028.jpg,SUCCESS,96,96,0,0,96,96
s5,d9,frame_0029.jpg,SUCCESS,96,96,0,0,96,96
s5,d9,frame_0030.jpg,SUCCESS,96,96,0,0,96,96
s5,d9,frame_0031.jpg,SUCCESS,96,96,0,0,96,96
s5,d9,frame_0032.jpg,SUCCESS,96,96,0,0,96,96
s5,d9,frame_0033.jpg,SUCCESS,96,96,0,0,96,96
s6,d0,frame_0001.jpg,SUCCESS,96,96,0,0,96,96
s6,d0,frame_0002.jpg,SUCCESS,96,96,0,0,96,96
s6,d0,frame_0003.jpg,SUCCESS,96,96,0,0,96,96
s6,d0,frame_0004.jpg,SUCCESS,96,96,0,0,96,96
s6,d0,frame_0005.jpg,SUCCESS,96,96,0,0,96,96
s6,d0,frame_0006.jpg,SUCCESS,96,96,0,0,96,96
s6,d0,frame_0007.jpg,SUCCESS,96,96,0,0,96,96
s6,d0,frame_0008.jpg,SUCCESS,96,96,0,0,96,96
s6,d0,frame_0009.jpg,SUCCESS,96,96,0,0,96,96
s6,d0,frame_0010.jpg,SUCCESS,96,96,0,0,96,96
s6,d0,frame_0011.jpg,SUCCESS,96,96,0,0,96,96
s6,d0,frame_0012.jpg,SUCCESS,96,96,0,0,96,96
s6,d0,frame_0013.jpg,SUCCESS,96,96,0,0,96,96
s6,d0,frame_0014.jpg,SUCCESS,96,96,0,0,96,96
s6,d0,frame_0015.jpg,SUCCESS,96,96,0,0,96,96
s6,d0,frame_0016.jpg,SUCCESS,96,96,0,0,96,96
s6,d0,frame_0017.jpg,SUCCESS,96,96,0,0,96,96
s6,d0,frame_0018.jpg,SUCCESS,96,96,0,0,96,96
s6,d0,frame_0019.jpg,SUCCESS,96,96,0,0,96,96
s6,d0,frame_0020.jpg,SUCCESS,96,96,0,0,96,96
s6,d0,frame_0021.jpg,SUCCESS,96,96,0,0,96,96
s6,d0,frame_0022.jpg,SUCCESS,96,96,0,0,96,96
s6,d0,frame_0023.jpg,SUCCESS,96,96,0,0,96,96
s6,d0,frame_0024.jpg,SUCCESS,96,96,0,0,96,96
s6,d0,frame_0025.jpg,SUCCESS,96,96,0,0,96,96
s6,d0,frame_0026.jpg,SUCCESS,96,96,0,0,96,96
s6,d0,frame_0027.jpg,SUCCESS,96,96,0,0,96,96
s6,d0,frame_0028.jpg,SUCCESS,96,96,0,0,96,96
s6,d0,frame_0029.jpg,SUCCESS,96,96,0,0,96,96
s6,d0,frame_0030.jpg,SUCCESS,96,96,0,0,96,96
s6,d0,frame_0031.jpg,SUCCESS,96,96,0,0,96,96
s6,d0,frame_0032.jpg,SUCCESS,96,96,0,0,96,96
s6,d0,frame_0033.jpg,SUCCESS,96,96,0,0,96,96
s6,d0,frame_0034.jpg,SUCCESS,96,96,0,0,96,96
s6,d0,frame_0035.jpg,SUCCESS,96,96,0,0,96,96
s6,d0,frame_0036.jpg,SUCCESS,96,96,0,0,96,96
s6,d0,frame_0037.jpg,SUCCESS,96,96,0,0,96,96
s6,d0,frame_0038.jpg,SUCCESS,96,96,0,0,96,96
s6,d0,frame_0039.jpg,SUCCESS,96,96,0,0,96,96
s6,d1,frame_0001.jpg,SUCCESS,96,96,0,0,96,96
s6,d1,frame_0002.jpg,SUCCESS,96,96,0,0,96,96
s6,d1,frame_0003.jpg,SUCCESS,96,96,0,0,96,96
s6,d1,frame_0004.jpg,SUCCESS,96,96,0,0,96,96
s6,d1,frame_0005.jpg,SUCCESS,96,96,0,0,96,96
s6,d1,frame_0006.jpg,SUCCESS,96,96,0,0,96,96
s6,d1,frame_0007.jpg,SUCCESS,96,96,0,0,96,96
s6,d1,frame_0008.jpg,SUCCESS,96,96,0,0,96,96
s6,d1,frame_0009.jpg,SUCCESS,96,96,0,0,96,96
s6,d1,frame_0010.jpg,SUCCESS,96,96,0,0,96,96
s6,d1,frame_0011.jpg,SUCCESS,96,96,0,0,96,96
s6,d1,frame_0012.jpg,SUCCESS,96,96,0,0,96,96
s6,d1,frame_0013.jpg,SUCCESS,96,96,0,0,96,96
s6,d1,frame_0014.jpg,SUCCESS,96,96,0,0,96,96
s6,d1,frame_0015.jpg,SUCCESS,96,96,0,0,96,96
s6,d1,frame_0016.jpg,SUCCESS,96,96,0,0,96,96
s6,d1,frame_0017.jpg,SUCCESS,96,96,0,0,96,96
s6,d1,frame_0018.jpg,SUCCESS,96,96,0,0,96,96
s6,d1,frame_0019.jpg,SUCCESS,96,96,0,0,96,96
s6,d1,frame_0020.jpg,SUCCESS,96,96,0,0,96,96
s6,d1,frame_0021.jpg,SUCCESS,96,96,0,0,96,96
s6,d1,frame_0022.jpg,SUCCESS,96,96,0,0,96,96
s6,d1,frame_0023.jpg,SUCCESS,96,96,0,0,96,96
s6,d1,frame_0024.jpg,SUCCESS,96,96,0,0,96,96
s6,d1,frame_0025.jpg,SUCCESS,96,96,0,0,96,96
s6,d1,frame_0026.jpg,SUCCESS,96,96,0,0,96,96
s6,d1,frame_0027.jpg,SUCCESS,96,96,0,0,96,96
s6,d1,frame_0028.jpg,SUCCESS,96,96,0,0,96,96
s6,d1,frame_0029.jpg,SUCCESS,96,96,0,0,96,96
s6,d1,frame_0030.jpg,SUCCESS,96,96,0,0,96,96
s6,d1,frame_0031.jpg,SUCCESS,96,96,0,0,96,96
s6,d1,frame_0032.jpg,SUCCESS,96,96,0,0,96,96
s6,d1,frame_0033.jpg,SUCCESS,96,96,0,0,96,96
s6,d1,frame_0034.jpg,SUCCESS,96,96,0,0,96,96
s6,d1,frame_0035.jpg,SUCCESS,96,96,0,0,96,96
s6,d1,frame_0036.jpg,SUCCESS,96,96,0,0,96,96
s6,d1,frame_0037.jpg,SUCCESS,96,96,0,0,96,96
s6,d10,frame_0001.jpg,SUCCESS,96,96,0,0,96,96
s6,d10,frame_0002.jpg,SUCCESS,96,96,0,0,96,96
s6,d10,frame_0003.jpg,SUCCESS,96,96,0,0,96,96
s6,d10,frame_0004.jpg,SUCCESS,96,96,0,0,96,96
s6,d10,frame_0005.jpg,SUCCESS,96,96,0,0,96,96
s6,d10,frame_0006.jpg,SUCCESS,96,96,0,0,96,96
s6,d10,frame_0007.jpg,SUCCESS,96,96,0,0,96,96
s6,d10,frame_0008.jpg,SUCCESS,96,96,0,0,96,96
s6,d10,frame_0009.jpg,SUCCESS,96,96,0,0,96,96
s6,d10,frame_0010.jpg,SUCCESS,96,96,0,0,96,96
s6,d10,frame_0011.jpg,SUCCESS,96,96,0,0,96,96
s6,d10,frame_0012.jpg,SUCCESS,96,96,0,0,96,96
s6,d10,frame_0013.jpg,SUCCESS,96,96,0,0,96,96
s6,d10,frame_0014.jpg,SUCCESS,96,96,0,0,96,96
s6,d10,frame_0015.jpg,SUCCESS,96,96,0,0,96,96
s6,d10,frame_0016.jpg,SUCCESS,96,96,0,0,96,96
s6,d10,frame_0017.jpg,SUCCESS,96,96,0,0,96,96
s6,d10,frame_0018.jpg,SUCCESS,96,96,0,0,96,96
s6,d10,frame_0019.jpg,SUCCESS,96,96,0,0,96,96
s6,d10,frame_0020.jpg,SUCCESS,96,96,0,0,96,96
s6,d10,frame_0021.jpg,SUCCESS,96,96,0,0,96,96
s6,d10,frame_0022.jpg,SUCCESS,96,96,0,0,96,96
s6,d10,frame_0023.jpg,SUCCESS,96,96,0,0,96,96
s6,d10,frame_0024.jpg,SUCCESS,96,96,0,0,96,96
s6,d10,frame_0025.jpg,SUCCESS,96,96,0,0,96,96
s6,d10,frame_0026.jpg,SUCCESS,96,96,0,0,96,96
s6,d10,frame_0027.jpg,SUCCESS,96,96,0,0,96,96
s6,d10,frame_0028.jpg,SUCCESS,96,96,0,0,96,96
s6,d10,frame_0029.jpg,SUCCESS,96,96,0,0,96,96
s6,d10,frame_0030.jpg,SUCCESS,96,96,0,0,96,96
s6,d10,frame_0031.jpg,SUCCESS,96,96,0,0,96,96
s6,d10,frame_0032.jpg,SUCCESS,96,96,0,0,96,96
s6,d10,frame_0033.jpg,SUCCESS,96,96,0,0,96,96
s6,d10,frame_0034.jpg,SUCCESS,96,96,0,0,96,96
s6,d10,frame_0035.jpg,SUCCESS,96,96,0,0,96,96
s6,d10,frame_0036.jpg,SUCCESS,96,96,0,0,96,96
s6,d10,frame_0037.jpg,SUCCESS,96,96,0,0,96,96
s6,d10,frame_0038.jpg,SUCCESS,96,96,0,0,96,96
s6,d10,frame_0039.jpg,SUCCESS,96,96,0,0,96,96
s6,d10,frame_0040.jpg,SUCCESS,96,96,0,0,96,96
s6,d10,frame_0041.jpg,SUCCESS,96,96,0,0,96,96
s6,d10,frame_0042.jpg,SUCCESS,96,96,0,0,96,96
s6,d2,frame_0001.jpg,SUCCESS,96,96,0,0,96,96
s6,d2,frame_0002.jpg,SUCCESS,96,96,0,0,96,96
s6,d2,frame_0003.jpg,SUCCESS,96,96,0,0,96,96
s6,d2,frame_0004.jpg,SUCCESS,96,96,0,0,96,96
s6,d2,frame_0005.jpg,SUCCESS,96,96,0,0,96,96
s6,d2,frame_0006.jpg,SUCCESS,96,96,0,0,96,96
s6,d2,frame_0007.jpg,SUCCESS,96,96,0,0,96,96
s6,d2,frame_0008.jpg,SUCCESS,96,96,0,0,96,96
s6,d2,frame_0009.jpg,SUCCESS,96,96,0,0,96,96
s6,d2,frame_0010.jpg,SUCCESS,96,96,0,0,96,96
s6,d2,frame_0011.jpg,SUCCESS,96,96,0,0,96,96
s6,d2,frame_0012.jpg,SUCCESS,96,96,0,0,96,96
s6,d2,frame_0013.jpg,SUCCESS,96,96,0,0,96,96
s6,d2,frame_0014.jpg,SUCCESS,96,96,0,0,96,96
s6,d2,frame_0015.jpg,SUCCESS,96,96,0,0,96,96
s6,d2,frame_0016.jpg,SUCCESS,96,96,0,0,96,96
s6,d2,frame_0017.jpg,SUCCESS,96,96,0,0,96,96
s6,d2,frame_0018.jpg,SUCCESS,96,96,0,0,96,96
s6,d2,frame_0019.jpg,SUCCESS,96,96,0,0,96,96
s6,d2,frame_0020.jpg,SUCCESS,96,96,0,0,96,96
s6,d2,frame_0021.jpg,SUCCESS,96,96,0,0,96,96
s6,d2,frame_0022.jpg,SUCCESS,96,96,0,0,96,96
s6,d2,frame_0023.jpg,SUCCESS,96,96,0,0,96,96
s6,d2,frame_0024.jpg,SUCCESS,96,96,0,0,96,96
s6,d2,frame_0025.jpg,SUCCESS,96,96,0,0,96,96
s6,d2,frame_0026.jpg,SUCCESS,96,96,0,0,96,96
s6,d2,frame_0027.jpg,SUCCESS,96,96,0,0,96,96
s6,d2,frame_0028.jpg,SUCCESS,96,96,0,0,96,96
s6,d2,frame_0029.jpg,SUCCESS,96,96,0,0,96,96
s6,d2,frame_0030.jpg,SUCCESS,96,96,0,0,96,96
s6,d2,frame_0031.jpg,SUCCESS,96,96,0,0,96,96
s6,d2,frame_0032.jpg,SUCCESS,96,96,0,0,96,96
s6,d2,frame_0033.jpg,SUCCESS,96,96,0,0,96,96
s6,d2,frame_0034.jpg,SUCCESS,96,96,0,0,96,96
s6,d2,frame_0035.jpg,SUCCESS,96,96,0,0,96,96
s6,d2,frame_0036.jpg,SUCCESS,96,96,0,0,96,96
s6,d2,frame_0037.jpg,SUCCESS,96,96,0,0,96,96
s6,d2,frame_0038.jpg,SUCCESS,96,96,0,0,96,96
s6,d2,frame_0039.jpg,SUCCESS,96,96,0,0,96,96
s6,d2,frame_0040.jpg,SUCCESS,96,96,0,0,96,96
s6,d2,frame_0041.jpg,SUCCESS,96,96,0,0,96,96
s6,d2,frame_0042.jpg,SUCCESS,96,96,0,0,96,96
s6,d3,frame_0001.jpg,SUCCESS,96,96,0,0,96,96
s6,d3,frame_0002.jpg,SUCCESS,96,96,0,0,96,96
s6,d3,frame_0003.jpg,SUCCESS,96,96,0,0,96,96
s6,d3,frame_0004.jpg,SUCCESS,96,96,0,0,96,96
s6,d3,frame_0005.jpg,SUCCESS,96,96,0,0,96,96
s6,d3,frame_0006.jpg,SUCCESS,96,96,0,0,96,96
s6,d3,frame_0007.jpg,SUCCESS,96,96,0,0,96,96
s6,d3,frame_0008.jpg,SUCCESS,96,96,0,0,96,96
s6,d3,frame_0009.jpg,SUCCESS,96,96,0,0,96,96
s6,d3,frame_0010.jpg,SUCCESS,96,96,0,0,96,96
s6,d3,frame_0011.jpg,SUCCESS,96,96,0,0,96,96
s6,d3,frame_0012.jpg,SUCCESS,96,96,0,0,96,96
s6,d3,frame_0013.jpg,SUCCESS,96,96,0,0,96,96
s6,d3,frame_0014.jpg,SUCCESS,96,96,0,0,96,96
s6,d3,frame_0015.jpg,SUCCESS,96,96,0,0,96,96
s6,d3,frame_0016.jpg,SUCCESS,96,96,0,0,96,96
s6,d3,frame_0017.jpg,SUCCESS,96,96,0,0,96,96
s6,d3,frame_0018.jpg,SUCCESS,96,96,0,0,96,96
s6,d3,frame_0019.jpg,SUCCESS,96,96,0,0,96,96
s6,d3,frame_0020.jpg,SUCCESS,96,96,0,0,96,96
s6,d3,frame_0021.jpg,SUCCESS,96,96,0,0,96,96
s6,d3,frame_0022.jpg,SUCCESS,96,96,0,0,96,96
s6,d3,frame_0023.jpg,SUCCESS,96,96,0,0,96,96
s6,d3,frame_0024.jpg,SUCCESS,96,96,0,0,96,96
s6,d3,frame_0025.jpg,SUCCESS,96,96,0,0,96,96
s6,d3,frame_0026.jpg,SUCCESS,96,96,0,0,96,96
s6,d3,frame_0027.jpg,SUCCESS,96,96,0,0,96,96
s6,d3,frame_0028.jpg,SUCCESS,96,96,0,0,96,96
s6,d3,frame_0029.jpg,SUCCESS,96,96,0,0,96,96
s6,d3,frame_0030.jpg,SUCCESS,96,96,0,0,96,96
s6,d3,frame_0031.jpg,SUCCESS,96,96,0,0,96,96
s6,d3,frame_0032.jpg,SUCCESS,96,96,0,0,96,96
s6,d3,frame_0033.jpg,SUCCESS,96,96,0,0,96,96
s6,d3,frame_0034.jpg,SUCCESS,96,96,0,0,96,96
s6,d3,frame_0035.jpg,SUCCESS,96,96,0,0,96,96
s6,d3,frame_0036.jpg,SUCCESS,96,96,0,0,96,96
s6,d3,frame_0037.jpg,SUCCESS,96,96,0,0,96,96
s6,d3,frame_0038.jpg,SUCCESS,96,96,0,0,96,96
s6,d3,frame_0039.jpg,SUCCESS,96,96,0,0,96,96
s6,d3,frame_0040.jpg,SUCCESS,96,96,0,0,96,96
s6,d4,frame_0001.jpg,SUCCESS,96,96,0,0,96,96
s6,d4,frame_0002.jpg,SUCCESS,96,96,0,0,96,96
s6,d4,frame_0003.jpg,SUCCESS,96,96,0,0,96,96
s6,d4,frame_0004.jpg,SUCCESS,96,96,0,0,96,96
s6,d4,frame_0005.jpg,SUCCESS,96,96,0,0,96,96
s6,d4,frame_0006.jpg,SUCCESS,96,96,0,0,96,96
s6,d4,frame_0007.jpg,SUCCESS,96,96,0,0,96,96
s6,d4,frame_0008.jpg,SUCCESS,96,96,0,0,96,96
s6,d4,frame_0009.jpg,SUCCESS,96,96,0,0,96,96
s6,d4,frame_0010.jpg,SUCCESS,96,96,0,0,96,96
s6,d4,frame_0011.jpg,SUCCESS,96,96,0,0,96,96
s6,d4,frame_0012.jpg,SUCCESS,96,96,0,0,96,96
s6,d4,frame_0013.jpg,SUCCESS,96,96,0,0,96,96
s6,d4,frame_0014.jpg,SUCCESS,96,96,0,0,96,96
s6,d4,frame_0015.jpg,SUCCESS,96,96,0,0,96,96
s6,d4,frame_0016.jpg,SUCCESS,96,96,0,0,96,96
s6,d4,frame_0017.jpg,SUCCESS,96,96,0,0,96,96
s6,d4,frame_0018.jpg,SUCCESS,96,96,0,0,96,96
s6,d4,frame_0019.jpg,SUCCESS,96,96,0,0,96,96
s6,d4,frame_0020.jpg,SUCCESS,96,96,0,0,96,96
s6,d4,frame_0021.jpg,SUCCESS,96,96,0,0,96,96
s6,d4,frame_0022.jpg,SUCCESS,96,96,0,0,96,96
s6,d4,frame_0023.jpg,SUCCESS,96,96,0,0,96,96
s6,d4,frame_0024.jpg,SUCCESS,96,96,0,0,96,96
s6,d4,frame_0025.jpg,SUCCESS,96,96,0,0,96,96
s6,d4,frame_0026.jpg,SUCCESS,96,96,0,0,96,96
s6,d4,frame_0027.jpg,SUCCESS,96,96,0,0,96,96
s6,d4,frame_0028.jpg,SUCCESS,96,96,0,0,96,96
s6,d4,frame_0029.jpg,SUCCESS,96,96,0,0,96,96
s6,d4,frame_0030.jpg,SUCCESS,96,96,0,0,96,96
s6,d4,frame_0031.jpg,SUCCESS,96,96,0,0,96,96
s6,d4,frame_0032.jpg,SUCCESS,96,96,0,0,96,96
s6,d4,frame_0033.jpg,SUCCESS,96,96,0,0,96,96
s6,d4,frame_0034.jpg,SUCCESS,96,96,0,0,96,96
s6,d4,frame_0035.jpg,SUCCESS,96,96,0,0,96,96
s6,d4,frame_0036.jpg,SUCCESS,96,96,0,0,96,96
s6,d4,frame_0037.jpg,SUCCESS,96,96,0,0,96,96
s6,d4,frame_0038.jpg,SUCCESS,96,96,0,0,96,96
s6,d4,frame_0039.jpg,SUCCESS,96,96,0,0,96,96
s6,d4,frame_0040.jpg,SUCCESS,96,96,0,0,96,96
s6,d4,frame_0041.jpg,SUCCESS,96,96,0,0,96,96
s6,d4,frame_0042.jpg,SUCCESS,96,96,0,0,96,96
s6,d5,frame_0001.jpg,SUCCESS,96,96,0,0,96,96
s6,d5,frame_0002.jpg,SUCCESS,96,96,0,0,96,96
s6,d5,frame_0003.jpg,SUCCESS,96,96,0,0,96,96
s6,d5,frame_0004.jpg,SUCCESS,96,96,0,0,96,96
s6,d5,frame_0005.jpg,SUCCESS,96,96,0,0,96,96
s6,d5,frame_0006.jpg,SUCCESS,96,96,0,0,96,96
s6,d5,frame_0007.jpg,SUCCESS,96,96,0,0,96,96
s6,d5,frame_0008.jpg,SUCCESS,96,96,0,0,96,96
s6,d5,frame_0009.jpg,SUCCESS,96,96,0,0,96,96
s6,d5,frame_0010.jpg,SUCCESS,96,96,0,0,96,96
s6,d5,frame_0011.jpg,SUCCESS,96,96,0,0,96,96
s6,d5,frame_0012.jpg,SUCCESS,96,96,0,0,96,96
s6,d5,frame_0013.jpg,SUCCESS,96,96,0,0,96,96
s6,d5,frame_0014.jpg,SUCCESS,96,96,0,0,96,96
s6,d5,frame_0015.jpg,SUCCESS,96,96,0,0,96,96
s6,d5,frame_0016.jpg,SUCCESS,96,96,0,0,96,96
s6,d5,frame_0017.jpg,SUCCESS,96,96,0,0,96,96
s6,d5,frame_0018.jpg,SUCCESS,96,96,0,0,96,96
s6,d5,frame_0019.jpg,SUCCESS,96,96,0,0,96,96
s6,d5,frame_0020.jpg,SUCCESS,96,96,0,0,96,96
s6,d5,frame_0021.jpg,SUCCESS,96,96,0,0,96,96
s6,d5,frame_0022.jpg,SUCCESS,96,96,0,0,96,96
s6,d5,frame_0023.jpg,SUCCESS,96,96,0,0,96,96
s6,d5,frame_0024.jpg,SUCCESS,96,96,0,0,96,96
s6,d5,frame_0025.jpg,SUCCESS,96,96,0,0,96,96
s6,d5,frame_0026.jpg,SUCCESS,96,96,0,0,96,96
s6,d5,frame_0027.jpg,SUCCESS,96,96,0,0,96,96
s6,d5,frame_0028.jpg,SUCCESS,96,96,0,0,96,96
s6,d5,frame_0029.jpg,SUCCESS,96,96,0,0,96,96
s6,d5,frame_0030.jpg,SUCCESS,96,96,0,0,96,96
s6,d5,frame_0031.jpg,SUCCESS,96,96,0,0,96,96
s6,d5,frame_0032.jpg,SUCCESS,96,96,0,0,96,96
s6,d5,frame_0033.jpg,SUCCESS,96,96,0,0,96,96
s6,d5,frame_0034.jpg,SUCCESS,96,96,0,0,96,96
s6,d5,frame_0035.jpg,SUCCESS,96,96,0,0,96,96
s6,d5,frame_0036.jpg,SUCCESS,96,96,0,0,96,96
s6,d5,frame_0037.jpg,SUCCESS,96,96,0,0,96,96
s6,d5,frame_0038.jpg,SUCCESS,96,96,0,0,96,96
s6,d5,frame_0039.jpg,SUCCESS,96,96,0,0,96,96
s6,d5,frame_0040.jpg,SUCCESS,96,96,0,0,96,96
s6,d5,frame_0041.jpg,SUCCESS,96,96,0,0,96,96
s6,d5,frame_0042.jpg,SUCCESS,96,96,0,0,96,96
s6,d6,frame_0001.jpg,SUCCESS,96,96,0,0,96,96
s6,d6,frame_0002.jpg,SUCCESS,96,96,0,0,96,96
s6,d6,frame_0003.jpg,SUCCESS,96,96,0,0,96,96
s6,d6,frame_0004.jpg,SUCCESS,96,96,0,0,96,96
s6,d6,frame_0005.jpg,SUCCESS,96,96,0,0,96,96
s6,d6,frame_0006.jpg,SUCCESS,96,96,0,0,96,96
s6,d6,frame_0007.jpg,SUCCESS,96,96,0,0,96,96
s6,d6,frame_0008.jpg,SUCCESS,96,96,0,0,96,96
s6,d6,frame_0009.jpg,SUCCESS,96,96,0,0,96,96
s6,d6,frame_0010.jpg,SUCCESS,96,96,0,0,96,96
s6,d6,frame_0011.jpg,SUCCESS,96,96,0,0,96,96
s6,d6,frame_0012.jpg,SUCCESS,96,96,0,0,96,96
s6,d6,frame_0013.jpg,SUCCESS,96,96,0,0,96,96
s6,d6,frame_0014.jpg,SUCCESS,96,96,0,0,96,96
s6,d6,frame_0015.jpg,SUCCESS,96,96,0,0,96,96
s6,d6,frame_0016.jpg,SUCCESS,96,96,0,0,96,96
s6,d6,frame_0017.jpg,SUCCESS,96,96,0,0,96,96
s6,d6,frame_0018.jpg,SUCCESS,96,96,0,0,96,96
s6,d6,frame_0019.jpg,SUCCESS,96,96,0,0,96,96
s6,d6,frame_0020.jpg,SUCCESS,96,96,0,0,96,96
s6,d6,frame_0021.jpg,SUCCESS,96,96,0,0,96,96
s6,d6,frame_0022.jpg,SUCCESS,96,96,0,0,96,96
s6,d6,frame_0023.jpg,SUCCESS,96,96,0,0,96,96
s6,d6,frame_0024.jpg,SUCCESS,96,96,0,0,96,96
s6,d6,frame_0025.jpg,SUCCESS,96,96,0,0,96,96
s6,d6,frame_0026.jpg,SUCCESS,96,96,0,0,96,96
s6,d6,frame_0027.jpg,SUCCESS,96,96,0,0,96,96
s6,d6,frame_0028.jpg,SUCCESS,96,96,0,0,96,96
s6,d6,frame_0029.jpg,SUCCESS,96,96,0,0,96,96
s6,d6,frame_0030.jpg,SUCCESS,96,96,0,0,96,96
s6,d6,frame_0031.jpg,SUCCESS,96,96,0,0,96,96
s6,d6,frame_0032.jpg,SUCCESS,96,96,0,0,96,96
s6,d6,frame_0033.jpg,SUCCESS,96,96,0,0,96,96
s6,d6,frame_0034.jpg,SUCCESS,96,96,0,0,96,96
s6,d6,frame_0035.jpg,SUCCESS,96,96,0,0,96,96
s6,d6,frame_0036.jpg,SUCCESS,96,96,0,0,96,96
s6,d6,frame_0037.jpg,SUCCESS,96,96,0,0,96,96
s6,d6,frame_0038.jpg,SUCCESS,96,96,0,0,96,96
s6,d6,frame_0039.jpg,SUCCESS,96,96,0,0,96,96
s6,d6,frame_0040.jpg,SUCCESS,96,96,0,0,96,96
s6,d6,frame_0041.jpg,SUCCESS,96,96,0,0,96,96
s6,d6,frame_0042.jpg,SUCCESS,96,96,0,0,96,96
s6,d6,frame_0043.jpg,SUCCESS,96,96,0,0,96,96
s6,d6,frame_0044.jpg,SUCCESS,96,96,0,0,96,96
s6,d6,frame_0045.jpg,SUCCESS,96,96,0,0,96,96
s6,d6,frame_0046.jpg,SUCCESS,96,96,0,0,96,96
s6,d6,frame_0047.jpg,SUCCESS,96,96,0,0,96,96
s6,d7,frame_0001.jpg,SUCCESS,96,96,0,0,96,96
s6,d7,frame_0002.jpg,SUCCESS,96,96,0,0,96,96
s6,d7,frame_0003.jpg,SUCCESS,96,96,0,0,96,96
s6,d7,frame_0004.jpg,SUCCESS,96,96,0,0,96,96
s6,d7,frame_0005.jpg,SUCCESS,96,96,0,0,96,96
s6,d7,frame_0006.jpg,SUCCESS,96,96,0,0,96,96
s6,d7,frame_0007.jpg,SUCCESS,96,96,0,0,96,96
s6,d7,frame_0008.jpg,SUCCESS,96,96,0,0,96,96
s6,d7,frame_0009.jpg,SUCCESS,96,96,0,0,96,96
s6,d7,frame_0010.jpg,SUCCESS,96,96,0,0,96,96
s6,d7,frame_0011.jpg,SUCCESS,96,96,0,0,96,96
s6,d7,frame_0012.jpg,SUCCESS,96,96,0,0,96,96
s6,d7,frame_0013.jpg,SUCCESS,96,96,0,0,96,96
s6,d7,frame_0014.jpg,SUCCESS,96,96,0,0,96,96
s6,d7,frame_0015.jpg,SUCCESS,96,96,0,0,96,96
s6,d7,frame_0016.jpg,SUCCESS,96,96,0,0,96,96
s6,d7,frame_0017.jpg,SUCCESS,96,96,0,0,96,96
s6,d7,frame_0018.jpg,SUCCESS,96,96,0,0,96,96
s6,d7,frame_0019.jpg,SUCCESS,96,96,0,0,96,96
s6,d7,frame_0020.jpg,SUCCESS,96,96,0,0,96,96
s6,d7,frame_0021.jpg,SUCCESS,96,96,0,0,96,96
s6,d7,frame_0022.jpg,SUCCESS,96,96,0,0,96,96
s6,d7,frame_0023.jpg,SUCCESS,96,96,0,0,96,96
s6,d7,frame_0024.jpg,SUCCESS,96,96,0,0,96,96
s6,d7,frame_0025.jpg,SUCCESS,96,96,0,0,96,96
s6,d7,frame_0026.jpg,SUCCESS,96,96,0,0,96,96
s6,d7,frame_0027.jpg,SUCCESS,96,96,0,0,96,96
s6,d7,frame_0028.jpg,SUCCESS,96,96,0,0,96,96
s6,d7,frame_0029.jpg,SUCCESS,96,96,0,0,96,96
s6,d7,frame_0030.jpg,SUCCESS,96,96,0,0,96,96
s6,d7,frame_0031.jpg,SUCCESS,96,96,0,0,96,96
s6,d7,frame_0032.jpg,SUCCESS,96,96,0,0,96,96
s6,d7,frame_0033.jpg,SUCCESS,96,96,0,0,96,96
s6,d7,frame_0034.jpg,SUCCESS,96,96,0,0,96,96
s6,d7,frame_0035.jpg,SUCCESS,96,96,0,0,96,96
s6,d7,frame_0036.jpg,SUCCESS,96,96,0,0,96,96
s6,d7,frame_0037.jpg,SUCCESS,96,96,0,0,96,96
s6,d7,frame_0038.jpg,SUCCESS,96,96,0,0,96,96
s6,d7,frame_0039.jpg,SUCCESS,96,96,0,0,96,96
s6,d8,frame_0001.jpg,SUCCESS,96,96,0,0,96,96
s6,d8,frame_0002.jpg,SUCCESS,96,96,0,0,96,96
s6,d8,frame_0003.jpg,SUCCESS,96,96,0,0,96,96
s6,d8,frame_0004.jpg,SUCCESS,96,96,0,0,96,96
s6,d8,frame_0005.jpg,SUCCESS,96,96,0,0,96,96
s6,d8,frame_0006.jpg,SUCCESS,96,96,0,0,96,96
s6,d8,frame_0007.jpg,SUCCESS,96,96,0,0,96,96
s6,d8,frame_0008.jpg,SUCCESS,96,96,0,0,96,96
s6,d8,frame_0009.jpg,SUCCESS,96,96,0,0,96,96
s6,d8,frame_0010.jpg,SUCCESS,96,96,0,0,96,96
s6,d8,frame_0011.jpg,SUCCESS,96,96,0,0,96,96
s6,d8,frame_0012.jpg,SUCCESS,96,96,0,0,96,96
s6,d8,frame_0013.jpg,SUCCESS,96,96,0,0,96,96
s6,d8,frame_0014.jpg,SUCCESS,96,96,0,0,96,96
s6,d8,frame_0015.jpg,SUCCESS,96,96,0,0,96,96
s6,d8,frame_0016.jpg,SUCCESS,96,96,0,0,96,96
s6,d8,frame_0017.jpg,SUCCESS,96,96,0,0,96,96
s6,d8,frame_0018.jpg,SUCCESS,96,96,0,0,96,96
s6,d8,frame_0019.jpg,SUCCESS,96,96,0,0,96,96
s6,d8,frame_0020.jpg,SUCCESS,96,96,0,0,96,96
s6,d8,frame_0021.jpg,SUCCESS,96,96,0,0,96,96
s6,d8,frame_0022.jpg,SUCCESS,96,96,0,0,96,96
s6,d8,frame_0023.jpg,SUCCESS,96,96,0,0,96,96
s6,d8,frame_0024.jpg,SUCCESS,96,96,0,0,96,96
s6,d8,frame_0025.jpg,SUCCESS,96,96,0,0,96,96
s6,d8,frame_0026.jpg,SUCCESS,96,96,0,0,96,96
s6,d8,frame_0027.jpg,SUCCESS,96,96,0,0,96,96
s6,d8,frame_0028.jpg,SUCCESS,96,96,0,0,96,96
s6,d8,frame_0029.jpg,SUCCESS,96,96,0,0,96,96
s6,d8,frame_0030.jpg,SUCCESS,96,96,0,0,96,96
s6,d8,frame_0031.jpg,SUCCESS,96,96,0,0,96,96
s6,d8,frame_0032.jpg,SUCCESS,96,96,0,0,96,96
s6,d8,frame_0033.jpg,SUCCESS,96,96,0,0,96,96
s6,d8,frame_0034.jpg,SUCCESS,96,96,0,0,96,96
s6,d8,frame_0035.jpg,SUCCESS,96,96,0,0,96,96
s6,d8,frame_0036.jpg,SUCCESS,96,96,0,0,96,96
s6,d8,frame_0037.jpg,SUCCESS,96,96,0,0,96,96
s6,d8,frame_0038.jpg,SUCCESS,96,96,0,0,96,96
s6,d8,frame_0039.jpg,SUCCESS,96,96,0,0,96,96
s6,d8,frame_0040.jpg,SUCCESS,96,96,0,0,96,96
s6,d8,frame_0041.jpg,SUCCESS,96,96,0,0,96,96
s6,d9,frame_0001.jpg,SUCCESS,96,96,0,0,96,96
s6,d9,frame_0002.jpg,SUCCESS,96,96,0,0,96,96
s6,d9,frame_0003.jpg,SUCCESS,96,96,0,0,96,96
s6,d9,frame_0004.jpg,SUCCESS,96,96,0,0,96,96
s6,d9,frame_0005.jpg,SUCCESS,96,96,0,0,96,96
s6,d9,frame_0006.jpg,SUCCESS,96,96,0,0,96,96
s6,d9,frame_0007.jpg,SUCCESS,96,96,0,0,96,96
s6,d9,frame_0008.jpg,SUCCESS,96,96,0,0,96,96
s6,d9,frame_0009.jpg,SUCCESS,96,96,0,0,96,96
s6,d9,frame_0010.jpg,SUCCESS,96,96,0,0,96,96
s6,d9,frame_0011.jpg,SUCCESS,96,96,0,0,96,96
s6,d9,frame_0012.jpg,SUCCESS,96,96,0,0,96,96
s6,d9,frame_0013.jpg,SUCCESS,96,96,0,0,96,96
s6,d9,frame_0014.jpg,SUCCESS,96,96,0,0,96,96
s6,d9,frame_0015.jpg,SUCCESS,96,96,0,0,96,96
s6,d9,frame_0016.jpg,SUCCESS,96,96,0,0,96,96
s6,d9,frame_0017.jpg,SUCCESS,96,96,0,0,96,96
s6,d9,frame_0018.jpg,SUCCESS,96,96,0,0,96,96
s6,d9,frame_0019.jpg,SUCCESS,96,96,0,0,96,96
s6,d9,frame_0020.jpg,SUCCESS,96,96,0,0,96,96
s6,d9,frame_0021.jpg,SUCCESS,96,96,0,0,96,96
s6,d9,frame_0022.jpg,SUCCESS,96,96,0,0,96,96
s6,d9,frame_0023.jpg,SUCCESS,96,96,0,0,96,96
s6,d9,frame_0024.jpg,SUCCESS,96,96,0,0,96,96
s6,d9,frame_0025.jpg,SUCCESS,96,96,0,0,96,96
s6,d9,frame_0026.jpg,SUCCESS,96,96,0,0,96,96
s6,d9,frame_0027.jpg,SUCCESS,96,96,0,0,96,96
s6,d9,frame_0028.jpg,SUCCESS,96,96,0,0,96,96
s6,d9,frame_0029.jpg,SUCCESS,96,96,0,0,96,96
s6,d9,frame_0030.jpg,SUCCESS,96,96,0,0,96,96
s6,d9,frame_0031.jpg,SUCCESS,96,96,0,0,96,96
s6,d9,frame_0032.jpg,SUCCESS,96,96,0,0,96,96
s6,d9,frame_0033.jpg,SUCCESS,96,96,0,0,96,96
s6,d9,frame_0034.jpg,SUCCESS,96,96,0,0,96,96
s6,d9,frame_0035.jpg,SUCCESS,96,96,0,0,96,96
s6,d9,frame_0036.jpg,SUCCESS,96,96,0,0,96,96
s6,d9,frame_0037.jpg,SUCCESS,96,96,0,0,96,96
s6,d9,frame_0038.jpg,SUCCESS,96,96,0,0,96,96
s6,d9,frame_0039.jpg,SUCCESS,96,96,0,0,96,96
s6,d9,frame_0040.jpg,SUCCESS,96,96,0,0,96,96
s6,d9,frame_0041.jpg,SUCCESS,96,96,0,0,96,96
s6,d9,frame_0042.jpg,SUCCESS,96,96,0,0,96,96
s7,d0,frame_0001.jpg,SUCCESS,96,96,0,0,96,96
s7,d0,frame_0002.jpg,SUCCESS,96,96,0,0,96,96
s7,d0,frame_0003.jpg,SUCCESS,96,96,0,0,96,96
s7,d0,frame_0004.jpg,SUCCESS,96,96,0,0,96,96
s7,d0,frame_0005.jpg,SUCCESS,96,96,0,0,96,96
s7,d0,frame_0006.jpg,SUCCESS,96,96,0,0,96,96
s7,d0,frame_0007.jpg,SUCCESS,96,96,0,0,96,96
s7,d0,frame_0008.jpg,SUCCESS,96,96,0,0,96,96
s7,d0,frame_0009.jpg,SUCCESS,96,96,0,0,96,96
s7,d0,frame_0010.jpg,SUCCESS,96,96,0,0,96,96
s7,d0,frame_0011.jpg,SUCCESS,96,96,0,0,96,96
s7,d0,frame_0012.jpg,SUCCESS,96,96,0,0,96,96
s7,d0,frame_0013.jpg,SUCCESS,96,96,0,0,96,96
s7,d0,frame_0014.jpg,SUCCESS,96,96,0,0,96,96
s7,d0,frame_0015.jpg,SUCCESS,96,96,0,0,96,96
s7,d0,frame_0016.jpg,SUCCESS,96,96,0,0,96,96
s7,d0,frame_0017.jpg,SUCCESS,96,96,0,0,96,96
s7,d0,frame_0018.jpg,SUCCESS,96,96,0,0,96,96
s7,d0,frame_0019.jpg,SUCCESS,96,96,0,0,96,96
s7,d0,frame_0020.jpg,SUCCESS,96,96,0,0,96,96
s7,d0,frame_0021.jpg,SUCCESS,96,96,0,0,96,96
s7,d0,frame_0022.jpg,SUCCESS,96,96,0,0,96,96
s7,d0,frame_0023.jpg,SUCCESS,96,96,0,0,96,96
s7,d0,frame_0024.jpg,SUCCESS,96,96,0,0,96,96
s7,d0,frame_0025.jpg,SUCCESS,96,96,0,0,96,96
s7,d0,frame_0026.jpg,SUCCESS,96,96,0,0,96,96
s7,d0,frame_0027.jpg,SUCCESS,96,96,0,0,96,96
s7,d0,frame_0028.jpg,SUCCESS,96,96,0,0,96,96
s7,d0,frame_0029.jpg,SUCCESS,96,96,0,0,96,96
s7,d0,frame_0030.jpg,SUCCESS,96,96,0,0,96,96
s7,d0,frame_0031.jpg,SUCCESS,96,96,0,0,96,96
s7,d1,frame_0001.jpg,SUCCESS,96,96,0,0,96,96
s7,d1,frame_0002.jpg,SUCCESS,96,96,0,0,96,96
s7,d1,frame_0003.jpg,SUCCESS,96,96,0,0,96,96
s7,d1,frame_0004.jpg,SUCCESS,96,96,0,0,96,96
s7,d1,frame_0005.jpg,SUCCESS,96,96,0,0,96,96
s7,d1,frame_0006.jpg,SUCCESS,96,96,0,0,96,96
s7,d1,frame_0007.jpg,SUCCESS,96,96,0,0,96,96
s7,d1,frame_0008.jpg,SUCCESS,96,96,0,0,96,96
s7,d1,frame_0009.jpg,SUCCESS,96,96,0,0,96,96
s7,d1,frame_0010.jpg,SUCCESS,96,96,0,0,96,96
s7,d1,frame_0011.jpg,SUCCESS,96,96,0,0,96,96
s7,d1,frame_0012.jpg,SUCCESS,96,96,0,0,96,96
s7,d1,frame_0013.jpg,SUCCESS,96,96,0,0,96,96
s7,d1,frame_0014.jpg,SUCCESS,96,96,0,0,96,96
s7,d1,frame_0015.jpg,SUCCESS,96,96,0,0,96,96
s7,d1,frame_0016.jpg,SUCCESS,96,96,0,0,96,96
s7,d1,frame_0017.jpg,SUCCESS,96,96,0,0,96,96
s7,d1,frame_0018.jpg,SUCCESS,96,96,0,0,96,96
s7,d1,frame_0019.jpg,SUCCESS,96,96,0,0,96,96
s7,d1,frame_0020.jpg,SUCCESS,96,96,0,0,96,96
s7,d1,frame_0021.jpg,SUCCESS,96,96,0,0,96,96
s7,d1,frame_0022.jpg,SUCCESS,96,96,0,0,96,96
s7,d1,frame_0023.jpg,SUCCESS,96,96,0,0,96,96
s7,d1,frame_0024.jpg,SUCCESS,96,96,0,0,96,96
s7,d1,frame_0025.jpg,SUCCESS,96,96,0,0,96,96
s7,d1,frame_0026.jpg,SUCCESS,96,96,0,0,96,96
s7,d1,frame_0027.jpg,SUCCESS,96,96,0,0,96,96
s7,d1,frame_0028.jpg,SUCCESS,96,96,0,0,96,96
s7,d1,frame_0029.jpg,SUCCESS,96,96,0,0,96,96
s7,d1,frame_0030.jpg,SUCCESS,96,96,0,0,96,96
s7,d1,frame_0031.jpg,SUCCESS,96,96,0,0,96,96
s7,d1,frame_0032.jpg,SUCCESS,96,96,0,0,96,96
s7,d1,frame_0033.jpg,SUCCESS,96,96,0,0,96,96
s7,d1,frame_0034.jpg,SUCCESS,96,96,0,0,96,96
s7,d1,frame_0035.jpg,SUCCESS,96,96,0,0,96,96
s7,d1,frame_0036.jpg,SUCCESS,96,96,0,0,96,96
s7,d1,frame_0037.jpg,SUCCESS,96,96,0,0,96,96
s7,d1,frame_0038.jpg,SUCCESS,96,96,0,0,96,96
s7,d1,frame_0039.jpg,SUCCESS,96,96,0,0,96,96
s7,d10,frame_0001.jpg,SUCCESS,96,96,0,0,96,96
s7,d10,frame_0002.jpg,SUCCESS,96,96,0,0,96,96
s7,d10,frame_0003.jpg,SUCCESS,96,96,0,0,96,96
s7,d10,frame_0004.jpg,SUCCESS,96,96,0,0,96,96
s7,d10,frame_0005.jpg,SUCCESS,96,96,0,0,96,96
s7,d10,frame_0006.jpg,SUCCESS,96,96,0,0,96,96
s7,d10,frame_0007.jpg,SUCCESS,96,96,0,0,96,96
s7,d10,frame_0008.jpg,SUCCESS,96,96,0,0,96,96
s7,d10,frame_0009.jpg,SUCCESS,96,96,0,0,96,96
s7,d10,frame_0010.jpg,SUCCESS,96,96,0,0,96,96
s7,d10,frame_0011.jpg,SUCCESS,96,96,0,0,96,96
s7,d10,frame_0012.jpg,SUCCESS,96,96,0,0,96,96
s7,d10,frame_0013.jpg,SUCCESS,96,96,0,0,96,96
s7,d10,frame_0014.jpg,SUCCESS,96,96,0,0,96,96
s7,d10,frame_0015.jpg,SUCCESS,96,96,0,0,96,96
s7,d10,frame_0016.jpg,SUCCESS,96,96,0,0,96,96
s7,d10,frame_0017.jpg,SUCCESS,96,96,0,0,96,96
s7,d10,frame_0018.jpg,SUCCESS,96,96,0,0,96,96
s7,d10,frame_0019.jpg,SUCCESS,96,96,0,0,96,96
s7,d10,frame_0020.jpg,SUCCESS,96,96,0,0,96,96
s7,d10,frame_0021.jpg,SUCCESS,96,96,0,0,96,96
s7,d10,frame_0022.jpg,SUCCESS,96,96,0,0,96,96
s7,d10,frame_0023.jpg,SUCCESS,96,96,0,0,96,96
s7,d10,frame_0024.jpg,SUCCESS,96,96,0,0,96,96
s7,d10,frame_0025.jpg,SUCCESS,96,96,0,0,96,96
s7,d10,frame_0026.jpg,SUCCESS,96,96,0,0,96,96
s7,d10,frame_0027.jpg,SUCCESS,96,96,0,0,96,96
s7,d10,frame_0028.jpg,SUCCESS,96,96,0,0,96,96
s7,d10,frame_0029.jpg,SUCCESS,96,96,0,0,96,96
s7,d10,frame_0030.jpg,SUCCESS,96,96,0,0,96,96
s7,d10,frame_0031.jpg,SUCCESS,96,96,0,0,96,96
s7,d10,frame_0032.jpg,SUCCESS,96,96,0,0,96,96
s7,d10,frame_0033.jpg,SUCCESS,96,96,0,0,96,96
s7,d10,frame_0034.jpg,SUCCESS,96,96,0,0,96,96
s7,d10,frame_0035.jpg,SUCCESS,96,96,0,0,96,96
s7,d10,frame_0036.jpg,SUCCESS,96,96,0,0,96,96
s7,d10,frame_0037.jpg,SUCCESS,96,96,0,0,96,96
s7,d10,frame_0038.jpg,SUCCESS,96,96,0,0,96,96
s7,d10,frame_0039.jpg,SUCCESS,96,96,0,0,96,96
s7,d10,frame_0040.jpg,SUCCESS,96,96,0,0,96,96
s7,d10,frame_0041.jpg,SUCCESS,96,96,0,0,96,96
s7,d10,frame_0042.jpg,SUCCESS,96,96,0,0,96,96
s7,d10,frame_0043.jpg,SUCCESS,96,96,0,0,96,96
s7,d10,frame_0044.jpg,SUCCESS,96,96,0,0,96,96
s7,d10,frame_0045.jpg,SUCCESS,96,96,0,0,96,96
s7,d10,frame_0046.jpg,SUCCESS,96,96,0,0,96,96
s7,d10,frame_0047.jpg,SUCCESS,96,96,0,0,96,96
s7,d10,frame_0048.jpg,SUCCESS,96,96,0,0,96,96
s7,d10,frame_0049.jpg,SUCCESS,96,96,0,0,96,96
s7,d10,frame_0050.jpg,SUCCESS,96,96,0,0,96,96
s7,d10,frame_0051.jpg,SUCCESS,96,96,0,0,96,96
s7,d10,frame_0052.jpg,SUCCESS,96,96,0,0,96,96
s7,d2,frame_0001.jpg,SUCCESS,96,96,0,0,96,96
s7,d2,frame_0002.jpg,SUCCESS,96,96,0,0,96,96
s7,d2,frame_0003.jpg,SUCCESS,96,96,0,0,96,96
s7,d2,frame_0004.jpg,SUCCESS,96,96,0,0,96,96
s7,d2,frame_0005.jpg,SUCCESS,96,96,0,0,96,96
s7,d2,frame_0006.jpg,SUCCESS,96,96,0,0,96,96
s7,d2,frame_0007.jpg,SUCCESS,96,96,0,0,96,96
s7,d2,frame_0008.jpg,SUCCESS,96,96,0,0,96,96
s7,d2,frame_0009.jpg,SUCCESS,96,96,0,0,96,96
s7,d2,frame_0010.jpg,SUCCESS,96,96,0,0,96,96
s7,d2,frame_0011.jpg,SUCCESS,96,96,0,0,96,96
s7,d2,frame_0012.jpg,SUCCESS,96,96,0,0,96,96
s7,d2,frame_0013.jpg,SUCCESS,96,96,0,0,96,96
s7,d2,frame_0014.jpg,SUCCESS,96,96,0,0,96,96
s7,d2,frame_0015.jpg,SUCCESS,96,96,0,0,96,96
s7,d2,frame_0016.jpg,SUCCESS,96,96,0,0,96,96
s7,d2,frame_0017.jpg,SUCCESS,96,96,0,0,96,96
s7,d2,frame_0018.jpg,SUCCESS,96,96,0,0,96,96
s7,d2,frame_0019.jpg,SUCCESS,96,96,0,0,96,96
s7,d2,frame_0020.jpg,SUCCESS,96,96,0,0,96,96
s7,d2,frame_0021.jpg,SUCCESS,96,96,0,0,96,96
s7,d2,frame_0022.jpg,SUCCESS,96,96,0,0,96,96
s7,d2,frame_0023.jpg,SUCCESS,96,96,0,0,96,96
s7,d2,frame_0024.jpg,SUCCESS,96,96,0,0,96,96
s7,d2,frame_0025.jpg,SUCCESS,96,96,0,0,96,96
s7,d2,frame_0026.jpg,SUCCESS,96,96,0,0,96,96
s7,d2,frame_0027.jpg,SUCCESS,96,96,0,0,96,96
s7,d2,frame_0028.jpg,SUCCESS,96,96,0,0,96,96
s7,d2,frame_0029.jpg,SUCCESS,96,96,0,0,96,96
s7,d2,frame_0030.jpg,SUCCESS,96,96,0,0,96,96
s7,d2,frame_0031.jpg,SUCCESS,96,96,0,0,96,96
s7,d2,frame_0032.jpg,SUCCESS,96,96,0,0,96,96
s7,d2,frame_0033.jpg,SUCCESS,96,96,0,0,96,96
s7,d2,frame_0034.jpg,SUCCESS,96,96,0,0,96,96
s7,d2,frame_0035.jpg,SUCCESS,96,96,0,0,96,96
s7,d2,frame_0036.jpg,SUCCESS,96,96,0,0,96,96
s7,d2,frame_0037.jpg,SUCCESS,96,96,0,0,96,96
s7,d2,frame_0038.jpg,SUCCESS,96,96,0,0,96,96
s7,d2,frame_0039.jpg,SUCCESS,96,96,0,0,96,96
s7,d2,frame_0040.jpg,SUCCESS,96,96,0,0,96,96
s7,d2,frame_0041.jpg,SUCCESS,96,96,0,0,96,96
s7,d2,frame_0042.jpg,SUCCESS,96,96,0,0,96,96
s7,d3,frame_0001.jpg,SUCCESS,96,96,0,0,96,96
s7,d3,frame_0002.jpg,SUCCESS,96,96,0,0,96,96
s7,d3,frame_0003.jpg,SUCCESS,96,96,0,0,96,96
s7,d3,frame_0004.jpg,SUCCESS,96,96,0,0,96,96
s7,d3,frame_0005.jpg,SUCCESS,96,96,0,0,96,96
s7,d3,frame_0006.jpg,SUCCESS,96,96,0,0,96,96
s7,d3,frame_0007.jpg,SUCCESS,96,96,0,0,96,96
s7,d3,frame_0008.jpg,SUCCESS,96,96,0,0,96,96
s7,d3,frame_0009.jpg,SUCCESS,96,96,0,0,96,96
s7,d3,frame_0010.jpg,SUCCESS,96,96,0,0,96,96
s7,d3,frame_0011.jpg,SUCCESS,96,96,0,0,96,96
s7,d3,frame_0012.jpg,SUCCESS,96,96,0,0,96,96
s7,d3,frame_0013.jpg,SUCCESS,96,96,0,0,96,96
s7,d3,frame_0014.jpg,SUCCESS,96,96,0,0,96,96
s7,d3,frame_0015.jpg,SUCCESS,96,96,0,0,96,96
s7,d3,frame_0016.jpg,SUCCESS,96,96,0,0,96,96
s7,d3,frame_0017.jpg,SUCCESS,96,96,0,0,96,96
s7,d3,frame_0018.jpg,SUCCESS,96,96,0,0,96,96
s7,d3,frame_0019.jpg,SUCCESS,96,96,0,0,96,96
s7,d3,frame_0020.jpg,SUCCESS,96,96,0,0,96,96
s7,d3,frame_0021.jpg,SUCCESS,96,96,0,0,96,96
s7,d3,frame_0022.jpg,SUCCESS,96,96,0,0,96,96
s7,d3,frame_0023.jpg,SUCCESS,96,96,0,0,96,96
s7,d3,frame_0024.jpg,SUCCESS,96,96,0,0,96,96
s7,d3,frame_0025.jpg,SUCCESS,96,96,0,0,96,96
s7,d3,frame_0026.jpg,SUCCESS,96,96,0,0,96,96
s7,d3,frame_0027.jpg,SUCCESS,96,96,0,0,96,96
s7,d3,frame_0028.jpg,SUCCESS,96,96,0,0,96,96
s7,d3,frame_0029.jpg,SUCCESS,96,96,0,0,96,96
s7,d3,frame_0030.jpg,SUCCESS,96,96,0,0,96,96
s7,d4,frame_0001.jpg,SUCCESS,96,96,0,0,96,96
s7,d4,frame_0002.jpg,SUCCESS,96,96,0,0,96,96
s7,d4,frame_0003.jpg,SUCCESS,96,96,0,0,96,96
s7,d4,frame_0004.jpg,SUCCESS,96,96,0,0,96,96
s7,d4,frame_0005.jpg,SUCCESS,96,96,0,0,96,96
s7,d4,frame_0006.jpg,SUCCESS,96,96,0,0,96,96
s7,d4,frame_0007.jpg,SUCCESS,96,96,0,0,96,96
s7,d4,frame_0008.jpg,SUCCESS,96,96,0,0,96,96
s7,d4,frame_0009.jpg,SUCCESS,96,96,0,0,96,96
s7,d4,frame_0010.jpg,SUCCESS,96,96,0,0,96,96
s7,d4,frame_0011.jpg,SUCCESS,96,96,0,0,96,96
s7,d4,frame_0012.jpg,SUCCESS,96,96,0,0,96,96
s7,d4,frame_0013.jpg,SUCCESS,96,96,0,0,96,96
s7,d4,frame_0014.jpg,SUCCESS,96,96,0,0,96,96
s7,d4,frame_0015.jpg,SUCCESS,96,96,0,0,96,96
s7,d4,frame_0016.jpg,SUCCESS,96,96,0,0,96,96
s7,d4,frame_0017.jpg,SUCCESS,96,96,0,0,96,96
s7,d4,frame_0018.jpg,SUCCESS,96,96,0,0,96,96
s7,d4,frame_0019.jpg,SUCCESS,96,96,0,0,96,96
s7,d4,frame_0020.jpg,SUCCESS,96,96,0,0,96,96
s7,d4,frame_0021.jpg,SUCCESS,96,96,0,0,96,96
s7,d4,frame_0022.jpg,SUCCESS,96,96,0,0,96,96
s7,d4,frame_0023.jpg,SUCCESS,96,96,0,0,96,96
s7,d4,frame_0024.jpg,SUCCESS,96,96,0,0,96,96
s7,d4,frame_0025.jpg,SUCCESS,96,96,0,0,96,96
s7,d4,frame_0026.jpg,SUCCESS,96,96,0,0,96,96
s7,d4,frame_0027.jpg,SUCCESS,96,96,0,0,96,96
s7,d4,frame_0028.jpg,SUCCESS,96,96,0,0,96,96
s7,d4,frame_0029.jpg,SUCCESS,96,96,0,0,96,96
s7,d4,frame_0030.jpg,SUCCESS,96,96,0,0,96,96
s7,d4,frame_0031.jpg,SUCCESS,96,96,0,0,96,96
s7,d4,frame_0032.jpg,SUCCESS,96,96,0,0,96,96
s7,d4,frame_0033.jpg,SUCCESS,96,96,0,0,96,96
s7,d4,frame_0034.jpg,SUCCESS,96,96,0,0,96,96
s7,d4,frame_0035.jpg,SUCCESS,96,96,0,0,96,96
s7,d4,frame_0036.jpg,SUCCESS,96,96,0,0,96,96
s7,d4,frame_0037.jpg,SUCCESS,96,96,0,0,96,96
s7,d4,frame_0038.jpg,SUCCESS,96,96,0,0,96,96
s7,d4,frame_0039.jpg,SUCCESS,96,96,0,0,96,96
s7,d4,frame_0040.jpg,SUCCESS,96,96,0,0,96,96
s7,d4,frame_0041.jpg,SUCCESS,96,96,0,0,96,96
s7,d5,frame_0001.jpg,SUCCESS,96,96,0,0,96,96
s7,d5,frame_0002.jpg,SUCCESS,96,96,0,0,96,96
s7,d5,frame_0003.jpg,SUCCESS,96,96,0,0,96,96
s7,d5,frame_0004.jpg,SUCCESS,96,96,0,0,96,96
s7,d5,frame_0005.jpg,SUCCESS,96,96,0,0,96,96
s7,d5,frame_0006.jpg,SUCCESS,96,96,0,0,96,96
s7,d5,frame_0007.jpg,SUCCESS,96,96,0,0,96,96
s7,d5,frame_0008.jpg,SUCCESS,96,96,0,0,96,96
s7,d5,frame_0009.jpg,SUCCESS,96,96,0,0,96,96
s7,d5,frame_0010.jpg,SUCCESS,96,96,0,0,96,96
s7,d5,frame_0011.jpg,SUCCESS,96,96,0,0,96,96
s7,d5,frame_0012.jpg,SUCCESS,96,96,0,0,96,96
s7,d5,frame_0013.jpg,SUCCESS,96,96,0,0,96,96
s7,d5,frame_0014.jpg,SUCCESS,96,96,0,0,96,96
s7,d5,frame_0015.jpg,SUCCESS,96,96,0,0,96,96
s7,d5,frame_0016.jpg,SUCCESS,96,96,0,0,96,96
s7,d5,frame_0017.jpg,SUCCESS,96,96,0,0,96,96
s7,d5,frame_0018.jpg,SUCCESS,96,96,0,0,96,96
s7,d5,frame_0019.jpg,SUCCESS,96,96,0,0,96,96
s7,d5,frame_0020.jpg,SUCCESS,96,96,0,0,96,96
s7,d5,frame_0021.jpg,SUCCESS,96,96,0,0,96,96
s7,d5,frame_0022.jpg,SUCCESS,96,96,0,0,96,96
s7,d5,frame_0023.jpg,SUCCESS,96,96,0,0,96,96
s7,d5,frame_0024.jpg,SUCCESS,96,96,0,0,96,96
s7,d5,frame_0025.jpg,SUCCESS,96,96,0,0,96,96
s7,d5,frame_0026.jpg,SUCCESS,96,96,0,0,96,96
s7,d5,frame_0027.jpg,SUCCESS,96,96,0,0,96,96
s7,d5,frame_0028.jpg,SUCCESS,96,96,0,0,96,96
s7,d6,frame_0001.jpg,SUCCESS,96,96,0,0,96,96
s7,d6,frame_0002.jpg,SUCCESS,96,96,0,0,96,96
s7,d6,frame_0003.jpg,SUCCESS,96,96,0,0,96,96
s7,d6,frame_0004.jpg,SUCCESS,96,96,0,0,96,96
s7,d6,frame_0005.jpg,SUCCESS,96,96,0,0,96,96
s7,d6,frame_0006.jpg,SUCCESS,96,96,0,0,96,96
s7,d6,frame_0007.jpg,SUCCESS,96,96,0,0,96,96
s7,d6,frame_0008.jpg,SUCCESS,96,96,0,0,96,96
s7,d6,frame_0009.jpg,SUCCESS,96,96,0,0,96,96
s7,d6,frame_0010.jpg,SUCCESS,96,96,0,0,96,96
s7,d6,frame_0011.jpg,SUCCESS,96,96,0,0,96,96
s7,d6,frame_0012.jpg,SUCCESS,96,96,0,0,96,96
s7,d6,frame_0013.jpg,SUCCESS,96,96,0,0,96,96
s7,d6,frame_0014.jpg,SUCCESS,96,96,0,0,96,96
s7,d6,frame_0015.jpg,SUCCESS,96,96,0,0,96,96
s7,d6,frame_0016.jpg,SUCCESS,96,96,0,0,96,96
s7,d6,frame_0017.jpg,SUCCESS,96,96,0,0,96,96
s7,d6,frame_0018.jpg,SUCCESS,96,96,0,0,96,96
s7,d6,frame_0019.jpg,SUCCESS,96,96,0,0,96,96
s7,d6,frame_0020.jpg,SUCCESS,96,96,0,0,96,96
s7,d6,frame_0021.jpg,SUCCESS,96,96,0,0,96,96
s7,d6,frame_0022.jpg,SUCCESS,96,96,0,0,96,96
s7,d6,frame_0023.jpg,SUCCESS,96,96,0,0,96,96
s7,d6,frame_0024.jpg,SUCCESS,96,96,0,0,96,96
s7,d6,frame_0025.jpg,SUCCESS,96,96,0,0,96,96
s7,d6,frame_0026.jpg,SUCCESS,96,96,0,0,96,96
s7,d6,frame_0027.jpg,SUCCESS,96,96,0,0,96,96
s7,d6,frame_0028.jpg,SUCCESS,96,96,0,0,96,96
s7,d6,frame_0029.jpg,SUCCESS,96,96,0,0,96,96
s7,d6,frame_0030.jpg,SUCCESS,96,96,0,0,96,96
s7,d6,frame_0031.jpg,SUCCESS,96,96,0,0,96,96
s7,d6,frame_0032.jpg,SUCCESS,96,96,0,0,96,96
s7,d7,frame_0001.jpg,SUCCESS,96,96,0,0,96,96
s7,d7,frame_0002.jpg,SUCCESS,96,96,0,0,96,96
s7,d7,frame_0003.jpg,SUCCESS,96,96,0,0,96,96
s7,d7,frame_0004.jpg,SUCCESS,96,96,0,0,96,96
s7,d7,frame_0005.jpg,SUCCESS,96,96,0,0,96,96
s7,d7,frame_0006.jpg,SUCCESS,96,96,0,0,96,96
s7,d7,frame_0007.jpg,SUCCESS,96,96,0,0,96,96
s7,d7,frame_0008.jpg,SUCCESS,96,96,0,0,96,96
s7,d7,frame_0009.jpg,SUCCESS,96,96,0,0,96,96
s7,d7,frame_0010.jpg,SUCCESS,96,96,0,0,96,96
s7,d7,frame_0011.jpg,SUCCESS,96,96,0,0,96,96
s7,d7,frame_0012.jpg,SUCCESS,96,96,0,0,96,96
s7,d7,frame_0013.jpg,SUCCESS,96,96,0,0,96,96
s7,d7,frame_0014.jpg,SUCCESS,96,96,0,0,96,96
s7,d7,frame_0015.jpg,SUCCESS,96,96,0,0,96,96
s7,d7,frame_0016.jpg,SUCCESS,96,96,0,0,96,96
s7,d7,frame_0017.jpg,SUCCESS,96,96,0,0,96,96
s7,d7,frame_0018.jpg,SUCCESS,96,96,0,0,96,96
s7,d7,frame_0019.jpg,SUCCESS,96,96,0,0,96,96
s7,d7,frame_0020.jpg,SUCCESS,96,96,0,0,96,96
s7,d7,frame_0021.jpg,SUCCESS,96,96,0,0,96,96
s7,d7,frame_0022.jpg,SUCCESS,96,96,0,0,96,96
s7,d7,frame_0023.jpg,SUCCESS,96,96,0,0,96,96
s7,d7,frame_0024.jpg,SUCCESS,96,96,0,0,96,96
s7,d7,frame_0025.jpg,SUCCESS,96,96,0,0,96,96
s7,d7,frame_0026.jpg,SUCCESS,96,96,0,0,96,96
s7,d7,frame_0027.jpg,SUCCESS,96,96,0,0,96,96
s7,d7,frame_0028.jpg,SUCCESS,96,96,0,0,96,96
s7,d7,frame_0029.jpg,SUCCESS,96,96,0,0,96,96
s7,d7,frame_0030.jpg,SUCCESS,96,96,0,0,96,96
s7,d7,frame_0031.jpg,SUCCESS,96,96,0,0,96,96
s7,d7,frame_0032.jpg,SUCCESS,96,96,0,0,96,96
s7,d7,frame_0033.jpg,SUCCESS,96,96,0,0,96,96
s7,d7,frame_0034.jpg,SUCCESS,96,96,0,0,96,96
s7,d7,frame_0035.jpg,SUCCESS,96,96,0,0,96,96
s7,d7,frame_0036.jpg,SUCCESS,96,96,0,0,96,96
s7,d7,frame_0037.jpg,SUCCESS,96,96,0,0,96,96
s7,d7,frame_0038.jpg,SUCCESS,96,96,0,0,96,96
s7,d7,frame_0039.jpg,SUCCESS,96,96,0,0,96,96
s7,d7,frame_0040.jpg,SUCCESS,96,96,0,0,96,96
s7,d7,frame_0041.jpg,SUCCESS,96,96,0,0,96,96
s7,d7,frame_0042.jpg,SUCCESS,96,96,0,0,96,96
s7,d7,frame_0043.jpg,SUCCESS,96,96,0,0,96,96
s7,d8,frame_0001.jpg,SUCCESS,96,96,0,0,96,96
s7,d8,frame_0002.jpg,SUCCESS,96,96,0,0,96,96
s7,d8,frame_0003.jpg,SUCCESS,96,96,0,0,96,96
s7,d8,frame_0004.jpg,SUCCESS,96,96,0,0,96,96
s7,d8,frame_0005.jpg,SUCCESS,96,96,0,0,96,96
s7,d8,frame_0006.jpg,SUCCESS,96,96,0,0,96,96
s7,d8,frame_0007.jpg,SUCCESS,96,96,0,0,96,96
s7,d8,frame_0008.jpg,SUCCESS,96,96,0,0,96,96
s7,d8,frame_0009.jpg,SUCCESS,96,96,0,0,96,96
s7,d8,frame_0010.jpg,SUCCESS,96,96,0,0,96,96
s7,d8,frame_0011.jpg,SUCCESS,96,96,0,0,96,96
s7,d8,frame_0012.jpg,SUCCESS,96,96,0,0,96,96
s7,d8,frame_0013.jpg,SUCCESS,96,96,0,0,96,96
s7,d8,frame_0014.jpg,SUCCESS,96,96,0,0,96,96
s7,d8,frame_0015.jpg,SUCCESS,96,96,0,0,96,96
s7,d8,frame_0016.jpg,SUCCESS,96,96,0,0,96,96
s7,d8,frame_0017.jpg,SUCCESS,96,96,0,0,96,96
s7,d8,frame_0018.jpg,SUCCESS,96,96,0,0,96,96
s7,d8,frame_0019.jpg,SUCCESS,96,96,0,0,96,96
s7,d8,frame_0020.jpg,SUCCESS,96,96,0,0,96,96
s7,d8,frame_0021.jpg,SUCCESS,96,96,0,0,96,96
s7,d8,frame_0022.jpg,SUCCESS,96,96,0,0,96,96
s7,d8,frame_0023.jpg,SUCCESS,96,96,0,0,96,96
s7,d8,frame_0024.jpg,SUCCESS,96,96,0,0,96,96
s7,d8,frame_0025.jpg,SUCCESS,96,96,0,0,96,96
s7,d8,frame_0026.jpg,SUCCESS,96,96,0,0,96,96
s7,d9,frame_0001.jpg,SUCCESS,96,96,0,0,96,96
s7,d9,frame_0002.jpg,SUCCESS,96,96,0,0,96,96
s7,d9,frame_0003.jpg,SUCCESS,96,96,0,0,96,96
s7,d9,frame_0004.jpg,SUCCESS,96,96,0,0,96,96
s7,d9,frame_0005.jpg,SUCCESS,96,96,0,0,96,96
s7,d9,frame_0006.jpg,SUCCESS,96,96,0,0,96,96
s7,d9,frame_0007.jpg,SUCCESS,96,96,0,0,96,96
s7,d9,frame_0008.jpg,SUCCESS,96,96,0,0,96,96
s7,d9,frame_0009.jpg,SUCCESS,96,96,0,0,96,96
s7,d9,frame_0010.jpg,SUCCESS,96,96,0,0,96,96
s7,d9,frame_0011.jpg,SUCCESS,96,96,0,0,96,96
s7,d9,frame_0012.jpg,SUCCESS,96,96,0,0,96,96
s7,d9,frame_0013.jpg,SUCCESS,96,96,0,0,96,96
s7,d9,frame_0014.jpg,SUCCESS,96,96,0,0,96,96
s7,d9,frame_0015.jpg,SUCCESS,96,96,0,0,96,96
s7,d9,frame_0016.jpg,SUCCESS,96,96,0,0,96,96
s7,d9,frame_0017.jpg,SUCCESS,96,96,0,0,96,96
s7,d9,frame_0018.jpg,SUCCESS,96,96,0,0,96,96
s7,d9,frame_0019.jpg,SUCCESS,96,96,0,0,96,96
s7,d9,frame_0020.jpg,SUCCESS,96,96,0,0,96,96
s7,d9,frame_0021.jpg,SUCCESS,96,96,0,0,96,96
s7,d9,frame_0022.jpg,SUCCESS,96,96,0,0,96,96
s7,d9,frame_0023.jpg,SUCCESS,96,96,0,0,96,96
s7,d9,frame_0024.jpg,SUCCESS,96,96,0,0,96,96
s7,d9,frame_0025.jpg,SUCCESS,96,96,0,0,96,96
s7,d9,frame_0026.jpg,SUCCESS,96,96,0,0,96,96
s7,d9,frame_0027.jpg,SUCCESS,96,96,0,0,96,96
s7,d9,frame_0028.jpg,SUCCESS,96,96,0,0,96,96
s7,d9,frame_0029.jpg,SUCCESS,96,96,0,0,96,96
s7,d9,frame_0030.jpg,SUCCESS,96,96,0,0,96,96
s8,d0,frame_0001.jpg,SUCCESS,96,96,0,0,96,96
s8,d0,frame_0002.jpg,SUCCESS,96,96,0,0,96,96
s8,d0,frame_0003.jpg,SUCCESS,96,96,0,0,96,96
s8,d0,frame_0004.jpg,SUCCESS,96,96,0,0,96,96
s8,d0,frame_0005.jpg,SUCCESS,96,96,0,0,96,96
s8,d0,frame_0006.jpg,SUCCESS,96,96,0,0,96,96
s8,d0,frame_0007.jpg,SUCCESS,96,96,0,0,96,96
s8,d0,frame_0008.jpg,SUCCESS,96,96,0,0,96,96
s8,d0,frame_0009.jpg,SUCCESS,96,96,0,0,96,96
s8,d0,frame_0010.jpg,SUCCESS,96,96,0,0,96,96
s8,d0,frame_0011.jpg,SUCCESS,96,96,0,0,96,96
s8,d0,frame_0012.jpg,SUCCESS,96,96,0,0,96,96
s8,d0,frame_0013.jpg,SUCCESS,96,96,0,0,96,96
s8,d0,frame_0014.jpg,SUCCESS,96,96,0,0,96,96
s8,d0,frame_0015.jpg,SUCCESS,96,96,0,0,96,96
s8,d0,frame_0016.jpg,SUCCESS,96,96,0,0,96,96
s8,d0,frame_0017.jpg,SUCCESS,96,96,0,0,96,96
s8,d0,frame_0018.jpg,SUCCESS,96,96,0,0,96,96
s8,d0,frame_0019.jpg,SUCCESS,96,96,0,0,96,96
s8,d0,frame_0020.jpg,SUCCESS,96,96,0,0,96,96
s8,d0,frame_0021.jpg,SUCCESS,96,96,0,0,96,96
s8,d0,frame_0022.jpg,SUCCESS,96,96,0,0,96,96
s8,d0,frame_0023.jpg,SUCCESS,96,96,0,0,96,96
s8,d0,frame_0024.jpg,SUCCESS,96,96,0,0,96,96
s8,d0,frame_0025.jpg,SUCCESS,96,96,0,0,96,96
s8,d0,frame_0026.jpg,SUCCESS,96,96,0,0,96,96
s8,d0,frame_0027.jpg,SUCCESS,96,96,0,0,96,96
s8,d0,frame_0028.jpg,SUCCESS,96,96,0,0,96,96
s8,d0,frame_0029.jpg,SUCCESS,96,96,0,0,96,96
s8,d0,frame_0030.jpg,SUCCESS,96,96,0,0,96,96
s8,d0,frame_0031.jpg,SUCCESS,96,96,0,0,96,96
s8,d0,frame_0032.jpg,SUCCESS,96,96,0,0,96,96
s8,d0,frame_0033.jpg,SUCCESS,96,96,0,0,96,96
s8,d0,frame_0034.jpg,SUCCESS,96,96,0,0,96,96
s8,d0,frame_0035.jpg,SUCCESS,96,96,0,0,96,96
s8,d0,frame_0036.jpg,SUCCESS,96,96,0,0,96,96
s8,d1,frame_0001.jpg,SUCCESS,96,96,0,0,96,96
s8,d1,frame_0002.jpg,SUCCESS,96,96,0,0,96,96
s8,d1,frame_0003.jpg,SUCCESS,96,96,0,0,96,96
s8,d1,frame_0004.jpg,SUCCESS,96,96,0,0,96,96
s8,d1,frame_0005.jpg,SUCCESS,96,96,0,0,96,96
s8,d1,frame_0006.jpg,SUCCESS,96,96,0,0,96,96
s8,d1,frame_0007.jpg,SUCCESS,96,96,0,0,96,96
s8,d1,frame_0008.jpg,SUCCESS,96,96,0,0,96,96
s8,d1,frame_0009.jpg,SUCCESS,96,96,0,0,96,96
s8,d1,frame_0010.jpg,SUCCESS,96,96,0,0,96,96
s8,d1,frame_0011.jpg,SUCCESS,96,96,0,0,96,96
s8,d1,frame_0012.jpg,SUCCESS,96,96,0,0,96,96
s8,d1,frame_0013.jpg,SUCCESS,96,96,0,0,96,96
s8,d1,frame_0014.jpg,SUCCESS,96,96,0,0,96,96
s8,d1,frame_0015.jpg,SUCCESS,96,96,0,0,96,96
s8,d1,frame_0016.jpg,SUCCESS,96,96,0,0,96,96
s8,d1,frame_0017.jpg,SUCCESS,96,96,0,0,96,96
s8,d1,frame_0018.jpg,SUCCESS,96,96,0,0,96,96
s8,d1,frame_0019.jpg,SUCCESS,96,96,0,0,96,96
s8,d1,frame_0020.jpg,SUCCESS,96,96,0,0,96,96
s8,d1,frame_0021.jpg,SUCCESS,96,96,0,0,96,96
s8,d1,frame_0022.jpg,SUCCESS,96,96,0,0,96,96
s8,d1,frame_0023.jpg,SUCCESS,96,96,0,0,96,96
s8,d1,frame_0024.jpg,SUCCESS,96,96,0,0,96,96
s8,d1,frame_0025.jpg,SUCCESS,96,96,0,0,96,96
s8,d1,frame_0026.jpg,SUCCESS,96,96,0,0,96,96
s8,d1,frame_0027.jpg,SUCCESS,96,96,0,0,96,96
s8,d1,frame_0028.jpg,SUCCESS,96,96,0,0,96,96
s8,d1,frame_0029.jpg,SUCCESS,96,96,0,0,96,96
s8,d1,frame_0030.jpg,SUCCESS,96,96,0,0,96,96
s8,d1,frame_0031.jpg,SUCCESS,96,96,0,0,96,96
s8,d1,frame_0032.jpg,SUCCESS,96,96,0,0,96,96
s8,d10,frame_0001.jpg,SUCCESS,96,96,0,0,96,96
s8,d10,frame_0002.jpg,SUCCESS,96,96,0,0,96,96
s8,d10,frame_0003.jpg,SUCCESS,96,96,0,0,96,96
s8,d10,frame_0004.jpg,SUCCESS,96,96,0,0,96,96
s8,d10,frame_0005.jpg,SUCCESS,96,96,0,0,96,96
s8,d10,frame_0006.jpg,SUCCESS,96,96,0,0,96,96
s8,d10,frame_0007.jpg,SUCCESS,96,96,0,0,96,96
s8,d10,frame_0008.jpg,SUCCESS,96,96,0,0,96,96
s8,d10,frame_0009.jpg,SUCCESS,96,96,0,0,96,96
s8,d10,frame_0010.jpg,SUCCESS,96,96,0,0,96,96
s8,d10,frame_0011.jpg,SUCCESS,96,96,0,0,96,96
s8,d10,frame_0012.jpg,SUCCESS,96,96,0,0,96,96
s8,d10,frame_0013.jpg,SUCCESS,96,96,0,0,96,96
s8,d10,frame_0014.jpg,SUCCESS,96,96,0,0,96,96
s8,d10,frame_0015.jpg,SUCCESS,96,96,0,0,96,96
s8,d10,frame_0016.jpg,SUCCESS,96,96,0,0,96,96
s8,d10,frame_0017.jpg,SUCCESS,96,96,0,0,96,96
s8,d10,frame_0018.jpg,SUCCESS,96,96,0,0,96,96
s8,d10,frame_0019.jpg,SUCCESS,96,96,0,0,96,96
s8,d10,frame_0020.jpg,SUCCESS,96,96,0,0,96,96
s8,d10,frame_0021.jpg,SUCCESS,96,96,0,0,96,96
s8,d10,frame_0022.jpg,SUCCESS,96,96,0,0,96,96
s8,d10,frame_0023.jpg,SUCCESS,96,96,0,0,96,96
s8,d10,frame_0024.jpg,SUCCESS,96,96,0,0,96,96
s8,d10,frame_0025.jpg,SUCCESS,96,96,0,0,96,96
s8,d10,frame_0026.jpg,SUCCESS,96,96,0,0,96,96
s8,d10,frame_0027.jpg,SUCCESS,96,96,0,0,96,96
s8,d10,frame_0028.jpg,SUCCESS,96,96,0,0,96,96
s8,d10,frame_0029.jpg,SUCCESS,96,96,0,0,96,96
s8,d10,frame_0030.jpg,SUCCESS,96,96,0,0,96,96
s8,d10,frame_0031.jpg,SUCCESS,96,96,0,0,96,96
s8,d2,frame_0001.jpg,SUCCESS,96,96,0,0,96,96
s8,d2,frame_0002.jpg,SUCCESS,96,96,0,0,96,96
s8,d2,frame_0003.jpg,SUCCESS,96,96,0,0,96,96
s8,d2,frame_0004.jpg,SUCCESS,96,96,0,0,96,96
s8,d2,frame_0005.jpg,SUCCESS,96,96,0,0,96,96
s8,d2,frame_0006.jpg,SUCCESS,96,96,0,0,96,96
s8,d2,frame_0007.jpg,SUCCESS,96,96,0,0,96,96
s8,d2,frame_0008.jpg,SUCCESS,96,96,0,0,96,96
s8,d2,frame_0009.jpg,SUCCESS,96,96,0,0,96,96
s8,d2,frame_0010.jpg,SUCCESS,96,96,0,0,96,96
s8,d2,frame_0011.jpg,SUCCESS,96,96,0,0,96,96
s8,d2,frame_0012.jpg,SUCCESS,96,96,0,0,96,96
s8,d2,frame_0013.jpg,SUCCESS,96,96,0,0,96,96
s8,d2,frame_0014.jpg,SUCCESS,96,96,0,0,96,96
s8,d2,frame_0015.jpg,SUCCESS,96,96,0,0,96,96
s8,d2,frame_0016.jpg,SUCCESS,96,96,0,0,96,96
s8,d2,frame_0017.jpg,SUCCESS,96,96,0,0,96,96
s8,d2,frame_0018.jpg,SUCCESS,96,96,0,0,96,96
s8,d2,frame_0019.jpg,SUCCESS,96,96,0,0,96,96
s8,d2,frame_0020.jpg,SUCCESS,96,96,0,0,96,96
s8,d2,frame_0021.jpg,SUCCESS,96,96,0,0,96,96
s8,d2,frame_0022.jpg,SUCCESS,96,96,0,0,96,96
s8,d2,frame_0023.jpg,SUCCESS,96,96,0,0,96,96
s8,d2,frame_0024.jpg,SUCCESS,96,96,0,0,96,96
s8,d2,frame_0025.jpg,SUCCESS,96,96,0,0,96,96
s8,d2,frame_0026.jpg,SUCCESS,96,96,0,0,96,96
s8,d2,frame_0027.jpg,SUCCESS,96,96,0,0,96,96
s8,d2,frame_0028.jpg,SUCCESS,96,96,0,0,96,96
s8,d2,frame_0029.jpg,SUCCESS,96,96,0,0,96,96
s8,d2,frame_0030.jpg,SUCCESS,96,96,0,0,96,96
s8,d2,frame_0031.jpg,SUCCESS,96,96,0,0,96,96
s8,d2,frame_0032.jpg,SUCCESS,96,96,0,0,96,96
s8,d2,frame_0033.jpg,SUCCESS,96,96,0,0,96,96
s8,d2,frame_0034.jpg,SUCCESS,96,96,0,0,96,96
s8,d2,frame_0035.jpg,SUCCESS,96,96,0,0,96,96
s8,d2,frame_0036.jpg,SUCCESS,96,96,0,0,96,96
s8,d2,frame_0037.jpg,SUCCESS,96,96,0,0,96,96
s8,d3,frame_0001.jpg,SUCCESS,96,96,0,0,96,96
s8,d3,frame_0002.jpg,SUCCESS,96,96,0,0,96,96
s8,d3,frame_0003.jpg,SUCCESS,96,96,0,0,96,96
s8,d3,frame_0004.jpg,SUCCESS,96,96,0,0,96,96
s8,d3,frame_0005.jpg,SUCCESS,96,96,0,0,96,96
s8,d3,frame_0006.jpg,SUCCESS,96,96,0,0,96,96
s8,d3,frame_0007.jpg,SUCCESS,96,96,0,0,96,96
s8,d3,frame_0008.jpg,SUCCESS,96,96,0,0,96,96
s8,d3,frame_0009.jpg,SUCCESS,96,96,0,0,96,96
s8,d3,frame_0010.jpg,SUCCESS,96,96,0,0,96,96
s8,d3,frame_0011.jpg,SUCCESS,96,96,0,0,96,96
s8,d3,frame_0012.jpg,SUCCESS,96,96,0,0,96,96
s8,d3,frame_0013.jpg,SUCCESS,96,96,0,0,96,96
s8,d3,frame_0014.jpg,SUCCESS,96,96,0,0,96,96
s8,d3,frame_0015.jpg,SUCCESS,96,96,0,0,96,96
s8,d3,frame_0016.jpg,SUCCESS,96,96,0,0,96,96
s8,d3,frame_0017.jpg,SUCCESS,96,96,0,0,96,96
s8,d3,frame_0018.jpg,SUCCESS,96,96,0,0,96,96
s8,d3,frame_0019.jpg,SUCCESS,96,96,0,0,96,96
s8,d3,frame_0020.jpg,SUCCESS,96,96,0,0,96,96
s8,d3,frame_0021.jpg,SUCCESS,96,96,0,0,96,96
s8,d3,frame_0022.jpg,SUCCESS,96,96,0,0,96,96
s8,d3,frame_0023.jpg,SUCCESS,96,96,0,0,96,96
s8,d3,frame_0024.jpg,SUCCESS,96,96,0,0,96,96
s8,d3,frame_0025.jpg,SUCCESS,96,96,0,0,96,96
s8,d3,frame_0026.jpg,SUCCESS,96,96,0,0,96,96
s8,d3,frame_0027.jpg,SUCCESS,96,96,0,0,96,96
s8,d3,frame_0028.jpg,SUCCESS,96,96,0,0,96,96
s8,d3,frame_0029.jpg,SUCCESS,96,96,0,0,96,96
s8,d3,frame_0030.jpg,SUCCESS,96,96,0,0,96,96
s8,d3,frame_0031.jpg,SUCCESS,96,96,0,0,96,96
s8,d3,frame_0032.jpg,SUCCESS,96,96,0,0,96,96
s8,d3,frame_0033.jpg,SUCCESS,96,96,0,0,96,96
s8,d3,frame_0034.jpg,SUCCESS,96,96,0,0,96,96
s8,d3,frame_0035.jpg,SUCCESS,96,96,0,0,96,96
s8,d3,frame_0036.jpg,SUCCESS,96,96,0,0,96,96
s8,d3,frame_0037.jpg,SUCCESS,96,96,0,0,96,96
s8,d3,frame_0038.jpg,SUCCESS,96,96,0,0,96,96
s8,d3,frame_0039.jpg,SUCCESS,96,96,0,0,96,96
s8,d3,frame_0040.jpg,SUCCESS,96,96,0,0,96,96
s8,d3,frame_0041.jpg,SUCCESS,96,96,0,0,96,96
s8,d3,frame_0042.jpg,SUCCESS,96,96,0,0,96,96
s8,d3,frame_0043.jpg,SUCCESS,96,96,0,0,96,96
s8,d3,frame_0044.jpg,SUCCESS,96,96,0,0,96,96
s8,d3,frame_0045.jpg,SUCCESS,96,96,0,0,96,96
s8,d3,frame_0046.jpg,SUCCESS,96,96,0,0,96,96
s8,d3,frame_0047.jpg,SUCCESS,96,96,0,0,96,96
s8,d3,frame_0048.jpg,SUCCESS,96,96,0,0,96,96
s8,d3,frame_0049.jpg,SUCCESS,96,96,0,0,96,96
s8,d3,frame_0050.jpg,SUCCESS,96,96,0,0,96,96
s8,d4,frame_0001.jpg,SUCCESS,96,96,0,0,96,96
s8,d4,frame_0002.jpg,SUCCESS,96,96,0,0,96,96
s8,d4,frame_0003.jpg,SUCCESS,96,96,0,0,96,96
s8,d4,frame_0004.jpg,SUCCESS,96,96,0,0,96,96
s8,d4,frame_0005.jpg,SUCCESS,96,96,0,0,96,96
s8,d4,frame_0006.jpg,SUCCESS,96,96,0,0,96,96
s8,d4,frame_0007.jpg,SUCCESS,96,96,0,0,96,96
s8,d4,frame_0008.jpg,SUCCESS,96,96,0,0,96,96
s8,d4,frame_0009.jpg,SUCCESS,96,96,0,0,96,96
s8,d4,frame_0010.jpg,SUCCESS,96,96,0,0,96,96
s8,d4,frame_0011.jpg,SUCCESS,96,96,0,0,96,96
s8,d4,frame_0012.jpg,SUCCESS,96,96,0,0,96,96
s8,d4,frame_0013.jpg,SUCCESS,96,96,0,0,96,96
s8,d4,frame_0014.jpg,SUCCESS,96,96,0,0,96,96
s8,d4,frame_0015.jpg,SUCCESS,96,96,0,0,96,96
s8,d4,frame_0016.jpg,SUCCESS,96,96,0,0,96,96
s8,d4,frame_0017.jpg,SUCCESS,96,96,0,0,96,96
s8,d4,frame_0018.jpg,SUCCESS,96,96,0,0,96,96
s8,d4,frame_0019.jpg,SUCCESS,96,96,0,0,96,96
s8,d4,frame_0020.jpg,SUCCESS,96,96,0,0,96,96
s8,d4,frame_0021.jpg,SUCCESS,96,96,0,0,96,96
s8,d4,frame_0022.jpg,SUCCESS,96,96,0,0,96,96
s8,d4,frame_0023.jpg,SUCCESS,96,96,0,0,96,96
s8,d4,frame_0024.jpg,SUCCESS,96,96,0,0,96,96
s8,d4,frame_0025.jpg,SUCCESS,96,96,0,0,96,96
s8,d4,frame_0026.jpg,SUCCESS,96,96,0,0,96,96
s8,d4,frame_0027.jpg,SUCCESS,96,96,0,0,96,96
s8,d4,frame_0028.jpg,SUCCESS,96,96,0,0,96,96
s8,d4,frame_0029.jpg,SUCCESS,96,96,0,0,96,96
s8,d4,frame_0030.jpg,SUCCESS,96,96,0,0,96,96
s8,d4,frame_0031.jpg,SUCCESS,96,96,0,0,96,96
s8,d4,frame_0032.jpg,SUCCESS,96,96,0,0,96,96
s8,d4,frame_0033.jpg,SUCCESS,96,96,0,0,96,96
s8,d4,frame_0034.jpg,SUCCESS,96,96,0,0,96,96
s8,d5,frame_0001.jpg,SUCCESS,96,96,0,0,96,96
s8,d5,frame_0002.jpg,SUCCESS,96,96,0,0,96,96
s8,d5,frame_0003.jpg,SUCCESS,96,96,0,0,96,96
s8,d5,frame_0004.jpg,SUCCESS,96,96,0,0,96,96
s8,d5,frame_0005.jpg,SUCCESS,96,96,0,0,96,96
s8,d5,frame_0006.jpg,SUCCESS,96,96,0,0,96,96
s8,d5,frame_0007.jpg,SUCCESS,96,96,0,0,96,96
s8,d5,frame_0008.jpg,SUCCESS,96,96,0,0,96,96
s8,d5,frame_0009.jpg,SUCCESS,96,96,0,0,96,96
s8,d5,frame_0010.jpg,SUCCESS,96,96,0,0,96,96
s8,d5,frame_0011.jpg,SUCCESS,96,96,0,0,96,96
s8,d5,frame_0012.jpg,SUCCESS,96,96,0,0,96,96
s8,d5,frame_0013.jpg,SUCCESS,96,96,0,0,96,96
s8,d5,frame_0014.jpg,SUCCESS,96,96,0,0,96,96
s8,d5,frame_0015.jpg,SUCCESS,96,96,0,0,96,96
s8,d5,frame_0016.jpg,SUCCESS,96,96,0,0,96,96
s8,d5,frame_0017.jpg,SUCCESS,96,96,0,0,96,96
s8,d5,frame_0018.jpg,SUCCESS,96,96,0,0,96,96
s8,d5,frame_0019.jpg,SUCCESS,96,96,0,0,96,96
s8,d5,frame_0020.jpg,SUCCESS,96,96,0,0,96,96
s8,d5,frame_0021.jpg,SUCCESS,96,96,0,0,96,96
s8,d5,frame_0022.jpg,SUCCESS,96,96,0,0,96,96
s8,d5,frame_0023.jpg,SUCCESS,96,96,0,0,96,96
s8,d5,frame_0024.jpg,SUCCESS,96,96,0,0,96,96
s8,d5,frame_0025.jpg,SUCCESS,96,96,0,0,96,96
s8,d5,frame_0026.jpg,SUCCESS,96,96,0,0,96,96
s8,d5,frame_0027.jpg,SUCCESS,96,96,0,0,96,96
s8,d5,frame_0028.jpg,SUCCESS,96,96,0,0,96,96
s8,d5,frame_0029.jpg,SUCCESS,96,96,0,0,96,96
s8,d5,frame_0030.jpg,SUCCESS,96,96,0,0,96,96
s8,d5,frame_0031.jpg,SUCCESS,96,96,0,0,96,96
s8,d5,frame_0032.jpg,SUCCESS,96,96,0,0,96,96
s8,d5,frame_0033.jpg,SUCCESS,96,96,0,0,96,96
s8,d5,frame_0034.jpg,SUCCESS,96,96,0,0,96,96
s8,d5,frame_0035.jpg,SUCCESS,96,96,0,0,96,96
s8,d5,frame_0036.jpg,SUCCESS,96,96,0,0,96,96
s8,d5,frame_0037.jpg,SUCCESS,96,96,0,0,96,96
s8,d5,frame_0038.jpg,SUCCESS,96,96,0,0,96,96
s8,d5,frame_0039.jpg,SUCCESS,96,96,0,0,96,96
s8,d5,frame_0040.jpg,SUCCESS,96,96,0,0,96,96
s8,d5,frame_0041.jpg,SUCCESS,96,96,0,0,96,96
s8,d6,frame_0001.jpg,SUCCESS,96,96,0,0,96,96
s8,d6,frame_0002.jpg,SUCCESS,96,96,0,0,96,96
s8,d6,frame_0003.jpg,SUCCESS,96,96,0,0,96,96
s8,d6,frame_0004.jpg,SUCCESS,96,96,0,0,96,96
s8,d6,frame_0005.jpg,SUCCESS,96,96,0,0,96,96
s8,d6,frame_0006.jpg,SUCCESS,96,96,0,0,96,96
s8,d6,frame_0007.jpg,SUCCESS,96,96,0,0,96,96
s8,d6,frame_0008.jpg,SUCCESS,96,96,0,0,96,96
s8,d6,frame_0009.jpg,SUCCESS,96,96,0,0,96,96
s8,d6,frame_0010.jpg,SUCCESS,96,96,0,0,96,96
s8,d6,frame_0011.jpg,SUCCESS,96,96,0,0,96,96
s8,d6,frame_0012.jpg,SUCCESS,96,96,0,0,96,96
s8,d6,frame_0013.jpg,SUCCESS,96,96,0,0,96,96
s8,d6,frame_0014.jpg,SUCCESS,96,96,0,0,96,96
s8,d6,frame_0015.jpg,SUCCESS,96,96,0,0,96,96
s8,d6,frame_0016.jpg,SUCCESS,96,96,0,0,96,96
s8,d6,frame_0017.jpg,SUCCESS,96,96,0,0,96,96
s8,d6,frame_0018.jpg,SUCCESS,96,96,0,0,96,96
s8,d6,frame_0019.jpg,SUCCESS,96,96,0,0,96,96
s8,d6,frame_0020.jpg,SUCCESS,96,96,0,0,96,96
s8,d6,frame_0021.jpg,SUCCESS,96,96,0,0,96,96
s8,d6,frame_0022.jpg,SUCCESS,96,96,0,0,96,96
s8,d6,frame_0023.jpg,SUCCESS,96,96,0,0,96,96
s8,d6,frame_0024.jpg,SUCCESS,96,96,0,0,96,96
s8,d6,frame_0025.jpg,SUCCESS,96,96,0,0,96,96
s8,d6,frame_0026.jpg,SUCCESS,96,96,0,0,96,96
s8,d6,frame_0027.jpg,SUCCESS,96,96,0,0,96,96
s8,d6,frame_0028.jpg,SUCCESS,96,96,0,0,96,96
s8,d6,frame_0029.jpg,SUCCESS,96,96,0,0,96,96
s8,d6,frame_0030.jpg,SUCCESS,96,96,0,0,96,96
s8,d6,frame_0031.jpg,SUCCESS,96,96,0,0,96,96
s8,d6,frame_0032.jpg,SUCCESS,96,96,0,0,96,96
s8,d6,frame_0033.jpg,SUCCESS,96,96,0,0,96,96
s8,d6,frame_0034.jpg,SUCCESS,96,96,0,0,96,96
s8,d6,frame_0035.jpg,SUCCESS,96,96,0,0,96,96
s8,d6,frame_0036.jpg,SUCCESS,96,96,0,0,96,96
s8,d6,frame_0037.jpg,SUCCESS,96,96,0,0,96,96
s8,d6,frame_0038.jpg,SUCCESS,96,96,0,0,96,96
s8,d6,frame_0039.jpg,SUCCESS,96,96,0,0,96,96
s8,d6,frame_0040.jpg,SUCCESS,96,96,0,0,96,96
s8,d6,frame_0041.jpg,SUCCESS,96,96,0,0,96,96
s8,d6,frame_0042.jpg,SUCCESS,96,96,0,0,96,96
s8,d6,frame_0043.jpg,SUCCESS,96,96,0,0,96,96
s8,d6,frame_0044.jpg,SUCCESS,96,96,0,0,96,96
s8,d6,frame_0045.jpg,SUCCESS,96,96,0,0,96,96
s8,d6,frame_0046.jpg,SUCCESS,96,96,0,0,96,96
s8,d6,frame_0047.jpg,SUCCESS,96,96,0,0,96,96
s8,d6,frame_0048.jpg,SUCCESS,96,96,0,0,96,96
s8,d6,frame_0049.jpg,SUCCESS,96,96,0,0,96,96
s8,d6,frame_0050.jpg,SUCCESS,96,96,0,0,96,96
s8,d6,frame_0051.jpg,SUCCESS,96,96,0,0,96,96
s8,d6,frame_0052.jpg,SUCCESS,96,96,0,0,96,96
s8,d6,frame_0053.jpg,SUCCESS,96,96,0,0,96,96
s8,d6,frame_0054.jpg,SUCCESS,96,96,0,0,96,96
s8,d6,frame_0055.jpg,SUCCESS,96,96,0,0,96,96
s8,d6,frame_0056.jpg,SUCCESS,96,96,0,0,96,96
s8,d7,frame_0001.jpg,SUCCESS,96,96,0,0,96,96
s8,d7,frame_0002.jpg,SUCCESS,96,96,0,0,96,96
s8,d7,frame_0003.jpg,SUCCESS,96,96,0,0,96,96
s8,d7,frame_0004.jpg,SUCCESS,96,96,0,0,96,96
s8,d7,frame_0005.jpg,SUCCESS,96,96,0,0,96,96
s8,d7,frame_0006.jpg,SUCCESS,96,96,0,0,96,96
s8,d7,frame_0007.jpg,SUCCESS,96,96,0,0,96,96
s8,d7,frame_0008.jpg,SUCCESS,96,96,0,0,96,96
s8,d7,frame_0009.jpg,SUCCESS,96,96,0,0,96,96
s8,d7,frame_0010.jpg,SUCCESS,96,96,0,0,96,96
s8,d7,frame_0011.jpg,SUCCESS,96,96,0,0,96,96
s8,d7,frame_0012.jpg,SUCCESS,96,96,0,0,96,96
s8,d7,frame_0013.jpg,SUCCESS,96,96,0,0,96,96
s8,d7,frame_0014.jpg,SUCCESS,96,96,0,0,96,96
s8,d7,frame_0015.jpg,SUCCESS,96,96,0,0,96,96
s8,d7,frame_0016.jpg,SUCCESS,96,96,0,0,96,96
s8,d7,frame_0017.jpg,SUCCESS,96,96,0,0,96,96
s8,d7,frame_0018.jpg,SUCCESS,96,96,0,0,96,96
s8,d7,frame_0019.jpg,SUCCESS,96,96,0,0,96,96
s8,d7,frame_0020.jpg,SUCCESS,96,96,0,0,96,96
s8,d7,frame_0021.jpg,SUCCESS,96,96,0,0,96,96
s8,d7,frame_0022.jpg,SUCCESS,96,96,0,0,96,96
s8,d7,frame_0023.jpg,SUCCESS,96,96,0,0,96,96
s8,d7,frame_0024.jpg,SUCCESS,96,96,0,0,96,96
s8,d7,frame_0025.jpg,SUCCESS,96,96,0,0,96,96
s8,d7,frame_0026.jpg,SUCCESS,96,96,0,0,96,96
s8,d7,frame_0027.jpg,SUCCESS,96,96,0,0,96,96
s8,d7,frame_0028.jpg,SUCCESS,96,96,0,0,96,96
s8,d7,frame_0029.jpg,SUCCESS,96,96,0,0,96,96
s8,d7,frame_0030.jpg,SUCCESS,96,96,0,0,96,96
s8,d7,frame_0031.jpg,SUCCESS,96,96,0,0,96,96
s8,d7,frame_0032.jpg,SUCCESS,96,96,0,0,96,96
s8,d7,frame_0033.jpg,SUCCESS,96,96,0,0,96,96
s8,d7,frame_0034.jpg,SUCCESS,96,96,0,0,96,96
s8,d7,frame_0035.jpg,SUCCESS,96,96,0,0,96,96
s8,d7,frame_0036.jpg,SUCCESS,96,96,0,0,96,96
s8,d7,frame_0037.jpg,SUCCESS,96,96,0,0,96,96
s8,d7,frame_0038.jpg,SUCCESS,96,96,0,0,96,96
s8,d8,frame_0001.jpg,SUCCESS,96,96,0,0,96,96
s8,d8,frame_0002.jpg,SUCCESS,96,96,0,0,96,96
s8,d8,frame_0003.jpg,SUCCESS,96,96,0,0,96,96
s8,d8,frame_0004.jpg,SUCCESS,96,96,0,0,96,96
s8,d8,frame_0005.jpg,SUCCESS,96,96,0,0,96,96
s8,d8,frame_0006.jpg,SUCCESS,96,96,0,0,96,96
s8,d8,frame_0007.jpg,SUCCESS,96,96,0,0,96,96
s8,d8,frame_0008.jpg,SUCCESS,96,96,0,0,96,96
s8,d8,frame_0009.jpg,SUCCESS,96,96,0,0,96,96
s8,d8,frame_0010.jpg,SUCCESS,96,96,0,0,96,96
s8,d8,frame_0011.jpg,SUCCESS,96,96,0,0,96,96
s8,d8,frame_0012.jpg,SUCCESS,96,96,0,0,96,96
s8,d8,frame_0013.jpg,SUCCESS,96,96,0,0,96,96
s8,d8,frame_0014.jpg,SUCCESS,96,96,0,0,96,96
s8,d8,frame_0015.jpg,SUCCESS,96,96,0,0,96,96
s8,d8,frame_0016.jpg,SUCCESS,96,96,0,0,96,96
s8,d8,frame_0017.jpg,SUCCESS,96,96,0,0,96,96
s8,d8,frame_0018.jpg,SUCCESS,96,96,0,0,96,96
s8,d8,frame_0019.jpg,SUCCESS,96,96,0,0,96,96
s8,d8,frame_0020.jpg,SUCCESS,96,96,0,0,96,96
s8,d8,frame_0021.jpg,SUCCESS,96,96,0,0,96,96
s8,d8,frame_0022.jpg,SUCCESS,96,96,0,0,96,96
s8,d8,frame_0023.jpg,SUCCESS,96,96,0,0,96,96
s8,d8,frame_0024.jpg,SUCCESS,96,96,0,0,96,96
s8,d8,frame_0025.jpg,SUCCESS,96,96,0,0,96,96
s8,d8,frame_0026.jpg,SUCCESS,96,96,0,0,96,96
s8,d8,frame_0027.jpg,SUCCESS,96,96,0,0,96,96
s8,d8,frame_0028.jpg,SUCCESS,96,96,0,0,96,96
s8,d8,frame_0029.jpg,SUCCESS,96,96,0,0,96,96
s8,d8,frame_0030.jpg,SUCCESS,96,96,0,0,96,96
s8,d8,frame_0031.jpg,SUCCESS,96,96,0,0,96,96
s8,d8,frame_0032.jpg,SUCCESS,96,96,0,0,96,96
s8,d9,frame_0001.jpg,SUCCESS,96,96,0,0,96,96
s8,d9,frame_0002.jpg,SUCCESS,96,96,0,0,96,96
s8,d9,frame_0003.jpg,SUCCESS,96,96,0,0,96,96
s8,d9,frame_0004.jpg,SUCCESS,96,96,0,0,96,96
s8,d9,frame_0005.jpg,SUCCESS,96,96,0,0,96,96
s8,d9,frame_0006.jpg,SUCCESS,96,96,0,0,96,96
s8,d9,frame_0007.jpg,SUCCESS,96,96,0,0,96,96
s8,d9,frame_0008.jpg,SUCCESS,96,96,0,0,96,96
s8,d9,frame_0009.jpg,SUCCESS,96,96,0,0,96,96
s8,d9,frame_0010.jpg,SUCCESS,96,96,0,0,96,96
s8,d9,frame_0011.jpg,SUCCESS,96,96,0,0,96,96
s8,d9,frame_0012.jpg,SUCCESS,96,96,0,0,96,96
s8,d9,frame_0013.jpg,SUCCESS,96,96,0,0,96,96
s8,d9,frame_0014.jpg,SUCCESS,96,96,0,0,96,96
s8,d9,frame_0015.jpg,SUCCESS,96,96,0,0,96,96
s8,d9,frame_0016.jpg,SUCCESS,96,96,0,0,96,96
s8,d9,frame_0017.jpg,SUCCESS,96,96,0,0,96,96
s8,d9,frame_0018.jpg,SUCCESS,96,96,0,0,96,96
s8,d9,frame_0019.jpg,SUCCESS,96,96,0,0,96,96
s8,d9,frame_0020.jpg,SUCCESS,96,96,0,0,96,96
s8,d9,frame_0021.jpg,SUCCESS,96,96,0,0,96,96
s8,d9,frame_0022.jpg,SUCCESS,96,96,0,0,96,96
s8,d9,frame_0023.jpg,SUCCESS,96,96,0,0,96,96
s8,d9,frame_0024.jpg,SUCCESS,96,96,0,0,96,96
s8,d9,frame_0025.jpg,SUCCESS,96,96,0,0,96,96
s8,d9,frame_0026.jpg,SUCCESS,96,96,0,0,96,96
s8,d9,frame_0027.jpg,SUCCESS,96,96,0,0,96,96
s8,d9,frame_0028.jpg,SUCCESS,96,96,0,0,96,96
s9,d0,frame_0001.jpg,SUCCESS,96,96,0,0,96,96
s9,d0,frame_0002.jpg,SUCCESS,96,96,0,0,96,96
s9,d0,frame_0003.jpg,SUCCESS,96,96,0,0,96,96
s9,d0,frame_0004.jpg,SUCCESS,96,96,0,0,96,96
s9,d0,frame_0005.jpg,SUCCESS,96,96,0,0,96,96
s9,d0,frame_0006.jpg,SUCCESS,96,96,0,0,96,96
s9,d0,frame_0007.jpg,SUCCESS,96,96,0,0,96,96
s9,d0,frame_0008.jpg,SUCCESS,96,96,0,0,96,96
s9,d0,frame_0009.jpg,SUCCESS,96,96,0,0,96,96
s9,d0,frame_0010.jpg,SUCCESS,96,96,0,0,96,96
s9,d0,frame_0011.jpg,SUCCESS,96,96,0,0,96,96
s9,d0,frame_0012.jpg,SUCCESS,96,96,0,0,96,96
s9,d0,frame_0013.jpg,SUCCESS,96,96,0,0,96,96
s9,d0,frame_0014.jpg,SUCCESS,96,96,0,0,96,96
s9,d0,frame_0015.jpg,SUCCESS,96,96,0,0,96,96
s9,d0,frame_0016.jpg,SUCCESS,96,96,0,0,96,96
s9,d0,frame_0017.jpg,SUCCESS,96,96,0,0,96,96
s9,d0,frame_0018.jpg,SUCCESS,96,96,0,0,96,96
s9,d0,frame_0019.jpg,SUCCESS,96,96,0,0,96,96
s9,d0,frame_0020.jpg,SUCCESS,96,96,0,0,96,96
s9,d0,frame_0021.jpg,SUCCESS,96,96,0,0,96,96
s9,d0,frame_0022.jpg,SUCCESS,96,96,0,0,96,96
s9,d0,frame_0023.jpg,SUCCESS,96,96,0,0,96,96
s9,d0,frame_0024.jpg,SUCCESS,96,96,0,0,96,96
s9,d0,frame_0025.jpg,SUCCESS,96,96,0,0,96,96
s9,d0,frame_0026.jpg,SUCCESS,96,96,0,0,96,96
s9,d0,frame_0027.jpg,SUCCESS,96,96,0,0,96,96
s9,d0,frame_0028.jpg,SUCCESS,96,96,0,0,96,96
s9,d0,frame_0029.jpg,SUCCESS,96,96,0,0,96,96
s9,d0,frame_0030.jpg,SUCCESS,96,96,0,0,96,96
s9,d0,frame_0031.jpg,SUCCESS,96,96,0,0,96,96
s9,d0,frame_0032.jpg,SUCCESS,96,96,0,0,96,96
s9,d0,frame_0033.jpg,SUCCESS,96,96,0,0,96,96
s9,d0,frame_0034.jpg,SUCCESS,96,96,0,0,96,96
s9,d0,frame_0035.jpg,SUCCESS,96,96,0,0,96,96
s9,d0,frame_0036.jpg,SUCCESS,96,96,0,0,96,96
s9,d0,frame_0037.jpg,SUCCESS,96,96,0,0,96,96
s9,d0,frame_0038.jpg,SUCCESS,96,96,0,0,96,96
s9,d0,frame_0039.jpg,SUCCESS,96,96,0,0,96,96
s9,d0,frame_0040.jpg,SUCCESS,96,96,0,0,96,96
s9,d0,frame_0041.jpg,SUCCESS,96,96,0,0,96,96
s9,d0,frame_0042.jpg,SUCCESS,96,96,0,0,96,96
s9,d0,frame_0043.jpg,SUCCESS,96,96,0,0,96,96
s9,d0,frame_0044.jpg,SUCCESS,96,96,0,0,96,96
s9,d1,frame_0001.jpg,SUCCESS,96,96,0,0,96,96
s9,d1,frame_0002.jpg,SUCCESS,96,96,0,0,96,96
s9,d1,frame_0003.jpg,SUCCESS,96,96,0,0,96,96
s9,d1,frame_0004.jpg,SUCCESS,96,96,0,0,96,96
s9,d1,frame_0005.jpg,SUCCESS,96,96,0,0,96,96
s9,d1,frame_0006.jpg,SUCCESS,96,96,0,0,96,96
s9,d1,frame_0007.jpg,SUCCESS,96,96,0,0,96,96
s9,d1,frame_0008.jpg,SUCCESS,96,96,0,0,96,96
s9,d1,frame_0009.jpg,SUCCESS,96,96,0,0,96,96
s9,d1,frame_0010.jpg,SUCCESS,96,96,0,0,96,96
s9,d1,frame_0011.jpg,SUCCESS,96,96,0,0,96,96
s9,d1,frame_0012.jpg,SUCCESS,96,96,0,0,96,96
s9,d1,frame_0013.jpg,SUCCESS,96,96,0,0,96,96
s9,d1,frame_0014.jpg,SUCCESS,96,96,0,0,96,96
s9,d1,frame_0015.jpg,SUCCESS,96,96,0,0,96,96
s9,d1,frame_0016.jpg,SUCCESS,96,96,0,0,96,96
s9,d1,frame_0017.jpg,SUCCESS,96,96,0,0,96,96
s9,d1,frame_0018.jpg,SUCCESS,96,96,0,0,96,96
s9,d1,frame_0019.jpg,SUCCESS,96,96,0,0,96,96
s9,d1,frame_0020.jpg,SUCCESS,96,96,0,0,96,96
s9,d1,frame_0021.jpg,SUCCESS,96,96,0,0,96,96
s9,d1,frame_0022.jpg,SUCCESS,96,96,0,0,96,96
s9,d1,frame_0023.jpg,SUCCESS,96,96,0,0,96,96
s9,d1,frame_0024.jpg,SUCCESS,96,96,0,0,96,96
s9,d1,frame_0025.jpg,SUCCESS,96,96,0,0,96,96
s9,d1,frame_0026.jpg,SUCCESS,96,96,0,0,96,96
s9,d1,frame_0027.jpg,SUCCESS,96,96,0,0,96,96
s9,d1,frame_0028.jpg,SUCCESS,96,96,0,0,96,96
s9,d1,frame_0029.jpg,SUCCESS,96,96,0,0,96,96
s9,d1,frame_0030.jpg,SUCCESS,96,96,0,0,96,96
s9,d1,frame_0031.jpg,SUCCESS,96,96,0,0,96,96
s9,d1,frame_0032.jpg,SUCCESS,96,96,0,0,96,96
s9,d1,frame_0033.jpg,SUCCESS,96,96,0,0,96,96
s9,d1,frame_0034.jpg,SUCCESS,96,96,0,0,96,96
s9,d1,frame_0035.jpg,SUCCESS,96,96,0,0,96,96
s9,d1,frame_0036.jpg,SUCCESS,96,96,0,0,96,96
s9,d1,frame_0037.jpg,SUCCESS,96,96,0,0,96,96
s9,d1,frame_0038.jpg,SUCCESS,96,96,0,0,96,96
s9,d1,frame_0039.jpg,SUCCESS,96,96,0,0,96,96
s9,d1,frame_0040.jpg,SUCCESS,96,96,0,0,96,96
s9,d1,frame_0041.jpg,SUCCESS,96,96,0,0,96,96
s9,d1,frame_0042.jpg,SUCCESS,96,96,0,0,96,96
s9,d1,frame_0043.jpg,SUCCESS,96,96,0,0,96,96
s9,d1,frame_0044.jpg,SUCCESS,96,96,0,0,96,96
s9,d1,frame_0045.jpg,SUCCESS,96,96,0,0,96,96
s9,d1,frame_0046.jpg,SUCCESS,96,96,0,0,96,96
s9,d1,frame_0047.jpg,SUCCESS,96,96,0,0,96,96
s9,d1,frame_0048.jpg,SUCCESS,96,96,0,0,96,96
s9,d1,frame_0049.jpg,SUCCESS,96,96,0,0,96,96
s9,d1,frame_0050.jpg,SUCCESS,96,96,0,0,96,96
s9,d1,frame_0051.jpg,SUCCESS,96,96,0,0,96,96
s9,d1,frame_0052.jpg,SUCCESS,96,96,0,0,96,96
s9,d1,frame_0053.jpg,SUCCESS,96,96,0,0,96,96
s9,d1,frame_0054.jpg,SUCCESS,96,96,0,0,96,96
s9,d1,frame_0055.jpg,SUCCESS,96,96,0,0,96,96
s9,d1,frame_0056.jpg,SUCCESS,96,96,0,0,96,96
s9,d1,frame_0057.jpg,SUCCESS,96,96,0,0,96,96
s9,d1,frame_0058.jpg,SUCCESS,96,96,0,0,96,96
s9,d1,frame_0059.jpg,SUCCESS,96,96,0,0,96,96
s9,d10,frame_0001.jpg,SUCCESS,96,96,0,0,96,96
s9,d10,frame_0002.jpg,SUCCESS,96,96,0,0,96,96
s9,d10,frame_0003.jpg,SUCCESS,96,96,0,0,96,96
s9,d10,frame_0004.jpg,SUCCESS,96,96,0,0,96,96
s9,d10,frame_0005.jpg,SUCCESS,96,96,0,0,96,96
s9,d10,frame_0006.jpg,SUCCESS,96,96,0,0,96,96
s9,d10,frame_0007.jpg,SUCCESS,96,96,0,0,96,96
s9,d10,frame_0008.jpg,SUCCESS,96,96,0,0,96,96
s9,d10,frame_0009.jpg,SUCCESS,96,96,0,0,96,96
s9,d10,frame_0010.jpg,SUCCESS,96,96,0,0,96,96
s9,d10,frame_0011.jpg,SUCCESS,96,96,0,0,96,96
s9,d10,frame_0012.jpg,SUCCESS,96,96,0,0,96,96
s9,d10,frame_0013.jpg,SUCCESS,96,96,0,0,96,96
s9,d10,frame_0014.jpg,SUCCESS,96,96,0,0,96,96
s9,d10,frame_0015.jpg,SUCCESS,96,96,0,0,96,96
s9,d10,frame_0016.jpg,SUCCESS,96,96,0,0,96,96
s9,d10,frame_0017.jpg,SUCCESS,96,96,0,0,96,96
s9,d10,frame_0018.jpg,SUCCESS,96,96,0,0,96,96
s9,d10,frame_0019.jpg,SUCCESS,96,96,0,0,96,96
s9,d10,frame_0020.jpg,SUCCESS,96,96,0,0,96,96
s9,d10,frame_0021.jpg,SUCCESS,96,96,0,0,96,96
s9,d10,frame_0022.jpg,SUCCESS,96,96,0,0,96,96
s9,d10,frame_0023.jpg,SUCCESS,96,96,0,0,96,96
s9,d10,frame_0024.jpg,SUCCESS,96,96,0,0,96,96
s9,d10,frame_0025.jpg,SUCCESS,96,96,0,0,96,96
s9,d10,frame_0026.jpg,SUCCESS,96,96,0,0,96,96
s9,d10,frame_0027.jpg,SUCCESS,96,96,0,0,96,96
s9,d10,frame_0028.jpg,SUCCESS,96,96,0,0,96,96
s9,d10,frame_0029.jpg,SUCCESS,96,96,0,0,96,96
s9,d10,frame_0030.jpg,SUCCESS,96,96,0,0,96,96
s9,d10,frame_0031.jpg,SUCCESS,96,96,0,0,96,96
s9,d10,frame_0032.jpg,SUCCESS,96,96,0,0,96,96
s9,d10,frame_0033.jpg,SUCCESS,96,96,0,0,96,96
s9,d10,frame_0034.jpg,SUCCESS,96,96,0,0,96,96
s9,d10,frame_0035.jpg,SUCCESS,96,96,0,0,96,96
s9,d10,frame_0036.jpg,SUCCESS,96,96,0,0,96,96
s9,d10,frame_0037.jpg,SUCCESS,96,96,0,0,96,96
s9,d10,frame_0038.jpg,SUCCESS,96,96,0,0,96,96
s9,d10,frame_0039.jpg,SUCCESS,96,96,0,0,96,96
s9,d10,frame_0040.jpg,SUCCESS,96,96,0,0,96,96
s9,d10,frame_0041.jpg,SUCCESS,96,96,0,0,96,96
s9,d10,frame_0042.jpg,SUCCESS,96,96,0,0,96,96
s9,d10,frame_0043.jpg,SUCCESS,96,96,0,0,96,96
s9,d10,frame_0044.jpg,SUCCESS,96,96,0,0,96,96
s9,d10,frame_0045.jpg,SUCCESS,96,96,0,0,96,96
s9,d10,frame_0046.jpg,SUCCESS,96,96,0,0,96,96
s9,d10,frame_0047.jpg,SUCCESS,96,96,0,0,96,96
s9,d10,frame_0048.jpg,SUCCESS,96,96,0,0,96,96
s9,d10,frame_0049.jpg,SUCCESS,96,96,0,0,96,96
s9,d10,frame_0050.jpg,SUCCESS,96,96,0,0,96,96
s9,d10,frame_0051.jpg,SUCCESS,96,96,0,0,96,96
s9,d2,frame_0001.jpg,SUCCESS,96,96,0,0,96,96
s9,d2,frame_0002.jpg,SUCCESS,96,96,0,0,96,96
s9,d2,frame_0003.jpg,SUCCESS,96,96,0,0,96,96
s9,d2,frame_0004.jpg,SUCCESS,96,96,0,0,96,96
s9,d2,frame_0005.jpg,SUCCESS,96,96,0,0,96,96
s9,d2,frame_0006.jpg,SUCCESS,96,96,0,0,96,96
s9,d2,frame_0007.jpg,SUCCESS,96,96,0,0,96,96
s9,d2,frame_0008.jpg,SUCCESS,96,96,0,0,96,96
s9,d2,frame_0009.jpg,SUCCESS,96,96,0,0,96,96
s9,d2,frame_0010.jpg,SUCCESS,96,96,0,0,96,96
s9,d2,frame_0011.jpg,SUCCESS,96,96,0,0,96,96
s9,d2,frame_0012.jpg,SUCCESS,96,96,0,0,96,96
s9,d2,frame_0013.jpg,SUCCESS,96,96,0,0,96,96
s9,d2,frame_0014.jpg,SUCCESS,96,96,0,0,96,96
s9,d2,frame_0015.jpg,SUCCESS,96,96,0,0,96,96
s9,d2,frame_0016.jpg,SUCCESS,96,96,0,0,96,96
s9,d2,frame_0017.jpg,SUCCESS,96,96,0,0,96,96
s9,d2,frame_0018.jpg,SUCCESS,96,96,0,0,96,96
s9,d2,frame_0019.jpg,SUCCESS,96,96,0,0,96,96
s9,d2,frame_0020.jpg,SUCCESS,96,96,0,0,96,96
s9,d2,frame_0021.jpg,SUCCESS,96,96,0,0,96,96
s9,d2,frame_0022.jpg,SUCCESS,96,96,0,0,96,96
s9,d2,frame_0023.jpg,SUCCESS,96,96,0,0,96,96
s9,d2,frame_0024.jpg,SUCCESS,96,96,0,0,96,96
s9,d2,frame_0025.jpg,SUCCESS,96,96,0,0,96,96
s9,d2,frame_0026.jpg,SUCCESS,96,96,0,0,96,96
s9,d2,frame_0027.jpg,SUCCESS,96,96,0,0,96,96
s9,d2,frame_0028.jpg,SUCCESS,96,96,0,0,96,96
s9,d2,frame_0029.jpg,SUCCESS,96,96,0,0,96,96
s9,d2,frame_0030.jpg,SUCCESS,96,96,0,0,96,96
s9,d2,frame_0031.jpg,SUCCESS,96,96,0,0,96,96
s9,d2,frame_0032.jpg,SUCCESS,96,96,0,0,96,96
s9,d2,frame_0033.jpg,SUCCESS,96,96,0,0,96,96
s9,d2,frame_0034.jpg,SUCCESS,96,96,0,0,96,96
s9,d2,frame_0035.jpg,SUCCESS,96,96,0,0,96,96
s9,d2,frame_0036.jpg,SUCCESS,96,96,0,0,96,96
s9,d2,frame_0037.jpg,SUCCESS,96,96,0,0,96,96
s9,d2,frame_0038.jpg,SUCCESS,96,96,0,0,96,96
s9,d2,frame_0039.jpg,SUCCESS,96,96,0,0,96,96
s9,d2,frame_0040.jpg,SUCCESS,96,96,0,0,96,96
s9,d2,frame_0041.jpg,SUCCESS,96,96,0,0,96,96
s9,d2,frame_0042.jpg,SUCCESS,96,96,0,0,96,96
s9,d2,frame_0043.jpg,SUCCESS,96,96,0,0,96,96
s9,d2,frame_0044.jpg,SUCCESS,96,96,0,0,96,96
s9,d2,frame_0045.jpg,SUCCESS,96,96,0,0,96,96
s9,d2,frame_0046.jpg,SUCCESS,96,96,0,0,96,96
s9,d2,frame_0047.jpg,SUCCESS,96,96,0,0,96,96
s9,d2,frame_0048.jpg,SUCCESS,96,96,0,0,96,96
s9,d2,frame_0049.jpg,SUCCESS,96,96,0,0,96,96
s9,d2,frame_0050.jpg,SUCCESS,96,96,0,0,96,96
s9,d2,frame_0051.jpg,SUCCESS,96,96,0,0,96,96
s9,d3,frame_0001.jpg,SUCCESS,96,96,0,0,96,96
s9,d3,frame_0002.jpg,SUCCESS,96,96,0,0,96,96
s9,d3,frame_0003.jpg,SUCCESS,96,96,0,0,96,96
s9,d3,frame_0004.jpg,SUCCESS,96,96,0,0,96,96
s9,d3,frame_0005.jpg,SUCCESS,96,96,0,0,96,96
s9,d3,frame_0006.jpg,SUCCESS,96,96,0,0,96,96
s9,d3,frame_0007.jpg,SUCCESS,96,96,0,0,96,96
s9,d3,frame_0008.jpg,SUCCESS,96,96,0,0,96,96
s9,d3,frame_0009.jpg,SUCCESS,96,96,0,0,96,96
s9,d3,frame_0010.jpg,SUCCESS,96,96,0,0,96,96
s9,d3,frame_0011.jpg,SUCCESS,96,96,0,0,96,96
s9,d3,frame_0012.jpg,SUCCESS,96,96,0,0,96,96
s9,d3,frame_0013.jpg,SUCCESS,96,96,0,0,96,96
s9,d3,frame_0014.jpg,SUCCESS,96,96,0,0,96,96
s9,d3,frame_0015.jpg,SUCCESS,96,96,0,0,96,96
s9,d3,frame_0016.jpg,SUCCESS,96,96,0,0,96,96
s9,d3,frame_0017.jpg,SUCCESS,96,96,0,0,96,96
s9,d3,frame_0018.jpg,SUCCESS,96,96,0,0,96,96
s9,d3,frame_0019.jpg,SUCCESS,96,96,0,0,96,96
s9,d3,frame_0020.jpg,SUCCESS,96,96,0,0,96,96
s9,d3,frame_0021.jpg,SUCCESS,96,96,0,0,96,96
s9,d3,frame_0022.jpg,SUCCESS,96,96,0,0,96,96
s9,d3,frame_0023.jpg,SUCCESS,96,96,0,0,96,96
s9,d3,frame_0024.jpg,SUCCESS,96,96,0,0,96,96
s9,d3,frame_0025.jpg,SUCCESS,96,96,0,0,96,96
s9,d3,frame_0026.jpg,SUCCESS,96,96,0,0,96,96
s9,d3,frame_0027.jpg,SUCCESS,96,96,0,0,96,96
s9,d3,frame_0028.jpg,SUCCESS,96,96,0,0,96,96
s9,d3,frame_0029.jpg,SUCCESS,96,96,0,0,96,96
s9,d3,frame_0030.jpg,SUCCESS,96,96,0,0,96,96
s9,d3,frame_0031.jpg,SUCCESS,96,96,0,0,96,96
s9,d3,frame_0032.jpg,SUCCESS,96,96,0,0,96,96
s9,d3,frame_0033.jpg,SUCCESS,96,96,0,0,96,96
s9,d3,frame_0034.jpg,SUCCESS,96,96,0,0,96,96
s9,d3,frame_0035.jpg,SUCCESS,96,96,0,0,96,96
s9,d3,frame_0036.jpg,SUCCESS,96,96,0,0,96,96
s9,d3,frame_0037.jpg,SUCCESS,96,96,0,0,96,96
s9,d3,frame_0038.jpg,SUCCESS,96,96,0,0,96,96
s9,d3,frame_0039.jpg,SUCCESS,96,96,0,0,96,96
s9,d3,frame_0040.jpg,SUCCESS,96,96,0,0,96,96
s9,d3,frame_0041.jpg,SUCCESS,96,96,0,0,96,96
s9,d3,frame_0042.jpg,SUCCESS,96,96,0,0,96,96
s9,d3,frame_0043.jpg,SUCCESS,96,96,0,0,96,96
s9,d3,frame_0044.jpg,SUCCESS,96,96,0,0,96,96
s9,d3,frame_0045.jpg,SUCCESS,96,96,0,0,96,96
s9,d3,frame_0046.jpg,SUCCESS,96,96,0,0,96,96
s9,d3,frame_0047.jpg,SUCCESS,96,96,0,0,96,96
s9,d3,frame_0048.jpg,SUCCESS,96,96,0,0,96,96
s9,d3,frame_0049.jpg,SUCCESS,96,96,0,0,96,96
s9,d3,frame_0050.jpg,SUCCESS,96,96,0,0,96,96
s9,d3,frame_0051.jpg,SUCCESS,96,96,0,0,96,96
s9,d3,frame_0052.jpg,SUCCESS,96,96,0,0,96,96
s9,d4,frame_0001.jpg,SUCCESS,96,96,0,0,96,96
s9,d4,frame_0002.jpg,SUCCESS,96,96,0,0,96,96
s9,d4,frame_0003.jpg,SUCCESS,96,96,0,0,96,96
s9,d4,frame_0004.jpg,SUCCESS,96,96,0,0,96,96
s9,d4,frame_0005.jpg,SUCCESS,96,96,0,0,96,96
s9,d4,frame_0006.jpg,SUCCESS,96,96,0,0,96,96
s9,d4,frame_0007.jpg,SUCCESS,96,96,0,0,96,96
s9,d4,frame_0008.jpg,SUCCESS,96,96,0,0,96,96
s9,d4,frame_0009.jpg,SUCCESS,96,96,0,0,96,96
s9,d4,frame_0010.jpg,SUCCESS,96,96,0,0,96,96
s9,d4,frame_0011.jpg,SUCCESS,96,96,0,0,96,96
s9,d4,frame_0012.jpg,SUCCESS,96,96,0,0,96,96
s9,d4,frame_0013.jpg,SUCCESS,96,96,0,0,96,96
s9,d4,frame_0014.jpg,SUCCESS,96,96,0,0,96,96
s9,d4,frame_0015.jpg,SUCCESS,96,96,0,0,96,96
s9,d4,frame_0016.jpg,SUCCESS,96,96,0,0,96,96
s9,d4,frame_0017.jpg,SUCCESS,96,96,0,0,96,96
s9,d4,frame_0018.jpg,SUCCESS,96,96,0,0,96,96
s9,d4,frame_0019.jpg,SUCCESS,96,96,0,0,96,96
s9,d4,frame_0020.jpg,SUCCESS,96,96,0,0,96,96
s9,d4,frame_0021.jpg,SUCCESS,96,96,0,0,96,96
s9,d4,frame_0022.jpg,SUCCESS,96,96,0,0,96,96
s9,d4,frame_0023.jpg,SUCCESS,96,96,0,0,96,96
s9,d4,frame_0024.jpg,SUCCESS,96,96,0,0,96,96
s9,d4,frame_0025.jpg,SUCCESS,96,96,0,0,96,96
s9,d4,frame_0026.jpg,SUCCESS,96,96,0,0,96,96
s9,d4,frame_0027.jpg,SUCCESS,96,96,0,0,96,96
s9,d4,frame_0028.jpg,SUCCESS,96,96,0,0,96,96
s9,d4,frame_0029.jpg,SUCCESS,96,96,0,0,96,96
s9,d4,frame_0030.jpg,SUCCESS,96,96,0,0,96,96
s9,d4,frame_0031.jpg,SUCCESS,96,96,0,0,96,96
s9,d4,frame_0032.jpg,SUCCESS,96,96,0,0,96,96
s9,d4,frame_0033.jpg,SUCCESS,96,96,0,0,96,96
s9,d4,frame_0034.jpg,SUCCESS,96,96,0,0,96,96
s9,d4,frame_0035.jpg,SUCCESS,96,96,0,0,96,96
s9,d4,frame_0036.jpg,SUCCESS,96,96,0,0,96,96
s9,d4,frame_0037.jpg,SUCCESS,96,96,0,0,96,96
s9,d4,frame_0038.jpg,SUCCESS,96,96,0,0,96,96
s9,d4,frame_0039.jpg,SUCCESS,96,96,0,0,96,96
s9,d4,frame_0040.jpg,SUCCESS,96,96,0,0,96,96
s9,d4,frame_0041.jpg,SUCCESS,96,96,0,0,96,96
s9,d4,frame_0042.jpg,SUCCESS,96,96,0,0,96,96
s9,d4,frame_0043.jpg,SUCCESS,96,96,0,0,96,96
s9,d4,frame_0044.jpg,SUCCESS,96,96,0,0,96,96
s9,d5,frame_0001.jpg,SUCCESS,96,96,0,0,96,96
s9,d5,frame_0002.jpg,SUCCESS,96,96,0,0,96,96
s9,d5,frame_0003.jpg,SUCCESS,96,96,0,0,96,96
s9,d5,frame_0004.jpg,SUCCESS,96,96,0,0,96,96
s9,d5,frame_0005.jpg,SUCCESS,96,96,0,0,96,96
s9,d5,frame_0006.jpg,SUCCESS,96,96,0,0,96,96
s9,d5,frame_0007.jpg,SUCCESS,96,96,0,0,96,96
s9,d5,frame_0008.jpg,SUCCESS,96,96,0,0,96,96
s9,d5,frame_0009.jpg,SUCCESS,96,96,0,0,96,96
s9,d5,frame_0010.jpg,SUCCESS,96,96,0,0,96,96
s9,d5,frame_0011.jpg,SUCCESS,96,96,0,0,96,96
s9,d5,frame_0012.jpg,SUCCESS,96,96,0,0,96,96
s9,d5,frame_0013.jpg,SUCCESS,96,96,0,0,96,96
s9,d5,frame_0014.jpg,SUCCESS,96,96,0,0,96,96
s9,d5,frame_0015.jpg,SUCCESS,96,96,0,0,96,96
s9,d5,frame_0016.jpg,SUCCESS,96,96,0,0,96,96
s9,d5,frame_0017.jpg,SUCCESS,96,96,0,0,96,96
s9,d5,frame_0018.jpg,SUCCESS,96,96,0,0,96,96
s9,d5,frame_0019.jpg,SUCCESS,96,96,0,0,96,96
s9,d5,frame_0020.jpg,SUCCESS,96,96,0,0,96,96
s9,d5,frame_0021.jpg,SUCCESS,96,96,0,0,96,96
s9,d5,frame_0022.jpg,SUCCESS,96,96,0,0,96,96
s9,d5,frame_0023.jpg,SUCCESS,96,96,0,0,96,96
s9,d5,frame_0024.jpg,SUCCESS,96,96,0,0,96,96
s9,d5,frame_0025.jpg,SUCCESS,96,96,0,0,96,96
s9,d5,frame_0026.jpg,SUCCESS,96,96,0,0,96,96
s9,d5,frame_0027.jpg,SUCCESS,96,96,0,0,96,96
s9,d5,frame_0028.jpg,SUCCESS,96,96,0,0,96,96
s9,d5,frame_0029.jpg,SUCCESS,96,96,0,0,96,96
s9,d5,frame_0030.jpg,SUCCESS,96,96,0,0,96,96
s9,d5,frame_0031.jpg,SUCCESS,96,96,0,0,96,96
s9,d5,frame_0032.jpg,SUCCESS,96,96,0,0,96,96
s9,d5,frame_0033.jpg,SUCCESS,96,96,0,0,96,96
s9,d5,frame_0034.jpg,SUCCESS,96,96,0,0,96,96
s9,d5,frame_0035.jpg,SUCCESS,96,96,0,0,96,96
s9,d5,frame_0036.jpg,SUCCESS,96,96,0,0,96,96
s9,d5,frame_0037.jpg,SUCCESS,96,96,0,0,96,96
s9,d5,frame_0038.jpg,SUCCESS,96,96,0,0,96,96
s9,d5,frame_0039.jpg,SUCCESS,96,96,0,0,96,96
s9,d5,frame_0040.jpg,SUCCESS,96,96,0,0,96,96
s9,d5,frame_0041.jpg,SUCCESS,96,96,0,0,96,96
s9,d5,frame_0042.jpg,SUCCESS,96,96,0,0,96,96
s9,d5,frame_0043.jpg,SUCCESS,96,96,0,0,96,96
s9,d5,frame_0044.jpg,SUCCESS,96,96,0,0,96,96
s9,d5,frame_0045.jpg,SUCCESS,96,96,0,0,96,96
s9,d5,frame_0046.jpg,SUCCESS,96,96,0,0,96,96
s9,d5,frame_0047.jpg,SUCCESS,96,96,0,0,96,96
s9,d5,frame_0048.jpg,SUCCESS,96,96,0,0,96,96
s9,d5,frame_0049.jpg,SUCCESS,96,96,0,0,96,96
s9,d5,frame_0050.jpg,SUCCESS,96,96,0,0,96,96
s9,d5,frame_0051.jpg,SUCCESS,96,96,0,0,96,96
s9,d5,frame_0052.jpg,SUCCESS,96,96,0,0,96,96
s9,d6,frame_0001.jpg,SUCCESS,96,96,0,0,96,96
s9,d6,frame_0002.jpg,SUCCESS,96,96,0,0,96,96
s9,d6,frame_0003.jpg,SUCCESS,96,96,0,0,96,96
s9,d6,frame_0004.jpg,SUCCESS,96,96,0,0,96,96
s9,d6,frame_0005.jpg,SUCCESS,96,96,0,0,96,96
s9,d6,frame_0006.jpg,SUCCESS,96,96,0,0,96,96
s9,d6,frame_0007.jpg,SUCCESS,96,96,0,0,96,96
s9,d6,frame_0008.jpg,SUCCESS,96,96,0,0,96,96
s9,d6,frame_0009.jpg,SUCCESS,96,96,0,0,96,96
s9,d6,frame_0010.jpg,SUCCESS,96,96,0,0,96,96
s9,d6,frame_0011.jpg,SUCCESS,96,96,0,0,96,96
s9,d6,frame_0012.jpg,SUCCESS,96,96,0,0,96,96
s9,d6,frame_0013.jpg,SUCCESS,96,96,0,0,96,96
s9,d6,frame_0014.jpg,SUCCESS,96,96,0,0,96,96
s9,d6,frame_0015.jpg,SUCCESS,96,96,0,0,96,96
s9,d6,frame_0016.jpg,SUCCESS,96,96,0,0,96,96
s9,d6,frame_0017.jpg,SUCCESS,96,96,0,0,96,96
s9,d6,frame_0018.jpg,SUCCESS,96,96,0,0,96,96
s9,d6,frame_0019.jpg,SUCCESS,96,96,0,0,96,96
s9,d6,frame_0020.jpg,SUCCESS,96,96,0,0,96,96
s9,d6,frame_0021.jpg,SUCCESS,96,96,0,0,96,96
s9,d6,frame_0022.jpg,SUCCESS,96,96,0,0,96,96
s9,d6,frame_0023.jpg,SUCCESS,96,96,0,0,96,96
s9,d6,frame_0024.jpg,SUCCESS,96,96,0,0,96,96
s9,d6,frame_0025.jpg,SUCCESS,96,96,0,0,96,96
s9,d6,frame_0026.jpg,SUCCESS,96,96,0,0,96,96
s9,d6,frame_0027.jpg,SUCCESS,96,96,0,0,96,96
s9,d6,frame_0028.jpg,SUCCESS,96,96,0,0,96,96
s9,d6,frame_0029.jpg,SUCCESS,96,96,0,0,96,96
s9,d6,frame_0030.jpg,SUCCESS,96,96,0,0,96,96
s9,d6,frame_0031.jpg,SUCCESS,96,96,0,0,96,96
s9,d6,frame_0032.jpg,SUCCESS,96,96,0,0,96,96
s9,d6,frame_0033.jpg,SUCCESS,96,96,0,0,96,96
s9,d6,frame_0034.jpg,SUCCESS,96,96,0,0,96,96
s9,d6,frame_0035.jpg,SUCCESS,96,96,0,0,96,96
s9,d6,frame_0036.jpg,SUCCESS,96,96,0,0,96,96
s9,d6,frame_0037.jpg,SUCCESS,96,96,0,0,96,96
s9,d6,frame_0038.jpg,SUCCESS,96,96,0,0,96,96
s9,d6,frame_0039.jpg,SUCCESS,96,96,0,0,96,96
s9,d6,frame_0040.jpg,SUCCESS,96,96,0,0,96,96
s9,d6,frame_0041.jpg,SUCCESS,96,96,0,0,96,96
s9,d6,frame_0042.jpg,SUCCESS,96,96,0,0,96,96
s9,d6,frame_0043.jpg,SUCCESS,96,96,0,0,96,96
s9,d6,frame_0044.jpg,SUCCESS,96,96,0,0,96,96
s9,d6,frame_0045.jpg,SUCCESS,96,96,0,0,96,96
s9,d6,frame_0046.jpg,SUCCESS,96,96,0,0,96,96
s9,d6,frame_0047.jpg,SUCCESS,96,96,0,0,96,96
s9,d6,frame_0048.jpg,SUCCESS,96,96,0,0,96,96
s9,d6,frame_0049.jpg,SUCCESS,96,96,0,0,96,96
s9,d6,frame_0050.jpg,SUCCESS,96,96,0,0,96,96
s9,d6,frame_0051.jpg,SUCCESS,96,96,0,0,96,96
s9,d6,frame_0052.jpg,SUCCESS,96,96,0,0,96,96
s9,d6,frame_0053.jpg,SUCCESS,96,96,0,0,96,96
s9,d6,frame_0054.jpg,SUCCESS,96,96,0,0,96,96
s9,d6,frame_0055.jpg,SUCCESS,96,96,0,0,96,96
s9,d6,frame_0056.jpg,SUCCESS,96,96,0,0,96,96
s9,d6,frame_0057.jpg,SUCCESS,96,96,0,0,96,96
s9,d6,frame_0058.jpg,SUCCESS,96,96,0,0,96,96
s9,d6,frame_0059.jpg,SUCCESS,96,96,0,0,96,96
s9,d6,frame_0060.jpg,SUCCESS,96,96,0,0,96,96
s9,d6,frame_0061.jpg,SUCCESS,96,96,0,0,96,96
s9,d7,frame_0001.jpg,SUCCESS,96,96,0,0,96,96
s9,d7,frame_0002.jpg,SUCCESS,96,96,0,0,96,96
s9,d7,frame_0003.jpg,SUCCESS,96,96,0,0,96,96
s9,d7,frame_0004.jpg,SUCCESS,96,96,0,0,96,96
s9,d7,frame_0005.jpg,SUCCESS,96,96,0,0,96,96
s9,d7,frame_0006.jpg,SUCCESS,96,96,0,0,96,96
s9,d7,frame_0007.jpg,SUCCESS,96,96,0,0,96,96
s9,d7,frame_0008.jpg,SUCCESS,96,96,0,0,96,96
s9,d7,frame_0009.jpg,SUCCESS,96,96,0,0,96,96
s9,d7,frame_0010.jpg,SUCCESS,96,96,0,0,96,96
s9,d7,frame_0011.jpg,SUCCESS,96,96,0,0,96,96
s9,d7,frame_0012.jpg,SUCCESS,96,96,0,0,96,96
s9,d7,frame_0013.jpg,SUCCESS,96,96,0,0,96,96
s9,d7,frame_0014.jpg,SUCCESS,96,96,0,0,96,96
s9,d7,frame_0015.jpg,SUCCESS,96,96,0,0,96,96
s9,d7,frame_0016.jpg,SUCCESS,96,96,0,0,96,96
s9,d7,frame_0017.jpg,SUCCESS,96,96,0,0,96,96
s9,d7,frame_0018.jpg,SUCCESS,96,96,0,0,96,96
s9,d7,frame_0019.jpg,SUCCESS,96,96,0,0,96,96
s9,d7,frame_0020.jpg,SUCCESS,96,96,0,0,96,96
s9,d7,frame_0021.jpg,SUCCESS,96,96,0,0,96,96
s9,d7,frame_0022.jpg,SUCCESS,96,96,0,0,96,96
s9,d7,frame_0023.jpg,SUCCESS,96,96,0,0,96,96
s9,d7,frame_0024.jpg,SUCCESS,96,96,0,0,96,96
s9,d7,frame_0025.jpg,SUCCESS,96,96,0,0,96,96
s9,d7,frame_0026.jpg,SUCCESS,96,96,0,0,96,96
s9,d7,frame_0027.jpg,SUCCESS,96,96,0,0,96,96
s9,d7,frame_0028.jpg,SUCCESS,96,96,0,0,96,96
s9,d7,frame_0029.jpg,SUCCESS,96,96,0,0,96,96
s9,d7,frame_0030.jpg,SUCCESS,96,96,0,0,96,96
s9,d7,frame_0031.jpg,SUCCESS,96,96,0,0,96,96
s9,d7,frame_0032.jpg,SUCCESS,96,96,0,0,96,96
s9,d7,frame_0033.jpg,SUCCESS,96,96,0,0,96,96
s9,d7,frame_0034.jpg,SUCCESS,96,96,0,0,96,96
s9,d7,frame_0035.jpg,SUCCESS,96,96,0,0,96,96
s9,d7,frame_0036.jpg,SUCCESS,96,96,0,0,96,96
s9,d7,frame_0037.jpg,SUCCESS,96,96,0,0,96,96
s9,d7,frame_0038.jpg,SUCCESS,96,96,0,0,96,96
s9,d7,frame_0039.jpg,SUCCESS,96,96,0,0,96,96
s9,d7,frame_0040.jpg,SUCCESS,96,96,0,0,96,96
s9,d7,frame_0041.jpg,SUCCESS,96,96,0,0,96,96
s9,d7,frame_0042.jpg,SUCCESS,96,96,0,0,96,96
s9,d7,frame_0043.jpg,SUCCESS,96,96,0,0,96,96
s9,d7,frame_0044.jpg,SUCCESS,96,96,0,0,96,96
s9,d7,frame_0045.jpg,SUCCESS,96,96,0,0,96,96
s9,d7,frame_0046.jpg,SUCCESS,96,96,0,0,96,96
s9,d7,frame_0047.jpg,SUCCESS,96,96,0,0,96,96
s9,d7,frame_0048.jpg,SUCCESS,96,96,0,0,96,96
s9,d7,frame_0049.jpg,SUCCESS,96,96,0,0,96,96
s9,d7,frame_0050.jpg,SUCCESS,96,96,0,0,96,96
s9,d7,frame_0051.jpg,SUCCESS,96,96,0,0,96,96
s9,d7,frame_0052.jpg,SUCCESS,96,96,0,0,96,96
s9,d7,frame_0053.jpg,SUCCESS,96,96,0,0,96,96
s9,d7,frame_0054.jpg,SUCCESS,96,96,0,0,96,96
s9,d7,frame_0055.jpg,SUCCESS,96,96,0,0,96,96
s9,d7,frame_0056.jpg,SUCCESS,96,96,0,0,96,96
s9,d7,frame_0057.jpg,SUCCESS,96,96,0,0,96,96
s9,d7,frame_0058.jpg,SUCCESS,96,96,0,0,96,96
s9,d7,frame_0059.jpg,SUCCESS,96,96,0,0,96,96
s9,d7,frame_0060.jpg,SUCCESS,96,96,0,0,96,96
s9,d7,frame_0061.jpg,SUCCESS,96,96,0,0,96,96
s9,d7,frame_0062.jpg,SUCCESS,96,96,0,0,96,96
s9,d7,frame_0063.jpg,SUCCESS,96,96,0,0,96,96
s9,d7,frame_0064.jpg,SUCCESS,96,96,0,0,96,96
s9,d8,frame_0001.jpg,SUCCESS,96,96,0,0,96,96
s9,d8,frame_0002.jpg,SUCCESS,96,96,0,0,96,96
s9,d8,frame_0003.jpg,SUCCESS,96,96,0,0,96,96
s9,d8,frame_0004.jpg,SUCCESS,96,96,0,0,96,96
s9,d8,frame_0005.jpg,SUCCESS,96,96,0,0,96,96
s9,d8,frame_0006.jpg,SUCCESS,96,96,0,0,96,96
s9,d8,frame_0007.jpg,SUCCESS,96,96,0,0,96,96
s9,d8,frame_0008.jpg,SUCCESS,96,96,0,0,96,96
s9,d8,frame_0009.jpg,SUCCESS,96,96,0,0,96,96
s9,d8,frame_0010.jpg,SUCCESS,96,96,0,0,96,96
s9,d8,frame_0011.jpg,SUCCESS,96,96,0,0,96,96
s9,d8,frame_0012.jpg,SUCCESS,96,96,0,0,96,96
s9,d8,frame_0013.jpg,SUCCESS,96,96,0,0,96,96
s9,d8,frame_0014.jpg,SUCCESS,96,96,0,0,96,96
s9,d8,frame_0015.jpg,SUCCESS,96,96,0,0,96,96
s9,d8,frame_0016.jpg,SUCCESS,96,96,0,0,96,96
s9,d8,frame_0017.jpg,SUCCESS,96,96,0,0,96,96
s9,d8,frame_0018.jpg,SUCCESS,96,96,0,0,96,96
s9,d8,frame_0019.jpg,SUCCESS,96,96,0,0,96,96
s9,d8,frame_0020.jpg,SUCCESS,96,96,0,0,96,96
s9,d8,frame_0021.jpg,SUCCESS,96,96,0,0,96,96
s9,d8,frame_0022.jpg,SUCCESS,96,96,0,0,96,96
s9,d8,frame_0023.jpg,SUCCESS,96,96,0,0,96,96
s9,d8,frame_0024.jpg,SUCCESS,96,96,0,0,96,96
s9,d8,frame_0025.jpg,SUCCESS,96,96,0,0,96,96
s9,d8,frame_0026.jpg,SUCCESS,96,96,0,0,96,96
s9,d8,frame_0027.jpg,SUCCESS,96,96,0,0,96,96
s9,d8,frame_0028.jpg,SUCCESS,96,96,0,0,96,96
s9,d8,frame_0029.jpg,SUCCESS,96,96,0,0,96,96
s9,d8,frame_0030.jpg,SUCCESS,96,96,0,0,96,96
s9,d8,frame_0031.jpg,SUCCESS,96,96,0,0,96,96
s9,d8,frame_0032.jpg,SUCCESS,96,96,0,0,96,96
s9,d8,frame_0033.jpg,SUCCESS,96,96,0,0,96,96
s9,d8,frame_0034.jpg,SUCCESS,96,96,0,0,96,96
s9,d8,frame_0035.jpg,SUCCESS,96,96,0,0,96,96
s9,d8,frame_0036.jpg,SUCCESS,96,96,0,0,96,96
s9,d8,frame_0037.jpg,SUCCESS,96,96,0,0,96,96
s9,d8,frame_0038.jpg,SUCCESS,96,96,0,0,96,96
s9,d8,frame_0039.jpg,SUCCESS,96,96,0,0,96,96
s9,d8,frame_0040.jpg,SUCCESS,96,96,0,0,96,96
s9,d8,frame_0041.jpg,SUCCESS,96,96,0,0,96,96
s9,d8,frame_0042.jpg,SUCCESS,96,96,0,0,96,96
s9,d8,frame_0043.jpg,SUCCESS,96,96,0,0,96,96
s9,d8,frame_0044.jpg,SUCCESS,96,96,0,0,96,96
s9,d8,frame_0045.jpg,SUCCESS,96,96,0,0,96,96
s9,d8,frame_0046.jpg,SUCCESS,96,96,0,0,96,96
s9,d8,frame_0047.jpg,SUCCESS,96,96,0,0,96,96
s9,d8,frame_0048.jpg,SUCCESS,96,96,0,0,96,96
s9,d8,frame_0049.jpg,SUCCESS,96,96,0,0,96,96
s9,d8,frame_0050.jpg,SUCCESS,96,96,0,0,96,96
s9,d8,frame_0051.jpg,SUCCESS,96,96,0,0,96,96
s9,d8,frame_0052.jpg,SUCCESS,96,96,0,0,96,96
s9,d8,frame_0053.jpg,SUCCESS,96,96,0,0,96,96
s9,d9,frame_0001.jpg,SUCCESS,96,96,0,0,96,96
s9,d9,frame_0002.jpg,SUCCESS,96,96,0,0,96,96
s9,d9,frame_0003.jpg,SUCCESS,96,96,0,0,96,96
s9,d9,frame_0004.jpg,SUCCESS,96,96,0,0,96,96
s9,d9,frame_0005.jpg,SUCCESS,96,96,0,0,96,96
s9,d9,frame_0006.jpg,SUCCESS,96,96,0,0,96,96
s9,d9,frame_0007.jpg,SUCCESS,96,96,0,0,96,96
s9,d9,frame_0008.jpg,SUCCESS,96,96,0,0,96,96
s9,d9,frame_0009.jpg,SUCCESS,96,96,0,0,96,96
s9,d9,frame_0010.jpg,SUCCESS,96,96,0,0,96,96
s9,d9,frame_0011.jpg,SUCCESS,96,96,0,0,96,96
s9,d9,frame_0012.jpg,SUCCESS,96,96,0,0,96,96
s9,d9,frame_0013.jpg,SUCCESS,96,96,0,0,96,96
s9,d9,frame_0014.jpg,SUCCESS,96,96,0,0,96,96
s9,d9,frame_0015.jpg,SUCCESS,96,96,0,0,96,96
s9,d9,frame_0016.jpg,SUCCESS,96,96,0,0,96,96
s9,d9,frame_0017.jpg,SUCCESS,96,96,0,0,96,96
s9,d9,frame_0018.jpg,SUCCESS,96,96,0,0,96,96
s9,d9,frame_0019.jpg,SUCCESS,96,96,0,0,96,96
s9,d9,frame_0020.jpg,SUCCESS,96,96,0,0,96,96
s9,d9,frame_0021.jpg,SUCCESS,96,96,0,0,96,96
s9,d9,frame_0022.jpg,SUCCESS,96,96,0,0,96,96
s9,d9,frame_0023.jpg,SUCCESS,96,96,0,0,96,96
s9,d9,frame_0024.jpg,SUCCESS,96,96,0,0,96,96
s9,d9,frame_0025.jpg,SUCCESS,96,96,0,0,96,96
s9,d9,frame_0026.jpg,SUCCESS,96,96,0,0,96,96
s9,d9,frame_0027.jpg,SUCCESS,96,96,0,0,96,96
s9,d9,frame_0028.jpg,SUCCESS,96,96,0,0,96,96
s9,d9,frame_0029.jpg,SUCCESS,96,96,0,0,96,96
s9,d9,frame_0030.jpg,SUCCESS,96,96,0,0,96,96
s9,d9,frame_0031.jpg,SUCCESS,96,96,0,0,96,96
s9,d9,frame_0032.jpg,SUCCESS,96,96,0,0,96,96
s9,d9,frame_0033.jpg,SUCCESS,96,96,0,0,96,96
s9,d9,frame_0034.jpg,SUCCESS,96,96,0,0,96,96
s9,d9,frame_0035.jpg,SUCCESS,96,96,0,0,96,96
s9,d9,frame_0036.jpg,SUCCESS,96,96,0,0,96,96
s9,d9,frame_0037.jpg,SUCCESS,96,96,0,0,96,96
s9,d9,frame_0038.jpg,SUCCESS,96,96,0,0,96,96
s9,d9,frame_0039.jpg,SUCCESS,96,96,0,0,96,96
s9,d9,frame_0040.jpg,SUCCESS,96,96,0,0,96,96
s9,d9,frame_0041.jpg,SUCCESS,96,96,0,0,96,96
s9,d9,frame_0042.jpg,SUCCESS,96,96,0,0,96,96
s9,d9,frame_0043.jpg,SUCCESS,96,96,0,0,96,96
s9,d9,frame_0044.jpg,SUCCESS,96,96,0,0,96,96
s9,d9,frame_0045.jpg,SUCCESS,96,96,0,0,96,96
s9,d9,frame_0046.jpg,SUCCESS,96,96,0,0,96,96
s9,d9,frame_0047.jpg,SUCCESS,96,96,0,0,96,96
s9,d9,frame_0048.jpg,SUCCESS,96,96,0,0,96,96
s9,d9,frame_0049.jpg,SUCCESS,96,96,0,0,96,96
s9,d9,frame_0050.jpg,SUCCESS,96,96,0,0,96,96
s9,d9,frame_0051.jpg,SUCCESS,96,96,0,0,96,96
s9,d9,frame_0052.jpg,SUCCESS,96,96,0,0,96,96
s9,d9,frame_0053.jpg,SUCCESS,96,96,0,0,96,96
s9,d9,frame_0054.jpg,SUCCESS,96,96,0,0,96,96
s9,d9,frame_0055.jpg,SUCCESS,96,96,0,0,96,96
s9,d9,frame_0056.jpg,SUCCESS,96,96,0,0,96,96
s9,d9,frame_0057.jpg,SUCCESS,96,96,0,0,96,96
s9,d9,frame_0058.jpg,SUCCESS,96,96,0,0,96,96
s9,d9,frame_0059.jpg,SUCCESS,96,96,0,0,96,96
s9,d9,frame_0060.jpg,SUCCESS,96,96,0,0,96,96
s9,d9,frame_0061.jpg,SUCCESS,96,96,0,0,96,96
s9,d9,frame_0062.jpg,SUCCESS,96,96,0,0,96,96
s9,d9,frame_0063.jpg,SUCCESS,96,96,0,0,96,96
s9,d9,frame_0064.jpg,SUCCESS,96,96,0,0,96,96
s9,d9,frame_0065.jpg,SUCCESS,96,96,0,0,96,96
s9,d9,frame_0066.jpg,SUCCESS,96,96,0,0,96,96
s10,d0,frame_0001.jpg,SUCCESS,96,96,0,0,96,96
s10,d0,frame_0002.jpg,SUCCESS,96,96,0,0,96,96
s10,d0,frame_0003.jpg,SUCCESS,96,96,0,0,96,96
s10,d0,frame_0004.jpg,SUCCESS,96,96,0,0,96,96
s10,d0,frame_0005.jpg,SUCCESS,96,96,0,0,96,96
s10,d0,frame_0006.jpg,SUCCESS,96,96,0,0,96,96
s10,d0,frame_0007.jpg,SUCCESS,96,96,0,0,96,96
s10,d0,frame_0008.jpg,SUCCESS,96,96,0,0,96,96
s10,d0,frame_0009.jpg,SUCCESS,96,96,0,0,96,96
s10,d0,frame_0010.jpg,SUCCESS,96,96,0,0,96,96
s10,d0,frame_0011.jpg,SUCCESS,96,96,0,0,96,96
s10,d0,frame_0012.jpg,SUCCESS,96,96,0,0,96,96
s10,d0,frame_0013.jpg,SUCCESS,96,96,0,0,96,96
s10,d0,frame_0014.jpg,SUCCESS,96,96,0,0,96,96
s10,d0,frame_0015.jpg,SUCCESS,96,96,0,0,96,96
s10,d0,frame_0016.jpg,SUCCESS,96,96,0,0,96,96
s10,d0,frame_0017.jpg,SUCCESS,96,96,0,0,96,96
s10,d0,frame_0018.jpg,SUCCESS,96,96,0,0,96,96
s10,d0,frame_0019.jpg,SUCCESS,96,96,0,0,96,96
s10,d0,frame_0020.jpg,SUCCESS,96,96,0,0,96,96
s10,d0,frame_0021.jpg,SUCCESS,96,96,0,0,96,96
s10,d0,frame_0022.jpg,SUCCESS,96,96,0,0,96,96
s10,d0,frame_0023.jpg,SUCCESS,96,96,0,0,96,96
s10,d0,frame_0024.jpg,SUCCESS,96,96,0,0,96,96
s10,d0,frame_0025.jpg,SUCCESS,96,96,0,0,96,96
s10,d0,frame_0026.jpg,SUCCESS,96,96,0,0,96,96
s10,d0,frame_0027.jpg,SUCCESS,96,96,0,0,96,96
s10,d0,frame_0028.jpg,SUCCESS,96,96,0,0,96,96
s10,d0,frame_0029.jpg,SUCCESS,96,96,0,0,96,96
s10,d0,frame_0030.jpg,SUCCESS,96,96,0,0,96,96
s10,d0,frame_0031.jpg,SUCCESS,96,96,0,0,96,96
s10,d0,frame_0032.jpg,SUCCESS,96,96,0,0,96,96
s10,d0,frame_0033.jpg,SUCCESS,96,96,0,0,96,96
s10,d0,frame_0034.jpg,SUCCESS,96,96,0,0,96,96
s10,d0,frame_0035.jpg,SUCCESS,96,96,0,0,96,96
s10,d0,frame_0036.jpg,SUCCESS,96,96,0,0,96,96
s10,d0,frame_0037.jpg,SUCCESS,96,96,0,0,96,96
s10,d0,frame_0038.jpg,SUCCESS,96,96,0,0,96,96
s10,d0,frame_0039.jpg,SUCCESS,96,96,0,0,96,96
s10,d0,frame_0040.jpg,SUCCESS,96,96,0,0,96,96
s10,d0,frame_0041.jpg,SUCCESS,96,96,0,0,96,96
s10,d0,frame_0042.jpg,SUCCESS,96,96,0,0,96,96
s10,d0,frame_0043.jpg,SUCCESS,96,96,0,0,96,96
s10,d0,frame_0044.jpg,SUCCESS,96,96,0,0,96,96
s10,d0,frame_0045.jpg,SUCCESS,96,96,0,0,96,96
s10,d0,frame_0046.jpg,SUCCESS,96,96,0,0,96,96
s10,d0,frame_0047.jpg,SUCCESS,96,96,0,0,96,96
s10,d0,frame_0048.jpg,SUCCESS,96,96,0,0,96,96
s10,d1,frame_0001.jpg,SUCCESS,96,96,0,0,96,96
s10,d1,frame_0002.jpg,SUCCESS,96,96,0,0,96,96
s10,d1,frame_0003.jpg,SUCCESS,96,96,0,0,96,96
s10,d1,frame_0004.jpg,SUCCESS,96,96,0,0,96,96
s10,d1,frame_0005.jpg,SUCCESS,96,96,0,0,96,96
s10,d1,frame_0006.jpg,SUCCESS,96,96,0,0,96,96
s10,d1,frame_0007.jpg,SUCCESS,96,96,0,0,96,96
s10,d1,frame_0008.jpg,SUCCESS,96,96,0,0,96,96
s10,d1,frame_0009.jpg,SUCCESS,96,96,0,0,96,96
s10,d1,frame_0010.jpg,SUCCESS,96,96,0,0,96,96
s10,d1,frame_0011.jpg,SUCCESS,96,96,0,0,96,96
s10,d1,frame_0012.jpg,SUCCESS,96,96,0,0,96,96
s10,d1,frame_0013.jpg,SUCCESS,96,96,0,0,96,96
s10,d1,frame_0014.jpg,SUCCESS,96,96,0,0,96,96
s10,d1,frame_0015.jpg,SUCCESS,96,96,0,0,96,96
s10,d1,frame_0016.jpg,SUCCESS,96,96,0,0,96,96
s10,d1,frame_0017.jpg,SUCCESS,96,96,0,0,96,96
s10,d1,frame_0018.jpg,SUCCESS,96,96,0,0,96,96
s10,d1,frame_0019.jpg,SUCCESS,96,96,0,0,96,96
s10,d1,frame_0020.jpg,SUCCESS,96,96,0,0,96,96
s10,d1,frame_0021.jpg,SUCCESS,96,96,0,0,96,96
s10,d1,frame_0022.jpg,SUCCESS,96,96,0,0,96,96
s10,d1,frame_0023.jpg,SUCCESS,96,96,0,0,96,96
s10,d1,frame_0024.jpg,SUCCESS,96,96,0,0,96,96
s10,d1,frame_0025.jpg,SUCCESS,96,96,0,0,96,96
s10,d1,frame_0026.jpg,SUCCESS,96,96,0,0,96,96
s10,d1,frame_0027.jpg,SUCCESS,96,96,0,0,96,96
s10,d1,frame_0028.jpg,SUCCESS,96,96,0,0,96,96
s10,d1,frame_0029.jpg,SUCCESS,96,96,0,0,96,96
s10,d1,frame_0030.jpg,SUCCESS,96,96,0,0,96,96
s10,d1,frame_0031.jpg,SUCCESS,96,96,0,0,96,96
s10,d1,frame_0032.jpg,SUCCESS,96,96,0,0,96,96
s10,d1,frame_0033.jpg,SUCCESS,96,96,0,0,96,96
s10,d1,frame_0034.jpg,SUCCESS,96,96,0,0,96,96
s10,d1,frame_0035.jpg,SUCCESS,96,96,0,0,96,96
s10,d1,frame_0036.jpg,SUCCESS,96,96,0,0,96,96
s10,d1,frame_0037.jpg,SUCCESS,96,96,0,0,96,96
s10,d1,frame_0038.jpg,SUCCESS,96,96,0,0,96,96
s10,d1,frame_0039.jpg,SUCCESS,96,96,0,0,96,96
s10,d1,frame_0040.jpg,SUCCESS,96,96,0,0,96,96
s10,d1,frame_0041.jpg,SUCCESS,96,96,0,0,96,96
s10,d1,frame_0042.jpg,SUCCESS,96,96,0,0,96,96
s10,d1,frame_0043.jpg,SUCCESS,96,96,0,0,96,96
s10,d1,frame_0044.jpg,SUCCESS,96,96,0,0,96,96
s10,d1,frame_0045.jpg,SUCCESS,96,96,0,0,96,96
s10,d1,frame_0046.jpg,SUCCESS,96,96,0,0,96,96
s10,d1,frame_0047.jpg,SUCCESS,96,96,0,0,96,96
s10,d1,frame_0048.jpg,SUCCESS,96,96,0,0,96,96
s10,d1,frame_0049.jpg,SUCCESS,96,96,0,0,96,96
s10,d1,frame_0050.jpg,SUCCESS,96,96,0,0,96,96
s10,d1,frame_0051.jpg,SUCCESS,96,96,0,0,96,96
s10,d1,frame_0052.jpg,SUCCESS,96,96,0,0,96,96
s10,d1,frame_0053.jpg,SUCCESS,96,96,0,0,96,96
s10,d1,frame_0054.jpg,SUCCESS,96,96,0,0,96,96
s10,d1,frame_0055.jpg,SUCCESS,96,96,0,0,96,96
s10,d1,frame_0056.jpg,SUCCESS,96,96,0,0,96,96
s10,d1,frame_0057.jpg,SUCCESS,96,96,0,0,96,96
s10,d1,frame_0058.jpg,SUCCESS,96,96,0,0,96,96
s10,d1,frame_0059.jpg,SUCCESS,96,96,0,0,96,96
s10,d1,frame_0060.jpg,SUCCESS,96,96,0,0,96,96
s10,d10,frame_0001.jpg,SUCCESS,96,96,0,0,96,96
s10,d10,frame_0002.jpg,SUCCESS,96,96,0,0,96,96
s10,d10,frame_0003.jpg,SUCCESS,96,96,0,0,96,96
s10,d10,frame_0004.jpg,SUCCESS,96,96,0,0,96,96
s10,d10,frame_0005.jpg,SUCCESS,96,96,0,0,96,96
s10,d10,frame_0006.jpg,SUCCESS,96,96,0,0,96,96
s10,d10,frame_0007.jpg,SUCCESS,96,96,0,0,96,96
s10,d10,frame_0008.jpg,SUCCESS,96,96,0,0,96,96
s10,d10,frame_0009.jpg,SUCCESS,96,96,0,0,96,96
s10,d10,frame_0010.jpg,SUCCESS,96,96,0,0,96,96
s10,d10,frame_0011.jpg,SUCCESS,96,96,0,0,96,96
s10,d10,frame_0012.jpg,SUCCESS,96,96,0,0,96,96
s10,d10,frame_0013.jpg,SUCCESS,96,96,0,0,96,96
s10,d10,frame_0014.jpg,SUCCESS,96,96,0,0,96,96
s10,d10,frame_0015.jpg,SUCCESS,96,96,0,0,96,96
s10,d10,frame_0016.jpg,SUCCESS,96,96,0,0,96,96
s10,d10,frame_0017.jpg,SUCCESS,96,96,0,0,96,96
s10,d10,frame_0018.jpg,SUCCESS,96,96,0,0,96,96
s10,d10,frame_0019.jpg,SUCCESS,96,96,0,0,96,96
s10,d10,frame_0020.jpg,SUCCESS,96,96,0,0,96,96
s10,d10,frame_0021.jpg,SUCCESS,96,96,0,0,96,96
s10,d10,frame_0022.jpg,SUCCESS,96,96,0,0,96,96
s10,d10,frame_0023.jpg,SUCCESS,96,96,0,0,96,96
s10,d10,frame_0024.jpg,SUCCESS,96,96,0,0,96,96
s10,d10,frame_0025.jpg,SUCCESS,96,96,0,0,96,96
s10,d10,frame_0026.jpg,SUCCESS,96,96,0,0,96,96
s10,d10,frame_0027.jpg,SUCCESS,96,96,0,0,96,96
s10,d10,frame_0028.jpg,SUCCESS,96,96,0,0,96,96
s10,d10,frame_0029.jpg,SUCCESS,96,96,0,0,96,96
s10,d10,frame_0030.jpg,SUCCESS,96,96,0,0,96,96
s10,d10,frame_0031.jpg,SUCCESS,96,96,0,0,96,96
s10,d10,frame_0032.jpg,SUCCESS,96,96,0,0,96,96
s10,d10,frame_0033.jpg,SUCCESS,96,96,0,0,96,96
s10,d10,frame_0034.jpg,SUCCESS,96,96,0,0,96,96
s10,d10,frame_0035.jpg,SUCCESS,96,96,0,0,96,96
s10,d10,frame_0036.jpg,SUCCESS,96,96,0,0,96,96
s10,d10,frame_0037.jpg,SUCCESS,96,96,0,0,96,96
s10,d10,frame_0038.jpg,SUCCESS,96,96,0,0,96,96
s10,d10,frame_0039.jpg,SUCCESS,96,96,0,0,96,96
s10,d10,frame_0040.jpg,SUCCESS,96,96,0,0,96,96
s10,d10,frame_0041.jpg,SUCCESS,96,96,0,0,96,96
s10,d10,frame_0042.jpg,SUCCESS,96,96,0,0,96,96
s10,d10,frame_0043.jpg,SUCCESS,96,96,0,0,96,96
s10,d10,frame_0044.jpg,SUCCESS,96,96,0,0,96,96
s10,d10,frame_0045.jpg,SUCCESS,96,96,0,0,96,96
s10,d10,frame_0046.jpg,SUCCESS,96,96,0,0,96,96
s10,d10,frame_0047.jpg,SUCCESS,96,96,0,0,96,96
s10,d10,frame_0048.jpg,SUCCESS,96,96,0,0,96,96
s10,d10,frame_0049.jpg,SUCCESS,96,96,0,0,96,96
s10,d10,frame_0050.jpg,SUCCESS,96,96,0,0,96,96
s10,d2,frame_0001.jpg,SUCCESS,96,96,0,0,96,96
s10,d2,frame_0002.jpg,SUCCESS,96,96,0,0,96,96
s10,d2,frame_0003.jpg,SUCCESS,96,96,0,0,96,96
s10,d2,frame_0004.jpg,SUCCESS,96,96,0,0,96,96
s10,d2,frame_0005.jpg,SUCCESS,96,96,0,0,96,96
s10,d2,frame_0006.jpg,SUCCESS,96,96,0,0,96,96
s10,d2,frame_0007.jpg,SUCCESS,96,96,0,0,96,96
s10,d2,frame_0008.jpg,SUCCESS,96,96,0,0,96,96
s10,d2,frame_0009.jpg,SUCCESS,96,96,0,0,96,96
s10,d2,frame_0010.jpg,SUCCESS,96,96,0,0,96,96
s10,d2,frame_0011.jpg,SUCCESS,96,96,0,0,96,96
s10,d2,frame_0012.jpg,SUCCESS,96,96,0,0,96,96
s10,d2,frame_0013.jpg,SUCCESS,96,96,0,0,96,96
s10,d2,frame_0014.jpg,SUCCESS,96,96,0,0,96,96
s10,d2,frame_0015.jpg,SUCCESS,96,96,0,0,96,96
s10,d2,frame_0016.jpg,SUCCESS,96,96,0,0,96,96
s10,d2,frame_0017.jpg,SUCCESS,96,96,0,0,96,96
s10,d2,frame_0018.jpg,SUCCESS,96,96,0,0,96,96
s10,d2,frame_0019.jpg,SUCCESS,96,96,0,0,96,96
s10,d2,frame_0020.jpg,SUCCESS,96,96,0,0,96,96
s10,d2,frame_0021.jpg,SUCCESS,96,96,0,0,96,96
s10,d2,frame_0022.jpg,SUCCESS,96,96,0,0,96,96
s10,d2,frame_0023.jpg,SUCCESS,96,96,0,0,96,96
s10,d2,frame_0024.jpg,SUCCESS,96,96,0,0,96,96
s10,d2,frame_0025.jpg,SUCCESS,96,96,0,0,96,96
s10,d2,frame_0026.jpg,SUCCESS,96,96,0,0,96,96
s10,d2,frame_0027.jpg,SUCCESS,96,96,0,0,96,96
s10,d2,frame_0028.jpg,SUCCESS,96,96,0,0,96,96
s10,d2,frame_0029.jpg,SUCCESS,96,96,0,0,96,96
s10,d2,frame_0030.jpg,SUCCESS,96,96,0,0,96,96
s10,d2,frame_0031.jpg,SUCCESS,96,96,0,0,96,96
s10,d2,frame_0032.jpg,SUCCESS,96,96,0,0,96,96
s10,d2,frame_0033.jpg,SUCCESS,96,96,0,0,96,96
s10,d2,frame_0034.jpg,SUCCESS,96,96,0,0,96,96
s10,d2,frame_0035.jpg,SUCCESS,96,96,0,0,96,96
s10,d2,frame_0036.jpg,SUCCESS,96,96,0,0,96,96
s10,d2,frame_0037.jpg,SUCCESS,96,96,0,0,96,96
s10,d2,frame_0038.jpg,SUCCESS,96,96,0,0,96,96
s10,d2,frame_0039.jpg,SUCCESS,96,96,0,0,96,96
s10,d2,frame_0040.jpg,SUCCESS,96,96,0,0,96,96
s10,d2,frame_0041.jpg,SUCCESS,96,96,0,0,96,96
s10,d2,frame_0042.jpg,SUCCESS,96,96,0,0,96,96
s10,d2,frame_0043.jpg,SUCCESS,96,96,0,0,96,96
s10,d2,frame_0044.jpg,SUCCESS,96,96,0,0,96,96
s10,d2,frame_0045.jpg,SUCCESS,96,96,0,0,96,96
s10,d2,frame_0046.jpg,SUCCESS,96,96,0,0,96,96
s10,d2,frame_0047.jpg,SUCCESS,96,96,0,0,96,96
s10,d2,frame_0048.jpg,SUCCESS,96,96,0,0,96,96
s10,d2,frame_0049.jpg,SUCCESS,96,96,0,0,96,96
s10,d2,frame_0050.jpg,SUCCESS,96,96,0,0,96,96
s10,d2,frame_0051.jpg,SUCCESS,96,96,0,0,96,96
s10,d2,frame_0052.jpg,SUCCESS,96,96,0,0,96,96
s10,d2,frame_0053.jpg,SUCCESS,96,96,0,0,96,96
s10,d2,frame_0054.jpg,SUCCESS,96,96,0,0,96,96
s10,d2,frame_0055.jpg,SUCCESS,96,96,0,0,96,96
s10,d2,frame_0056.jpg,SUCCESS,96,96,0,0,96,96
s10,d2,frame_0057.jpg,SUCCESS,96,96,0,0,96,96
s10,d2,frame_0058.jpg,SUCCESS,96,96,0,0,96,96
s10,d2,frame_0059.jpg,SUCCESS,96,96,0,0,96,96
s10,d2,frame_0060.jpg,SUCCESS,96,96,0,0,96,96
s10,d2,frame_0061.jpg,SUCCESS,96,96,0,0,96,96
s10,d2,frame_0062.jpg,SUCCESS,96,96,0,0,96,96
s10,d2,frame_0063.jpg,SUCCESS,96,96,0,0,96,96
s10,d2,frame_0064.jpg,SUCCESS,96,96,0,0,96,96
s10,d2,frame_0065.jpg,SUCCESS,96,96,0,0,96,96
s10,d2,frame_0066.jpg,SUCCESS,96,96,0,0,96,96
s10,d2,frame_0067.jpg,SUCCESS,96,96,0,0,96,96
s10,d2,frame_0068.jpg,SUCCESS,96,96,0,0,96,96
s10,d3,frame_0001.jpg,SUCCESS,96,96,0,0,96,96
s10,d3,frame_0002.jpg,SUCCESS,96,96,0,0,96,96
s10,d3,frame_0003.jpg,SUCCESS,96,96,0,0,96,96
s10,d3,frame_0004.jpg,SUCCESS,96,96,0,0,96,96
s10,d3,frame_0005.jpg,SUCCESS,96,96,0,0,96,96
s10,d3,frame_0006.jpg,SUCCESS,96,96,0,0,96,96
s10,d3,frame_0007.jpg,SUCCESS,96,96,0,0,96,96
s10,d3,frame_0008.jpg,SUCCESS,96,96,0,0,96,96
s10,d3,frame_0009.jpg,SUCCESS,96,96,0,0,96,96
s10,d3,frame_0010.jpg,SUCCESS,96,96,0,0,96,96
s10,d3,frame_0011.jpg,SUCCESS,96,96,0,0,96,96
s10,d3,frame_0012.jpg,SUCCESS,96,96,0,0,96,96
s10,d3,frame_0013.jpg,SUCCESS,96,96,0,0,96,96
s10,d3,frame_0014.jpg,SUCCESS,96,96,0,0,96,96
s10,d3,frame_0015.jpg,SUCCESS,96,96,0,0,96,96
s10,d3,frame_0016.jpg,SUCCESS,96,96,0,0,96,96
s10,d3,frame_0017.jpg,SUCCESS,96,96,0,0,96,96
s10,d3,frame_0018.jpg,SUCCESS,96,96,0,0,96,96
s10,d3,frame_0019.jpg,SUCCESS,96,96,0,0,96,96
s10,d3,frame_0020.jpg,SUCCESS,96,96,0,0,96,96
s10,d3,frame_0021.jpg,SUCCESS,96,96,0,0,96,96
s10,d3,frame_0022.jpg,SUCCESS,96,96,0,0,96,96
s10,d3,frame_0023.jpg,SUCCESS,96,96,0,0,96,96
s10,d3,frame_0024.jpg,SUCCESS,96,96,0,0,96,96
s10,d3,frame_0025.jpg,SUCCESS,96,96,0,0,96,96
s10,d3,frame_0026.jpg,SUCCESS,96,96,0,0,96,96
s10,d3,frame_0027.jpg,SUCCESS,96,96,0,0,96,96
s10,d3,frame_0028.jpg,SUCCESS,96,96,0,0,96,96
s10,d3,frame_0029.jpg,SUCCESS,96,96,0,0,96,96
s10,d3,frame_0030.jpg,SUCCESS,96,96,0,0,96,96
s10,d3,frame_0031.jpg,SUCCESS,96,96,0,0,96,96
s10,d3,frame_0032.jpg,SUCCESS,96,96,0,0,96,96
s10,d3,frame_0033.jpg,SUCCESS,96,96,0,0,96,96
s10,d3,frame_0034.jpg,SUCCESS,96,96,0,0,96,96
s10,d3,frame_0035.jpg,SUCCESS,96,96,0,0,96,96
s10,d3,frame_0036.jpg,SUCCESS,96,96,0,0,96,96
s10,d3,frame_0037.jpg,SUCCESS,96,96,0,0,96,96
s10,d3,frame_0038.jpg,SUCCESS,96,96,0,0,96,96
s10,d3,frame_0039.jpg,SUCCESS,96,96,0,0,96,96
s10,d3,frame_0040.jpg,SUCCESS,96,96,0,0,96,96
s10,d3,frame_0041.jpg,SUCCESS,96,96,0,0,96,96
s10,d3,frame_0042.jpg,SUCCESS,96,96,0,0,96,96
s10,d3,frame_0043.jpg,SUCCESS,96,96,0,0,96,96
s10,d3,frame_0044.jpg,SUCCESS,96,96,0,0,96,96
s10,d3,frame_0045.jpg,SUCCESS,96,96,0,0,96,96
s10,d3,frame_0046.jpg,SUCCESS,96,96,0,0,96,96
s10,d3,frame_0047.jpg,SUCCESS,96,96,0,0,96,96
s10,d3,frame_0048.jpg,SUCCESS,96,96,0,0,96,96
s10,d3,frame_0049.jpg,SUCCESS,96,96,0,0,96,96
s10,d3,frame_0050.jpg,SUCCESS,96,96,0,0,96,96
s10,d3,frame_0051.jpg,SUCCESS,96,96,0,0,96,96
s10,d3,frame_0052.jpg,SUCCESS,96,96,0,0,96,96
s10,d3,frame_0053.jpg,SUCCESS,96,96,0,0,96,96
s10,d3,frame_0054.jpg,SUCCESS,96,96,0,0,96,96
s10,d4,frame_0001.jpg,SUCCESS,96,96,0,0,96,96
s10,d4,frame_0002.jpg,SUCCESS,96,96,0,0,96,96
s10,d4,frame_0003.jpg,SUCCESS,96,96,0,0,96,96
s10,d4,frame_0004.jpg,SUCCESS,96,96,0,0,96,96
s10,d4,frame_0005.jpg,SUCCESS,96,96,0,0,96,96
s10,d4,frame_0006.jpg,SUCCESS,96,96,0,0,96,96
s10,d4,frame_0007.jpg,SUCCESS,96,96,0,0,96,96
s10,d4,frame_0008.jpg,SUCCESS,96,96,0,0,96,96
s10,d4,frame_0009.jpg,SUCCESS,96,96,0,0,96,96
s10,d4,frame_0010.jpg,SUCCESS,96,96,0,0,96,96
s10,d4,frame_0011.jpg,SUCCESS,96,96,0,0,96,96
s10,d4,frame_0012.jpg,SUCCESS,96,96,0,0,96,96
s10,d4,frame_0013.jpg,SUCCESS,96,96,0,0,96,96
s10,d4,frame_0014.jpg,SUCCESS,96,96,0,0,96,96
s10,d4,frame_0015.jpg,SUCCESS,96,96,0,0,96,96
s10,d4,frame_0016.jpg,SUCCESS,96,96,0,0,96,96
s10,d4,frame_0017.jpg,SUCCESS,96,96,0,0,96,96
s10,d4,frame_0018.jpg,SUCCESS,96,96,0,0,96,96
s10,d4,frame_0019.jpg,SUCCESS,96,96,0,0,96,96
s10,d4,frame_0020.jpg,SUCCESS,96,96,0,0,96,96
s10,d4,frame_0021.jpg,SUCCESS,96,96,0,0,96,96
s10,d4,frame_0022.jpg,SUCCESS,96,96,0,0,96,96
s10,d4,frame_0023.jpg,SUCCESS,96,96,0,0,96,96
s10,d4,frame_0024.jpg,SUCCESS,96,96,0,0,96,96
s10,d4,frame_0025.jpg,SUCCESS,96,96,0,0,96,96
s10,d4,frame_0026.jpg,SUCCESS,96,96,0,0,96,96
s10,d4,frame_0027.jpg,SUCCESS,96,96,0,0,96,96
s10,d4,frame_0028.jpg,SUCCESS,96,96,0,0,96,96
s10,d4,frame_0029.jpg,SUCCESS,96,96,0,0,96,96
s10,d4,frame_0030.jpg,SUCCESS,96,96,0,0,96,96
s10,d4,frame_0031.jpg,SUCCESS,96,96,0,0,96,96
s10,d4,frame_0032.jpg,SUCCESS,96,96,0,0,96,96
s10,d4,frame_0033.jpg,SUCCESS,96,96,0,0,96,96
s10,d4,frame_0034.jpg,SUCCESS,96,96,0,0,96,96
s10,d4,frame_0035.jpg,SUCCESS,96,96,0,0,96,96
s10,d4,frame_0036.jpg,SUCCESS,96,96,0,0,96,96
s10,d4,frame_0037.jpg,SUCCESS,96,96,0,0,96,96
s10,d4,frame_0038.jpg,SUCCESS,96,96,0,0,96,96
s10,d4,frame_0039.jpg,SUCCESS,96,96,0,0,96,96
s10,d4,frame_0040.jpg,SUCCESS,96,96,0,0,96,96
s10,d4,frame_0041.jpg,SUCCESS,96,96,0,0,96,96
s10,d4,frame_0042.jpg,SUCCESS,96,96,0,0,96,96
s10,d4,frame_0043.jpg,SUCCESS,96,96,0,0,96,96
s10,d4,frame_0044.jpg,SUCCESS,96,96,0,0,96,96
s10,d4,frame_0045.jpg,SUCCESS,96,96,0,0,96,96
s10,d4,frame_0046.jpg,SUCCESS,96,96,0,0,96,96
s10,d4,frame_0047.jpg,SUCCESS,96,96,0,0,96,96
s10,d4,frame_0048.jpg,SUCCESS,96,96,0,0,96,96
s10,d4,frame_0049.jpg,SUCCESS,96,96,0,0,96,96
s10,d4,frame_0050.jpg,SUCCESS,96,96,0,0,96,96
s10,d4,frame_0051.jpg,SUCCESS,96,96,0,0,96,96
s10,d5,frame_0001.jpg,SUCCESS,96,96,0,0,96,96
s10,d5,frame_0002.jpg,SUCCESS,96,96,0,0,96,96
s10,d5,frame_0003.jpg,SUCCESS,96,96,0,0,96,96
s10,d5,frame_0004.jpg,SUCCESS,96,96,0,0,96,96
s10,d5,frame_0005.jpg,SUCCESS,96,96,0,0,96,96
s10,d5,frame_0006.jpg,SUCCESS,96,96,0,0,96,96
s10,d5,frame_0007.jpg,SUCCESS,96,96,0,0,96,96
s10,d5,frame_0008.jpg,SUCCESS,96,96,0,0,96,96
s10,d5,frame_0009.jpg,SUCCESS,96,96,0,0,96,96
s10,d5,frame_0010.jpg,SUCCESS,96,96,0,0,96,96
s10,d5,frame_0011.jpg,SUCCESS,96,96,0,0,96,96
s10,d5,frame_0012.jpg,SUCCESS,96,96,0,0,96,96
s10,d5,frame_0013.jpg,SUCCESS,96,96,0,0,96,96
s10,d5,frame_0014.jpg,SUCCESS,96,96,0,0,96,96
s10,d5,frame_0015.jpg,SUCCESS,96,96,0,0,96,96
s10,d5,frame_0016.jpg,SUCCESS,96,96,0,0,96,96
s10,d5,frame_0017.jpg,SUCCESS,96,96,0,0,96,96
s10,d5,frame_0018.jpg,SUCCESS,96,96,0,0,96,96
s10,d5,frame_0019.jpg,SUCCESS,96,96,0,0,96,96
s10,d5,frame_0020.jpg,SUCCESS,96,96,0,0,96,96
s10,d5,frame_0021.jpg,SUCCESS,96,96,0,0,96,96
s10,d5,frame_0022.jpg,SUCCESS,96,96,0,0,96,96
s10,d5,frame_0023.jpg,SUCCESS,96,96,0,0,96,96
s10,d5,frame_0024.jpg,SUCCESS,96,96,0,0,96,96
s10,d5,frame_0025.jpg,SUCCESS,96,96,0,0,96,96
s10,d5,frame_0026.jpg,SUCCESS,96,96,0,0,96,96
s10,d5,frame_0027.jpg,SUCCESS,96,96,0,0,96,96
s10,d5,frame_0028.jpg,SUCCESS,96,96,0,0,96,96
s10,d5,frame_0029.jpg,SUCCESS,96,96,0,0,96,96
s10,d5,frame_0030.jpg,SUCCESS,96,96,0,0,96,96
s10,d5,frame_0031.jpg,SUCCESS,96,96,0,0,96,96
s10,d5,frame_0032.jpg,SUCCESS,96,96,0,0,96,96
s10,d5,frame_0033.jpg,SUCCESS,96,96,0,0,96,96
s10,d5,frame_0034.jpg,SUCCESS,96,96,0,0,96,96
s10,d5,frame_0035.jpg,SUCCESS,96,96,0,0,96,96
s10,d5,frame_0036.jpg,SUCCESS,96,96,0,0,96,96
s10,d5,frame_0037.jpg,SUCCESS,96,96,0,0,96,96
s10,d5,frame_0038.jpg,SUCCESS,96,96,0,0,96,96
s10,d5,frame_0039.jpg,SUCCESS,96,96,0,0,96,96
s10,d5,frame_0040.jpg,SUCCESS,96,96,0,0,96,96
s10,d5,frame_0041.jpg,SUCCESS,96,96,0,0,96,96
s10,d5,frame_0042.jpg,SUCCESS,96,96,0,0,96,96
s10,d5,frame_0043.jpg,SUCCESS,96,96,0,0,96,96
s10,d5,frame_0044.jpg,SUCCESS,96,96,0,0,96,96
s10,d5,frame_0045.jpg,SUCCESS,96,96,0,0,96,96
s10,d5,frame_0046.jpg,SUCCESS,96,96,0,0,96,96
s10,d5,frame_0047.jpg,SUCCESS,96,96,0,0,96,96
s10,d6,frame_0001.jpg,SUCCESS,96,96,0,0,96,96
s10,d6,frame_0002.jpg,SUCCESS,96,96,0,0,96,96
s10,d6,frame_0003.jpg,SUCCESS,96,96,0,0,96,96
s10,d6,frame_0004.jpg,SUCCESS,96,96,0,0,96,96
s10,d6,frame_0005.jpg,SUCCESS,96,96,0,0,96,96
s10,d6,frame_0006.jpg,SUCCESS,96,96,0,0,96,96
s10,d6,frame_0007.jpg,SUCCESS,96,96,0,0,96,96
s10,d6,frame_0008.jpg,SUCCESS,96,96,0,0,96,96
s10,d6,frame_0009.jpg,SUCCESS,96,96,0,0,96,96
s10,d6,frame_0010.jpg,SUCCESS,96,96,0,0,96,96
s10,d6,frame_0011.jpg,SUCCESS,96,96,0,0,96,96
s10,d6,frame_0012.jpg,SUCCESS,96,96,0,0,96,96
s10,d6,frame_0013.jpg,SUCCESS,96,96,0,0,96,96
s10,d6,frame_0014.jpg,SUCCESS,96,96,0,0,96,96
s10,d6,frame_0015.jpg,SUCCESS,96,96,0,0,96,96
s10,d6,frame_0016.jpg,SUCCESS,96,96,0,0,96,96
s10,d6,frame_0017.jpg,SUCCESS,96,96,0,0,96,96
s10,d6,frame_0018.jpg,SUCCESS,96,96,0,0,96,96
s10,d6,frame_0019.jpg,SUCCESS,96,96,0,0,96,96
s10,d6,frame_0020.jpg,SUCCESS,96,96,0,0,96,96
s10,d6,frame_0021.jpg,SUCCESS,96,96,0,0,96,96
s10,d6,frame_0022.jpg,SUCCESS,96,96,0,0,96,96
s10,d6,frame_0023.jpg,SUCCESS,96,96,0,0,96,96
s10,d6,frame_0024.jpg,SUCCESS,96,96,0,0,96,96
s10,d6,frame_0025.jpg,SUCCESS,96,96,0,0,96,96
s10,d6,frame_0026.jpg,SUCCESS,96,96,0,0,96,96
s10,d6,frame_0027.jpg,SUCCESS,96,96,0,0,96,96
s10,d6,frame_0028.jpg,SUCCESS,96,96,0,0,96,96
s10,d6,frame_0029.jpg,SUCCESS,96,96,0,0,96,96
s10,d6,frame_0030.jpg,SUCCESS,96,96,0,0,96,96
s10,d6,frame_0031.jpg,SUCCESS,96,96,0,0,96,96
s10,d6,frame_0032.jpg,SUCCESS,96,96,0,0,96,96
s10,d6,frame_0033.jpg,SUCCESS,96,96,0,0,96,96
s10,d6,frame_0034.jpg,SUCCESS,96,96,0,0,96,96
s10,d6,frame_0035.jpg,SUCCESS,96,96,0,0,96,96
s10,d6,frame_0036.jpg,SUCCESS,96,96,0,0,96,96
s10,d6,frame_0037.jpg,SUCCESS,96,96,0,0,96,96
s10,d6,frame_0038.jpg,SUCCESS,96,96,0,0,96,96
s10,d6,frame_0039.jpg,SUCCESS,96,96,0,0,96,96
s10,d6,frame_0040.jpg,SUCCESS,96,96,0,0,96,96
s10,d6,frame_0041.jpg,SUCCESS,96,96,0,0,96,96
s10,d6,frame_0042.jpg,SUCCESS,96,96,0,0,96,96
s10,d6,frame_0043.jpg,SUCCESS,96,96,0,0,96,96
s10,d6,frame_0044.jpg,SUCCESS,96,96,0,0,96,96
s10,d7,frame_0001.jpg,SUCCESS,96,96,0,0,96,96
s10,d7,frame_0002.jpg,SUCCESS,96,96,0,0,96,96
s10,d7,frame_0003.jpg,SUCCESS,96,96,0,0,96,96
s10,d7,frame_0004.jpg,SUCCESS,96,96,0,0,96,96
s10,d7,frame_0005.jpg,SUCCESS,96,96,0,0,96,96
s10,d7,frame_0006.jpg,SUCCESS,96,96,0,0,96,96
s10,d7,frame_0007.jpg,SUCCESS,96,96,0,0,96,96
s10,d7,frame_0008.jpg,SUCCESS,96,96,0,0,96,96
s10,d7,frame_0009.jpg,SUCCESS,96,96,0,0,96,96
s10,d7,frame_0010.jpg,SUCCESS,96,96,0,0,96,96
s10,d7,frame_0011.jpg,SUCCESS,96,96,0,0,96,96
s10,d7,frame_0012.jpg,SUCCESS,96,96,0,0,96,96
s10,d7,frame_0013.jpg,SUCCESS,96,96,0,0,96,96
s10,d7,frame_0014.jpg,SUCCESS,96,96,0,0,96,96
s10,d7,frame_0015.jpg,SUCCESS,96,96,0,0,96,96
s10,d7,frame_0016.jpg,SUCCESS,96,96,0,0,96,96
s10,d7,frame_0017.jpg,SUCCESS,96,96,0,0,96,96
s10,d7,frame_0018.jpg,SUCCESS,96,96,0,0,96,96
s10,d7,frame_0019.jpg,SUCCESS,96,96,0,0,96,96
s10,d7,frame_0020.jpg,SUCCESS,96,96,0,0,96,96
s10,d7,frame_0021.jpg,SUCCESS,96,96,0,0,96,96
s10,d7,frame_0022.jpg,SUCCESS,96,96,0,0,96,96
s10,d7,frame_0023.jpg,SUCCESS,96,96,0,0,96,96
s10,d7,frame_0024.jpg,SUCCESS,96,96,0,0,96,96
s10,d7,frame_0025.jpg,SUCCESS,96,96,0,0,96,96
s10,d7,frame_0026.jpg,SUCCESS,96,96,0,0,96,96
s10,d7,frame_0027.jpg,SUCCESS,96,96,0,0,96,96
s10,d7,frame_0028.jpg,SUCCESS,96,96,0,0,96,96
s10,d7,frame_0029.jpg,SUCCESS,96,96,0,0,96,96
s10,d7,frame_0030.jpg,SUCCESS,96,96,0,0,96,96
s10,d7,frame_0031.jpg,SUCCESS,96,96,0,0,96,96
s10,d7,frame_0032.jpg,SUCCESS,96,96,0,0,96,96
s10,d7,frame_0033.jpg,SUCCESS,96,96,0,0,96,96
s10,d7,frame_0034.jpg,SUCCESS,96,96,0,0,96,96
s10,d7,frame_0035.jpg,SUCCESS,96,96,0,0,96,96
s10,d7,frame_0036.jpg,SUCCESS,96,96,0,0,96,96
s10,d7,frame_0037.jpg,SUCCESS,96,96,0,0,96,96
s10,d7,frame_0038.jpg,SUCCESS,96,96,0,0,96,96
s10,d7,frame_0039.jpg,SUCCESS,96,96,0,0,96,96
s10,d7,frame_0040.jpg,SUCCESS,96,96,0,0,96,96
s10,d7,frame_0041.jpg,SUCCESS,96,96,0,0,96,96
s10,d8,frame_0001.jpg,SUCCESS,96,96,0,0,96,96
s10,d8,frame_0002.jpg,SUCCESS,96,96,0,0,96,96
s10,d8,frame_0003.jpg,SUCCESS,96,96,0,0,96,96
s10,d8,frame_0004.jpg,SUCCESS,96,96,0,0,96,96
s10,d8,frame_0005.jpg,SUCCESS,96,96,0,0,96,96
s10,d8,frame_0006.jpg,SUCCESS,96,96,0,0,96,96
s10,d8,frame_0007.jpg,SUCCESS,96,96,0,0,96,96
s10,d8,frame_0008.jpg,SUCCESS,96,96,0,0,96,96
s10,d8,frame_0009.jpg,SUCCESS,96,96,0,0,96,96
s10,d8,frame_0010.jpg,SUCCESS,96,96,0,0,96,96
s10,d8,frame_0011.jpg,SUCCESS,96,96,0,0,96,96
s10,d8,frame_0012.jpg,SUCCESS,96,96,0,0,96,96
s10,d8,frame_0013.jpg,SUCCESS,96,96,0,0,96,96
s10,d8,frame_0014.jpg,SUCCESS,96,96,0,0,96,96
s10,d8,frame_0015.jpg,SUCCESS,96,96,0,0,96,96
s10,d8,frame_0016.jpg,SUCCESS,96,96,0,0,96,96
s10,d8,frame_0017.jpg,SUCCESS,96,96,0,0,96,96
s10,d8,frame_0018.jpg,SUCCESS,96,96,0,0,96,96
s10,d8,frame_0019.jpg,SUCCESS,96,96,0,0,96,96
s10,d8,frame_0020.jpg,SUCCESS,96,96,0,0,96,96
s10,d8,frame_0021.jpg,SUCCESS,96,96,0,0,96,96
s10,d8,frame_0022.jpg,SUCCESS,96,96,0,0,96,96
s10,d8,frame_0023.jpg,SUCCESS,96,96,0,0,96,96
s10,d8,frame_0024.jpg,SUCCESS,96,96,0,0,96,96
s10,d8,frame_0025.jpg,SUCCESS,96,96,0,0,96,96
s10,d8,frame_0026.jpg,SUCCESS,96,96,0,0,96,96
s10,d8,frame_0027.jpg,SUCCESS,96,96,0,0,96,96
s10,d8,frame_0028.jpg,SUCCESS,96,96,0,0,96,96
s10,d8,frame_0029.jpg,SUCCESS,96,96,0,0,96,96
s10,d8,frame_0030.jpg,SUCCESS,96,96,0,0,96,96
s10,d8,frame_0031.jpg,SUCCESS,96,96,0,0,96,96
s10,d8,frame_0032.jpg,SUCCESS,96,96,0,0,96,96
s10,d8,frame_0033.jpg,SUCCESS,96,96,0,0,96,96
s10,d8,frame_0034.jpg,SUCCESS,96,96,0,0,96,96
s10,d8,frame_0035.jpg,SUCCESS,96,96,0,0,96,96
s10,d8,frame_0036.jpg,SUCCESS,96,96,0,0,96,96
s10,d8,frame_0037.jpg,SUCCESS,96,96,0,0,96,96
s10,d8,frame_0038.jpg,SUCCESS,96,96,0,0,96,96
s10,d8,frame_0039.jpg,SUCCESS,96,96,0,0,96,96
s10,d8,frame_0040.jpg,SUCCESS,96,96,0,0,96,96
s10,d8,frame_0041.jpg,SUCCESS,96,96,0,0,96,96
s10,d8,frame_0042.jpg,SUCCESS,96,96,0,0,96,96
s10,d8,frame_0043.jpg,SUCCESS,96,96,0,0,96,96
s10,d8,frame_0044.jpg,SUCCESS,96,96,0,0,96,96
s10,d8,frame_0045.jpg,SUCCESS,96,96,0,0,96,96
s10,d9,frame_0001.jpg,SUCCESS,96,96,0,0,96,96
s10,d9,frame_0002.jpg,SUCCESS,96,96,0,0,96,96
s10,d9,frame_0003.jpg,SUCCESS,96,96,0,0,96,96
s10,d9,frame_0004.jpg,SUCCESS,96,96,0,0,96,96
s10,d9,frame_0005.jpg,SUCCESS,96,96,0,0,96,96
s10,d9,frame_0006.jpg,SUCCESS,96,96,0,0,96,96
s10,d9,frame_0007.jpg,SUCCESS,96,96,0,0,96,96
s10,d9,frame_0008.jpg,SUCCESS,96,96,0,0,96,96
s10,d9,frame_0009.jpg,SUCCESS,96,96,0,0,96,96
s10,d9,frame_0010.jpg,SUCCESS,96,96,0,0,96,96
s10,d9,frame_0011.jpg,SUCCESS,96,96,0,0,96,96
s10,d9,frame_0012.jpg,SUCCESS,96,96,0,0,96,96
s10,d9,frame_0013.jpg,SUCCESS,96,96,0,0,96,96
s10,d9,frame_0014.jpg,SUCCESS,96,96,0,0,96,96
s10,d9,frame_0015.jpg,SUCCESS,96,96,0,0,96,96
s10,d9,frame_0016.jpg,SUCCESS,96,96,0,0,96,96
s10,d9,frame_0017.jpg,SUCCESS,96,96,0,0,96,96
s10,d9,frame_0018.jpg,SUCCESS,96,96,0,0,96,96
s10,d9,frame_0019.jpg,SUCCESS,96,96,0,0,96,96
s10,d9,frame_0020.jpg,SUCCESS,96,96,0,0,96,96
s10,d9,frame_0021.jpg,SUCCESS,96,96,0,0,96,96
s10,d9,frame_0022.jpg,SUCCESS,96,96,0,0,96,96
s10,d9,frame_0023.jpg,SUCCESS,96,96,0,0,96,96
s10,d9,frame_0024.jpg,SUCCESS,96,96,0,0,96,96
s10,d9,frame_0025.jpg,SUCCESS,96,96,0,0,96,96
s10,d9,frame_0026.jpg,SUCCESS,96,96,0,0,96,96
s10,d9,frame_0027.jpg,SUCCESS,96,96,0,0,96,96
s10,d9,frame_0028.jpg,SUCCESS,96,96,0,0,96,96
s10,d9,frame_0029.jpg,SUCCESS,96,96,0,0,96,96
s10,d9,frame_0030.jpg,SUCCESS,96,96,0,0,96,96
s10,d9,frame_0031.jpg,SUCCESS,96,96,0,0,96,96
s10,d9,frame_0032.jpg,SUCCESS,96,96,0,0,96,96
s10,d9,frame_0033.jpg,SUCCESS,96,96,0,0,96,96
s10,d9,frame_0034.jpg,SUCCESS,96,96,0,0,96,96
s10,d9,frame_0035.jpg,SUCCESS,96,96,0,0,96,96
s10,d9,frame_0036.jpg,SUCCESS,96,96,0,0,96,96
s10,d9,frame_0037.jpg,SUCCESS,96,96,0,0,96,96
s10,d9,frame_0038.jpg,SUCCESS,96,96,0,0,96,96
s10,d9,frame_0039.jpg,SUCCESS,96,96,0,0,96,96
s10,d9,frame_0040.jpg,SUCCESS,96,96,0,0,96,96
s10,d9,frame_0041.jpg,SUCCESS,96,96,0,0,96,96
s10,d9,frame_0042.jpg,SUCCESS,96,96,0,0,96,96
s10,d9,frame_0043.jpg,SUCCESS,96,96,0,0,96,96
s10,d9,frame_0044.jpg,SUCCESS,96,96,0,0,96,96
s10,d9,frame_0045.jpg,SUCCESS,96,96,0,0,96,96
s10,d9,frame_0046.jpg,SUCCESS,96,96,0,0,96,96
s11,d0,frame_0001.jpg,SUCCESS,96,96,0,0,96,96
s11,d0,frame_0002.jpg,SUCCESS,96,96,0,0,96,96
s11,d0,frame_0003.jpg,SUCCESS,96,96,0,0,96,96
s11,d0,frame_0004.jpg,SUCCESS,96,96,0,0,96,96
s11,d0,frame_0005.jpg,SUCCESS,96,96,0,0,96,96
s11,d0,frame_0006.jpg,SUCCESS,96,96,0,0,96,96
s11,d0,frame_0007.jpg,SUCCESS,96,96,0,0,96,96
s11,d0,frame_0008.jpg,SUCCESS,96,96,0,0,96,96
s11,d0,frame_0009.jpg,SUCCESS,96,96,0,0,96,96
s11,d0,frame_0010.jpg,SUCCESS,96,96,0,0,96,96
s11,d0,frame_0011.jpg,SUCCESS,96,96,0,0,96,96
s11,d0,frame_0012.jpg,SUCCESS,96,96,0,0,96,96
s11,d0,frame_0013.jpg,SUCCESS,96,96,0,0,96,96
s11,d0,frame_0014.jpg,SUCCESS,96,96,0,0,96,96
s11,d0,frame_0015.jpg,SUCCESS,96,96,0,0,96,96
s11,d0,frame_0016.jpg,SUCCESS,96,96,0,0,96,96
s11,d0,frame_0017.jpg,SUCCESS,96,96,0,0,96,96
s11,d0,frame_0018.jpg,SUCCESS,96,96,0,0,96,96
s11,d0,frame_0019.jpg,SUCCESS,96,96,0,0,96,96
s11,d0,frame_0020.jpg,SUCCESS,96,96,0,0,96,96
s11,d0,frame_0021.jpg,SUCCESS,96,96,0,0,96,96
s11,d0,frame_0022.jpg,SUCCESS,96,96,0,0,96,96
s11,d0,frame_0023.jpg,SUCCESS,96,96,0,0,96,96
s11,d0,frame_0024.jpg,SUCCESS,96,96,0,0,96,96
s11,d0,frame_0025.jpg,SUCCESS,96,96,0,0,96,96
s11,d0,frame_0026.jpg,SUCCESS,96,96,0,0,96,96
s11,d0,frame_0027.jpg,SUCCESS,96,96,0,0,96,96
s11,d0,frame_0028.jpg,SUCCESS,96,96,0,0,96,96
s11,d0,frame_0029.jpg,SUCCESS,96,96,0,0,96,96
s11,d0,frame_0030.jpg,SUCCESS,96,96,0,0,96,96
s11,d0,frame_0031.jpg,SUCCESS,96,96,0,0,96,96
s11,d0,frame_0032.jpg,SUCCESS,96,96,0,0,96,96
s11,d0,frame_0033.jpg,SUCCESS,96,96,0,0,96,96
s11,d0,frame_0034.jpg,SUCCESS,96,96,0,0,96,96
s11,d0,frame_0035.jpg,SUCCESS,96,96,0,0,96,96
s11,d0,frame_0036.jpg,SUCCESS,96,96,0,0,96,96
s11,d0,frame_0037.jpg,SUCCESS,96,96,0,0,96,96
s11,d0,frame_0038.jpg,SUCCESS,96,96,0,0,96,96
s11,d0,frame_0039.jpg,SUCCESS,96,96,0,0,96,96
s11,d0,frame_0040.jpg,SUCCESS,96,96,0,0,96,96
s11,d0,frame_0041.jpg,SUCCESS,96,96,0,0,96,96
s11,d0,frame_0042.jpg,SUCCESS,96,96,0,0,96,96
s11,d0,frame_0043.jpg,SUCCESS,96,96,0,0,96,96
s11,d0,frame_0044.jpg,SUCCESS,96,96,0,0,96,96
s11,d0,frame_0045.jpg,SUCCESS,96,96,0,0,96,96
s11,d1,frame_0001.jpg,SUCCESS,96,96,0,0,96,96
s11,d1,frame_0002.jpg,SUCCESS,96,96,0,0,96,96
s11,d1,frame_0003.jpg,SUCCESS,96,96,0,0,96,96
s11,d1,frame_0004.jpg,SUCCESS,96,96,0,0,96,96
s11,d1,frame_0005.jpg,SUCCESS,96,96,0,0,96,96
s11,d1,frame_0006.jpg,SUCCESS,96,96,0,0,96,96
s11,d1,frame_0007.jpg,SUCCESS,96,96,0,0,96,96
s11,d1,frame_0008.jpg,SUCCESS,96,96,0,0,96,96
s11,d1,frame_0009.jpg,SUCCESS,96,96,0,0,96,96
s11,d1,frame_0010.jpg,SUCCESS,96,96,0,0,96,96
s11,d1,frame_0011.jpg,SUCCESS,96,96,0,0,96,96
s11,d1,frame_0012.jpg,SUCCESS,96,96,0,0,96,96
s11,d1,frame_0013.jpg,SUCCESS,96,96,0,0,96,96
s11,d1,frame_0014.jpg,SUCCESS,96,96,0,0,96,96
s11,d1,frame_0015.jpg,SUCCESS,96,96,0,0,96,96
s11,d1,frame_0016.jpg,SUCCESS,96,96,0,0,96,96
s11,d1,frame_0017.jpg,SUCCESS,96,96,0,0,96,96
s11,d1,frame_0018.jpg,SUCCESS,96,96,0,0,96,96
s11,d1,frame_0019.jpg,SUCCESS,96,96,0,0,96,96
s11,d1,frame_0020.jpg,SUCCESS,96,96,0,0,96,96
s11,d1,frame_0021.jpg,SUCCESS,96,96,0,0,96,96
s11,d1,frame_0022.jpg,SUCCESS,96,96,0,0,96,96
s11,d1,frame_0023.jpg,SUCCESS,96,96,0,0,96,96
s11,d1,frame_0024.jpg,SUCCESS,96,96,0,0,96,96
s11,d1,frame_0025.jpg,SUCCESS,96,96,0,0,96,96
s11,d1,frame_0026.jpg,SUCCESS,96,96,0,0,96,96
s11,d1,frame_0027.jpg,SUCCESS,96,96,0,0,96,96
s11,d1,frame_0028.jpg,SUCCESS,96,96,0,0,96,96
s11,d1,frame_0029.jpg,SUCCESS,96,96,0,0,96,96
s11,d1,frame_0030.jpg,SUCCESS,96,96,0,0,96,96
s11,d1,frame_0031.jpg,SUCCESS,96,96,0,0,96,96
s11,d1,frame_0032.jpg,SUCCESS,96,96,0,0,96,96
s11,d1,frame_0033.jpg,SUCCESS,96,96,0,0,96,96
s11,d1,frame_0034.jpg,SUCCESS,96,96,0,0,96,96
s11,d10,frame_0001.jpg,SUCCESS,96,96,0,0,96,96
s11,d10,frame_0002.jpg,SUCCESS,96,96,0,0,96,96
s11,d10,frame_0003.jpg,SUCCESS,96,96,0,0,96,96
s11,d10,frame_0004.jpg,SUCCESS,96,96,0,0,96,96
s11,d10,frame_0005.jpg,SUCCESS,96,96,0,0,96,96
s11,d10,frame_0006.jpg,SUCCESS,96,96,0,0,96,96
s11,d10,frame_0007.jpg,SUCCESS,96,96,0,0,96,96
s11,d10,frame_0008.jpg,SUCCESS,96,96,0,0,96,96
s11,d10,frame_0009.jpg,SUCCESS,96,96,0,0,96,96
s11,d10,frame_0010.jpg,SUCCESS,96,96,0,0,96,96
s11,d10,frame_0011.jpg,SUCCESS,96,96,0,0,96,96
s11,d10,frame_0012.jpg,SUCCESS,96,96,0,0,96,96
s11,d10,frame_0013.jpg,SUCCESS,96,96,0,0,96,96
s11,d10,frame_0014.jpg,SUCCESS,96,96,0,0,96,96
s11,d10,frame_0015.jpg,SUCCESS,96,96,0,0,96,96
s11,d10,frame_0016.jpg,SUCCESS,96,96,0,0,96,96
s11,d10,frame_0017.jpg,SUCCESS,96,96,0,0,96,96
s11,d10,frame_0018.jpg,SUCCESS,96,96,0,0,96,96
s11,d10,frame_0019.jpg,SUCCESS,96,96,0,0,96,96
s11,d10,frame_0020.jpg,SUCCESS,96,96,0,0,96,96
s11,d10,frame_0021.jpg,SUCCESS,96,96,0,0,96,96
s11,d10,frame_0022.jpg,SUCCESS,96,96,0,0,96,96
s11,d10,frame_0023.jpg,SUCCESS,96,96,0,0,96,96
s11,d10,frame_0024.jpg,SUCCESS,96,96,0,0,96,96
s11,d10,frame_0025.jpg,SUCCESS,96,96,0,0,96,96
s11,d10,frame_0026.jpg,SUCCESS,96,96,0,0,96,96
s11,d10,frame_0027.jpg,SUCCESS,96,96,0,0,96,96
s11,d10,frame_0028.jpg,SUCCESS,96,96,0,0,96,96
s11,d10,frame_0029.jpg,SUCCESS,96,96,0,0,96,96
s11,d10,frame_0030.jpg,SUCCESS,96,96,0,0,96,96
s11,d10,frame_0031.jpg,SUCCESS,96,96,0,0,96,96
s11,d10,frame_0032.jpg,SUCCESS,96,96,0,0,96,96
s11,d10,frame_0033.jpg,SUCCESS,96,96,0,0,96,96
s11,d10,frame_0034.jpg,SUCCESS,96,96,0,0,96,96
s11,d10,frame_0035.jpg,SUCCESS,96,96,0,0,96,96
s11,d10,frame_0036.jpg,SUCCESS,96,96,0,0,96,96
s11,d10,frame_0037.jpg,SUCCESS,96,96,0,0,96,96
s11,d10,frame_0038.jpg,SUCCESS,96,96,0,0,96,96
s11,d10,frame_0039.jpg,SUCCESS,96,96,0,0,96,96
s11,d10,frame_0040.jpg,SUCCESS,96,96,0,0,96,96
s11,d10,frame_0041.jpg,SUCCESS,96,96,0,0,96,96
s11,d10,frame_0042.jpg,SUCCESS,96,96,0,0,96,96
s11,d10,frame_0043.jpg,SUCCESS,96,96,0,0,96,96
s11,d10,frame_0044.jpg,SUCCESS,96,96,0,0,96,96
s11,d10,frame_0045.jpg,SUCCESS,96,96,0,0,96,96
s11,d10,frame_0046.jpg,SUCCESS,96,96,0,0,96,96
s11,d10,frame_0047.jpg,SUCCESS,96,96,0,0,96,96
s11,d10,frame_0048.jpg,SUCCESS,96,96,0,0,96,96
s11,d10,frame_0049.jpg,SUCCESS,96,96,0,0,96,96
s11,d10,frame_0050.jpg,SUCCESS,96,96,0,0,96,96
s11,d10,frame_0051.jpg,SUCCESS,96,96,0,0,96,96
s11,d10,frame_0052.jpg,SUCCESS,96,96,0,0,96,96
s11,d10,frame_0053.jpg,SUCCESS,96,96,0,0,96,96
s11,d10,frame_0054.jpg,SUCCESS,96,96,0,0,96,96
s11,d2,frame_0001.jpg,SUCCESS,96,96,0,0,96,96
s11,d2,frame_0002.jpg,SUCCESS,96,96,0,0,96,96
s11,d2,frame_0003.jpg,SUCCESS,96,96,0,0,96,96
s11,d2,frame_0004.jpg,SUCCESS,96,96,0,0,96,96
s11,d2,frame_0005.jpg,SUCCESS,96,96,0,0,96,96
s11,d2,frame_0006.jpg,SUCCESS,96,96,0,0,96,96
s11,d2,frame_0007.jpg,SUCCESS,96,96,0,0,96,96
s11,d2,frame_0008.jpg,SUCCESS,96,96,0,0,96,96
s11,d2,frame_0009.jpg,SUCCESS,96,96,0,0,96,96
s11,d2,frame_0010.jpg,SUCCESS,96,96,0,0,96,96
s11,d2,frame_0011.jpg,SUCCESS,96,96,0,0,96,96
s11,d2,frame_0012.jpg,SUCCESS,96,96,0,0,96,96
s11,d2,frame_0013.jpg,SUCCESS,96,96,0,0,96,96
s11,d2,frame_0014.jpg,SUCCESS,96,96,0,0,96,96
s11,d2,frame_0015.jpg,SUCCESS,96,96,0,0,96,96
s11,d2,frame_0016.jpg,SUCCESS,96,96,0,0,96,96
s11,d2,frame_0017.jpg,SUCCESS,96,96,0,0,96,96
s11,d2,frame_0018.jpg,SUCCESS,96,96,0,0,96,96
s11,d2,frame_0019.jpg,SUCCESS,96,96,0,0,96,96
s11,d2,frame_0020.jpg,SUCCESS,96,96,0,0,96,96
s11,d2,frame_0021.jpg,SUCCESS,96,96,0,0,96,96
s11,d2,frame_0022.jpg,SUCCESS,96,96,0,0,96,96
s11,d2,frame_0023.jpg,SUCCESS,96,96,0,0,96,96
s11,d2,frame_0024.jpg,SUCCESS,96,96,0,0,96,96
s11,d2,frame_0025.jpg,SUCCESS,96,96,0,0,96,96
s11,d2,frame_0026.jpg,SUCCESS,96,96,0,0,96,96
s11,d2,frame_0027.jpg,SUCCESS,96,96,0,0,96,96
s11,d2,frame_0028.jpg,SUCCESS,96,96,0,0,96,96
s11,d2,frame_0029.jpg,SUCCESS,96,96,0,0,96,96
s11,d2,frame_0030.jpg,SUCCESS,96,96,0,0,96,96
s11,d2,frame_0031.jpg,SUCCESS,96,96,0,0,96,96
s11,d2,frame_0032.jpg,SUCCESS,96,96,0,0,96,96
s11,d2,frame_0033.jpg,SUCCESS,96,96,0,0,96,96
s11,d2,frame_0034.jpg,SUCCESS,96,96,0,0,96,96
s11,d2,frame_0035.jpg,SUCCESS,96,96,0,0,96,96
s11,d2,frame_0036.jpg,SUCCESS,96,96,0,0,96,96
s11,d2,frame_0037.jpg,SUCCESS,96,96,0,0,96,96
s11,d2,frame_0038.jpg,SUCCESS,96,96,0,0,96,96
s11,d2,frame_0039.jpg,SUCCESS,96,96,0,0,96,96
s11,d2,frame_0040.jpg,SUCCESS,96,96,0,0,96,96
s11,d2,frame_0041.jpg,SUCCESS,96,96,0,0,96,96
s11,d2,frame_0042.jpg,SUCCESS,96,96,0,0,96,96
s11,d2,frame_0043.jpg,SUCCESS,96,96,0,0,96,96
s11,d2,frame_0044.jpg,SUCCESS,96,96,0,0,96,96
s11,d2,frame_0045.jpg,SUCCESS,96,96,0,0,96,96
s11,d2,frame_0046.jpg,SUCCESS,96,96,0,0,96,96
s11,d2,frame_0047.jpg,SUCCESS,96,96,0,0,96,96
s11,d2,frame_0048.jpg,SUCCESS,96,96,0,0,96,96
s11,d2,frame_0049.jpg,SUCCESS,96,96,0,0,96,96
s11,d2,frame_0050.jpg,SUCCESS,96,96,0,0,96,96
s11,d2,frame_0051.jpg,SUCCESS,96,96,0,0,96,96
s11,d3,frame_0001.jpg,SUCCESS,96,96,0,0,96,96
s11,d3,frame_0002.jpg,SUCCESS,96,96,0,0,96,96
s11,d3,frame_0003.jpg,SUCCESS,96,96,0,0,96,96
s11,d3,frame_0004.jpg,SUCCESS,96,96,0,0,96,96
s11,d3,frame_0005.jpg,SUCCESS,96,96,0,0,96,96
s11,d3,frame_0006.jpg,SUCCESS,96,96,0,0,96,96
s11,d3,frame_0007.jpg,SUCCESS,96,96,0,0,96,96
s11,d3,frame_0008.jpg,SUCCESS,96,96,0,0,96,96
s11,d3,frame_0009.jpg,SUCCESS,96,96,0,0,96,96
s11,d3,frame_0010.jpg,SUCCESS,96,96,0,0,96,96
s11,d3,frame_0011.jpg,SUCCESS,96,96,0,0,96,96
s11,d3,frame_0012.jpg,SUCCESS,96,96,0,0,96,96
s11,d3,frame_0013.jpg,SUCCESS,96,96,0,0,96,96
s11,d3,frame_0014.jpg,SUCCESS,96,96,0,0,96,96
s11,d3,frame_0015.jpg,SUCCESS,96,96,0,0,96,96
s11,d3,frame_0016.jpg,SUCCESS,96,96,0,0,96,96
s11,d3,frame_0017.jpg,SUCCESS,96,96,0,0,96,96
s11,d3,frame_0018.jpg,SUCCESS,96,96,0,0,96,96
s11,d3,frame_0019.jpg,SUCCESS,96,96,0,0,96,96
s11,d3,frame_0020.jpg,SUCCESS,96,96,0,0,96,96
s11,d3,frame_0021.jpg,SUCCESS,96,96,0,0,96,96
s11,d3,frame_0022.jpg,SUCCESS,96,96,0,0,96,96
s11,d3,frame_0023.jpg,SUCCESS,96,96,0,0,96,96
s11,d3,frame_0024.jpg,SUCCESS,96,96,0,0,96,96
s11,d3,frame_0025.jpg,SUCCESS,96,96,0,0,96,96
s11,d3,frame_0026.jpg,SUCCESS,96,96,0,0,96,96
s11,d3,frame_0027.jpg,SUCCESS,96,96,0,0,96,96
s11,d3,frame_0028.jpg,SUCCESS,96,96,0,0,96,96
s11,d3,frame_0029.jpg,SUCCESS,96,96,0,0,96,96
s11,d3,frame_0030.jpg,SUCCESS,96,96,0,0,96,96
s11,d3,frame_0031.jpg,SUCCESS,96,96,0,0,96,96
s11,d3,frame_0032.jpg,SUCCESS,96,96,0,0,96,96
s11,d3,frame_0033.jpg,SUCCESS,96,96,0,0,96,96
s11,d3,frame_0034.jpg,SUCCESS,96,96,0,0,96,96
s11,d3,frame_0035.jpg,SUCCESS,96,96,0,0,96,96
s11,d3,frame_0036.jpg,SUCCESS,96,96,0,0,96,96
s11,d3,frame_0037.jpg,SUCCESS,96,96,0,0,96,96
s11,d3,frame_0038.jpg,SUCCESS,96,96,0,0,96,96
s11,d3,frame_0039.jpg,SUCCESS,96,96,0,0,96,96
s11,d3,frame_0040.jpg,SUCCESS,96,96,0,0,96,96
s11,d3,frame_0041.jpg,SUCCESS,96,96,0,0,96,96
s11,d3,frame_0042.jpg,SUCCESS,96,96,0,0,96,96
s11,d3,frame_0043.jpg,SUCCESS,96,96,0,0,96,96
s11,d4,frame_0001.jpg,SUCCESS,96,96,0,0,96,96
s11,d4,frame_0002.jpg,SUCCESS,96,96,0,0,96,96
s11,d4,frame_0003.jpg,SUCCESS,96,96,0,0,96,96
s11,d4,frame_0004.jpg,SUCCESS,96,96,0,0,96,96
s11,d4,frame_0005.jpg,SUCCESS,96,96,0,0,96,96
s11,d4,frame_0006.jpg,SUCCESS,96,96,0,0,96,96
s11,d4,frame_0007.jpg,SUCCESS,96,96,0,0,96,96
s11,d4,frame_0008.jpg,SUCCESS,96,96,0,0,96,96
s11,d4,frame_0009.jpg,SUCCESS,96,96,0,0,96,96
s11,d4,frame_0010.jpg,SUCCESS,96,96,0,0,96,96
s11,d4,frame_0011.jpg,SUCCESS,96,96,0,0,96,96
s11,d4,frame_0012.jpg,SUCCESS,96,96,0,0,96,96
s11,d4,frame_0013.jpg,SUCCESS,96,96,0,0,96,96
s11,d4,frame_0014.jpg,SUCCESS,96,96,0,0,96,96
s11,d4,frame_0015.jpg,SUCCESS,96,96,0,0,96,96
s11,d4,frame_0016.jpg,SUCCESS,96,96,0,0,96,96
s11,d4,frame_0017.jpg,SUCCESS,96,96,0,0,96,96
s11,d4,frame_0018.jpg,SUCCESS,96,96,0,0,96,96
s11,d4,frame_0019.jpg,SUCCESS,96,96,0,0,96,96
s11,d4,frame_0020.jpg,SUCCESS,96,96,0,0,96,96
s11,d4,frame_0021.jpg,SUCCESS,96,96,0,0,96,96
s11,d4,frame_0022.jpg,SUCCESS,96,96,0,0,96,96
s11,d4,frame_0023.jpg,SUCCESS,96,96,0,0,96,96
s11,d4,frame_0024.jpg,SUCCESS,96,96,0,0,96,96
s11,d4,frame_0025.jpg,SUCCESS,96,96,0,0,96,96
s11,d4,frame_0026.jpg,SUCCESS,96,96,0,0,96,96
s11,d4,frame_0027.jpg,SUCCESS,96,96,0,0,96,96
s11,d4,frame_0028.jpg,SUCCESS,96,96,0,0,96,96
s11,d4,frame_0029.jpg,SUCCESS,96,96,0,0,96,96
s11,d4,frame_0030.jpg,SUCCESS,96,96,0,0,96,96
s11,d4,frame_0031.jpg,SUCCESS,96,96,0,0,96,96
s11,d4,frame_0032.jpg,SUCCESS,96,96,0,0,96,96
s11,d4,frame_0033.jpg,SUCCESS,96,96,0,0,96,96
s11,d4,frame_0034.jpg,SUCCESS,96,96,0,0,96,96
s11,d4,frame_0035.jpg,SUCCESS,96,96,0,0,96,96
s11,d4,frame_0036.jpg,SUCCESS,96,96,0,0,96,96
s11,d4,frame_0037.jpg,SUCCESS,96,96,0,0,96,96
s11,d4,frame_0038.jpg,SUCCESS,96,96,0,0,96,96
s11,d4,frame_0039.jpg,SUCCESS,96,96,0,0,96,96
s11,d4,frame_0040.jpg,SUCCESS,96,96,0,0,96,96
s11,d5,frame_0001.jpg,SUCCESS,96,96,0,0,96,96
s11,d5,frame_0002.jpg,SUCCESS,96,96,0,0,96,96
s11,d5,frame_0003.jpg,SUCCESS,96,96,0,0,96,96
s11,d5,frame_0004.jpg,SUCCESS,96,96,0,0,96,96
s11,d5,frame_0005.jpg,SUCCESS,96,96,0,0,96,96
s11,d5,frame_0006.jpg,SUCCESS,96,96,0,0,96,96
s11,d5,frame_0007.jpg,SUCCESS,96,96,0,0,96,96
s11,d5,frame_0008.jpg,SUCCESS,96,96,0,0,96,96
s11,d5,frame_0009.jpg,SUCCESS,96,96,0,0,96,96
s11,d5,frame_0010.jpg,SUCCESS,96,96,0,0,96,96
s11,d5,frame_0011.jpg,SUCCESS,96,96,0,0,96,96
s11,d5,frame_0012.jpg,SUCCESS,96,96,0,0,96,96
s11,d5,frame_0013.jpg,SUCCESS,96,96,0,0,96,96
s11,d5,frame_0014.jpg,SUCCESS,96,96,0,0,96,96
s11,d5,frame_0015.jpg,SUCCESS,96,96,0,0,96,96
s11,d5,frame_0016.jpg,SUCCESS,96,96,0,0,96,96
s11,d5,frame_0017.jpg,SUCCESS,96,96,0,0,96,96
s11,d5,frame_0018.jpg,SUCCESS,96,96,0,0,96,96
s11,d5,frame_0019.jpg,SUCCESS,96,96,0,0,96,96
s11,d5,frame_0020.jpg,SUCCESS,96,96,0,0,96,96
s11,d5,frame_0021.jpg,SUCCESS,96,96,0,0,96,96
s11,d5,frame_0022.jpg,SUCCESS,96,96,0,0,96,96
s11,d5,frame_0023.jpg,SUCCESS,96,96,0,0,96,96
s11,d5,frame_0024.jpg,SUCCESS,96,96,0,0,96,96
s11,d5,frame_0025.jpg,SUCCESS,96,96,0,0,96,96
s11,d5,frame_0026.jpg,SUCCESS,96,96,0,0,96,96
s11,d5,frame_0027.jpg,SUCCESS,96,96,0,0,96,96
s11,d5,frame_0028.jpg,SUCCESS,96,96,0,0,96,96
s11,d5,frame_0029.jpg,SUCCESS,96,96,0,0,96,96
s11,d5,frame_0030.jpg,SUCCESS,96,96,0,0,96,96
s11,d5,frame_0031.jpg,SUCCESS,96,96,0,0,96,96
s11,d5,frame_0032.jpg,SUCCESS,96,96,0,0,96,96
s11,d5,frame_0033.jpg,SUCCESS,96,96,0,0,96,96
s11,d5,frame_0034.jpg,SUCCESS,96,96,0,0,96,96
s11,d5,frame_0035.jpg,SUCCESS,96,96,0,0,96,96
s11,d5,frame_0036.jpg,SUCCESS,96,96,0,0,96,96
s11,d5,frame_0037.jpg,SUCCESS,96,96,0,0,96,96
s11,d5,frame_0038.jpg,SUCCESS,96,96,0,0,96,96
s11,d5,frame_0039.jpg,SUCCESS,96,96,0,0,96,96
s11,d5,frame_0040.jpg,SUCCESS,96,96,0,0,96,96
s11,d5,frame_0041.jpg,SUCCESS,96,96,0,0,96,96
s11,d5,frame_0042.jpg,SUCCESS,96,96,0,0,96,96
s11,d5,frame_0043.jpg,SUCCESS,96,96,0,0,96,96
s11,d5,frame_0044.jpg,SUCCESS,96,96,0,0,96,96
s11,d5,frame_0045.jpg,SUCCESS,96,96,0,0,96,96
s11,d5,frame_0046.jpg,SUCCESS,96,96,0,0,96,96
s11,d5,frame_0047.jpg,SUCCESS,96,96,0,0,96,96
s11,d5,frame_0048.jpg,SUCCESS,96,96,0,0,96,96
s11,d5,frame_0049.jpg,SUCCESS,96,96,0,0,96,96
s11,d5,frame_0050.jpg,SUCCESS,96,96,0,0,96,96
s11,d5,frame_0051.jpg,SUCCESS,96,96,0,0,96,96
s11,d5,frame_0052.jpg,SUCCESS,96,96,0,0,96,96
s11,d5,frame_0053.jpg,SUCCESS,96,96,0,0,96,96
s11,d5,frame_0054.jpg,SUCCESS,96,96,0,0,96,96
s11,d5,frame_0055.jpg,SUCCESS,96,96,0,0,96,96
s11,d5,frame_0056.jpg,SUCCESS,96,96,0,0,96,96
s11,d5,frame_0057.jpg,SUCCESS,96,96,0,0,96,96
s11,d5,frame_0058.jpg,SUCCESS,96,96,0,0,96,96
s11,d5,frame_0059.jpg,SUCCESS,96,96,0,0,96,96
s11,d5,frame_0060.jpg,SUCCESS,96,96,0,0,96,96
s11,d5,frame_0061.jpg,SUCCESS,96,96,0,0,96,96
s11,d5,frame_0062.jpg,SUCCESS,96,96,0,0,96,96
s11,d5,frame_0063.jpg,SUCCESS,96,96,0,0,96,96
s11,d5,frame_0064.jpg,SUCCESS,96,96,0,0,96,96
s11,d5,frame_0065.jpg,SUCCESS,96,96,0,0,96,96
s11,d5,frame_0066.jpg,SUCCESS,96,96,0,0,96,96
s11,d5,frame_0067.jpg,SUCCESS,96,96,0,0,96,96
s11,d5,frame_0068.jpg,SUCCESS,96,96,0,0,96,96
s11,d5,frame_0069.jpg,SUCCESS,96,96,0,0,96,96
s11,d5,frame_0070.jpg,SUCCESS,96,96,0,0,96,96
s11,d5,frame_0071.jpg,SUCCESS,96,96,0,0,96,96
s11,d5,frame_0072.jpg,SUCCESS,96,96,0,0,96,96
s11,d5,frame_0073.jpg,SUCCESS,96,96,0,0,96,96
s11,d5,frame_0074.jpg,SUCCESS,96,96,0,0,96,96
s11,d5,frame_0075.jpg,SUCCESS,96,96,0,0,96,96
s11,d5,frame_0076.jpg,SUCCESS,96,96,0,0,96,96
s11,d5,frame_0077.jpg,SUCCESS,96,96,0,0,96,96
s11,d6,frame_0001.jpg,SUCCESS,96,96,0,0,96,96
s11,d6,frame_0002.jpg,SUCCESS,96,96,0,0,96,96
s11,d6,frame_0003.jpg,SUCCESS,96,96,0,0,96,96
s11,d6,frame_0004.jpg,SUCCESS,96,96,0,0,96,96
s11,d6,frame_0005.jpg,SUCCESS,96,96,0,0,96,96
s11,d6,frame_0006.jpg,SUCCESS,96,96,0,0,96,96
s11,d6,frame_0007.jpg,SUCCESS,96,96,0,0,96,96
s11,d6,frame_0008.jpg,SUCCESS,96,96,0,0,96,96
s11,d6,frame_0009.jpg,SUCCESS,96,96,0,0,96,96
s11,d6,frame_0010.jpg,SUCCESS,96,96,0,0,96,96
s11,d6,frame_0011.jpg,SUCCESS,96,96,0,0,96,96
s11,d6,frame_0012.jpg,SUCCESS,96,96,0,0,96,96
s11,d6,frame_0013.jpg,SUCCESS,96,96,0,0,96,96
s11,d6,frame_0014.jpg,SUCCESS,96,96,0,0,96,96
s11,d6,frame_0015.jpg,SUCCESS,96,96,0,0,96,96
s11,d6,frame_0016.jpg,SUCCESS,96,96,0,0,96,96
s11,d6,frame_0017.jpg,SUCCESS,96,96,0,0,96,96
s11,d6,frame_0018.jpg,SUCCESS,96,96,0,0,96,96
s11,d6,frame_0019.jpg,SUCCESS,96,96,0,0,96,96
s11,d6,frame_0020.jpg,SUCCESS,96,96,0,0,96,96
s11,d6,frame_0021.jpg,SUCCESS,96,96,0,0,96,96
s11,d6,frame_0022.jpg,SUCCESS,96,96,0,0,96,96
s11,d6,frame_0023.jpg,SUCCESS,96,96,0,0,96,96
s11,d6,frame_0024.jpg,SUCCESS,96,96,0,0,96,96
s11,d6,frame_0025.jpg,SUCCESS,96,96,0,0,96,96
s11,d6,frame_0026.jpg,SUCCESS,96,96,0,0,96,96
s11,d6,frame_0027.jpg,SUCCESS,96,96,0,0,96,96
s11,d6,frame_0028.jpg,SUCCESS,96,96,0,0,96,96
s11,d6,frame_0029.jpg,SUCCESS,96,96,0,0,96,96
s11,d6,frame_0030.jpg,SUCCESS,96,96,0,0,96,96
s11,d6,frame_0031.jpg,SUCCESS,96,96,0,0,96,96
s11,d6,frame_0032.jpg,SUCCESS,96,96,0,0,96,96
s11,d6,frame_0033.jpg,SUCCESS,96,96,0,0,96,96
s11,d6,frame_0034.jpg,SUCCESS,96,96,0,0,96,96
s11,d6,frame_0035.jpg,SUCCESS,96,96,0,0,96,96
s11,d6,frame_0036.jpg,SUCCESS,96,96,0,0,96,96
s11,d6,frame_0037.jpg,SUCCESS,96,96,0,0,96,96
s11,d6,frame_0038.jpg,SUCCESS,96,96,0,0,96,96
s11,d6,frame_0039.jpg,SUCCESS,96,96,0,0,96,96
s11,d6,frame_0040.jpg,SUCCESS,96,96,0,0,96,96
s11,d6,frame_0041.jpg,SUCCESS,96,96,0,0,96,96
s11,d6,frame_0042.jpg,SUCCESS,96,96,0,0,96,96
s11,d7,frame_0001.jpg,SUCCESS,96,96,0,0,96,96
s11,d7,frame_0002.jpg,SUCCESS,96,96,0,0,96,96
s11,d7,frame_0003.jpg,SUCCESS,96,96,0,0,96,96
s11,d7,frame_0004.jpg,SUCCESS,96,96,0,0,96,96
s11,d7,frame_0005.jpg,SUCCESS,96,96,0,0,96,96
s11,d7,frame_0006.jpg,SUCCESS,96,96,0,0,96,96
s11,d7,frame_0007.jpg,SUCCESS,96,96,0,0,96,96
s11,d7,frame_0008.jpg,SUCCESS,96,96,0,0,96,96
s11,d7,frame_0009.jpg,SUCCESS,96,96,0,0,96,96
s11,d7,frame_0010.jpg,SUCCESS,96,96,0,0,96,96
s11,d7,frame_0011.jpg,SUCCESS,96,96,0,0,96,96
s11,d7,frame_0012.jpg,SUCCESS,96,96,0,0,96,96
s11,d7,frame_0013.jpg,SUCCESS,96,96,0,0,96,96
s11,d7,frame_0014.jpg,SUCCESS,96,96,0,0,96,96
s11,d7,frame_0015.jpg,SUCCESS,96,96,0,0,96,96
s11,d7,frame_0016.jpg,SUCCESS,96,96,0,0,96,96
s11,d7,frame_0017.jpg,SUCCESS,96,96,0,0,96,96
s11,d7,frame_0018.jpg,SUCCESS,96,96,0,0,96,96
s11,d7,frame_0019.jpg,SUCCESS,96,96,0,0,96,96
s11,d7,frame_0020.jpg,SUCCESS,96,96,0,0,96,96
s11,d7,frame_0021.jpg,SUCCESS,96,96,0,0,96,96
s11,d7,frame_0022.jpg,SUCCESS,96,96,0,0,96,96
s11,d7,frame_0023.jpg,SUCCESS,96,96,0,0,96,96
s11,d7,frame_0024.jpg,SUCCESS,96,96,0,0,96,96
s11,d7,frame_0025.jpg,SUCCESS,96,96,0,0,96,96
s11,d7,frame_0026.jpg,SUCCESS,96,96,0,0,96,96
s11,d7,frame_0027.jpg,SUCCESS,96,96,0,0,96,96
s11,d7,frame_0028.jpg,SUCCESS,96,96,0,0,96,96
s11,d7,frame_0029.jpg,SUCCESS,96,96,0,0,96,96
s11,d7,frame_0030.jpg,SUCCESS,96,96,0,0,96,96
s11,d7,frame_0031.jpg,SUCCESS,96,96,0,0,96,96
s11,d7,frame_0032.jpg,SUCCESS,96,96,0,0,96,96
s11,d7,frame_0033.jpg,SUCCESS,96,96,0,0,96,96
s11,d7,frame_0034.jpg,SUCCESS,96,96,0,0,96,96
s11,d7,frame_0035.jpg,SUCCESS,96,96,0,0,96,96
s11,d7,frame_0036.jpg,SUCCESS,96,96,0,0,96,96
s11,d7,frame_0037.jpg,SUCCESS,96,96,0,0,96,96
s11,d8,frame_0001.jpg,SUCCESS,96,96,0,0,96,96
s11,d8,frame_0002.jpg,SUCCESS,96,96,0,0,96,96
s11,d8,frame_0003.jpg,SUCCESS,96,96,0,0,96,96
s11,d8,frame_0004.jpg,SUCCESS,96,96,0,0,96,96
s11,d8,frame_0005.jpg,SUCCESS,96,96,0,0,96,96
s11,d8,frame_0006.jpg,SUCCESS,96,96,0,0,96,96
s11,d8,frame_0007.jpg,SUCCESS,96,96,0,0,96,96
s11,d8,frame_0008.jpg,SUCCESS,96,96,0,0,96,96
s11,d8,frame_0009.jpg,SUCCESS,96,96,0,0,96,96
s11,d8,frame_0010.jpg,SUCCESS,96,96,0,0,96,96
s11,d8,frame_0011.jpg,SUCCESS,96,96,0,0,96,96
s11,d8,frame_0012.jpg,SUCCESS,96,96,0,0,96,96
s11,d8,frame_0013.jpg,SUCCESS,96,96,0,0,96,96
s11,d8,frame_0014.jpg,SUCCESS,96,96,0,0,96,96
s11,d8,frame_0015.jpg,SUCCESS,96,96,0,0,96,96
s11,d8,frame_0016.jpg,SUCCESS,96,96,0,0,96,96
s11,d8,frame_0017.jpg,SUCCESS,96,96,0,0,96,96
s11,d8,frame_0018.jpg,SUCCESS,96,96,0,0,96,96
s11,d8,frame_0019.jpg,SUCCESS,96,96,0,0,96,96
s11,d8,frame_0020.jpg,SUCCESS,96,96,0,0,96,96
s11,d8,frame_0021.jpg,SUCCESS,96,96,0,0,96,96
s11,d8,frame_0022.jpg,SUCCESS,96,96,0,0,96,96
s11,d8,frame_0023.jpg,SUCCESS,96,96,0,0,96,96
s11,d8,frame_0024.jpg,SUCCESS,96,96,0,0,96,96
s11,d8,frame_0025.jpg,SUCCESS,96,96,0,0,96,96
s11,d8,frame_0026.jpg,SUCCESS,96,96,0,0,96,96
s11,d8,frame_0027.jpg,SUCCESS,96,96,0,0,96,96
s11,d8,frame_0028.jpg,SUCCESS,96,96,0,0,96,96
s11,d8,frame_0029.jpg,SUCCESS,96,96,0,0,96,96
s11,d8,frame_0030.jpg,SUCCESS,96,96,0,0,96,96
s11,d8,frame_0031.jpg,SUCCESS,96,96,0,0,96,96
s11,d8,frame_0032.jpg,SUCCESS,96,96,0,0,96,96
s11,d8,frame_0033.jpg,SUCCESS,96,96,0,0,96,96
s11,d8,frame_0034.jpg,SUCCESS,96,96,0,0,96,96
s11,d8,frame_0035.jpg,SUCCESS,96,96,0,0,96,96
s11,d8,frame_0036.jpg,SUCCESS,96,96,0,0,96,96
s11,d8,frame_0037.jpg,SUCCESS,96,96,0,0,96,96
s11,d8,frame_0038.jpg,SUCCESS,96,96,0,0,96,96
s11,d8,frame_0039.jpg,SUCCESS,96,96,0,0,96,96
s11,d8,frame_0040.jpg,SUCCESS,96,96,0,0,96,96
s11,d8,frame_0041.jpg,SUCCESS,96,96,0,0,96,96
s11,d8,frame_0042.jpg,SUCCESS,96,96,0,0,96,96
s11,d9,frame_0001.jpg,SUCCESS,96,96,0,0,96,96
s11,d9,frame_0002.jpg,SUCCESS,96,96,0,0,96,96
s11,d9,frame_0003.jpg,SUCCESS,96,96,0,0,96,96
s11,d9,frame_0004.jpg,SUCCESS,96,96,0,0,96,96
s11,d9,frame_0005.jpg,SUCCESS,96,96,0,0,96,96
s11,d9,frame_0006.jpg,SUCCESS,96,96,0,0,96,96
s11,d9,frame_0007.jpg,SUCCESS,96,96,0,0,96,96
s11,d9,frame_0008.jpg,SUCCESS,96,96,0,0,96,96
s11,d9,frame_0009.jpg,SUCCESS,96,96,0,0,96,96
s11,d9,frame_0010.jpg,SUCCESS,96,96,0,0,96,96
s11,d9,frame_0011.jpg,SUCCESS,96,96,0,0,96,96
s11,d9,frame_0012.jpg,SUCCESS,96,96,0,0,96,96
s11,d9,frame_0013.jpg,SUCCESS,96,96,0,0,96,96
s11,d9,frame_0014.jpg,SUCCESS,96,96,0,0,96,96
s11,d9,frame_0015.jpg,SUCCESS,96,96,0,0,96,96
s11,d9,frame_0016.jpg,SUCCESS,96,96,0,0,96,96
s11,d9,frame_0017.jpg,SUCCESS,96,96,0,0,96,96
s11,d9,frame_0018.jpg,SUCCESS,96,96,0,0,96,96
s11,d9,frame_0019.jpg,SUCCESS,96,96,0,0,96,96
s11,d9,frame_0020.jpg,SUCCESS,96,96,0,0,96,96
s11,d9,frame_0021.jpg,SUCCESS,96,96,0,0,96,96
s11,d9,frame_0022.jpg,SUCCESS,96,96,0,0,96,96
s11,d9,frame_0023.jpg,SUCCESS,96,96,0,0,96,96
s11,d9,frame_0024.jpg,SUCCESS,96,96,0,0,96,96
s11,d9,frame_0025.jpg,SUCCESS,96,96,0,0,96,96
s11,d9,frame_0026.jpg,SUCCESS,96,96,0,0,96,96
s11,d9,frame_0027.jpg,SUCCESS,96,96,0,0,96,96
s11,d9,frame_0028.jpg,SUCCESS,96,96,0,0,96,96
s11,d9,frame_0029.jpg,SUCCESS,96,96,0,0,96,96
s11,d9,frame_0030.jpg,SUCCESS,96,96,0,0,96,96
s11,d9,frame_0031.jpg,SUCCESS,96,96,0,0,96,96
s11,d9,frame_0032.jpg,SUCCESS,96,96,0,0,96,96
s11,d9,frame_0033.jpg,SUCCESS,96,96,0,0,96,96
s11,d9,frame_0034.jpg,SUCCESS,96,96,0,0,96,96
s11,d9,frame_0035.jpg,SUCCESS,96,96,0,0,96,96
s11,d9,frame_0036.jpg,SUCCESS,96,96,0,0,96,96
s11,d9,frame_0037.jpg,SUCCESS,96,96,0,0,96,96
s11,d9,frame_0038.jpg,SUCCESS,96,96,0,0,96,96
s11,d9,frame_0039.jpg,SUCCESS,96,96,0,0,96,96
s11,d9,frame_0040.jpg,SUCCESS,96,96,0,0,96,96
s11,d9,frame_0041.jpg,SUCCESS,96,96,0,0,96,96
s11,d9,frame_0042.jpg,SUCCESS,96,96,0,0,96,96
s11,d9,frame_0043.jpg,SUCCESS,96,96,0,0,96,96
s11,d9,frame_0044.jpg,SUCCESS,96,96,0,0,96,96
s11,d9,frame_0045.jpg,SUCCESS,96,96,0,0,96,96
s11,d9,frame_0046.jpg,SUCCESS,96,96,0,0,96,96
s11,d9,frame_0047.jpg,SUCCESS,96,96,0,0,96,96
s11,d9,frame_0048.jpg,SUCCESS,96,96,0,0,96,96
s11,d9,frame_0049.jpg,SUCCESS,96,96,0,0,96,96
s11,d9,frame_0050.jpg,SUCCESS,96,96,0,0,96,96
s11,d9,frame_0051.jpg,SUCCESS,96,96,0,0,96,96
s11,d9,frame_0052.jpg,SUCCESS,96,96,0,0,96,96
s12,d0,frame_0001.jpg,SUCCESS,96,96,0,0,96,96
s12,d0,frame_0002.jpg,SUCCESS,96,96,0,0,96,96
s12,d0,frame_0003.jpg,SUCCESS,96,96,0,0,96,96
s12,d0,frame_0004.jpg,SUCCESS,96,96,0,0,96,96
s12,d0,frame_0005.jpg,SUCCESS,96,96,0,0,96,96
s12,d0,frame_0006.jpg,SUCCESS,96,96,0,0,96,96
s12,d0,frame_0007.jpg,SUCCESS,96,96,0,0,96,96
s12,d0,frame_0008.jpg,SUCCESS,96,96,0,0,96,96
s12,d0,frame_0009.jpg,SUCCESS,96,96,0,0,96,96
s12,d0,frame_0010.jpg,SUCCESS,96,96,0,0,96,96
s12,d0,frame_0011.jpg,SUCCESS,96,96,0,0,96,96
s12,d0,frame_0012.jpg,SUCCESS,96,96,0,0,96,96
s12,d0,frame_0013.jpg,SUCCESS,96,96,0,0,96,96
s12,d0,frame_0014.jpg,SUCCESS,96,96,0,0,96,96
s12,d0,frame_0015.jpg,SUCCESS,96,96,0,0,96,96
s12,d0,frame_0016.jpg,SUCCESS,96,96,0,0,96,96
s12,d0,frame_0017.jpg,SUCCESS,96,96,0,0,96,96
s12,d0,frame_0018.jpg,SUCCESS,96,96,0,0,96,96
s12,d0,frame_0019.jpg,SUCCESS,96,96,0,0,96,96
s12,d0,frame_0020.jpg,SUCCESS,96,96,0,0,96,96
s12,d0,frame_0021.jpg,SUCCESS,96,96,0,0,96,96
s12,d0,frame_0022.jpg,SUCCESS,96,96,0,0,96,96
s12,d0,frame_0023.jpg,SUCCESS,96,96,0,0,96,96
s12,d0,frame_0024.jpg,SUCCESS,96,96,0,0,96,96
s12,d0,frame_0025.jpg,SUCCESS,96,96,0,0,96,96
s12,d0,frame_0026.jpg,SUCCESS,96,96,0,0,96,96
s12,d0,frame_0027.jpg,SUCCESS,96,96,0,0,96,96
s12,d0,frame_0028.jpg,SUCCESS,96,96,0,0,96,96
s12,d1,frame_0001.jpg,SUCCESS,96,96,0,0,96,96
s12,d1,frame_0002.jpg,SUCCESS,96,96,0,0,96,96
s12,d1,frame_0003.jpg,SUCCESS,96,96,0,0,96,96
s12,d1,frame_0004.jpg,SUCCESS,96,96,0,0,96,96
s12,d1,frame_0005.jpg,SUCCESS,96,96,0,0,96,96
s12,d1,frame_0006.jpg,SUCCESS,96,96,0,0,96,96
s12,d1,frame_0007.jpg,SUCCESS,96,96,0,0,96,96
s12,d1,frame_0008.jpg,SUCCESS,96,96,0,0,96,96
s12,d1,frame_0009.jpg,SUCCESS,96,96,0,0,96,96
s12,d1,frame_0010.jpg,SUCCESS,96,96,0,0,96,96
s12,d1,frame_0011.jpg,SUCCESS,96,96,0,0,96,96
s12,d1,frame_0012.jpg,SUCCESS,96,96,0,0,96,96
s12,d1,frame_0013.jpg,SUCCESS,96,96,0,0,96,96
s12,d1,frame_0014.jpg,SUCCESS,96,96,0,0,96,96
s12,d1,frame_0015.jpg,SUCCESS,96,96,0,0,96,96
s12,d1,frame_0016.jpg,SUCCESS,96,96,0,0,96,96
s12,d1,frame_0017.jpg,SUCCESS,96,96,0,0,96,96
s12,d1,frame_0018.jpg,SUCCESS,96,96,0,0,96,96
s12,d1,frame_0019.jpg,SUCCESS,96,96,0,0,96,96
s12,d1,frame_0020.jpg,SUCCESS,96,96,0,0,96,96
s12,d1,frame_0021.jpg,SUCCESS,96,96,0,0,96,96
s12,d1,frame_0022.jpg,SUCCESS,96,96,0,0,96,96
s12,d1,frame_0023.jpg,SUCCESS,96,96,0,0,96,96
s12,d1,frame_0024.jpg,SUCCESS,96,96,0,0,96,96
s12,d1,frame_0025.jpg,SUCCESS,96,96,0,0,96,96
s12,d1,frame_0026.jpg,SUCCESS,96,96,0,0,96,96
s12,d1,frame_0027.jpg,SUCCESS,96,96,0,0,96,96
s12,d1,frame_0028.jpg,SUCCESS,96,96,0,0,96,96
s12,d1,frame_0029.jpg,SUCCESS,96,96,0,0,96,96
s12,d1,frame_0030.jpg,SUCCESS,96,96,0,0,96,96
s12,d10,frame_0001.jpg,SUCCESS,96,96,0,0,96,96
s12,d10,frame_0002.jpg,SUCCESS,96,96,0,0,96,96
s12,d10,frame_0003.jpg,SUCCESS,96,96,0,0,96,96
s12,d10,frame_0004.jpg,SUCCESS,96,96,0,0,96,96
s12,d10,frame_0005.jpg,SUCCESS,96,96,0,0,96,96
s12,d10,frame_0006.jpg,SUCCESS,96,96,0,0,96,96
s12,d10,frame_0007.jpg,SUCCESS,96,96,0,0,96,96
s12,d10,frame_0008.jpg,SUCCESS,96,96,0,0,96,96
s12,d10,frame_0009.jpg,SUCCESS,96,96,0,0,96,96
s12,d10,frame_0010.jpg,SUCCESS,96,96,0,0,96,96
s12,d10,frame_0011.jpg,SUCCESS,96,96,0,0,96,96
s12,d10,frame_0012.jpg,SUCCESS,96,96,0,0,96,96
s12,d10,frame_0013.jpg,SUCCESS,96,96,0,0,96,96
s12,d10,frame_0014.jpg,SUCCESS,96,96,0,0,96,96
s12,d10,frame_0015.jpg,SUCCESS,96,96,0,0,96,96
s12,d10,frame_0016.jpg,SUCCESS,96,96,0,0,96,96
s12,d10,frame_0017.jpg,SUCCESS,96,96,0,0,96,96
s12,d10,frame_0018.jpg,SUCCESS,96,96,0,0,96,96
s12,d10,frame_0019.jpg,SUCCESS,96,96,0,0,96,96
s12,d10,frame_0020.jpg,SUCCESS,96,96,0,0,96,96
s12,d10,frame_0021.jpg,SUCCESS,96,96,0,0,96,96
s12,d10,frame_0022.jpg,SUCCESS,96,96,0,0,96,96
s12,d10,frame_0023.jpg,SUCCESS,96,96,0,0,96,96
s12,d10,frame_0024.jpg,SUCCESS,96,96,0,0,96,96
s12,d10,frame_0025.jpg,SUCCESS,96,96,0,0,96,96
s12,d10,frame_0026.jpg,SUCCESS,96,96,0,0,96,96
s12,d10,frame_0027.jpg,SUCCESS,96,96,0,0,96,96
s12,d10,frame_0028.jpg,SUCCESS,96,96,0,0,96,96
s12,d10,frame_0029.jpg,SUCCESS,96,96,0,0,96,96
s12,d10,frame_0030.jpg,SUCCESS,96,96,0,0,96,96
s12,d10,frame_0031.jpg,SUCCESS,96,96,0,0,96,96
s12,d10,frame_0032.jpg,SUCCESS,96,96,0,0,96,96
s12,d10,frame_0033.jpg,SUCCESS,96,96,0,0,96,96
s12,d10,frame_0034.jpg,SUCCESS,96,96,0,0,96,96
s12,d10,frame_0035.jpg,SUCCESS,96,96,0,0,96,96
s12,d10,frame_0036.jpg,SUCCESS,96,96,0,0,96,96
s12,d2,frame_0001.jpg,SUCCESS,96,96,0,0,96,96
s12,d2,frame_0002.jpg,SUCCESS,96,96,0,0,96,96
s12,d2,frame_0003.jpg,SUCCESS,96,96,0,0,96,96
s12,d2,frame_0004.jpg,SUCCESS,96,96,0,0,96,96
s12,d2,frame_0005.jpg,SUCCESS,96,96,0,0,96,96
s12,d2,frame_0006.jpg,SUCCESS,96,96,0,0,96,96
s12,d2,frame_0007.jpg,SUCCESS,96,96,0,0,96,96
s12,d2,frame_0008.jpg,SUCCESS,96,96,0,0,96,96
s12,d2,frame_0009.jpg,SUCCESS,96,96,0,0,96,96
s12,d2,frame_0010.jpg,SUCCESS,96,96,0,0,96,96
s12,d2,frame_0011.jpg,SUCCESS,96,96,0,0,96,96
s12,d2,frame_0012.jpg,SUCCESS,96,96,0,0,96,96
s12,d2,frame_0013.jpg,SUCCESS,96,96,0,0,96,96
s12,d2,frame_0014.jpg,SUCCESS,96,96,0,0,96,96
s12,d2,frame_0015.jpg,SUCCESS,96,96,0,0,96,96
s12,d2,frame_0016.jpg,SUCCESS,96,96,0,0,96,96
s12,d2,frame_0017.jpg,SUCCESS,96,96,0,0,96,96
s12,d2,frame_0018.jpg,SUCCESS,96,96,0,0,96,96
s12,d2,frame_0019.jpg,SUCCESS,96,96,0,0,96,96
s12,d2,frame_0020.jpg,SUCCESS,96,96,0,0,96,96
s12,d2,frame_0021.jpg,SUCCESS,96,96,0,0,96,96
s12,d2,frame_0022.jpg,SUCCESS,96,96,0,0,96,96
s12,d2,frame_0023.jpg,SUCCESS,96,96,0,0,96,96
s12,d2,frame_0024.jpg,SUCCESS,96,96,0,0,96,96
s12,d2,frame_0025.jpg,SUCCESS,96,96,0,0,96,96
s12,d2,frame_0026.jpg,SUCCESS,96,96,0,0,96,96
s12,d2,frame_0027.jpg,SUCCESS,96,96,0,0,96,96
s12,d2,frame_0028.jpg,SUCCESS,96,96,0,0,96,96
s12,d2,frame_0029.jpg,SUCCESS,96,96,0,0,96,96
s12,d2,frame_0030.jpg,SUCCESS,96,96,0,0,96,96
s12,d2,frame_0031.jpg,SUCCESS,96,96,0,0,96,96
s12,d2,frame_0032.jpg,SUCCESS,96,96,0,0,96,96
s12,d2,frame_0033.jpg,SUCCESS,96,96,0,0,96,96
s12,d2,frame_0034.jpg,SUCCESS,96,96,0,0,96,96
s12,d2,frame_0035.jpg,SUCCESS,96,96,0,0,96,96
s12,d2,frame_0036.jpg,SUCCESS,96,96,0,0,96,96
s12,d2,frame_0037.jpg,SUCCESS,96,96,0,0,96,96
s12,d2,frame_0038.jpg,SUCCESS,96,96,0,0,96,96
s12,d3,frame_0001.jpg,SUCCESS,96,96,0,0,96,96
s12,d3,frame_0002.jpg,SUCCESS,96,96,0,0,96,96
s12,d3,frame_0003.jpg,SUCCESS,96,96,0,0,96,96
s12,d3,frame_0004.jpg,SUCCESS,96,96,0,0,96,96
s12,d3,frame_0005.jpg,SUCCESS,96,96,0,0,96,96
s12,d3,frame_0006.jpg,SUCCESS,96,96,0,0,96,96
s12,d3,frame_0007.jpg,SUCCESS,96,96,0,0,96,96
s12,d3,frame_0008.jpg,SUCCESS,96,96,0,0,96,96
s12,d3,frame_0009.jpg,SUCCESS,96,96,0,0,96,96
s12,d3,frame_0010.jpg,SUCCESS,96,96,0,0,96,96
s12,d3,frame_0011.jpg,SUCCESS,96,96,0,0,96,96
s12,d3,frame_0012.jpg,SUCCESS,96,96,0,0,96,96
s12,d3,frame_0013.jpg,SUCCESS,96,96,0,0,96,96
s12,d3,frame_0014.jpg,SUCCESS,96,96,0,0,96,96
s12,d3,frame_0015.jpg,SUCCESS,96,96,0,0,96,96
s12,d3,frame_0016.jpg,SUCCESS,96,96,0,0,96,96
s12,d3,frame_0017.jpg,SUCCESS,96,96,0,0,96,96
s12,d3,frame_0018.jpg,SUCCESS,96,96,0,0,96,96
s12,d3,frame_0019.jpg,SUCCESS,96,96,0,0,96,96
s12,d3,frame_0020.jpg,SUCCESS,96,96,0,0,96,96
s12,d3,frame_0021.jpg,SUCCESS,96,96,0,0,96,96
s12,d3,frame_0022.jpg,SUCCESS,96,96,0,0,96,96
s12,d3,frame_0023.jpg,SUCCESS,96,96,0,0,96,96
s12,d3,frame_0024.jpg,SUCCESS,96,96,0,0,96,96
s12,d3,frame_0025.jpg,SUCCESS,96,96,0,0,96,96
s12,d3,frame_0026.jpg,SUCCESS,96,96,0,0,96,96
s12,d3,frame_0027.jpg,SUCCESS,96,96,0,0,96,96
s12,d3,frame_0028.jpg,SUCCESS,96,96,0,0,96,96
s12,d3,frame_0029.jpg,SUCCESS,96,96,0,0,96,96
s12,d3,frame_0030.jpg,SUCCESS,96,96,0,0,96,96
s12,d3,frame_0031.jpg,SUCCESS,96,96,0,0,96,96
s12,d3,frame_0032.jpg,SUCCESS,96,96,0,0,96,96
s12,d3,frame_0033.jpg,SUCCESS,96,96,0,0,96,96
s12,d3,frame_0034.jpg,SUCCESS,96,96,0,0,96,96
s12,d3,frame_0035.jpg,SUCCESS,96,96,0,0,96,96
s12,d3,frame_0036.jpg,SUCCESS,96,96,0,0,96,96
s12,d3,frame_0037.jpg,SUCCESS,96,96,0,0,96,96
s12,d3,frame_0038.jpg,SUCCESS,96,96,0,0,96,96
s12,d3,frame_0039.jpg,SUCCESS,96,96,0,0,96,96
s12,d3,frame_0040.jpg,SUCCESS,96,96,0,0,96,96
s12,d3,frame_0041.jpg,SUCCESS,96,96,0,0,96,96
s12,d4,frame_0001.jpg,SUCCESS,96,96,0,0,96,96
s12,d4,frame_0002.jpg,SUCCESS,96,96,0,0,96,96
s12,d4,frame_0003.jpg,SUCCESS,96,96,0,0,96,96
s12,d4,frame_0004.jpg,SUCCESS,96,96,0,0,96,96
s12,d4,frame_0005.jpg,SUCCESS,96,96,0,0,96,96
s12,d4,frame_0006.jpg,SUCCESS,96,96,0,0,96,96
s12,d4,frame_0007.jpg,SUCCESS,96,96,0,0,96,96
s12,d4,frame_0008.jpg,SUCCESS,96,96,0,0,96,96
s12,d4,frame_0009.jpg,SUCCESS,96,96,0,0,96,96
s12,d4,frame_0010.jpg,SUCCESS,96,96,0,0,96,96
s12,d4,frame_0011.jpg,SUCCESS,96,96,0,0,96,96
s12,d4,frame_0012.jpg,SUCCESS,96,96,0,0,96,96
s12,d4,frame_0013.jpg,SUCCESS,96,96,0,0,96,96
s12,d4,frame_0014.jpg,SUCCESS,96,96,0,0,96,96
s12,d4,frame_0015.jpg,SUCCESS,96,96,0,0,96,96
s12,d4,frame_0016.jpg,SUCCESS,96,96,0,0,96,96
s12,d4,frame_0017.jpg,SUCCESS,96,96,0,0,96,96
s12,d4,frame_0018.jpg,SUCCESS,96,96,0,0,96,96
s12,d4,frame_0019.jpg,SUCCESS,96,96,0,0,96,96
s12,d4,frame_0020.jpg,SUCCESS,96,96,0,0,96,96
s12,d4,frame_0021.jpg,SUCCESS,96,96,0,0,96,96
s12,d4,frame_0022.jpg,SUCCESS,96,96,0,0,96,96
s12,d4,frame_0023.jpg,SUCCESS,96,96,0,0,96,96
s12,d4,frame_0024.jpg,SUCCESS,96,96,0,0,96,96
s12,d4,frame_0025.jpg,SUCCESS,96,96,0,0,96,96
s12,d4,frame_0026.jpg,SUCCESS,96,96,0,0,96,96
s12,d4,frame_0027.jpg,SUCCESS,96,96,0,0,96,96
s12,d4,frame_0028.jpg,SUCCESS,96,96,0,0,96,96
s12,d4,frame_0029.jpg,SUCCESS,96,96,0,0,96,96
s12,d4,frame_0030.jpg,SUCCESS,96,96,0,0,96,96
s12,d4,frame_0031.jpg,SUCCESS,96,96,0,0,96,96
s12,d4,frame_0032.jpg,SUCCESS,96,96,0,0,96,96
s12,d4,frame_0033.jpg,SUCCESS,96,96,0,0,96,96
s12,d4,frame_0034.jpg,SUCCESS,96,96,0,0,96,96
s12,d4,frame_0035.jpg,SUCCESS,96,96,0,0,96,96
s12,d4,frame_0036.jpg,SUCCESS,96,96,0,0,96,96
s12,d4,frame_0037.jpg,SUCCESS,96,96,0,0,96,96
s12,d4,frame_0038.jpg,SUCCESS,96,96,0,0,96,96
s12,d4,frame_0039.jpg,SUCCESS,96,96,0,0,96,96
s12,d4,frame_0040.jpg,SUCCESS,96,96,0,0,96,96
s12,d4,frame_0041.jpg,SUCCESS,96,96,0,0,96,96
s12,d4,frame_0042.jpg,SUCCESS,96,96,0,0,96,96
s12,d4,frame_0043.jpg,SUCCESS,96,96,0,0,96,96
s12,d4,frame_0044.jpg,SUCCESS,96,96,0,0,96,96
s12,d4,frame_0045.jpg,SUCCESS,96,96,0,0,96,96
s12,d4,frame_0046.jpg,SUCCESS,96,96,0,0,96,96
s12,d4,frame_0047.jpg,SUCCESS,96,96,0,0,96,96
s12,d4,frame_0048.jpg,SUCCESS,96,96,0,0,96,96
s12,d4,frame_0049.jpg,SUCCESS,96,96,0,0,96,96
s12,d4,frame_0050.jpg,SUCCESS,96,96,0,0,96,96
s12,d5,frame_0001.jpg,SUCCESS,96,96,0,0,96,96
s12,d5,frame_0002.jpg,SUCCESS,96,96,0,0,96,96
s12,d5,frame_0003.jpg,SUCCESS,96,96,0,0,96,96
s12,d5,frame_0004.jpg,SUCCESS,96,96,0,0,96,96
s12,d5,frame_0005.jpg,SUCCESS,96,96,0,0,96,96
s12,d5,frame_0006.jpg,SUCCESS,96,96,0,0,96,96
s12,d5,frame_0007.jpg,SUCCESS,96,96,0,0,96,96
s12,d5,frame_0008.jpg,SUCCESS,96,96,0,0,96,96
s12,d5,frame_0009.jpg,SUCCESS,96,96,0,0,96,96
s12,d5,frame_0010.jpg,SUCCESS,96,96,0,0,96,96
s12,d5,frame_0011.jpg,SUCCESS,96,96,0,0,96,96
s12,d5,frame_0012.jpg,SUCCESS,96,96,0,0,96,96
s12,d5,frame_0013.jpg,SUCCESS,96,96,0,0,96,96
s12,d5,frame_0014.jpg,SUCCESS,96,96,0,0,96,96
s12,d5,frame_0015.jpg,SUCCESS,96,96,0,0,96,96
s12,d5,frame_0016.jpg,SUCCESS,96,96,0,0,96,96
s12,d5,frame_0017.jpg,SUCCESS,96,96,0,0,96,96
s12,d5,frame_0018.jpg,SUCCESS,96,96,0,0,96,96
s12,d5,frame_0019.jpg,SUCCESS,96,96,0,0,96,96
s12,d5,frame_0020.jpg,SUCCESS,96,96,0,0,96,96
s12,d5,frame_0021.jpg,SUCCESS,96,96,0,0,96,96
s12,d5,frame_0022.jpg,SUCCESS,96,96,0,0,96,96
s12,d5,frame_0023.jpg,SUCCESS,96,96,0,0,96,96
s12,d5,frame_0024.jpg,SUCCESS,96,96,0,0,96,96
s12,d5,frame_0025.jpg,SUCCESS,96,96,0,0,96,96
s12,d5,frame_0026.jpg,SUCCESS,96,96,0,0,96,96
s12,d5,frame_0027.jpg,SUCCESS,96,96,0,0,96,96
s12,d5,frame_0028.jpg,SUCCESS,96,96,0,0,96,96
s12,d5,frame_0029.jpg,SUCCESS,96,96,0,0,96,96
s12,d5,frame_0030.jpg,SUCCESS,96,96,0,0,96,96
s12,d5,frame_0031.jpg,SUCCESS,96,96,0,0,96,96
s12,d5,frame_0032.jpg,SUCCESS,96,96,0,0,96,96
s12,d5,frame_0033.jpg,SUCCESS,96,96,0,0,96,96
s12,d5,frame_0034.jpg,SUCCESS,96,96,0,0,96,96
s12,d5,frame_0035.jpg,SUCCESS,96,96,0,0,96,96
s12,d5,frame_0036.jpg,SUCCESS,96,96,0,0,96,96
s12,d5,frame_0037.jpg,SUCCESS,96,96,0,0,96,96
s12,d5,frame_0038.jpg,SUCCESS,96,96,0,0,96,96
s12,d5,frame_0039.jpg,SUCCESS,96,96,0,0,96,96
s12,d5,frame_0040.jpg,SUCCESS,96,96,0,0,96,96
s12,d5,frame_0041.jpg,SUCCESS,96,96,0,0,96,96
s12,d5,frame_0042.jpg,SUCCESS,96,96,0,0,96,96
s12,d5,frame_0043.jpg,SUCCESS,96,96,0,0,96,96
s12,d5,frame_0044.jpg,SUCCESS,96,96,0,0,96,96
s12,d5,frame_0045.jpg,SUCCESS,96,96,0,0,96,96
s12,d5,frame_0046.jpg,SUCCESS,96,96,0,0,96,96
s12,d5,frame_0047.jpg,SUCCESS,96,96,0,0,96,96
s12,d5,frame_0048.jpg,SUCCESS,96,96,0,0,96,96
s12,d5,frame_0049.jpg,SUCCESS,96,96,0,0,96,96
s12,d5,frame_0050.jpg,SUCCESS,96,96,0,0,96,96
s12,d5,frame_0051.jpg,SUCCESS,96,96,0,0,96,96
s12,d5,frame_0052.jpg,SUCCESS,96,96,0,0,96,96
s12,d5,frame_0053.jpg,SUCCESS,96,96,0,0,96,96
s12,d5,frame_0054.jpg,SUCCESS,96,96,0,0,96,96
s12,d5,frame_0055.jpg,SUCCESS,96,96,0,0,96,96
s12,d6,frame_0001.jpg,SUCCESS,96,96,0,0,96,96
s12,d6,frame_0002.jpg,SUCCESS,96,96,0,0,96,96
s12,d6,frame_0003.jpg,SUCCESS,96,96,0,0,96,96
s12,d6,frame_0004.jpg,SUCCESS,96,96,0,0,96,96
s12,d6,frame_0005.jpg,SUCCESS,96,96,0,0,96,96
s12,d6,frame_0006.jpg,SUCCESS,96,96,0,0,96,96
s12,d6,frame_0007.jpg,SUCCESS,96,96,0,0,96,96
s12,d6,frame_0008.jpg,SUCCESS,96,96,0,0,96,96
s12,d6,frame_0009.jpg,SUCCESS,96,96,0,0,96,96
s12,d6,frame_0010.jpg,SUCCESS,96,96,0,0,96,96
s12,d6,frame_0011.jpg,SUCCESS,96,96,0,0,96,96
s12,d6,frame_0012.jpg,SUCCESS,96,96,0,0,96,96
s12,d6,frame_0013.jpg,SUCCESS,96,96,0,0,96,96
s12,d6,frame_0014.jpg,SUCCESS,96,96,0,0,96,96
s12,d6,frame_0015.jpg,SUCCESS,96,96,0,0,96,96
s12,d6,frame_0016.jpg,SUCCESS,96,96,0,0,96,96
s12,d6,frame_0017.jpg,SUCCESS,96,96,0,0,96,96
s12,d6,frame_0018.jpg,SUCCESS,96,96,0,0,96,96
s12,d6,frame_0019.jpg,SUCCESS,96,96,0,0,96,96
s12,d6,frame_0020.jpg,SUCCESS,96,96,0,0,96,96
s12,d6,frame_0021.jpg,SUCCESS,96,96,0,0,96,96
s12,d6,frame_0022.jpg,SUCCESS,96,96,0,0,96,96
s12,d6,frame_0023.jpg,SUCCESS,96,96,0,0,96,96
s12,d6,frame_0024.jpg,SUCCESS,96,96,0,0,96,96
s12,d6,frame_0025.jpg,SUCCESS,96,96,0,0,96,96
s12,d6,frame_0026.jpg,SUCCESS,96,96,0,0,96,96
s12,d6,frame_0027.jpg,SUCCESS,96,96,0,0,96,96
s12,d6,frame_0028.jpg,SUCCESS,96,96,0,0,96,96
s12,d6,frame_0029.jpg,SUCCESS,96,96,0,0,96,96
s12,d6,frame_0030.jpg,SUCCESS,96,96,0,0,96,96
s12,d6,frame_0031.jpg,SUCCESS,96,96,0,0,96,96
s12,d6,frame_0032.jpg,SUCCESS,96,96,0,0,96,96
s12,d6,frame_0033.jpg,SUCCESS,96,96,0,0,96,96
s12,d6,frame_0034.jpg,SUCCESS,96,96,0,0,96,96
s12,d6,frame_0035.jpg,SUCCESS,96,96,0,0,96,96
s12,d6,frame_0036.jpg,SUCCESS,96,96,0,0,96,96
s12,d6,frame_0037.jpg,SUCCESS,96,96,0,0,96,96
s12,d6,frame_0038.jpg,SUCCESS,96,96,0,0,96,96
s12,d6,frame_0039.jpg,SUCCESS,96,96,0,0,96,96
s12,d6,frame_0040.jpg,SUCCESS,96,96,0,0,96,96
s12,d6,frame_0041.jpg,SUCCESS,96,96,0,0,96,96
s12,d6,frame_0042.jpg,SUCCESS,96,96,0,0,96,96
s12,d6,frame_0043.jpg,SUCCESS,96,96,0,0,96,96
s12,d6,frame_0044.jpg,SUCCESS,96,96,0,0,96,96
s12,d7,frame_0001.jpg,SUCCESS,96,96,0,0,96,96
s12,d7,frame_0002.jpg,SUCCESS,96,96,0,0,96,96
s12,d7,frame_0003.jpg,SUCCESS,96,96,0,0,96,96
s12,d7,frame_0004.jpg,SUCCESS,96,96,0,0,96,96
s12,d7,frame_0005.jpg,SUCCESS,96,96,0,0,96,96
s12,d7,frame_0006.jpg,SUCCESS,96,96,0,0,96,96
s12,d7,frame_0007.jpg,SUCCESS,96,96,0,0,96,96
s12,d7,frame_0008.jpg,SUCCESS,96,96,0,0,96,96
s12,d7,frame_0009.jpg,SUCCESS,96,96,0,0,96,96
s12,d7,frame_0010.jpg,SUCCESS,96,96,0,0,96,96
s12,d7,frame_0011.jpg,SUCCESS,96,96,0,0,96,96
s12,d7,frame_0012.jpg,SUCCESS,96,96,0,0,96,96
s12,d7,frame_0013.jpg,SUCCESS,96,96,0,0,96,96
s12,d7,frame_0014.jpg,SUCCESS,96,96,0,0,96,96
s12,d7,frame_0015.jpg,SUCCESS,96,96,0,0,96,96
s12,d7,frame_0016.jpg,SUCCESS,96,96,0,0,96,96
s12,d7,frame_0017.jpg,SUCCESS,96,96,0,0,96,96
s12,d7,frame_0018.jpg,SUCCESS,96,96,0,0,96,96
s12,d7,frame_0019.jpg,SUCCESS,96,96,0,0,96,96
s12,d7,frame_0020.jpg,SUCCESS,96,96,0,0,96,96
s12,d7,frame_0021.jpg,SUCCESS,96,96,0,0,96,96
s12,d7,frame_0022.jpg,SUCCESS,96,96,0,0,96,96
s12,d7,frame_0023.jpg,SUCCESS,96,96,0,0,96,96
s12,d7,frame_0024.jpg,SUCCESS,96,96,0,0,96,96
s12,d7,frame_0025.jpg,SUCCESS,96,96,0,0,96,96
s12,d7,frame_0026.jpg,SUCCESS,96,96,0,0,96,96
s12,d7,frame_0027.jpg,SUCCESS,96,96,0,0,96,96
s12,d7,frame_0028.jpg,SUCCESS,96,96,0,0,96,96
s12,d7,frame_0029.jpg,SUCCESS,96,96,0,0,96,96
s12,d7,frame_0030.jpg,SUCCESS,96,96,0,0,96,96
s12,d7,frame_0031.jpg,SUCCESS,96,96,0,0,96,96
s12,d7,frame_0032.jpg,SUCCESS,96,96,0,0,96,96
s12,d7,frame_0033.jpg,SUCCESS,96,96,0,0,96,96
s12,d7,frame_0034.jpg,SUCCESS,96,96,0,0,96,96
s12,d7,frame_0035.jpg,SUCCESS,96,96,0,0,96,96
s12,d7,frame_0036.jpg,SUCCESS,96,96,0,0,96,96
s12,d7,frame_0037.jpg,SUCCESS,96,96,0,0,96,96
s12,d7,frame_0038.jpg,SUCCESS,96,96,0,0,96,96
s12,d7,frame_0039.jpg,SUCCESS,96,96,0,0,96,96
s12,d7,frame_0040.jpg,SUCCESS,96,96,0,0,96,96
s12,d7,frame_0041.jpg,SUCCESS,96,96,0,0,96,96
s12,d7,frame_0042.jpg,SUCCESS,96,96,0,0,96,96
s12,d7,frame_0043.jpg,SUCCESS,96,96,0,0,96,96
s12,d7,frame_0044.jpg,SUCCESS,96,96,0,0,96,96
s12,d7,frame_0045.jpg,SUCCESS,96,96,0,0,96,96
s12,d7,frame_0046.jpg,SUCCESS,96,96,0,0,96,96
s12,d7,frame_0047.jpg,SUCCESS,96,96,0,0,96,96
s12,d7,frame_0048.jpg,SUCCESS,96,96,0,0,96,96
s12,d7,frame_0049.jpg,SUCCESS,96,96,0,0,96,96
s12,d8,frame_0001.jpg,SUCCESS,96,96,0,0,96,96
s12,d8,frame_0002.jpg,SUCCESS,96,96,0,0,96,96
s12,d8,frame_0003.jpg,SUCCESS,96,96,0,0,96,96
s12,d8,frame_0004.jpg,SUCCESS,96,96,0,0,96,96
s12,d8,frame_0005.jpg,SUCCESS,96,96,0,0,96,96
s12,d8,frame_0006.jpg,SUCCESS,96,96,0,0,96,96
s12,d8,frame_0007.jpg,SUCCESS,96,96,0,0,96,96
s12,d8,frame_0008.jpg,SUCCESS,96,96,0,0,96,96
s12,d8,frame_0009.jpg,SUCCESS,96,96,0,0,96,96
s12,d8,frame_0010.jpg,SUCCESS,96,96,0,0,96,96
s12,d8,frame_0011.jpg,SUCCESS,96,96,0,0,96,96
s12,d8,frame_0012.jpg,SUCCESS,96,96,0,0,96,96
s12,d8,frame_0013.jpg,SUCCESS,96,96,0,0,96,96
s12,d8,frame_0014.jpg,SUCCESS,96,96,0,0,96,96
s12,d8,frame_0015.jpg,SUCCESS,96,96,0,0,96,96
s12,d8,frame_0016.jpg,SUCCESS,96,96,0,0,96,96
s12,d8,frame_0017.jpg,SUCCESS,96,96,0,0,96,96
s12,d8,frame_0018.jpg,SUCCESS,96,96,0,0,96,96
s12,d8,frame_0019.jpg,SUCCESS,96,96,0,0,96,96
s12,d8,frame_0020.jpg,SUCCESS,96,96,0,0,96,96
s12,d8,frame_0021.jpg,SUCCESS,96,96,0,0,96,96
s12,d8,frame_0022.jpg,SUCCESS,96,96,0,0,96,96
s12,d8,frame_0023.jpg,SUCCESS,96,96,0,0,96,96
s12,d8,frame_0024.jpg,SUCCESS,96,96,0,0,96,96
s12,d8,frame_0025.jpg,SUCCESS,96,96,0,0,96,96
s12,d8,frame_0026.jpg,SUCCESS,96,96,0,0,96,96
s12,d8,frame_0027.jpg,SUCCESS,96,96,0,0,96,96
s12,d8,frame_0028.jpg,SUCCESS,96,96,0,0,96,96
s12,d8,frame_0029.jpg,SUCCESS,96,96,0,0,96,96
s12,d8,frame_0030.jpg,SUCCESS,96,96,0,0,96,96
s12,d9,frame_0001.jpg,SUCCESS,96,96,0,0,96,96
s12,d9,frame_0002.jpg,SUCCESS,96,96,0,0,96,96
s12,d9,frame_0003.jpg,SUCCESS,96,96,0,0,96,96
s12,d9,frame_0004.jpg,SUCCESS,96,96,0,0,96,96
s12,d9,frame_0005.jpg,SUCCESS,96,96,0,0,96,96
s12,d9,frame_0006.jpg,SUCCESS,96,96,0,0,96,96
s12,d9,frame_0007.jpg,SUCCESS,96,96,0,0,96,96
s12,d9,frame_0008.jpg,SUCCESS,96,96,0,0,96,96
s12,d9,frame_0009.jpg,SUCCESS,96,96,0,0,96,96
s12,d9,frame_0010.jpg,SUCCESS,96,96,0,0,96,96
s12,d9,frame_0011.jpg,SUCCESS,96,96,0,0,96,96
s12,d9,frame_0012.jpg,SUCCESS,96,96,0,0,96,96
s12,d9,frame_0013.jpg,SUCCESS,96,96,0,0,96,96
s12,d9,frame_0014.jpg,SUCCESS,96,96,0,0,96,96
s12,d9,frame_0015.jpg,SUCCESS,96,96,0,0,96,96
s12,d9,frame_0016.jpg,SUCCESS,96,96,0,0,96,96
s12,d9,frame_0017.jpg,SUCCESS,96,96,0,0,96,96
s12,d9,frame_0018.jpg,SUCCESS,96,96,0,0,96,96
s12,d9,frame_0019.jpg,SUCCESS,96,96,0,0,96,96
s12,d9,frame_0020.jpg,SUCCESS,96,96,0,0,96,96
s12,d9,frame_0021.jpg,SUCCESS,96,96,0,0,96,96
s12,d9,frame_0022.jpg,SUCCESS,96,96,0,0,96,96
s12,d9,frame_0023.jpg,SUCCESS,96,96,0,0,96,96
s12,d9,frame_0024.jpg,SUCCESS,96,96,0,0,96,96
s12,d9,frame_0025.jpg,SUCCESS,96,96,0,0,96,96
s12,d9,frame_0026.jpg,SUCCESS,96,96,0,0,96,96
s12,d9,frame_0027.jpg,SUCCESS,96,96,0,0,96,96
s12,d9,frame_0028.jpg,SUCCESS,96,96,0,0,96,96
s12,d9,frame_0029.jpg,SUCCESS,96,96,0,0,96,96
s12,d9,frame_0030.jpg,SUCCESS,96,96,0,0,96,96
s12,d9,frame_0031.jpg,SUCCESS,96,96,0,0,96,96
s12,d9,frame_0032.jpg,SUCCESS,96,96,0,0,96,96
s13,d0,frame_0001.jpg,SUCCESS,96,96,0,0,96,96
s13,d0,frame_0002.jpg,SUCCESS,96,96,0,0,96,96
s13,d0,frame_0003.jpg,SUCCESS,96,96,0,0,96,96
s13,d0,frame_0004.jpg,SUCCESS,96,96,0,0,96,96
s13,d0,frame_0005.jpg,SUCCESS,96,96,0,0,96,96
s13,d0,frame_0006.jpg,SUCCESS,96,96,0,0,96,96
s13,d0,frame_0007.jpg,SUCCESS,96,96,0,0,96,96
s13,d0,frame_0008.jpg,SUCCESS,96,96,0,0,96,96
s13,d0,frame_0009.jpg,SUCCESS,96,96,0,0,96,96
s13,d0,frame_0010.jpg,SUCCESS,96,96,0,0,96,96
s13,d0,frame_0011.jpg,SUCCESS,96,96,0,0,96,96
s13,d0,frame_0012.jpg,SUCCESS,96,96,0,0,96,96
s13,d0,frame_0013.jpg,SUCCESS,96,96,0,0,96,96
s13,d0,frame_0014.jpg,SUCCESS,96,96,0,0,96,96
s13,d0,frame_0015.jpg,SUCCESS,96,96,0,0,96,96
s13,d0,frame_0016.jpg,SUCCESS,96,96,0,0,96,96
s13,d0,frame_0017.jpg,SUCCESS,96,96,0,0,96,96
s13,d0,frame_0018.jpg,SUCCESS,96,96,0,0,96,96
s13,d0,frame_0019.jpg,SUCCESS,96,96,0,0,96,96
s13,d0,frame_0020.jpg,SUCCESS,96,96,0,0,96,96
s13,d0,frame_0021.jpg,SUCCESS,96,96,0,0,96,96
s13,d0,frame_0022.jpg,SUCCESS,96,96,0,0,96,96
s13,d0,frame_0023.jpg,SUCCESS,96,96,0,0,96,96
s13,d0,frame_0024.jpg,SUCCESS,96,96,0,0,96,96
s13,d0,frame_0025.jpg,SUCCESS,96,96,0,0,96,96
s13,d0,frame_0026.jpg,SUCCESS,96,96,0,0,96,96
s13,d0,frame_0027.jpg,SUCCESS,96,96,0,0,96,96
s13,d0,frame_0028.jpg,SUCCESS,96,96,0,0,96,96
s13,d0,frame_0029.jpg,SUCCESS,96,96,0,0,96,96
s13,d0,frame_0030.jpg,SUCCESS,96,96,0,0,96,96
s13,d0,frame_0031.jpg,SUCCESS,96,96,0,0,96,96
s13,d0,frame_0032.jpg,SUCCESS,96,96,0,0,96,96
s13,d0,frame_0033.jpg,SUCCESS,96,96,0,0,96,96
s13,d1,frame_0001.jpg,SUCCESS,96,96,0,0,96,96
s13,d1,frame_0002.jpg,SUCCESS,96,96,0,0,96,96
s13,d1,frame_0003.jpg,SUCCESS,96,96,0,0,96,96
s13,d1,frame_0004.jpg,SUCCESS,96,96,0,0,96,96
s13,d1,frame_0005.jpg,SUCCESS,96,96,0,0,96,96
s13,d1,frame_0006.jpg,SUCCESS,96,96,0,0,96,96
s13,d1,frame_0007.jpg,SUCCESS,96,96,0,0,96,96
s13,d1,frame_0008.jpg,SUCCESS,96,96,0,0,96,96
s13,d1,frame_0009.jpg,SUCCESS,96,96,0,0,96,96
s13,d1,frame_0010.jpg,SUCCESS,96,96,0,0,96,96
s13,d1,frame_0011.jpg,SUCCESS,96,96,0,0,96,96
s13,d1,frame_0012.jpg,SUCCESS,96,96,0,0,96,96
s13,d1,frame_0013.jpg,SUCCESS,96,96,0,0,96,96
s13,d1,frame_0014.jpg,SUCCESS,96,96,0,0,96,96
s13,d1,frame_0015.jpg,SUCCESS,96,96,0,0,96,96
s13,d1,frame_0016.jpg,SUCCESS,96,96,0,0,96,96
s13,d1,frame_0017.jpg,SUCCESS,96,96,0,0,96,96
s13,d1,frame_0018.jpg,SUCCESS,96,96,0,0,96,96
s13,d1,frame_0019.jpg,SUCCESS,96,96,0,0,96,96
s13,d1,frame_0020.jpg,SUCCESS,96,96,0,0,96,96
s13,d1,frame_0021.jpg,SUCCESS,96,96,0,0,96,96
s13,d1,frame_0022.jpg,SUCCESS,96,96,0,0,96,96
s13,d1,frame_0023.jpg,SUCCESS,96,96,0,0,96,96
s13,d1,frame_0024.jpg,SUCCESS,96,96,0,0,96,96
s13,d1,frame_0025.jpg,SUCCESS,96,96,0,0,96,96
s13,d1,frame_0026.jpg,SUCCESS,96,96,0,0,96,96
s13,d1,frame_0027.jpg,SUCCESS,96,96,0,0,96,96
s13,d1,frame_0028.jpg,SUCCESS,96,96,0,0,96,96
s13,d1,frame_0029.jpg,SUCCESS,96,96,0,0,96,96
s13,d1,frame_0030.jpg,SUCCESS,96,96,0,0,96,96
s13,d1,frame_0031.jpg,SUCCESS,96,96,0,0,96,96
s13,d1,frame_0032.jpg,SUCCESS,96,96,0,0,96,96
s13,d1,frame_0033.jpg,SUCCESS,96,96,0,0,96,96
s13,d1,frame_0034.jpg,SUCCESS,96,96,0,0,96,96
s13,d1,frame_0035.jpg,SUCCESS,96,96,0,0,96,96
s13,d1,frame_0036.jpg,SUCCESS,96,96,0,0,96,96
s13,d1,frame_0037.jpg,SUCCESS,96,96,0,0,96,96
s13,d1,frame_0038.jpg,SUCCESS,96,96,0,0,96,96
s13,d1,frame_0039.jpg,SUCCESS,96,96,0,0,96,96
s13,d1,frame_0040.jpg,SUCCESS,96,96,0,0,96,96
s13,d1,frame_0041.jpg,SUCCESS,96,96,0,0,96,96
s13,d1,frame_0042.jpg,SUCCESS,96,96,0,0,96,96
s13,d1,frame_0043.jpg,SUCCESS,96,96,0,0,96,96
s13,d1,frame_0044.jpg,SUCCESS,96,96,0,0,96,96
s13,d10,frame_0001.jpg,SUCCESS,96,96,0,0,96,96
s13,d10,frame_0002.jpg,SUCCESS,96,96,0,0,96,96
s13,d10,frame_0003.jpg,SUCCESS,96,96,0,0,96,96
s13,d10,frame_0004.jpg,SUCCESS,96,96,0,0,96,96
s13,d10,frame_0005.jpg,SUCCESS,96,96,0,0,96,96
s13,d10,frame_0006.jpg,SUCCESS,96,96,0,0,96,96
s13,d10,frame_0007.jpg,SUCCESS,96,96,0,0,96,96
s13,d10,frame_0008.jpg,SUCCESS,96,96,0,0,96,96
s13,d10,frame_0009.jpg,SUCCESS,96,96,0,0,96,96
s13,d10,frame_0010.jpg,SUCCESS,96,96,0,0,96,96
s13,d10,frame_0011.jpg,SUCCESS,96,96,0,0,96,96
s13,d10,frame_0012.jpg,SUCCESS,96,96,0,0,96,96
s13,d10,frame_0013.jpg,SUCCESS,96,96,0,0,96,96
s13,d10,frame_0014.jpg,SUCCESS,96,96,0,0,96,96
s13,d10,frame_0015.jpg,SUCCESS,96,96,0,0,96,96
s13,d10,frame_0016.jpg,SUCCESS,96,96,0,0,96,96
s13,d10,frame_0017.jpg,SUCCESS,96,96,0,0,96,96
s13,d10,frame_0018.jpg,SUCCESS,96,96,0,0,96,96
s13,d10,frame_0019.jpg,SUCCESS,96,96,0,0,96,96
s13,d10,frame_0020.jpg,SUCCESS,96,96,0,0,96,96
s13,d10,frame_0021.jpg,SUCCESS,96,96,0,0,96,96
s13,d10,frame_0022.jpg,SUCCESS,96,96,0,0,96,96
s13,d10,frame_0023.jpg,SUCCESS,96,96,0,0,96,96
s13,d10,frame_0024.jpg,SUCCESS,96,96,0,0,96,96
s13,d10,frame_0025.jpg,SUCCESS,96,96,0,0,96,96
s13,d10,frame_0026.jpg,SUCCESS,96,96,0,0,96,96
s13,d10,frame_0027.jpg,SUCCESS,96,96,0,0,96,96
s13,d10,frame_0028.jpg,SUCCESS,96,96,0,0,96,96
s13,d10,frame_0029.jpg,SUCCESS,96,96,0,0,96,96
s13,d10,frame_0030.jpg,SUCCESS,96,96,0,0,96,96
s13,d10,frame_0031.jpg,SUCCESS,96,96,0,0,96,96
s13,d10,frame_0032.jpg,SUCCESS,96,96,0,0,96,96
s13,d10,frame_0033.jpg,SUCCESS,96,96,0,0,96,96
s13,d10,frame_0034.jpg,SUCCESS,96,96,0,0,96,96
s13,d10,frame_0035.jpg,SUCCESS,96,96,0,0,96,96
s13,d10,frame_0036.jpg,SUCCESS,96,96,0,0,96,96
s13,d10,frame_0037.jpg,SUCCESS,96,96,0,0,96,96
s13,d10,frame_0038.jpg,SUCCESS,96,96,0,0,96,96
s13,d10,frame_0039.jpg,SUCCESS,96,96,0,0,96,96
s13,d10,frame_0040.jpg,SUCCESS,96,96,0,0,96,96
s13,d10,frame_0041.jpg,SUCCESS,96,96,0,0,96,96
s13,d10,frame_0042.jpg,SUCCESS,96,96,0,0,96,96
s13,d10,frame_0043.jpg,SUCCESS,96,96,0,0,96,96
s13,d10,frame_0044.jpg,SUCCESS,96,96,0,0,96,96
s13,d10,frame_0045.jpg,SUCCESS,96,96,0,0,96,96
s13,d10,frame_0046.jpg,SUCCESS,96,96,0,0,96,96
s13,d10,frame_0047.jpg,SUCCESS,96,96,0,0,96,96
s13,d10,frame_0048.jpg,SUCCESS,96,96,0,0,96,96
s13,d10,frame_0049.jpg,SUCCESS,96,96,0,0,96,96
s13,d10,frame_0050.jpg,SUCCESS,96,96,0,0,96,96
s13,d10,frame_0051.jpg,SUCCESS,96,96,0,0,96,96
s13,d10,frame_0052.jpg,SUCCESS,96,96,0,0,96,96
s13,d10,frame_0053.jpg,SUCCESS,96,96,0,0,96,96
s13,d10,frame_0054.jpg,SUCCESS,96,96,0,0,96,96
s13,d10,frame_0055.jpg,SUCCESS,96,96,0,0,96,96
s13,d10,frame_0056.jpg,SUCCESS,96,96,0,0,96,96
s13,d10,frame_0057.jpg,SUCCESS,96,96,0,0,96,96
s13,d10,frame_0058.jpg,SUCCESS,96,96,0,0,96,96
s13,d10,frame_0059.jpg,SUCCESS,96,96,0,0,96,96
s13,d10,frame_0060.jpg,SUCCESS,96,96,0,0,96,96
s13,d2,frame_0001.jpg,SUCCESS,96,96,0,0,96,96
s13,d2,frame_0002.jpg,SUCCESS,96,96,0,0,96,96
s13,d2,frame_0003.jpg,SUCCESS,96,96,0,0,96,96
s13,d2,frame_0004.jpg,SUCCESS,96,96,0,0,96,96
s13,d2,frame_0005.jpg,SUCCESS,96,96,0,0,96,96
s13,d2,frame_0006.jpg,SUCCESS,96,96,0,0,96,96
s13,d2,frame_0007.jpg,SUCCESS,96,96,0,0,96,96
s13,d2,frame_0008.jpg,SUCCESS,96,96,0,0,96,96
s13,d2,frame_0009.jpg,SUCCESS,96,96,0,0,96,96
s13,d2,frame_0010.jpg,SUCCESS,96,96,0,0,96,96
s13,d2,frame_0011.jpg,SUCCESS,96,96,0,0,96,96
s13,d2,frame_0012.jpg,SUCCESS,96,96,0,0,96,96
s13,d2,frame_0013.jpg,SUCCESS,96,96,0,0,96,96
s13,d2,frame_0014.jpg,SUCCESS,96,96,0,0,96,96
s13,d2,frame_0015.jpg,SUCCESS,96,96,0,0,96,96
s13,d2,frame_0016.jpg,SUCCESS,96,96,0,0,96,96
s13,d2,frame_0017.jpg,SUCCESS,96,96,0,0,96,96
s13,d2,frame_0018.jpg,SUCCESS,96,96,0,0,96,96
s13,d2,frame_0019.jpg,SUCCESS,96,96,0,0,96,96
s13,d2,frame_0020.jpg,SUCCESS,96,96,0,0,96,96
s13,d2,frame_0021.jpg,SUCCESS,96,96,0,0,96,96
s13,d2,frame_0022.jpg,SUCCESS,96,96,0,0,96,96
s13,d2,frame_0023.jpg,SUCCESS,96,96,0,0,96,96
s13,d2,frame_0024.jpg,SUCCESS,96,96,0,0,96,96
s13,d2,frame_0025.jpg,SUCCESS,96,96,0,0,96,96
s13,d2,frame_0026.jpg,SUCCESS,96,96,0,0,96,96
s13,d2,frame_0027.jpg,SUCCESS,96,96,0,0,96,96
s13,d2,frame_0028.jpg,SUCCESS,96,96,0,0,96,96
s13,d2,frame_0029.jpg,SUCCESS,96,96,0,0,96,96
s13,d2,frame_0030.jpg,SUCCESS,96,96,0,0,96,96
s13,d2,frame_0031.jpg,SUCCESS,96,96,0,0,96,96
s13,d2,frame_0032.jpg,SUCCESS,96,96,0,0,96,96
s13,d2,frame_0033.jpg,SUCCESS,96,96,0,0,96,96
s13,d2,frame_0034.jpg,SUCCESS,96,96,0,0,96,96
s13,d2,frame_0035.jpg,SUCCESS,96,96,0,0,96,96
s13,d2,frame_0036.jpg,SUCCESS,96,96,0,0,96,96
s13,d2,frame_0037.jpg,SUCCESS,96,96,0,0,96,96
s13,d2,frame_0038.jpg,SUCCESS,96,96,0,0,96,96
s13,d2,frame_0039.jpg,SUCCESS,96,96,0,0,96,96
s13,d2,frame_0040.jpg,SUCCESS,96,96,0,0,96,96
s13,d2,frame_0041.jpg,SUCCESS,96,96,0,0,96,96
s13,d2,frame_0042.jpg,SUCCESS,96,96,0,0,96,96
s13,d2,frame_0043.jpg,SUCCESS,96,96,0,0,96,96
s13,d2,frame_0044.jpg,SUCCESS,96,96,0,0,96,96
s13,d3,frame_0001.jpg,SUCCESS,96,96,0,0,96,96
s13,d3,frame_0002.jpg,SUCCESS,96,96,0,0,96,96
s13,d3,frame_0003.jpg,SUCCESS,96,96,0,0,96,96
s13,d3,frame_0004.jpg,SUCCESS,96,96,0,0,96,96
s13,d3,frame_0005.jpg,SUCCESS,96,96,0,0,96,96
s13,d3,frame_0006.jpg,SUCCESS,96,96,0,0,96,96
s13,d3,frame_0007.jpg,SUCCESS,96,96,0,0,96,96
s13,d3,frame_0008.jpg,SUCCESS,96,96,0,0,96,96
s13,d3,frame_0009.jpg,SUCCESS,96,96,0,0,96,96
s13,d3,frame_0010.jpg,SUCCESS,96,96,0,0,96,96
s13,d3,frame_0011.jpg,SUCCESS,96,96,0,0,96,96
s13,d3,frame_0012.jpg,SUCCESS,96,96,0,0,96,96
s13,d3,frame_0013.jpg,SUCCESS,96,96,0,0,96,96
s13,d3,frame_0014.jpg,SUCCESS,96,96,0,0,96,96
s13,d3,frame_0015.jpg,SUCCESS,96,96,0,0,96,96
s13,d3,frame_0016.jpg,SUCCESS,96,96,0,0,96,96
s13,d3,frame_0017.jpg,SUCCESS,96,96,0,0,96,96
s13,d3,frame_0018.jpg,SUCCESS,96,96,0,0,96,96
s13,d3,frame_0019.jpg,SUCCESS,96,96,0,0,96,96
s13,d3,frame_0020.jpg,SUCCESS,96,96,0,0,96,96
s13,d3,frame_0021.jpg,SUCCESS,96,96,0,0,96,96
s13,d3,frame_0022.jpg,SUCCESS,96,96,0,0,96,96
s13,d3,frame_0023.jpg,SUCCESS,96,96,0,0,96,96
s13,d3,frame_0024.jpg,SUCCESS,96,96,0,0,96,96
s13,d3,frame_0025.jpg,SUCCESS,96,96,0,0,96,96
s13,d3,frame_0026.jpg,SUCCESS,96,96,0,0,96,96
s13,d3,frame_0027.jpg,SUCCESS,96,96,0,0,96,96
s13,d3,frame_0028.jpg,SUCCESS,96,96,0,0,96,96
s13,d3,frame_0029.jpg,SUCCESS,96,96,0,0,96,96
s13,d3,frame_0030.jpg,SUCCESS,96,96,0,0,96,96
s13,d3,frame_0031.jpg,SUCCESS,96,96,0,0,96,96
s13,d3,frame_0032.jpg,SUCCESS,96,96,0,0,96,96
s13,d3,frame_0033.jpg,SUCCESS,96,96,0,0,96,96
s13,d3,frame_0034.jpg,SUCCESS,96,96,0,0,96,96
s13,d3,frame_0035.jpg,SUCCESS,96,96,0,0,96,96
s13,d3,frame_0036.jpg,SUCCESS,96,96,0,0,96,96
s13,d3,frame_0037.jpg,SUCCESS,96,96,0,0,96,96
s13,d3,frame_0038.jpg,SUCCESS,96,96,0,0,96,96
s13,d3,frame_0039.jpg,SUCCESS,96,96,0,0,96,96
s13,d3,frame_0040.jpg,SUCCESS,96,96,0,0,96,96
s13,d3,frame_0041.jpg,SUCCESS,96,96,0,0,96,96
s13,d3,frame_0042.jpg,SUCCESS,96,96,0,0,96,96
s13,d3,frame_0043.jpg,SUCCESS,96,96,0,0,96,96
s13,d3,frame_0044.jpg,SUCCESS,96,96,0,0,96,96
s13,d3,frame_0045.jpg,SUCCESS,96,96,0,0,96,96
s13,d3,frame_0046.jpg,SUCCESS,96,96,0,0,96,96
s13,d3,frame_0047.jpg,SUCCESS,96,96,0,0,96,96
s13,d3,frame_0048.jpg,SUCCESS,96,96,0,0,96,96
s13,d3,frame_0049.jpg,SUCCESS,96,96,0,0,96,96
s13,d4,frame_0001.jpg,SUCCESS,96,96,0,0,96,96
s13,d4,frame_0002.jpg,SUCCESS,96,96,0,0,96,96
s13,d4,frame_0003.jpg,SUCCESS,96,96,0,0,96,96
s13,d4,frame_0004.jpg,SUCCESS,96,96,0,0,96,96
s13,d4,frame_0005.jpg,SUCCESS,96,96,0,0,96,96
s13,d4,frame_0006.jpg,SUCCESS,96,96,0,0,96,96
s13,d4,frame_0007.jpg,SUCCESS,96,96,0,0,96,96
s13,d4,frame_0008.jpg,SUCCESS,96,96,0,0,96,96
s13,d4,frame_0009.jpg,SUCCESS,96,96,0,0,96,96
s13,d4,frame_0010.jpg,SUCCESS,96,96,0,0,96,96
s13,d4,frame_0011.jpg,SUCCESS,96,96,0,0,96,96
s13,d4,frame_0012.jpg,SUCCESS,96,96,0,0,96,96
s13,d4,frame_0013.jpg,SUCCESS,96,96,0,0,96,96
s13,d4,frame_0014.jpg,SUCCESS,96,96,0,0,96,96
s13,d4,frame_0015.jpg,SUCCESS,96,96,0,0,96,96
s13,d4,frame_0016.jpg,SUCCESS,96,96,0,0,96,96
s13,d4,frame_0017.jpg,SUCCESS,96,96,0,0,96,96
s13,d4,frame_0018.jpg,SUCCESS,96,96,0,0,96,96
s13,d4,frame_0019.jpg,SUCCESS,96,96,0,0,96,96
s13,d4,frame_0020.jpg,SUCCESS,96,96,0,0,96,96
s13,d4,frame_0021.jpg,SUCCESS,96,96,0,0,96,96
s13,d4,frame_0022.jpg,SUCCESS,96,96,0,0,96,96
s13,d4,frame_0023.jpg,SUCCESS,96,96,0,0,96,96
s13,d4,frame_0024.jpg,SUCCESS,96,96,0,0,96,96
s13,d4,frame_0025.jpg,SUCCESS,96,96,0,0,96,96
s13,d4,frame_0026.jpg,SUCCESS,96,96,0,0,96,96
s13,d4,frame_0027.jpg,SUCCESS,96,96,0,0,96,96
s13,d4,frame_0028.jpg,SUCCESS,96,96,0,0,96,96
s13,d4,frame_0029.jpg,SUCCESS,96,96,0,0,96,96
s13,d4,frame_0030.jpg,SUCCESS,96,96,0,0,96,96
s13,d4,frame_0031.jpg,SUCCESS,96,96,0,0,96,96
s13,d4,frame_0032.jpg,SUCCESS,96,96,0,0,96,96
s13,d4,frame_0033.jpg,SUCCESS,96,96,0,0,96,96
s13,d4,frame_0034.jpg,SUCCESS,96,96,0,0,96,96
s13,d4,frame_0035.jpg,SUCCESS,96,96,0,0,96,96
s13,d4,frame_0036.jpg,SUCCESS,96,96,0,0,96,96
s13,d4,frame_0037.jpg,SUCCESS,96,96,0,0,96,96
s13,d4,frame_0038.jpg,SUCCESS,96,96,0,0,96,96
s13,d4,frame_0039.jpg,SUCCESS,96,96,0,0,96,96
s13,d4,frame_0040.jpg,SUCCESS,96,96,0,0,96,96
s13,d4,frame_0041.jpg,SUCCESS,96,96,0,0,96,96
s13,d4,frame_0042.jpg,SUCCESS,96,96,0,0,96,96
s13,d4,frame_0043.jpg,SUCCESS,96,96,0,0,96,96
s13,d4,frame_0044.jpg,SUCCESS,96,96,0,0,96,96
s13,d4,frame_0045.jpg,SUCCESS,96,96,0,0,96,96
s13,d4,frame_0046.jpg,SUCCESS,96,96,0,0,96,96
s13,d4,frame_0047.jpg,SUCCESS,96,96,0,0,96,96
s13,d5,frame_0001.jpg,SUCCESS,96,96,0,0,96,96
s13,d5,frame_0002.jpg,SUCCESS,96,96,0,0,96,96
s13,d5,frame_0003.jpg,SUCCESS,96,96,0,0,96,96
s13,d5,frame_0004.jpg,SUCCESS,96,96,0,0,96,96
s13,d5,frame_0005.jpg,SUCCESS,96,96,0,0,96,96
s13,d5,frame_0006.jpg,SUCCESS,96,96,0,0,96,96
s13,d5,frame_0007.jpg,SUCCESS,96,96,0,0,96,96
s13,d5,frame_0008.jpg,SUCCESS,96,96,0,0,96,96
s13,d5,frame_0009.jpg,SUCCESS,96,96,0,0,96,96
s13,d5,frame_0010.jpg,SUCCESS,96,96,0,0,96,96
s13,d5,frame_0011.jpg,SUCCESS,96,96,0,0,96,96
s13,d5,frame_0012.jpg,SUCCESS,96,96,0,0,96,96
s13,d5,frame_0013.jpg,SUCCESS,96,96,0,0,96,96
s13,d5,frame_0014.jpg,SUCCESS,96,96,0,0,96,96
s13,d5,frame_0015.jpg,SUCCESS,96,96,0,0,96,96
s13,d5,frame_0016.jpg,SUCCESS,96,96,0,0,96,96
s13,d5,frame_0017.jpg,SUCCESS,96,96,0,0,96,96
s13,d5,frame_0018.jpg,SUCCESS,96,96,0,0,96,96
s13,d5,frame_0019.jpg,SUCCESS,96,96,0,0,96,96
s13,d5,frame_0020.jpg,SUCCESS,96,96,0,0,96,96
s13,d5,frame_0021.jpg,SUCCESS,96,96,0,0,96,96
s13,d5,frame_0022.jpg,SUCCESS,96,96,0,0,96,96
s13,d5,frame_0023.jpg,SUCCESS,96,96,0,0,96,96
s13,d5,frame_0024.jpg,SUCCESS,96,96,0,0,96,96
s13,d5,frame_0025.jpg,SUCCESS,96,96,0,0,96,96
s13,d5,frame_0026.jpg,SUCCESS,96,96,0,0,96,96
s13,d5,frame_0027.jpg,SUCCESS,96,96,0,0,96,96
s13,d5,frame_0028.jpg,SUCCESS,96,96,0,0,96,96
s13,d5,frame_0029.jpg,SUCCESS,96,96,0,0,96,96
s13,d5,frame_0030.jpg,SUCCESS,96,96,0,0,96,96
s13,d5,frame_0031.jpg,SUCCESS,96,96,0,0,96,96
s13,d5,frame_0032.jpg,SUCCESS,96,96,0,0,96,96
s13,d5,frame_0033.jpg,SUCCESS,96,96,0,0,96,96
s13,d5,frame_0034.jpg,SUCCESS,96,96,0,0,96,96
s13,d5,frame_0035.jpg,SUCCESS,96,96,0,0,96,96
s13,d5,frame_0036.jpg,SUCCESS,96,96,0,0,96,96
s13,d5,frame_0037.jpg,SUCCESS,96,96,0,0,96,96
s13,d5,frame_0038.jpg,SUCCESS,96,96,0,0,96,96
s13,d5,frame_0039.jpg,SUCCESS,96,96,0,0,96,96
s13,d5,frame_0040.jpg,SUCCESS,96,96,0,0,96,96
s13,d5,frame_0041.jpg,SUCCESS,96,96,0,0,96,96
s13,d5,frame_0042.jpg,SUCCESS,96,96,0,0,96,96
s13,d5,frame_0043.jpg,SUCCESS,96,96,0,0,96,96
s13,d5,frame_0044.jpg,SUCCESS,96,96,0,0,96,96
s13,d5,frame_0045.jpg,SUCCESS,96,96,0,0,96,96
s13,d6,frame_0001.jpg,SUCCESS,96,96,0,0,96,96
s13,d6,frame_0002.jpg,SUCCESS,96,96,0,0,96,96
s13,d6,frame_0003.jpg,SUCCESS,96,96,0,0,96,96
s13,d6,frame_0004.jpg,SUCCESS,96,96,0,0,96,96
s13,d6,frame_0005.jpg,SUCCESS,96,96,0,0,96,96
s13,d6,frame_0006.jpg,SUCCESS,96,96,0,0,96,96
s13,d6,frame_0007.jpg,SUCCESS,96,96,0,0,96,96
s13,d6,frame_0008.jpg,SUCCESS,96,96,0,0,96,96
s13,d6,frame_0009.jpg,SUCCESS,96,96,0,0,96,96
s13,d6,frame_0010.jpg,SUCCESS,96,96,0,0,96,96
s13,d6,frame_0011.jpg,SUCCESS,96,96,0,0,96,96
s13,d6,frame_0012.jpg,SUCCESS,96,96,0,0,96,96
s13,d6,frame_0013.jpg,SUCCESS,96,96,0,0,96,96
s13,d6,frame_0014.jpg,SUCCESS,96,96,0,0,96,96
s13,d6,frame_0015.jpg,SUCCESS,96,96,0,0,96,96
s13,d6,frame_0016.jpg,SUCCESS,96,96,0,0,96,96
s13,d6,frame_0017.jpg,SUCCESS,96,96,0,0,96,96
s13,d6,frame_0018.jpg,SUCCESS,96,96,0,0,96,96
s13,d6,frame_0019.jpg,SUCCESS,96,96,0,0,96,96
s13,d6,frame_0020.jpg,SUCCESS,96,96,0,0,96,96
s13,d6,frame_0021.jpg,SUCCESS,96,96,0,0,96,96
s13,d6,frame_0022.jpg,SUCCESS,96,96,0,0,96,96
s13,d6,frame_0023.jpg,SUCCESS,96,96,0,0,96,96
s13,d6,frame_0024.jpg,SUCCESS,96,96,0,0,96,96
s13,d6,frame_0025.jpg,SUCCESS,96,96,0,0,96,96
s13,d6,frame_0026.jpg,SUCCESS,96,96,0,0,96,96
s13,d6,frame_0027.jpg,SUCCESS,96,96,0,0,96,96
s13,d6,frame_0028.jpg,SUCCESS,96,96,0,0,96,96
s13,d6,frame_0029.jpg,SUCCESS,96,96,0,0,96,96
s13,d6,frame_0030.jpg,SUCCESS,96,96,0,0,96,96
s13,d6,frame_0031.jpg,SUCCESS,96,96,0,0,96,96
s13,d6,frame_0032.jpg,SUCCESS,96,96,0,0,96,96
s13,d6,frame_0033.jpg,SUCCESS,96,96,0,0,96,96
s13,d6,frame_0034.jpg,SUCCESS,96,96,0,0,96,96
s13,d6,frame_0035.jpg,SUCCESS,96,96,0,0,96,96
s13,d6,frame_0036.jpg,SUCCESS,96,96,0,0,96,96
s13,d6,frame_0037.jpg,SUCCESS,96,96,0,0,96,96
s13,d6,frame_0038.jpg,SUCCESS,96,96,0,0,96,96
s13,d6,frame_0039.jpg,SUCCESS,96,96,0,0,96,96
s13,d6,frame_0040.jpg,SUCCESS,96,96,0,0,96,96
s13,d6,frame_0041.jpg,SUCCESS,96,96,0,0,96,96
s13,d6,frame_0042.jpg,SUCCESS,96,96,0,0,96,96
s13,d6,frame_0043.jpg,SUCCESS,96,96,0,0,96,96
s13,d6,frame_0044.jpg,SUCCESS,96,96,0,0,96,96
s13,d6,frame_0045.jpg,SUCCESS,96,96,0,0,96,96
s13,d6,frame_0046.jpg,SUCCESS,96,96,0,0,96,96
s13,d6,frame_0047.jpg,SUCCESS,96,96,0,0,96,96
s13,d6,frame_0048.jpg,SUCCESS,96,96,0,0,96,96
s13,d6,frame_0049.jpg,SUCCESS,96,96,0,0,96,96
s13,d6,frame_0050.jpg,SUCCESS,96,96,0,0,96,96
s13,d6,frame_0051.jpg,SUCCESS,96,96,0,0,96,96
s13,d6,frame_0052.jpg,SUCCESS,96,96,0,0,96,96
s13,d6,frame_0053.jpg,SUCCESS,96,96,0,0,96,96
s13,d6,frame_0054.jpg,SUCCESS,96,96,0,0,96,96
s13,d6,frame_0055.jpg,SUCCESS,96,96,0,0,96,96
s13,d6,frame_0056.jpg,SUCCESS,96,96,0,0,96,96
s13,d7,frame_0001.jpg,SUCCESS,96,96,0,0,96,96
s13,d7,frame_0002.jpg,SUCCESS,96,96,0,0,96,96
s13,d7,frame_0003.jpg,SUCCESS,96,96,0,0,96,96
s13,d7,frame_0004.jpg,SUCCESS,96,96,0,0,96,96
s13,d7,frame_0005.jpg,SUCCESS,96,96,0,0,96,96
s13,d7,frame_0006.jpg,SUCCESS,96,96,0,0,96,96
s13,d7,frame_0007.jpg,SUCCESS,96,96,0,0,96,96
s13,d7,frame_0008.jpg,SUCCESS,96,96,0,0,96,96
s13,d7,frame_0009.jpg,SUCCESS,96,96,0,0,96,96
s13,d7,frame_0010.jpg,SUCCESS,96,96,0,0,96,96
s13,d7,frame_0011.jpg,SUCCESS,96,96,0,0,96,96
s13,d7,frame_0012.jpg,SUCCESS,96,96,0,0,96,96
s13,d7,frame_0013.jpg,SUCCESS,96,96,0,0,96,96
s13,d7,frame_0014.jpg,SUCCESS,96,96,0,0,96,96
s13,d7,frame_0015.jpg,SUCCESS,96,96,0,0,96,96
s13,d7,frame_0016.jpg,SUCCESS,96,96,0,0,96,96
s13,d7,frame_0017.jpg,SUCCESS,96,96,0,0,96,96
s13,d7,frame_0018.jpg,SUCCESS,96,96,0,0,96,96
s13,d7,frame_0019.jpg,SUCCESS,96,96,0,0,96,96
s13,d7,frame_0020.jpg,SUCCESS,96,96,0,0,96,96
s13,d7,frame_0021.jpg,SUCCESS,96,96,0,0,96,96
s13,d7,frame_0022.jpg,SUCCESS,96,96,0,0,96,96
s13,d7,frame_0023.jpg,SUCCESS,96,96,0,0,96,96
s13,d7,frame_0024.jpg,SUCCESS,96,96,0,0,96,96
s13,d7,frame_0025.jpg,SUCCESS,96,96,0,0,96,96
s13,d7,frame_0026.jpg,SUCCESS,96,96,0,0,96,96
s13,d7,frame_0027.jpg,SUCCESS,96,96,0,0,96,96
s13,d7,frame_0028.jpg,SUCCESS,96,96,0,0,96,96
s13,d7,frame_0029.jpg,SUCCESS,96,96,0,0,96,96
s13,d7,frame_0030.jpg,SUCCESS,96,96,0,0,96,96
s13,d7,frame_0031.jpg,SUCCESS,96,96,0,0,96,96
s13,d7,frame_0032.jpg,SUCCESS,96,96,0,0,96,96
s13,d7,frame_0033.jpg,SUCCESS,96,96,0,0,96,96
s13,d7,frame_0034.jpg,SUCCESS,96,96,0,0,96,96
s13,d7,frame_0035.jpg,SUCCESS,96,96,0,0,96,96
s13,d7,frame_0036.jpg,SUCCESS,96,96,0,0,96,96
s13,d7,frame_0037.jpg,SUCCESS,96,96,0,0,96,96
s13,d7,frame_0038.jpg,SUCCESS,96,96,0,0,96,96
s13,d7,frame_0039.jpg,SUCCESS,96,96,0,0,96,96
s13,d7,frame_0040.jpg,SUCCESS,96,96,0,0,96,96
s13,d7,frame_0041.jpg,SUCCESS,96,96,0,0,96,96
s13,d7,frame_0042.jpg,SUCCESS,96,96,0,0,96,96
s13,d7,frame_0043.jpg,SUCCESS,96,96,0,0,96,96
s13,d7,frame_0044.jpg,SUCCESS,96,96,0,0,96,96
s13,d7,frame_0045.jpg,SUCCESS,96,96,0,0,96,96
s13,d7,frame_0046.jpg,SUCCESS,96,96,0,0,96,96
s13,d8,frame_0001.jpg,SUCCESS,96,96,0,0,96,96
s13,d8,frame_0002.jpg,SUCCESS,96,96,0,0,96,96
s13,d8,frame_0003.jpg,SUCCESS,96,96,0,0,96,96
s13,d8,frame_0004.jpg,SUCCESS,96,96,0,0,96,96
s13,d8,frame_0005.jpg,SUCCESS,96,96,0,0,96,96
s13,d8,frame_0006.jpg,SUCCESS,96,96,0,0,96,96
s13,d8,frame_0007.jpg,SUCCESS,96,96,0,0,96,96
s13,d8,frame_0008.jpg,SUCCESS,96,96,0,0,96,96
s13,d8,frame_0009.jpg,SUCCESS,96,96,0,0,96,96
s13,d8,frame_0010.jpg,SUCCESS,96,96,0,0,96,96
s13,d8,frame_0011.jpg,SUCCESS,96,96,0,0,96,96
s13,d8,frame_0012.jpg,SUCCESS,96,96,0,0,96,96
s13,d8,frame_0013.jpg,SUCCESS,96,96,0,0,96,96
s13,d8,frame_0014.jpg,SUCCESS,96,96,0,0,96,96
s13,d8,frame_0015.jpg,SUCCESS,96,96,0,0,96,96
s13,d8,frame_0016.jpg,SUCCESS,96,96,0,0,96,96
s13,d8,frame_0017.jpg,SUCCESS,96,96,0,0,96,96
s13,d8,frame_0018.jpg,SUCCESS,96,96,0,0,96,96
s13,d8,frame_0019.jpg,SUCCESS,96,96,0,0,96,96
s13,d8,frame_0020.jpg,SUCCESS,96,96,0,0,96,96
s13,d8,frame_0021.jpg,SUCCESS,96,96,0,0,96,96
s13,d8,frame_0022.jpg,SUCCESS,96,96,0,0,96,96
s13,d8,frame_0023.jpg,SUCCESS,96,96,0,0,96,96
s13,d8,frame_0024.jpg,SUCCESS,96,96,0,0,96,96
s13,d8,frame_0025.jpg,SUCCESS,96,96,0,0,96,96
s13,d8,frame_0026.jpg,SUCCESS,96,96,0,0,96,96
s13,d8,frame_0027.jpg,SUCCESS,96,96,0,0,96,96
s13,d8,frame_0028.jpg,SUCCESS,96,96,0,0,96,96
s13,d8,frame_0029.jpg,SUCCESS,96,96,0,0,96,96
s13,d8,frame_0030.jpg,SUCCESS,96,96,0,0,96,96
s13,d8,frame_0031.jpg,SUCCESS,96,96,0,0,96,96
s13,d8,frame_0032.jpg,SUCCESS,96,96,0,0,96,96
s13,d8,frame_0033.jpg,SUCCESS,96,96,0,0,96,96
s13,d8,frame_0034.jpg,SUCCESS,96,96,0,0,96,96
s13,d8,frame_0035.jpg,SUCCESS,96,96,0,0,96,96
s13,d8,frame_0036.jpg,SUCCESS,96,96,0,0,96,96
s13,d8,frame_0037.jpg,SUCCESS,96,96,0,0,96,96
s13,d8,frame_0038.jpg,SUCCESS,96,96,0,0,96,96
s13,d8,frame_0039.jpg,SUCCESS,96,96,0,0,96,96
s13,d8,frame_0040.jpg,SUCCESS,96,96,0,0,96,96
s13,d8,frame_0041.jpg,SUCCESS,96,96,0,0,96,96
s13,d8,frame_0042.jpg,SUCCESS,96,96,0,0,96,96
s13,d8,frame_0043.jpg,SUCCESS,96,96,0,0,96,96
s13,d8,frame_0044.jpg,SUCCESS,96,96,0,0,96,96
s13,d8,frame_0045.jpg,SUCCESS,96,96,0,0,96,96
s13,d8,frame_0046.jpg,SUCCESS,96,96,0,0,96,96
s13,d8,frame_0047.jpg,SUCCESS,96,96,0,0,96,96
s13,d8,frame_0048.jpg,SUCCESS,96,96,0,0,96,96
s13,d8,frame_0049.jpg,SUCCESS,96,96,0,0,96,96
s13,d8,frame_0050.jpg,SUCCESS,96,96,0,0,96,96
s13,d8,frame_0051.jpg,SUCCESS,96,96,0,0,96,96
s13,d8,frame_0052.jpg,SUCCESS,96,96,0,0,96,96
s13,d8,frame_0053.jpg,SUCCESS,96,96,0,0,96,96
s13,d8,frame_0054.jpg,SUCCESS,96,96,0,0,96,96
s13,d8,frame_0055.jpg,SUCCESS,96,96,0,0,96,96
s13,d8,frame_0056.jpg,SUCCESS,96,96,0,0,96,96
s13,d9,frame_0001.jpg,SUCCESS,96,96,0,0,96,96
s13,d9,frame_0002.jpg,SUCCESS,96,96,0,0,96,96
s13,d9,frame_0003.jpg,SUCCESS,96,96,0,0,96,96
s13,d9,frame_0004.jpg,SUCCESS,96,96,0,0,96,96
s13,d9,frame_0005.jpg,SUCCESS,96,96,0,0,96,96
s13,d9,frame_0006.jpg,SUCCESS,96,96,0,0,96,96
s13,d9,frame_0007.jpg,SUCCESS,96,96,0,0,96,96
s13,d9,frame_0008.jpg,SUCCESS,96,96,0,0,96,96
s13,d9,frame_0009.jpg,SUCCESS,96,96,0,0,96,96
s13,d9,frame_0010.jpg,SUCCESS,96,96,0,0,96,96
s13,d9,frame_0011.jpg,SUCCESS,96,96,0,0,96,96
s13,d9,frame_0012.jpg,SUCCESS,96,96,0,0,96,96
s13,d9,frame_0013.jpg,SUCCESS,96,96,0,0,96,96
s13,d9,frame_0014.jpg,SUCCESS,96,96,0,0,96,96
s13,d9,frame_0015.jpg,SUCCESS,96,96,0,0,96,96
s13,d9,frame_0016.jpg,SUCCESS,96,96,0,0,96,96
s13,d9,frame_0017.jpg,SUCCESS,96,96,0,0,96,96
s13,d9,frame_0018.jpg,SUCCESS,96,96,0,0,96,96
s13,d9,frame_0019.jpg,SUCCESS,96,96,0,0,96,96
s13,d9,frame_0020.jpg,SUCCESS,96,96,0,0,96,96
s13,d9,frame_0021.jpg,SUCCESS,96,96,0,0,96,96
s13,d9,frame_0022.jpg,SUCCESS,96,96,0,0,96,96
s13,d9,frame_0023.jpg,SUCCESS,96,96,0,0,96,96
s13,d9,frame_0024.jpg,SUCCESS,96,96,0,0,96,96
s13,d9,frame_0025.jpg,SUCCESS,96,96,0,0,96,96
s13,d9,frame_0026.jpg,SUCCESS,96,96,0,0,96,96
s13,d9,frame_0027.jpg,SUCCESS,96,96,0,0,96,96
s13,d9,frame_0028.jpg,SUCCESS,96,96,0,0,96,96
s13,d9,frame_0029.jpg,SUCCESS,96,96,0,0,96,96
s13,d9,frame_0030.jpg,SUCCESS,96,96,0,0,96,96
s13,d9,frame_0031.jpg,SUCCESS,96,96,0,0,96,96
s13,d9,frame_0032.jpg,SUCCESS,96,96,0,0,96,96
s13,d9,frame_0033.jpg,SUCCESS,96,96,0,0,96,96
s13,d9,frame_0034.jpg,SUCCESS,96,96,0,0,96,96
s13,d9,frame_0035.jpg,SUCCESS,96,96,0,0,96,96
s13,d9,frame_0036.jpg,SUCCESS,96,96,0,0,96,96
s13,d9,frame_0037.jpg,SUCCESS,96,96,0,0,96,96
s13,d9,frame_0038.jpg,SUCCESS,96,96,0,0,96,96
s13,d9,frame_0039.jpg,SUCCESS,96,96,0,0,96,96
s13,d9,frame_0040.jpg,SUCCESS,96,96,0,0,96,96
s13,d9,frame_0041.jpg,SUCCESS,96,96,0,0,96,96
s13,d9,frame_0042.jpg,SUCCESS,96,96,0,0,96,96
s13,d9,frame_0043.jpg,SUCCESS,96,96,0,0,96,96
s13,d9,frame_0044.jpg,SUCCESS,96,96,0,0,96,96
s13,d9,frame_0045.jpg,SUCCESS,96,96,0,0,96,96
s14,d0,frame_0001.jpg,SUCCESS,96,96,0,0,96,96
s14,d0,frame_0002.jpg,SUCCESS,96,96,0,0,96,96
s14,d0,frame_0003.jpg,SUCCESS,96,96,0,0,96,96
s14,d0,frame_0004.jpg,SUCCESS,96,96,0,0,96,96
s14,d0,frame_0005.jpg,SUCCESS,96,96,0,0,96,96
s14,d0,frame_0006.jpg,SUCCESS,96,96,0,0,96,96
s14,d0,frame_0007.jpg,SUCCESS,96,96,0,0,96,96
s14,d0,frame_0008.jpg,SUCCESS,96,96,0,0,96,96
s14,d0,frame_0009.jpg,SUCCESS,96,96,0,0,96,96
s14,d0,frame_0010.jpg,SUCCESS,96,96,0,0,96,96
s14,d0,frame_0011.jpg,SUCCESS,96,96,0,0,96,96
s14,d0,frame_0012.jpg,SUCCESS,96,96,0,0,96,96
s14,d0,frame_0013.jpg,SUCCESS,96,96,0,0,96,96
s14,d0,frame_0014.jpg,SUCCESS,96,96,0,0,96,96
s14,d0,frame_0015.jpg,SUCCESS,96,96,0,0,96,96
s14,d0,frame_0016.jpg,SUCCESS,96,96,0,0,96,96
s14,d0,frame_0017.jpg,SUCCESS,96,96,0,0,96,96
s14,d0,frame_0018.jpg,SUCCESS,96,96,0,0,96,96
s14,d0,frame_0019.jpg,SUCCESS,96,96,0,0,96,96
s14,d0,frame_0020.jpg,SUCCESS,96,96,0,0,96,96
s14,d0,frame_0021.jpg,SUCCESS,96,96,0,0,96,96
s14,d0,frame_0022.jpg,SUCCESS,96,96,0,0,96,96
s14,d0,frame_0023.jpg,SUCCESS,96,96,0,0,96,96
s14,d0,frame_0024.jpg,SUCCESS,96,96,0,0,96,96
s14,d0,frame_0025.jpg,SUCCESS,96,96,0,0,96,96
s14,d0,frame_0026.jpg,SUCCESS,96,96,0,0,96,96
s14,d0,frame_0027.jpg,SUCCESS,96,96,0,0,96,96
s14,d0,frame_0028.jpg,SUCCESS,96,96,0,0,96,96
s14,d0,frame_0029.jpg,SUCCESS,96,96,0,0,96,96
s14,d0,frame_0030.jpg,SUCCESS,96,96,0,0,96,96
s14,d0,frame_0031.jpg,SUCCESS,96,96,0,0,96,96
s14,d0,frame_0032.jpg,SUCCESS,96,96,0,0,96,96
s14,d1,frame_0001.jpg,SUCCESS,96,96,0,0,96,96
s14,d1,frame_0002.jpg,SUCCESS,96,96,0,0,96,96
s14,d1,frame_0003.jpg,SUCCESS,96,96,0,0,96,96
s14,d1,frame_0004.jpg,SUCCESS,96,96,0,0,96,96
s14,d1,frame_0005.jpg,SUCCESS,96,96,0,0,96,96
s14,d1,frame_0006.jpg,SUCCESS,96,96,0,0,96,96
s14,d1,frame_0007.jpg,SUCCESS,96,96,0,0,96,96
s14,d1,frame_0008.jpg,SUCCESS,96,96,0,0,96,96
s14,d1,frame_0009.jpg,SUCCESS,96,96,0,0,96,96
s14,d1,frame_0010.jpg,SUCCESS,96,96,0,0,96,96
s14,d1,frame_0011.jpg,SUCCESS,96,96,0,0,96,96
s14,d1,frame_0012.jpg,SUCCESS,96,96,0,0,96,96
s14,d1,frame_0013.jpg,SUCCESS,96,96,0,0,96,96
s14,d1,frame_0014.jpg,SUCCESS,96,96,0,0,96,96
s14,d1,frame_0015.jpg,SUCCESS,96,96,0,0,96,96
s14,d1,frame_0016.jpg,SUCCESS,96,96,0,0,96,96
s14,d1,frame_0017.jpg,SUCCESS,96,96,0,0,96,96
s14,d1,frame_0018.jpg,SUCCESS,96,96,0,0,96,96
s14,d1,frame_0019.jpg,SUCCESS,96,96,0,0,96,96
s14,d1,frame_0020.jpg,SUCCESS,96,96,0,0,96,96
s14,d1,frame_0021.jpg,SUCCESS,96,96,0,0,96,96
s14,d1,frame_0022.jpg,SUCCESS,96,96,0,0,96,96
s14,d1,frame_0023.jpg,SUCCESS,96,96,0,0,96,96
s14,d1,frame_0024.jpg,SUCCESS,96,96,0,0,96,96
s14,d1,frame_0025.jpg,SUCCESS,96,96,0,0,96,96
s14,d1,frame_0026.jpg,SUCCESS,96,96,0,0,96,96
s14,d1,frame_0027.jpg,SUCCESS,96,96,0,0,96,96
s14,d1,frame_0028.jpg,SUCCESS,96,96,0,0,96,96
s14,d1,frame_0029.jpg,SUCCESS,96,96,0,0,96,96
s14,d1,frame_0030.jpg,SUCCESS,96,96,0,0,96,96
s14,d10,frame_0001.jpg,SUCCESS,96,96,0,0,96,96
s14,d10,frame_0002.jpg,SUCCESS,96,96,0,0,96,96
s14,d10,frame_0003.jpg,SUCCESS,96,96,0,0,96,96
s14,d10,frame_0004.jpg,SUCCESS,96,96,0,0,96,96
s14,d10,frame_0005.jpg,SUCCESS,96,96,0,0,96,96
s14,d10,frame_0006.jpg,SUCCESS,96,96,0,0,96,96
s14,d10,frame_0007.jpg,SUCCESS,96,96,0,0,96,96
s14,d10,frame_0008.jpg,SUCCESS,96,96,0,0,96,96
s14,d10,frame_0009.jpg,SUCCESS,96,96,0,0,96,96
s14,d10,frame_0010.jpg,SUCCESS,96,96,0,0,96,96
s14,d10,frame_0011.jpg,SUCCESS,96,96,0,0,96,96
s14,d10,frame_0012.jpg,SUCCESS,96,96,0,0,96,96
s14,d10,frame_0013.jpg,SUCCESS,96,96,0,0,96,96
s14,d10,frame_0014.jpg,SUCCESS,96,96,0,0,96,96
s14,d10,frame_0015.jpg,SUCCESS,96,96,0,0,96,96
s14,d10,frame_0016.jpg,SUCCESS,96,96,0,0,96,96
s14,d10,frame_0017.jpg,SUCCESS,96,96,0,0,96,96
s14,d10,frame_0018.jpg,SUCCESS,96,96,0,0,96,96
s14,d10,frame_0019.jpg,SUCCESS,96,96,0,0,96,96
s14,d10,frame_0020.jpg,SUCCESS,96,96,0,0,96,96
s14,d10,frame_0021.jpg,SUCCESS,96,96,0,0,96,96
s14,d10,frame_0022.jpg,SUCCESS,96,96,0,0,96,96
s14,d10,frame_0023.jpg,SUCCESS,96,96,0,0,96,96
s14,d10,frame_0024.jpg,SUCCESS,96,96,0,0,96,96
s14,d10,frame_0025.jpg,SUCCESS,96,96,0,0,96,96
s14,d10,frame_0026.jpg,SUCCESS,96,96,0,0,96,96
s14,d10,frame_0027.jpg,SUCCESS,96,96,0,0,96,96
s14,d10,frame_0028.jpg,SUCCESS,96,96,0,0,96,96
s14,d10,frame_0029.jpg,SUCCESS,96,96,0,0,96,96
s14,d10,frame_0030.jpg,SUCCESS,96,96,0,0,96,96
s14,d10,frame_0031.jpg,SUCCESS,96,96,0,0,96,96
s14,d10,frame_0032.jpg,SUCCESS,96,96,0,0,96,96
s14,d10,frame_0033.jpg,SUCCESS,96,96,0,0,96,96
s14,d10,frame_0034.jpg,SUCCESS,96,96,0,0,96,96
s14,d10,frame_0035.jpg,SUCCESS,96,96,0,0,96,96
s14,d10,frame_0036.jpg,SUCCESS,96,96,0,0,96,96
s14,d10,frame_0037.jpg,SUCCESS,96,96,0,0,96,96
s14,d10,frame_0038.jpg,SUCCESS,96,96,0,0,96,96
s14,d10,frame_0039.jpg,SUCCESS,96,96,0,0,96,96
s14,d10,frame_0040.jpg,SUCCESS,96,96,0,0,96,96
s14,d10,frame_0041.jpg,SUCCESS,96,96,0,0,96,96
s14,d10,frame_0042.jpg,SUCCESS,96,96,0,0,96,96
s14,d10,frame_0043.jpg,SUCCESS,96,96,0,0,96,96
s14,d10,frame_0044.jpg,SUCCESS,96,96,0,0,96,96
s14,d10,frame_0045.jpg,SUCCESS,96,96,0,0,96,96
s14,d10,frame_0046.jpg,SUCCESS,96,96,0,0,96,96
s14,d10,frame_0047.jpg,SUCCESS,96,96,0,0,96,96
s14,d10,frame_0048.jpg,SUCCESS,96,96,0,0,96,96
s14,d10,frame_0049.jpg,SUCCESS,96,96,0,0,96,96
s14,d10,frame_0050.jpg,SUCCESS,96,96,0,0,96,96
s14,d10,frame_0051.jpg,SUCCESS,96,96,0,0,96,96
s14,d10,frame_0052.jpg,SUCCESS,96,96,0,0,96,96
s14,d10,frame_0053.jpg,SUCCESS,96,96,0,0,96,96
s14,d10,frame_0054.jpg,SUCCESS,96,96,0,0,96,96
s14,d10,frame_0055.jpg,SUCCESS,96,96,0,0,96,96
s14,d10,frame_0056.jpg,SUCCESS,96,96,0,0,96,96
s14,d2,frame_0001.jpg,SUCCESS,96,96,0,0,96,96
s14,d2,frame_0002.jpg,SUCCESS,96,96,0,0,96,96
s14,d2,frame_0003.jpg,SUCCESS,96,96,0,0,96,96
s14,d2,frame_0004.jpg,SUCCESS,96,96,0,0,96,96
s14,d2,frame_0005.jpg,SUCCESS,96,96,0,0,96,96
s14,d2,frame_0006.jpg,SUCCESS,96,96,0,0,96,96
s14,d2,frame_0007.jpg,SUCCESS,96,96,0,0,96,96
s14,d2,frame_0008.jpg,SUCCESS,96,96,0,0,96,96
s14,d2,frame_0009.jpg,SUCCESS,96,96,0,0,96,96
s14,d2,frame_0010.jpg,SUCCESS,96,96,0,0,96,96
s14,d2,frame_0011.jpg,SUCCESS,96,96,0,0,96,96
s14,d2,frame_0012.jpg,SUCCESS,96,96,0,0,96,96
s14,d2,frame_0013.jpg,SUCCESS,96,96,0,0,96,96
s14,d2,frame_0014.jpg,SUCCESS,96,96,0,0,96,96
s14,d2,frame_0015.jpg,SUCCESS,96,96,0,0,96,96
s14,d2,frame_0016.jpg,SUCCESS,96,96,0,0,96,96
s14,d2,frame_0017.jpg,SUCCESS,96,96,0,0,96,96
s14,d2,frame_0018.jpg,SUCCESS,96,96,0,0,96,96
s14,d2,frame_0019.jpg,SUCCESS,96,96,0,0,96,96
s14,d2,frame_0020.jpg,SUCCESS,96,96,0,0,96,96
s14,d2,frame_0021.jpg,SUCCESS,96,96,0,0,96,96
s14,d2,frame_0022.jpg,SUCCESS,96,96,0,0,96,96
s14,d2,frame_0023.jpg,SUCCESS,96,96,0,0,96,96
s14,d2,frame_0024.jpg,SUCCESS,96,96,0,0,96,96
s14,d2,frame_0025.jpg,SUCCESS,96,96,0,0,96,96
s14,d2,frame_0026.jpg,SUCCESS,96,96,0,0,96,96
s14,d2,frame_0027.jpg,SUCCESS,96,96,0,0,96,96
s14,d2,frame_0028.jpg,SUCCESS,96,96,0,0,96,96
s14,d2,frame_0029.jpg,SUCCESS,96,96,0,0,96,96
s14,d2,frame_0030.jpg,SUCCESS,96,96,0,0,96,96
s14,d2,frame_0031.jpg,SUCCESS,96,96,0,0,96,96
s14,d2,frame_0032.jpg,SUCCESS,96,96,0,0,96,96
s14,d3,frame_0001.jpg,SUCCESS,96,96,0,0,96,96
s14,d3,frame_0002.jpg,SUCCESS,96,96,0,0,96,96
s14,d3,frame_0003.jpg,SUCCESS,96,96,0,0,96,96
s14,d3,frame_0004.jpg,SUCCESS,96,96,0,0,96,96
s14,d3,frame_0005.jpg,SUCCESS,96,96,0,0,96,96
s14,d3,frame_0006.jpg,SUCCESS,96,96,0,0,96,96
s14,d3,frame_0007.jpg,SUCCESS,96,96,0,0,96,96
s14,d3,frame_0008.jpg,SUCCESS,96,96,0,0,96,96
s14,d3,frame_0009.jpg,SUCCESS,96,96,0,0,96,96
s14,d3,frame_0010.jpg,SUCCESS,96,96,0,0,96,96
s14,d3,frame_0011.jpg,SUCCESS,96,96,0,0,96,96
s14,d3,frame_0012.jpg,SUCCESS,96,96,0,0,96,96
s14,d3,frame_0013.jpg,SUCCESS,96,96,0,0,96,96
s14,d3,frame_0014.jpg,SUCCESS,96,96,0,0,96,96
s14,d3,frame_0015.jpg,SUCCESS,96,96,0,0,96,96
s14,d3,frame_0016.jpg,SUCCESS,96,96,0,0,96,96
s14,d3,frame_0017.jpg,SUCCESS,96,96,0,0,96,96
s14,d3,frame_0018.jpg,SUCCESS,96,96,0,0,96,96
s14,d3,frame_0019.jpg,SUCCESS,96,96,0,0,96,96
s14,d3,frame_0020.jpg,SUCCESS,96,96,0,0,96,96
s14,d3,frame_0021.jpg,SUCCESS,96,96,0,0,96,96
s14,d3,frame_0022.jpg,SUCCESS,96,96,0,0,96,96
s14,d3,frame_0023.jpg,SUCCESS,96,96,0,0,96,96
s14,d3,frame_0024.jpg,SUCCESS,96,96,0,0,96,96
s14,d3,frame_0025.jpg,SUCCESS,96,96,0,0,96,96
s14,d3,frame_0026.jpg,SUCCESS,96,96,0,0,96,96
s14,d3,frame_0027.jpg,SUCCESS,96,96,0,0,96,96
s14,d3,frame_0028.jpg,SUCCESS,96,96,0,0,96,96
s14,d3,frame_0029.jpg,SUCCESS,96,96,0,0,96,96
s14,d3,frame_0030.jpg,SUCCESS,96,96,0,0,96,96
s14,d3,frame_0031.jpg,SUCCESS,96,96,0,0,96,96
s14,d3,frame_0032.jpg,SUCCESS,96,96,0,0,96,96
s14,d3,frame_0033.jpg,SUCCESS,96,96,0,0,96,96
s14,d3,frame_0034.jpg,SUCCESS,96,96,0,0,96,96
s14,d3,frame_0035.jpg,SUCCESS,96,96,0,0,96,96
s14,d3,frame_0036.jpg,SUCCESS,96,96,0,0,96,96
s14,d3,frame_0037.jpg,SUCCESS,96,96,0,0,96,96
s14,d3,frame_0038.jpg,SUCCESS,96,96,0,0,96,96
s14,d3,frame_0039.jpg,SUCCESS,96,96,0,0,96,96
s14,d3,frame_0040.jpg,SUCCESS,96,96,0,0,96,96
s14,d3,frame_0041.jpg,SUCCESS,96,96,0,0,96,96
s14,d3,frame_0042.jpg,SUCCESS,96,96,0,0,96,96
s14,d3,frame_0043.jpg,SUCCESS,96,96,0,0,96,96
s14,d3,frame_0044.jpg,SUCCESS,96,96,0,0,96,96
s14,d3,frame_0045.jpg,SUCCESS,96,96,0,0,96,96
s14,d4,frame_0001.jpg,SUCCESS,96,96,0,0,96,96
s14,d4,frame_0002.jpg,SUCCESS,96,96,0,0,96,96
s14,d4,frame_0003.jpg,SUCCESS,96,96,0,0,96,96
s14,d4,frame_0004.jpg,SUCCESS,96,96,0,0,96,96
s14,d4,frame_0005.jpg,SUCCESS,96,96,0,0,96,96
s14,d4,frame_0006.jpg,SUCCESS,96,96,0,0,96,96
s14,d4,frame_0007.jpg,SUCCESS,96,96,0,0,96,96
s14,d4,frame_0008.jpg,SUCCESS,96,96,0,0,96,96
s14,d4,frame_0009.jpg,SUCCESS,96,96,0,0,96,96
s14,d4,frame_0010.jpg,SUCCESS,96,96,0,0,96,96
s14,d4,frame_0011.jpg,SUCCESS,96,96,0,0,96,96
s14,d4,frame_0012.jpg,SUCCESS,96,96,0,0,96,96
s14,d4,frame_0013.jpg,SUCCESS,96,96,0,0,96,96
s14,d4,frame_0014.jpg,SUCCESS,96,96,0,0,96,96
s14,d4,frame_0015.jpg,SUCCESS,96,96,0,0,96,96
s14,d4,frame_0016.jpg,SUCCESS,96,96,0,0,96,96
s14,d4,frame_0017.jpg,SUCCESS,96,96,0,0,96,96
s14,d4,frame_0018.jpg,SUCCESS,96,96,0,0,96,96
s14,d4,frame_0019.jpg,SUCCESS,96,96,0,0,96,96
s14,d4,frame_0020.jpg,SUCCESS,96,96,0,0,96,96
s14,d4,frame_0021.jpg,SUCCESS,96,96,0,0,96,96
s14,d4,frame_0022.jpg,SUCCESS,96,96,0,0,96,96
s14,d4,frame_0023.jpg,SUCCESS,96,96,0,0,96,96
s14,d4,frame_0024.jpg,SUCCESS,96,96,0,0,96,96
s14,d4,frame_0025.jpg,SUCCESS,96,96,0,0,96,96
s14,d4,frame_0026.jpg,SUCCESS,96,96,0,0,96,96
s14,d4,frame_0027.jpg,SUCCESS,96,96,0,0,96,96
s14,d4,frame_0028.jpg,SUCCESS,96,96,0,0,96,96
s14,d4,frame_0029.jpg,SUCCESS,96,96,0,0,96,96
s14,d4,frame_0030.jpg,SUCCESS,96,96,0,0,96,96
s14,d4,frame_0031.jpg,SUCCESS,96,96,0,0,96,96
s14,d4,frame_0032.jpg,SUCCESS,96,96,0,0,96,96
s14,d4,frame_0033.jpg,SUCCESS,96,96,0,0,96,96
s14,d4,frame_0034.jpg,SUCCESS,96,96,0,0,96,96
s14,d4,frame_0035.jpg,SUCCESS,96,96,0,0,96,96
s14,d4,frame_0036.jpg,SUCCESS,96,96,0,0,96,96
s14,d4,frame_0037.jpg,SUCCESS,96,96,0,0,96,96
s14,d4,frame_0038.jpg,SUCCESS,96,96,0,0,96,96
s14,d4,frame_0039.jpg,SUCCESS,96,96,0,0,96,96
s14,d4,frame_0040.jpg,SUCCESS,96,96,0,0,96,96
s14,d4,frame_0041.jpg,SUCCESS,96,96,0,0,96,96
s14,d4,frame_0042.jpg,SUCCESS,96,96,0,0,96,96
s14,d4,frame_0043.jpg,SUCCESS,96,96,0,0,96,96
s14,d4,frame_0044.jpg,SUCCESS,96,96,0,0,96,96
s14,d4,frame_0045.jpg,SUCCESS,96,96,0,0,96,96
s14,d4,frame_0046.jpg,SUCCESS,96,96,0,0,96,96
s14,d4,frame_0047.jpg,SUCCESS,96,96,0,0,96,96
s14,d4,frame_0048.jpg,SUCCESS,96,96,0,0,96,96
s14,d4,frame_0049.jpg,SUCCESS,96,96,0,0,96,96
s14,d4,frame_0050.jpg,SUCCESS,96,96,0,0,96,96
s14,d5,frame_0001.jpg,SUCCESS,96,96,0,0,96,96
s14,d5,frame_0002.jpg,SUCCESS,96,96,0,0,96,96
s14,d5,frame_0003.jpg,SUCCESS,96,96,0,0,96,96
s14,d5,frame_0004.jpg,SUCCESS,96,96,0,0,96,96
s14,d5,frame_0005.jpg,SUCCESS,96,96,0,0,96,96
s14,d5,frame_0006.jpg,SUCCESS,96,96,0,0,96,96
s14,d5,frame_0007.jpg,SUCCESS,96,96,0,0,96,96
s14,d5,frame_0008.jpg,SUCCESS,96,96,0,0,96,96
s14,d5,frame_0009.jpg,SUCCESS,96,96,0,0,96,96
s14,d5,frame_0010.jpg,SUCCESS,96,96,0,0,96,96
s14,d5,frame_0011.jpg,SUCCESS,96,96,0,0,96,96
s14,d5,frame_0012.jpg,SUCCESS,96,96,0,0,96,96
s14,d5,frame_0013.jpg,SUCCESS,96,96,0,0,96,96
s14,d5,frame_0014.jpg,SUCCESS,96,96,0,0,96,96
s14,d5,frame_0015.jpg,SUCCESS,96,96,0,0,96,96
s14,d5,frame_0016.jpg,SUCCESS,96,96,0,0,96,96
s14,d5,frame_0017.jpg,SUCCESS,96,96,0,0,96,96
s14,d5,frame_0018.jpg,SUCCESS,96,96,0,0,96,96
s14,d5,frame_0019.jpg,SUCCESS,96,96,0,0,96,96
s14,d5,frame_0020.jpg,SUCCESS,96,96,0,0,96,96
s14,d5,frame_0021.jpg,SUCCESS,96,96,0,0,96,96
s14,d5,frame_0022.jpg,SUCCESS,96,96,0,0,96,96
s14,d5,frame_0023.jpg,SUCCESS,96,96,0,0,96,96
s14,d5,frame_0024.jpg,SUCCESS,96,96,0,0,96,96
s14,d5,frame_0025.jpg,SUCCESS,96,96,0,0,96,96
s14,d5,frame_0026.jpg,SUCCESS,96,96,0,0,96,96
s14,d5,frame_0027.jpg,SUCCESS,96,96,0,0,96,96
s14,d5,frame_0028.jpg,SUCCESS,96,96,0,0,96,96
s14,d5,frame_0029.jpg,SUCCESS,96,96,0,0,96,96
s14,d5,frame_0030.jpg,SUCCESS,96,96,0,0,96,96
s14,d5,frame_0031.jpg,SUCCESS,96,96,0,0,96,96
s14,d5,frame_0032.jpg,SUCCESS,96,96,0,0,96,96
s14,d5,frame_0033.jpg,SUCCESS,96,96,0,0,96,96
s14,d5,frame_0034.jpg,SUCCESS,96,96,0,0,96,96
s14,d5,frame_0035.jpg,SUCCESS,96,96,0,0,96,96
s14,d5,frame_0036.jpg,SUCCESS,96,96,0,0,96,96
s14,d5,frame_0037.jpg,SUCCESS,96,96,0,0,96,96
s14,d5,frame_0038.jpg,SUCCESS,96,96,0,0,96,96
s14,d5,frame_0039.jpg,SUCCESS,96,96,0,0,96,96
s14,d5,frame_0040.jpg,SUCCESS,96,96,0,0,96,96
s14,d6,frame_0001.jpg,SUCCESS,96,96,0,0,96,96
s14,d6,frame_0002.jpg,SUCCESS,96,96,0,0,96,96
s14,d6,frame_0003.jpg,SUCCESS,96,96,0,0,96,96
s14,d6,frame_0004.jpg,SUCCESS,96,96,0,0,96,96
s14,d6,frame_0005.jpg,SUCCESS,96,96,0,0,96,96
s14,d6,frame_0006.jpg,SUCCESS,96,96,0,0,96,96
s14,d6,frame_0007.jpg,SUCCESS,96,96,0,0,96,96
s14,d6,frame_0008.jpg,SUCCESS,96,96,0,0,96,96
s14,d6,frame_0009.jpg,SUCCESS,96,96,0,0,96,96
s14,d6,frame_0010.jpg,SUCCESS,96,96,0,0,96,96
s14,d6,frame_0011.jpg,SUCCESS,96,96,0,0,96,96
s14,d6,frame_0012.jpg,SUCCESS,96,96,0,0,96,96
s14,d6,frame_0013.jpg,SUCCESS,96,96,0,0,96,96
s14,d6,frame_0014.jpg,SUCCESS,96,96,0,0,96,96
s14,d6,frame_0015.jpg,SUCCESS,96,96,0,0,96,96
s14,d6,frame_0016.jpg,SUCCESS,96,96,0,0,96,96
s14,d6,frame_0017.jpg,SUCCESS,96,96,0,0,96,96
s14,d6,frame_0018.jpg,SUCCESS,96,96,0,0,96,96
s14,d6,frame_0019.jpg,SUCCESS,96,96,0,0,96,96
s14,d6,frame_0020.jpg,SUCCESS,96,96,0,0,96,96
s14,d6,frame_0021.jpg,SUCCESS,96,96,0,0,96,96
s14,d6,frame_0022.jpg,SUCCESS,96,96,0,0,96,96
s14,d6,frame_0023.jpg,SUCCESS,96,96,0,0,96,96
s14,d6,frame_0024.jpg,SUCCESS,96,96,0,0,96,96
s14,d6,frame_0025.jpg,SUCCESS,96,96,0,0,96,96
s14,d6,frame_0026.jpg,SUCCESS,96,96,0,0,96,96
s14,d6,frame_0027.jpg,SUCCESS,96,96,0,0,96,96
s14,d6,frame_0028.jpg,SUCCESS,96,96,0,0,96,96
s14,d6,frame_0029.jpg,SUCCESS,96,96,0,0,96,96
s14,d6,frame_0030.jpg,SUCCESS,96,96,0,0,96,96
s14,d6,frame_0031.jpg,SUCCESS,96,96,0,0,96,96
s14,d6,frame_0032.jpg,SUCCESS,96,96,0,0,96,96
s14,d6,frame_0033.jpg,SUCCESS,96,96,0,0,96,96
s14,d6,frame_0034.jpg,SUCCESS,96,96,0,0,96,96
s14,d6,frame_0035.jpg,SUCCESS,96,96,0,0,96,96
s14,d6,frame_0036.jpg,SUCCESS,96,96,0,0,96,96
s14,d6,frame_0037.jpg,SUCCESS,96,96,0,0,96,96
s14,d6,frame_0038.jpg,SUCCESS,96,96,0,0,96,96
s14,d6,frame_0039.jpg,SUCCESS,96,96,0,0,96,96
s14,d6,frame_0040.jpg,SUCCESS,96,96,0,0,96,96
s14,d6,frame_0041.jpg,SUCCESS,96,96,0,0,96,96
s14,d6,frame_0042.jpg,SUCCESS,96,96,0,0,96,96
s14,d6,frame_0043.jpg,SUCCESS,96,96,0,0,96,96
s14,d6,frame_0044.jpg,SUCCESS,96,96,0,0,96,96
s14,d6,frame_0045.jpg,SUCCESS,96,96,0,0,96,96
s14,d6,frame_0046.jpg,SUCCESS,96,96,0,0,96,96
s14,d6,frame_0047.jpg,SUCCESS,96,96,0,0,96,96
s14,d6,frame_0048.jpg,SUCCESS,96,96,0,0,96,96
s14,d6,frame_0049.jpg,SUCCESS,96,96,0,0,96,96
s14,d6,frame_0050.jpg,SUCCESS,96,96,0,0,96,96
s14,d6,frame_0051.jpg,SUCCESS,96,96,0,0,96,96
s14,d6,frame_0052.jpg,SUCCESS,96,96,0,0,96,96
s14,d6,frame_0053.jpg,SUCCESS,96,96,0,0,96,96
s14,d6,frame_0054.jpg,SUCCESS,96,96,0,0,96,96
s14,d6,frame_0055.jpg,SUCCESS,96,96,0,0,96,96
s14,d6,frame_0056.jpg,SUCCESS,96,96,0,0,96,96
s14,d7,frame_0001.jpg,SUCCESS,96,96,0,0,96,96
s14,d7,frame_0002.jpg,SUCCESS,96,96,0,0,96,96
s14,d7,frame_0003.jpg,SUCCESS,96,96,0,0,96,96
s14,d7,frame_0004.jpg,SUCCESS,96,96,0,0,96,96
s14,d7,frame_0005.jpg,SUCCESS,96,96,0,0,96,96
s14,d7,frame_0006.jpg,SUCCESS,96,96,0,0,96,96
s14,d7,frame_0007.jpg,SUCCESS,96,96,0,0,96,96
s14,d7,frame_0008.jpg,SUCCESS,96,96,0,0,96,96
s14,d7,frame_0009.jpg,SUCCESS,96,96,0,0,96,96
s14,d7,frame_0010.jpg,SUCCESS,96,96,0,0,96,96
s14,d7,frame_0011.jpg,SUCCESS,96,96,0,0,96,96
s14,d7,frame_0012.jpg,SUCCESS,96,96,0,0,96,96
s14,d7,frame_0013.jpg,SUCCESS,96,96,0,0,96,96
s14,d7,frame_0014.jpg,SUCCESS,96,96,0,0,96,96
s14,d7,frame_0015.jpg,SUCCESS,96,96,0,0,96,96
s14,d7,frame_0016.jpg,SUCCESS,96,96,0,0,96,96
s14,d7,frame_0017.jpg,SUCCESS,96,96,0,0,96,96
s14,d7,frame_0018.jpg,SUCCESS,96,96,0,0,96,96
s14,d7,frame_0019.jpg,SUCCESS,96,96,0,0,96,96
s14,d7,frame_0020.jpg,SUCCESS,96,96,0,0,96,96
s14,d7,frame_0021.jpg,SUCCESS,96,96,0,0,96,96
s14,d7,frame_0022.jpg,SUCCESS,96,96,0,0,96,96
s14,d7,frame_0023.jpg,SUCCESS,96,96,0,0,96,96
s14,d7,frame_0024.jpg,SUCCESS,96,96,0,0,96,96
s14,d7,frame_0025.jpg,SUCCESS,96,96,0,0,96,96
s14,d7,frame_0026.jpg,SUCCESS,96,96,0,0,96,96
s14,d7,frame_0027.jpg,SUCCESS,96,96,0,0,96,96
s14,d7,frame_0028.jpg,SUCCESS,96,96,0,0,96,96
s14,d7,frame_0029.jpg,SUCCESS,96,96,0,0,96,96
s14,d7,frame_0030.jpg,SUCCESS,96,96,0,0,96,96
s14,d7,frame_0031.jpg,SUCCESS,96,96,0,0,96,96
s14,d7,frame_0032.jpg,SUCCESS,96,96,0,0,96,96
s14,d7,frame_0033.jpg,SUCCESS,96,96,0,0,96,96
s14,d7,frame_0034.jpg,SUCCESS,96,96,0,0,96,96
s14,d7,frame_0035.jpg,SUCCESS,96,96,0,0,96,96
s14,d7,frame_0036.jpg,SUCCESS,96,96,0,0,96,96
s14,d7,frame_0037.jpg,SUCCESS,96,96,0,0,96,96
s14,d7,frame_0038.jpg,SUCCESS,96,96,0,0,96,96
s14,d7,frame_0039.jpg,SUCCESS,96,96,0,0,96,96
s14,d7,frame_0040.jpg,SUCCESS,96,96,0,0,96,96
s14,d7,frame_0041.jpg,SUCCESS,96,96,0,0,96,96
s14,d7,frame_0042.jpg,SUCCESS,96,96,0,0,96,96
s14,d8,frame_0001.jpg,SUCCESS,96,96,0,0,96,96
s14,d8,frame_0002.jpg,SUCCESS,96,96,0,0,96,96
s14,d8,frame_0003.jpg,SUCCESS,96,96,0,0,96,96
s14,d8,frame_0004.jpg,SUCCESS,96,96,0,0,96,96
s14,d8,frame_0005.jpg,SUCCESS,96,96,0,0,96,96
s14,d8,frame_0006.jpg,SUCCESS,96,96,0,0,96,96
s14,d8,frame_0007.jpg,SUCCESS,96,96,0,0,96,96
s14,d8,frame_0008.jpg,SUCCESS,96,96,0,0,96,96
s14,d8,frame_0009.jpg,SUCCESS,96,96,0,0,96,96
s14,d8,frame_0010.jpg,SUCCESS,96,96,0,0,96,96
s14,d8,frame_0011.jpg,SUCCESS,96,96,0,0,96,96
s14,d8,frame_0012.jpg,SUCCESS,96,96,0,0,96,96
s14,d8,frame_0013.jpg,SUCCESS,96,96,0,0,96,96
s14,d8,frame_0014.jpg,SUCCESS,96,96,0,0,96,96
s14,d8,frame_0015.jpg,SUCCESS,96,96,0,0,96,96
s14,d8,frame_0016.jpg,SUCCESS,96,96,0,0,96,96
s14,d8,frame_0017.jpg,SUCCESS,96,96,0,0,96,96
s14,d8,frame_0018.jpg,SUCCESS,96,96,0,0,96,96
s14,d8,frame_0019.jpg,SUCCESS,96,96,0,0,96,96
s14,d8,frame_0020.jpg,SUCCESS,96,96,0,0,96,96
s14,d8,frame_0021.jpg,SUCCESS,96,96,0,0,96,96
s14,d8,frame_0022.jpg,SUCCESS,96,96,0,0,96,96
s14,d8,frame_0023.jpg,SUCCESS,96,96,0,0,96,96
s14,d8,frame_0024.jpg,SUCCESS,96,96,0,0,96,96
s14,d8,frame_0025.jpg,SUCCESS,96,96,0,0,96,96
s14,d8,frame_0026.jpg,SUCCESS,96,96,0,0,96,96
s14,d8,frame_0027.jpg,SUCCESS,96,96,0,0,96,96
s14,d8,frame_0028.jpg,SUCCESS,96,96,0,0,96,96
s14,d8,frame_0029.jpg,SUCCESS,96,96,0,0,96,96
s14,d8,frame_0030.jpg,SUCCESS,96,96,0,0,96,96
s14,d8,frame_0031.jpg,SUCCESS,96,96,0,0,96,96
s14,d8,frame_0032.jpg,SUCCESS,96,96,0,0,96,96
s14,d8,frame_0033.jpg,SUCCESS,96,96,0,0,96,96
s14,d8,frame_0034.jpg,SUCCESS,96,96,0,0,96,96
s14,d8,frame_0035.jpg,SUCCESS,96,96,0,0,96,96
s14,d8,frame_0036.jpg,SUCCESS,96,96,0,0,96,96
s14,d8,frame_0037.jpg,SUCCESS,96,96,0,0,96,96
s14,d8,frame_0038.jpg,SUCCESS,96,96,0,0,96,96
s14,d8,frame_0039.jpg,SUCCESS,96,96,0,0,96,96
s14,d8,frame_0040.jpg,SUCCESS,96,96,0,0,96,96
s14,d9,frame_0001.jpg,SUCCESS,96,96,0,0,96,96
s14,d9,frame_0002.jpg,SUCCESS,96,96,0,0,96,96
s14,d9,frame_0003.jpg,SUCCESS,96,96,0,0,96,96
s14,d9,frame_0004.jpg,SUCCESS,96,96,0,0,96,96
s14,d9,frame_0005.jpg,SUCCESS,96,96,0,0,96,96
s14,d9,frame_0006.jpg,SUCCESS,96,96,0,0,96,96
s14,d9,frame_0007.jpg,SUCCESS,96,96,0,0,96,96
s14,d9,frame_0008.jpg,SUCCESS,96,96,0,0,96,96
s14,d9,frame_0009.jpg,SUCCESS,96,96,0,0,96,96
s14,d9,frame_0010.jpg,SUCCESS,96,96,0,0,96,96
s14,d9,frame_0011.jpg,SUCCESS,96,96,0,0,96,96
s14,d9,frame_0012.jpg,SUCCESS,96,96,0,0,96,96
s14,d9,frame_0013.jpg,SUCCESS,96,96,0,0,96,96
s14,d9,frame_0014.jpg,SUCCESS,96,96,0,0,96,96
s14,d9,frame_0015.jpg,SUCCESS,96,96,0,0,96,96
s14,d9,frame_0016.jpg,SUCCESS,96,96,0,0,96,96
s14,d9,frame_0017.jpg,SUCCESS,96,96,0,0,96,96
s14,d9,frame_0018.jpg,SUCCESS,96,96,0,0,96,96
s14,d9,frame_0019.jpg,SUCCESS,96,96,0,0,96,96
s14,d9,frame_0020.jpg,SUCCESS,96,96,0,0,96,96
s14,d9,frame_0021.jpg,SUCCESS,96,96,0,0,96,96
s14,d9,frame_0022.jpg,SUCCESS,96,96,0,0,96,96
s14,d9,frame_0023.jpg,SUCCESS,96,96,0,0,96,96
s14,d9,frame_0024.jpg,SUCCESS,96,96,0,0,96,96
s14,d9,frame_0025.jpg,SUCCESS,96,96,0,0,96,96
s14,d9,frame_0026.jpg,SUCCESS,96,96,0,0,96,96
s14,d9,frame_0027.jpg,SUCCESS,96,96,0,0,96,96
s14,d9,frame_0028.jpg,SUCCESS,96,96,0,0,96,96
s14,d9,frame_0029.jpg,SUCCESS,96,96,0,0,96,96
s14,d9,frame_0030.jpg,SUCCESS,96,96,0,0,96,96
s14,d9,frame_0031.jpg,SUCCESS,96,96,0,0,96,96
s14,d9,frame_0032.jpg,SUCCESS,96,96,0,0,96,96
s14,d9,frame_0033.jpg,SUCCESS,96,96,0,0,96,96
s14,d9,frame_0034.jpg,SUCCESS,96,96,0,0,96,96
s14,d9,frame_0035.jpg,SUCCESS,96,96,0,0,96,96
s14,d9,frame_0036.jpg,SUCCESS,96,96,0,0,96,96
s14,d9,frame_0037.jpg,SUCCESS,96,96,0,0,96,96
s14,d9,frame_0038.jpg,SUCCESS,96,96,0,0,96,96
s14,d9,frame_0039.jpg,SUCCESS,96,96,0,0,96,96
s14,d9,frame_0040.jpg,SUCCESS,96,96,0,0,96,96
s14,d9,frame_0041.jpg,SUCCESS,96,96,0,0,96,96
s14,d9,frame_0042.jpg,SUCCESS,96,96,0,0,96,96
s14,d9,frame_0043.jpg,SUCCESS,96,96,0,0,96,96
s14,d9,frame_0044.jpg,SUCCESS,96,96,0,0,96,96
s14,d9,frame_0045.jpg,SUCCESS,96,96,0,0,96,96
s14,d9,frame_0046.jpg,SUCCESS,96,96,0,0,96,96
s14,d9,frame_0047.jpg,SUCCESS,96,96,0,0,96,96
s14,d9,frame_0048.jpg,SUCCESS,96,96,0,0,96,96
s14,d9,frame_0049.jpg,SUCCESS,96,96,0,0,96,96
s14,d9,frame_0050.jpg,SUCCESS,96,96,0,0,96,96
s14,d9,frame_0051.jpg,SUCCESS,96,96,0,0,96,96
s14,d9,frame_0052.jpg,SUCCESS,96,96,0,0,96,96
s14,d9,frame_0053.jpg,SUCCESS,96,96,0,0,96,96
s14,d9,frame_0054.jpg,SUCCESS,96,96,0,0,96,96
s14,d9,frame_0055.jpg,SUCCESS,96,96,0,0,96,96
s14,d9,frame_0056.jpg,SUCCESS,96,96,0,0,96,96
s14,d9,frame_0057.jpg,SUCCESS,96,96,0,0,96,96
s14,d9,frame_0058.jpg,SUCCESS,96,96,0,0,96,96
s14,d9,frame_0059.jpg,SUCCESS,96,96,0,0,96,96
s14,d9,frame_0060.jpg,SUCCESS,96,96,0,0,96,96
s14,d9,frame_0061.jpg,SUCCESS,96,96,0,0,96,96
s14,d9,frame_0062.jpg,SUCCESS,96,96,0,0,96,96
s14,d9,frame_0063.jpg,SUCCESS,96,96,0,0,96,96
s14,d9,frame_0064.jpg,SUCCESS,96,96,0,0,96,96
s14,d9,frame_0065.jpg,SUCCESS,96,96,0,0,96,96
s14,d9,frame_0066.jpg,SUCCESS,96,96,0,0,96,96
s14,d9,frame_0067.jpg,SUCCESS,96,96,0,0,96,96
s14,d9,frame_0068.jpg,SUCCESS,96,96,0,0,96,96
s15,d0,frame_0001.jpg,SUCCESS,96,96,0,0,96,96
s15,d0,frame_0002.jpg,SUCCESS,96,96,0,0,96,96
s15,d0,frame_0003.jpg,SUCCESS,96,96,0,0,96,96
s15,d0,frame_0004.jpg,SUCCESS,96,96,0,0,96,96
s15,d0,frame_0005.jpg,SUCCESS,96,96,0,0,96,96
s15,d0,frame_0006.jpg,SUCCESS,96,96,0,0,96,96
s15,d0,frame_0007.jpg,SUCCESS,96,96,0,0,96,96
s15,d0,frame_0008.jpg,SUCCESS,96,96,0,0,96,96
s15,d0,frame_0009.jpg,SUCCESS,96,96,0,0,96,96
s15,d0,frame_0010.jpg,SUCCESS,96,96,0,0,96,96
s15,d0,frame_0011.jpg,SUCCESS,96,96,0,0,96,96
s15,d0,frame_0012.jpg,SUCCESS,96,96,0,0,96,96
s15,d0,frame_0013.jpg,SUCCESS,96,96,0,0,96,96
s15,d0,frame_0014.jpg,SUCCESS,96,96,0,0,96,96
s15,d0,frame_0015.jpg,SUCCESS,96,96,0,0,96,96
s15,d0,frame_0016.jpg,SUCCESS,96,96,0,0,96,96
s15,d0,frame_0017.jpg,SUCCESS,96,96,0,0,96,96
s15,d0,frame_0018.jpg,SUCCESS,96,96,0,0,96,96
s15,d0,frame_0019.jpg,SUCCESS,96,96,0,0,96,96
s15,d0,frame_0020.jpg,SUCCESS,96,96,0,0,96,96
s15,d0,frame_0021.jpg,SUCCESS,96,96,0,0,96,96
s15,d0,frame_0022.jpg,SUCCESS,96,96,0,0,96,96
s15,d0,frame_0023.jpg,SUCCESS,96,96,0,0,96,96
s15,d0,frame_0024.jpg,SUCCESS,96,96,0,0,96,96
s15,d0,frame_0025.jpg,SUCCESS,96,96,0,0,96,96
s15,d0,frame_0026.jpg,SUCCESS,96,96,0,0,96,96
s15,d0,frame_0027.jpg,SUCCESS,96,96,0,0,96,96
s15,d0,frame_0028.jpg,SUCCESS,96,96,0,0,96,96
s15,d0,frame_0029.jpg,SUCCESS,96,96,0,0,96,96
s15,d0,frame_0030.jpg,SUCCESS,96,96,0,0,96,96
s15,d0,frame_0031.jpg,SUCCESS,96,96,0,0,96,96
s15,d0,frame_0032.jpg,SUCCESS,96,96,0,0,96,96
s15,d0,frame_0033.jpg,SUCCESS,96,96,0,0,96,96
s15,d0,frame_0034.jpg,SUCCESS,96,96,0,0,96,96
s15,d0,frame_0035.jpg,SUCCESS,96,96,0,0,96,96
s15,d0,frame_0036.jpg,SUCCESS,96,96,0,0,96,96
s15,d0,frame_0037.jpg,SUCCESS,96,96,0,0,96,96
s15,d0,frame_0038.jpg,SUCCESS,96,96,0,0,96,96
s15,d0,frame_0039.jpg,SUCCESS,96,96,0,0,96,96
s15,d0,frame_0040.jpg,SUCCESS,96,96,0,0,96,96
s15,d0,frame_0041.jpg,SUCCESS,96,96,0,0,96,96
s15,d0,frame_0042.jpg,SUCCESS,96,96,0,0,96,96
s15,d0,frame_0043.jpg,SUCCESS,96,96,0,0,96,96
s15,d0,frame_0044.jpg,SUCCESS,96,96,0,0,96,96
s15,d0,frame_0045.jpg,SUCCESS,96,96,0,0,96,96
s15,d0,frame_0046.jpg,SUCCESS,96,96,0,0,96,96
s15,d0,frame_0047.jpg,SUCCESS,96,96,0,0,96,96
s15,d0,frame_0048.jpg,SUCCESS,96,96,0,0,96,96
s15,d0,frame_0049.jpg,SUCCESS,96,96,0,0,96,96
s15,d0,frame_0050.jpg,SUCCESS,96,96,0,0,96,96
s15,d0,frame_0051.jpg,SUCCESS,96,96,0,0,96,96
s15,d0,frame_0052.jpg,SUCCESS,96,96,0,0,96,96
s15,d0,frame_0053.jpg,SUCCESS,96,96,0,0,96,96
s15,d0,frame_0054.jpg,SUCCESS,96,96,0,0,96,96
s15,d0,frame_0055.jpg,SUCCESS,96,96,0,0,96,96
s15,d0,frame_0056.jpg,SUCCESS,96,96,0,0,96,96
s15,d0,frame_0057.jpg,SUCCESS,96,96,0,0,96,96
s15,d0,frame_0058.jpg,SUCCESS,96,96,0,0,96,96
s15,d0,frame_0059.jpg,SUCCESS,96,96,0,0,96,96
s15,d1,frame_0001.jpg,SUCCESS,96,96,0,0,96,96
s15,d1,frame_0002.jpg,SUCCESS,96,96,0,0,96,96
s15,d1,frame_0003.jpg,SUCCESS,96,96,0,0,96,96
s15,d1,frame_0004.jpg,SUCCESS,96,96,0,0,96,96
s15,d1,frame_0005.jpg,SUCCESS,96,96,0,0,96,96
s15,d1,frame_0006.jpg,SUCCESS,96,96,0,0,96,96
s15,d1,frame_0007.jpg,SUCCESS,96,96,0,0,96,96
s15,d1,frame_0008.jpg,SUCCESS,96,96,0,0,96,96
s15,d1,frame_0009.jpg,SUCCESS,96,96,0,0,96,96
s15,d1,frame_0010.jpg,SUCCESS,96,96,0,0,96,96
s15,d1,frame_0011.jpg,SUCCESS,96,96,0,0,96,96
s15,d1,frame_0012.jpg,SUCCESS,96,96,0,0,96,96
s15,d1,frame_0013.jpg,SUCCESS,96,96,0,0,96,96
s15,d1,frame_0014.jpg,SUCCESS,96,96,0,0,96,96
s15,d1,frame_0015.jpg,SUCCESS,96,96,0,0,96,96
s15,d1,frame_0016.jpg,SUCCESS,96,96,0,0,96,96
s15,d1,frame_0017.jpg,SUCCESS,96,96,0,0,96,96
s15,d1,frame_0018.jpg,SUCCESS,96,96,0,0,96,96
s15,d1,frame_0019.jpg,SUCCESS,96,96,0,0,96,96
s15,d1,frame_0020.jpg,SUCCESS,96,96,0,0,96,96
s15,d1,frame_0021.jpg,SUCCESS,96,96,0,0,96,96
s15,d1,frame_0022.jpg,SUCCESS,96,96,0,0,96,96
s15,d1,frame_0023.jpg,SUCCESS,96,96,0,0,96,96
s15,d1,frame_0024.jpg,SUCCESS,96,96,0,0,96,96
s15,d1,frame_0025.jpg,SUCCESS,96,96,0,0,96,96
s15,d1,frame_0026.jpg,SUCCESS,96,96,0,0,96,96
s15,d1,frame_0027.jpg,SUCCESS,96,96,0,0,96,96
s15,d1,frame_0028.jpg,SUCCESS,96,96,0,0,96,96
s15,d1,frame_0029.jpg,SUCCESS,96,96,0,0,96,96
s15,d1,frame_0030.jpg,SUCCESS,96,96,0,0,96,96
s15,d1,frame_0031.jpg,SUCCESS,96,96,0,0,96,96
s15,d1,frame_0032.jpg,SUCCESS,96,96,0,0,96,96
s15,d1,frame_0033.jpg,SUCCESS,96,96,0,0,96,96
s15,d1,frame_0034.jpg,SUCCESS,96,96,0,0,96,96
s15,d1,frame_0035.jpg,SUCCESS,96,96,0,0,96,96
s15,d1,frame_0036.jpg,SUCCESS,96,96,0,0,96,96
s15,d1,frame_0037.jpg,SUCCESS,96,96,0,0,96,96
s15,d1,frame_0038.jpg,SUCCESS,96,96,0,0,96,96
s15,d1,frame_0039.jpg,SUCCESS,96,96,0,0,96,96
s15,d1,frame_0040.jpg,SUCCESS,96,96,0,0,96,96
s15,d1,frame_0041.jpg,SUCCESS,96,96,0,0,96,96
s15,d1,frame_0042.jpg,SUCCESS,96,96,0,0,96,96
s15,d1,frame_0043.jpg,SUCCESS,96,96,0,0,96,96
s15,d1,frame_0044.jpg,SUCCESS,96,96,0,0,96,96
s15,d1,frame_0045.jpg,SUCCESS,96,96,0,0,96,96
s15,d1,frame_0046.jpg,SUCCESS,96,96,0,0,96,96
s15,d1,frame_0047.jpg,SUCCESS,96,96,0,0,96,96
s15,d1,frame_0048.jpg,SUCCESS,96,96,0,0,96,96
s15,d1,frame_0049.jpg,SUCCESS,96,96,0,0,96,96
s15,d1,frame_0050.jpg,SUCCESS,96,96,0,0,96,96
s15,d1,frame_0051.jpg,SUCCESS,96,96,0,0,96,96
s15,d1,frame_0052.jpg,SUCCESS,96,96,0,0,96,96
s15,d1,frame_0053.jpg,SUCCESS,96,96,0,0,96,96
s15,d1,frame_0054.jpg,SUCCESS,96,96,0,0,96,96
s15,d1,frame_0055.jpg,SUCCESS,96,96,0,0,96,96
s15,d1,frame_0056.jpg,SUCCESS,96,96,0,0,96,96
s15,d1,frame_0057.jpg,SUCCESS,96,96,0,0,96,96
s15,d1,frame_0058.jpg,SUCCESS,96,96,0,0,96,96
s15,d1,frame_0059.jpg,SUCCESS,96,96,0,0,96,96
s15,d1,frame_0060.jpg,SUCCESS,96,96,0,0,96,96
s15,d1,frame_0061.jpg,SUCCESS,96,96,0,0,96,96
s15,d1,frame_0062.jpg,SUCCESS,96,96,0,0,96,96
s15,d1,frame_0063.jpg,SUCCESS,96,96,0,0,96,96
s15,d1,frame_0064.jpg,SUCCESS,96,96,0,0,96,96
s15,d1,frame_0065.jpg,SUCCESS,96,96,0,0,96,96
s15,d1,frame_0066.jpg,SUCCESS,96,96,0,0,96,96
s15,d1,frame_0067.jpg,SUCCESS,96,96,0,0,96,96
s15,d1,frame_0068.jpg,SUCCESS,96,96,0,0,96,96
s15,d1,frame_0069.jpg,SUCCESS,96,96,0,0,96,96
s15,d1,frame_0070.jpg,SUCCESS,96,96,0,0,96,96
s15,d1,frame_0071.jpg,SUCCESS,96,96,0,0,96,96
s15,d1,frame_0072.jpg,SUCCESS,96,96,0,0,96,96
s15,d1,frame_0073.jpg,SUCCESS,96,96,0,0,96,96
s15,d1,frame_0074.jpg,SUCCESS,96,96,0,0,96,96
s15,d1,frame_0075.jpg,SUCCESS,96,96,0,0,96,96
s15,d1,frame_0076.jpg,SUCCESS,96,96,0,0,96,96
s15,d1,frame_0077.jpg,SUCCESS,96,96,0,0,96,96
s15,d1,frame_0078.jpg,SUCCESS,96,96,0,0,96,96
s15,d1,frame_0079.jpg,SUCCESS,96,96,0,0,96,96
s15,d1,frame_0080.jpg,SUCCESS,96,96,0,0,96,96
s15,d1,frame_0081.jpg,SUCCESS,96,96,0,0,96,96
s15,d1,frame_0082.jpg,SUCCESS,96,96,0,0,96,96
s15,d1,frame_0083.jpg,SUCCESS,96,96,0,0,96,96
s15,d1,frame_0084.jpg,SUCCESS,96,96,0,0,96,96
s15,d1,frame_0085.jpg,SUCCESS,96,96,0,0,96,96
s15,d1,frame_0086.jpg,SUCCESS,96,96,0,0,96,96
s15,d1,frame_0087.jpg,SUCCESS,96,96,0,0,96,96
s15,d1,frame_0088.jpg,SUCCESS,96,96,0,0,96,96
s15,d1,frame_0089.jpg,SUCCESS,96,96,0,0,96,96
s15,d1,frame_0090.jpg,SUCCESS,96,96,0,0,96,96
s15,d1,frame_0091.jpg,SUCCESS,96,96,0,0,96,96
s15,d1,frame_0092.jpg,SUCCESS,96,96,0,0,96,96
s15,d10,frame_0001.jpg,SUCCESS,96,96,0,0,96,96
s15,d10,frame_0002.jpg,SUCCESS,96,96,0,0,96,96
s15,d10,frame_0003.jpg,SUCCESS,96,96,0,0,96,96
s15,d10,frame_0004.jpg,SUCCESS,96,96,0,0,96,96
s15,d10,frame_0005.jpg,SUCCESS,96,96,0,0,96,96
s15,d10,frame_0006.jpg,SUCCESS,96,96,0,0,96,96
s15,d10,frame_0007.jpg,SUCCESS,96,96,0,0,96,96
s15,d10,frame_0008.jpg,SUCCESS,96,96,0,0,96,96
s15,d10,frame_0009.jpg,SUCCESS,96,96,0,0,96,96
s15,d10,frame_0010.jpg,SUCCESS,96,96,0,0,96,96
s15,d10,frame_0011.jpg,SUCCESS,96,96,0,0,96,96
s15,d10,frame_0012.jpg,SUCCESS,96,96,0,0,96,96
s15,d10,frame_0013.jpg,SUCCESS,96,96,0,0,96,96
s15,d10,frame_0014.jpg,SUCCESS,96,96,0,0,96,96
s15,d10,frame_0015.jpg,SUCCESS,96,96,0,0,96,96
s15,d10,frame_0016.jpg,SUCCESS,96,96,0,0,96,96
s15,d10,frame_0017.jpg,SUCCESS,96,96,0,0,96,96
s15,d10,frame_0018.jpg,SUCCESS,96,96,0,0,96,96
s15,d10,frame_0019.jpg,SUCCESS,96,96,0,0,96,96
s15,d10,frame_0020.jpg,SUCCESS,96,96,0,0,96,96
s15,d10,frame_0021.jpg,SUCCESS,96,96,0,0,96,96
s15,d10,frame_0022.jpg,SUCCESS,96,96,0,0,96,96
s15,d10,frame_0023.jpg,SUCCESS,96,96,0,0,96,96
s15,d10,frame_0024.jpg,SUCCESS,96,96,0,0,96,96
s15,d10,frame_0025.jpg,SUCCESS,96,96,0,0,96,96
s15,d10,frame_0026.jpg,SUCCESS,96,96,0,0,96,96
s15,d10,frame_0027.jpg,SUCCESS,96,96,0,0,96,96
s15,d10,frame_0028.jpg,SUCCESS,96,96,0,0,96,96
s15,d10,frame_0029.jpg,SUCCESS,96,96,0,0,96,96
s15,d10,frame_0030.jpg,SUCCESS,96,96,0,0,96,96
s15,d10,frame_0031.jpg,SUCCESS,96,96,0,0,96,96
s15,d10,frame_0032.jpg,SUCCESS,96,96,0,0,96,96
s15,d10,frame_0033.jpg,SUCCESS,96,96,0,0,96,96
s15,d10,frame_0034.jpg,SUCCESS,96,96,0,0,96,96
s15,d10,frame_0035.jpg,SUCCESS,96,96,0,0,96,96
s15,d10,frame_0036.jpg,SUCCESS,96,96,0,0,96,96
s15,d10,frame_0037.jpg,SUCCESS,96,96,0,0,96,96
s15,d10,frame_0038.jpg,SUCCESS,96,96,0,0,96,96
s15,d10,frame_0039.jpg,SUCCESS,96,96,0,0,96,96
s15,d10,frame_0040.jpg,SUCCESS,96,96,0,0,96,96
s15,d10,frame_0041.jpg,SUCCESS,96,96,0,0,96,96
s15,d10,frame_0042.jpg,SUCCESS,96,96,0,0,96,96
s15,d10,frame_0043.jpg,SUCCESS,96,96,0,0,96,96
s15,d2,frame_0001.jpg,SUCCESS,96,96,0,0,96,96
s15,d2,frame_0002.jpg,SUCCESS,96,96,0,0,96,96
s15,d2,frame_0003.jpg,SUCCESS,96,96,0,0,96,96
s15,d2,frame_0004.jpg,SUCCESS,96,96,0,0,96,96
s15,d2,frame_0005.jpg,SUCCESS,96,96,0,0,96,96
s15,d2,frame_0006.jpg,SUCCESS,96,96,0,0,96,96
s15,d2,frame_0007.jpg,SUCCESS,96,96,0,0,96,96
s15,d2,frame_0008.jpg,SUCCESS,96,96,0,0,96,96
s15,d2,frame_0009.jpg,SUCCESS,96,96,0,0,96,96
s15,d2,frame_0010.jpg,SUCCESS,96,96,0,0,96,96
s15,d2,frame_0011.jpg,SUCCESS,96,96,0,0,96,96
s15,d2,frame_0012.jpg,SUCCESS,96,96,0,0,96,96
s15,d2,frame_0013.jpg,SUCCESS,96,96,0,0,96,96
s15,d2,frame_0014.jpg,SUCCESS,96,96,0,0,96,96
s15,d2,frame_0015.jpg,SUCCESS,96,96,0,0,96,96
s15,d2,frame_0016.jpg,SUCCESS,96,96,0,0,96,96
s15,d2,frame_0017.jpg,SUCCESS,96,96,0,0,96,96
s15,d2,frame_0018.jpg,SUCCESS,96,96,0,0,96,96
s15,d2,frame_0019.jpg,SUCCESS,96,96,0,0,96,96
s15,d2,frame_0020.jpg,SUCCESS,96,96,0,0,96,96
s15,d2,frame_0021.jpg,SUCCESS,96,96,0,0,96,96
s15,d2,frame_0022.jpg,SUCCESS,96,96,0,0,96,96
s15,d2,frame_0023.jpg,SUCCESS,96,96,0,0,96,96
s15,d2,frame_0024.jpg,SUCCESS,96,96,0,0,96,96
s15,d2,frame_0025.jpg,SUCCESS,96,96,0,0,96,96
s15,d2,frame_0026.jpg,SUCCESS,96,96,0,0,96,96
s15,d2,frame_0027.jpg,SUCCESS,96,96,0,0,96,96
s15,d2,frame_0028.jpg,SUCCESS,96,96,0,0,96,96
s15,d2,frame_0029.jpg,SUCCESS,96,96,0,0,96,96
s15,d2,frame_0030.jpg,SUCCESS,96,96,0,0,96,96
s15,d2,frame_0031.jpg,SUCCESS,96,96,0,0,96,96
s15,d2,frame_0032.jpg,SUCCESS,96,96,0,0,96,96
s15,d2,frame_0033.jpg,SUCCESS,96,96,0,0,96,96
s15,d2,frame_0034.jpg,SUCCESS,96,96,0,0,96,96
s15,d2,frame_0035.jpg,SUCCESS,96,96,0,0,96,96
s15,d2,frame_0036.jpg,SUCCESS,96,96,0,0,96,96
s15,d2,frame_0037.jpg,SUCCESS,96,96,0,0,96,96
s15,d2,frame_0038.jpg,SUCCESS,96,96,0,0,96,96
s15,d2,frame_0039.jpg,SUCCESS,96,96,0,0,96,96
s15,d2,frame_0040.jpg,SUCCESS,96,96,0,0,96,96
s15,d2,frame_0041.jpg,SUCCESS,96,96,0,0,96,96
s15,d2,frame_0042.jpg,SUCCESS,96,96,0,0,96,96
s15,d2,frame_0043.jpg,SUCCESS,96,96,0,0,96,96
s15,d2,frame_0044.jpg,SUCCESS,96,96,0,0,96,96
s15,d2,frame_0045.jpg,SUCCESS,96,96,0,0,96,96
s15,d2,frame_0046.jpg,SUCCESS,96,96,0,0,96,96
s15,d2,frame_0047.jpg,SUCCESS,96,96,0,0,96,96
s15,d2,frame_0048.jpg,SUCCESS,96,96,0,0,96,96
s15,d2,frame_0049.jpg,SUCCESS,96,96,0,0,96,96
s15,d2,frame_0050.jpg,SUCCESS,96,96,0,0,96,96
s15,d2,frame_0051.jpg,SUCCESS,96,96,0,0,96,96
s15,d2,frame_0052.jpg,SUCCESS,96,96,0,0,96,96
s15,d2,frame_0053.jpg,SUCCESS,96,96,0,0,96,96
s15,d3,frame_0001.jpg,SUCCESS,96,96,0,0,96,96
s15,d3,frame_0002.jpg,SUCCESS,96,96,0,0,96,96
s15,d3,frame_0003.jpg,SUCCESS,96,96,0,0,96,96
s15,d3,frame_0004.jpg,SUCCESS,96,96,0,0,96,96
s15,d3,frame_0005.jpg,SUCCESS,96,96,0,0,96,96
s15,d3,frame_0006.jpg,SUCCESS,96,96,0,0,96,96
s15,d3,frame_0007.jpg,SUCCESS,96,96,0,0,96,96
s15,d3,frame_0008.jpg,SUCCESS,96,96,0,0,96,96
s15,d3,frame_0009.jpg,SUCCESS,96,96,0,0,96,96
s15,d3,frame_0010.jpg,SUCCESS,96,96,0,0,96,96
s15,d3,frame_0011.jpg,SUCCESS,96,96,0,0,96,96
s15,d3,frame_0012.jpg,SUCCESS,96,96,0,0,96,96
s15,d3,frame_0013.jpg,SUCCESS,96,96,0,0,96,96
s15,d3,frame_0014.jpg,SUCCESS,96,96,0,0,96,96
s15,d3,frame_0015.jpg,SUCCESS,96,96,0,0,96,96
s15,d3,frame_0016.jpg,SUCCESS,96,96,0,0,96,96
s15,d3,frame_0017.jpg,SUCCESS,96,96,0,0,96,96
s15,d3,frame_0018.jpg,SUCCESS,96,96,0,0,96,96
s15,d3,frame_0019.jpg,SUCCESS,96,96,0,0,96,96
s15,d3,frame_0020.jpg,SUCCESS,96,96,0,0,96,96
s15,d3,frame_0021.jpg,SUCCESS,96,96,0,0,96,96
s15,d3,frame_0022.jpg,SUCCESS,96,96,0,0,96,96
s15,d3,frame_0023.jpg,SUCCESS,96,96,0,0,96,96
s15,d3,frame_0024.jpg,SUCCESS,96,96,0,0,96,96
s15,d3,frame_0025.jpg,SUCCESS,96,96,0,0,96,96
s15,d3,frame_0026.jpg,SUCCESS,96,96,0,0,96,96
s15,d3,frame_0027.jpg,SUCCESS,96,96,0,0,96,96
s15,d3,frame_0028.jpg,SUCCESS,96,96,0,0,96,96
s15,d3,frame_0029.jpg,SUCCESS,96,96,0,0,96,96
s15,d3,frame_0030.jpg,SUCCESS,96,96,0,0,96,96
s15,d3,frame_0031.jpg,SUCCESS,96,96,0,0,96,96
s15,d3,frame_0032.jpg,SUCCESS,96,96,0,0,96,96
s15,d3,frame_0033.jpg,SUCCESS,96,96,0,0,96,96
s15,d3,frame_0034.jpg,SUCCESS,96,96,0,0,96,96
s15,d3,frame_0035.jpg,SUCCESS,96,96,0,0,96,96
s15,d3,frame_0036.jpg,SUCCESS,96,96,0,0,96,96
s15,d3,frame_0037.jpg,SUCCESS,96,96,0,0,96,96
s15,d3,frame_0038.jpg,SUCCESS,96,96,0,0,96,96
s15,d4,frame_0001.jpg,SUCCESS,96,96,0,0,96,96
s15,d4,frame_0002.jpg,SUCCESS,96,96,0,0,96,96
s15,d4,frame_0003.jpg,SUCCESS,96,96,0,0,96,96
s15,d4,frame_0004.jpg,SUCCESS,96,96,0,0,96,96
s15,d4,frame_0005.jpg,SUCCESS,96,96,0,0,96,96
s15,d4,frame_0006.jpg,SUCCESS,96,96,0,0,96,96
s15,d4,frame_0007.jpg,SUCCESS,96,96,0,0,96,96
s15,d4,frame_0008.jpg,SUCCESS,96,96,0,0,96,96
s15,d4,frame_0009.jpg,SUCCESS,96,96,0,0,96,96
s15,d4,frame_0010.jpg,SUCCESS,96,96,0,0,96,96
s15,d4,frame_0011.jpg,SUCCESS,96,96,0,0,96,96
s15,d4,frame_0012.jpg,SUCCESS,96,96,0,0,96,96
s15,d4,frame_0013.jpg,SUCCESS,96,96,0,0,96,96
s15,d4,frame_0014.jpg,SUCCESS,96,96,0,0,96,96
s15,d4,frame_0015.jpg,SUCCESS,96,96,0,0,96,96
s15,d4,frame_0016.jpg,SUCCESS,96,96,0,0,96,96
s15,d4,frame_0017.jpg,SUCCESS,96,96,0,0,96,96
s15,d4,frame_0018.jpg,SUCCESS,96,96,0,0,96,96
s15,d4,frame_0019.jpg,SUCCESS,96,96,0,0,96,96
s15,d4,frame_0020.jpg,SUCCESS,96,96,0,0,96,96
s15,d4,frame_0021.jpg,SUCCESS,96,96,0,0,96,96
s15,d4,frame_0022.jpg,SUCCESS,96,96,0,0,96,96
s15,d4,frame_0023.jpg,SUCCESS,96,96,0,0,96,96
s15,d4,frame_0024.jpg,SUCCESS,96,96,0,0,96,96
s15,d4,frame_0025.jpg,SUCCESS,96,96,0,0,96,96
s15,d4,frame_0026.jpg,SUCCESS,96,96,0,0,96,96
s15,d4,frame_0027.jpg,SUCCESS,96,96,0,0,96,96
s15,d4,frame_0028.jpg,SUCCESS,96,96,0,0,96,96
s15,d4,frame_0029.jpg,SUCCESS,96,96,0,0,96,96
s15,d4,frame_0030.jpg,SUCCESS,96,96,0,0,96,96
s15,d4,frame_0031.jpg,SUCCESS,96,96,0,0,96,96
s15,d4,frame_0032.jpg,SUCCESS,96,96,0,0,96,96
s15,d4,frame_0033.jpg,SUCCESS,96,96,0,0,96,96
s15,d4,frame_0034.jpg,SUCCESS,96,96,0,0,96,96
s15,d4,frame_0035.jpg,SUCCESS,96,96,0,0,96,96
s15,d4,frame_0036.jpg,SUCCESS,96,96,0,0,96,96
s15,d4,frame_0037.jpg,SUCCESS,96,96,0,0,96,96
s15,d4,frame_0038.jpg,SUCCESS,96,96,0,0,96,96
s15,d4,frame_0039.jpg,SUCCESS,96,96,0,0,96,96
s15,d4,frame_0040.jpg,SUCCESS,96,96,0,0,96,96
s15,d4,frame_0041.jpg,SUCCESS,96,96,0,0,96,96
s15,d4,frame_0042.jpg,SUCCESS,96,96,0,0,96,96
s15,d4,frame_0043.jpg,SUCCESS,96,96,0,0,96,96
s15,d4,frame_0044.jpg,SUCCESS,96,96,0,0,96,96
s15,d4,frame_0045.jpg,SUCCESS,96,96,0,0,96,96
s15,d4,frame_0046.jpg,SUCCESS,96,96,0,0,96,96
s15,d4,frame_0047.jpg,SUCCESS,96,96,0,0,96,96
s15,d4,frame_0048.jpg,SUCCESS,96,96,0,0,96,96
s15,d4,frame_0049.jpg,SUCCESS,96,96,0,0,96,96
s15,d4,frame_0050.jpg,SUCCESS,96,96,0,0,96,96
s15,d4,frame_0051.jpg,SUCCESS,96,96,0,0,96,96
s15,d4,frame_0052.jpg,SUCCESS,96,96,0,0,96,96
s15,d4,frame_0053.jpg,SUCCESS,96,96,0,0,96,96
s15,d4,frame_0054.jpg,SUCCESS,96,96,0,0,96,96
s15,d4,frame_0055.jpg,SUCCESS,96,96,0,0,96,96
s15,d4,frame_0056.jpg,SUCCESS,96,96,0,0,96,96
s15,d5,frame_0001.jpg,SUCCESS,96,96,0,0,96,96
s15,d5,frame_0002.jpg,SUCCESS,96,96,0,0,96,96
s15,d5,frame_0003.jpg,SUCCESS,96,96,0,0,96,96
s15,d5,frame_0004.jpg,SUCCESS,96,96,0,0,96,96
s15,d5,frame_0005.jpg,SUCCESS,96,96,0,0,96,96
s15,d5,frame_0006.jpg,SUCCESS,96,96,0,0,96,96
s15,d5,frame_0007.jpg,SUCCESS,96,96,0,0,96,96
s15,d5,frame_0008.jpg,SUCCESS,96,96,0,0,96,96
s15,d5,frame_0009.jpg,SUCCESS,96,96,0,0,96,96
s15,d5,frame_0010.jpg,SUCCESS,96,96,0,0,96,96
s15,d5,frame_0011.jpg,SUCCESS,96,96,0,0,96,96
s15,d5,frame_0012.jpg,SUCCESS,96,96,0,0,96,96
s15,d5,frame_0013.jpg,SUCCESS,96,96,0,0,96,96
s15,d5,frame_0014.jpg,SUCCESS,96,96,0,0,96,96
s15,d5,frame_0015.jpg,SUCCESS,96,96,0,0,96,96
s15,d5,frame_0016.jpg,SUCCESS,96,96,0,0,96,96
s15,d5,frame_0017.jpg,SUCCESS,96,96,0,0,96,96
s15,d5,frame_0018.jpg,SUCCESS,96,96,0,0,96,96
s15,d5,frame_0019.jpg,SUCCESS,96,96,0,0,96,96
s15,d5,frame_0020.jpg,SUCCESS,96,96,0,0,96,96
s15,d5,frame_0021.jpg,SUCCESS,96,96,0,0,96,96
s15,d5,frame_0022.jpg,SUCCESS,96,96,0,0,96,96
s15,d5,frame_0023.jpg,SUCCESS,96,96,0,0,96,96
s15,d5,frame_0024.jpg,SUCCESS,96,96,0,0,96,96
s15,d5,frame_0025.jpg,SUCCESS,96,96,0,0,96,96
s15,d5,frame_0026.jpg,SUCCESS,96,96,0,0,96,96
s15,d5,frame_0027.jpg,SUCCESS,96,96,0,0,96,96
s15,d5,frame_0028.jpg,SUCCESS,96,96,0,0,96,96
s15,d5,frame_0029.jpg,SUCCESS,96,96,0,0,96,96
s15,d5,frame_0030.jpg,SUCCESS,96,96,0,0,96,96
s15,d5,frame_0031.jpg,SUCCESS,96,96,0,0,96,96
s15,d5,frame_0032.jpg,SUCCESS,96,96,0,0,96,96
s15,d5,frame_0033.jpg,SUCCESS,96,96,0,0,96,96
s15,d5,frame_0034.jpg,SUCCESS,96,96,0,0,96,96
s15,d5,frame_0035.jpg,SUCCESS,96,96,0,0,96,96
s15,d5,frame_0036.jpg,SUCCESS,96,96,0,0,96,96
s15,d5,frame_0037.jpg,SUCCESS,96,96,0,0,96,96
s15,d5,frame_0038.jpg,SUCCESS,96,96,0,0,96,96
s15,d5,frame_0039.jpg,SUCCESS,96,96,0,0,96,96
s15,d5,frame_0040.jpg,SUCCESS,96,96,0,0,96,96
s15,d5,frame_0041.jpg,SUCCESS,96,96,0,0,96,96
s15,d5,frame_0042.jpg,SUCCESS,96,96,0,0,96,96
s15,d5,frame_0043.jpg,SUCCESS,96,96,0,0,96,96
s15,d5,frame_0044.jpg,SUCCESS,96,96,0,0,96,96
s15,d5,frame_0045.jpg,SUCCESS,96,96,0,0,96,96
s15,d5,frame_0046.jpg,SUCCESS,96,96,0,0,96,96
s15,d5,frame_0047.jpg,SUCCESS,96,96,0,0,96,96
s15,d5,frame_0048.jpg,SUCCESS,96,96,0,0,96,96
s15,d5,frame_0049.jpg,SUCCESS,96,96,0,0,96,96
s15,d5,frame_0050.jpg,SUCCESS,96,96,0,0,96,96
s15,d5,frame_0051.jpg,SUCCESS,96,96,0,0,96,96
s15,d5,frame_0052.jpg,SUCCESS,96,96,0,0,96,96
s15,d5,frame_0053.jpg,SUCCESS,96,96,0,0,96,96
s15,d6,frame_0001.jpg,SUCCESS,96,96,0,0,96,96
s15,d6,frame_0002.jpg,SUCCESS,96,96,0,0,96,96
s15,d6,frame_0003.jpg,SUCCESS,96,96,0,0,96,96
s15,d6,frame_0004.jpg,SUCCESS,96,96,0,0,96,96
s15,d6,frame_0005.jpg,SUCCESS,96,96,0,0,96,96
s15,d6,frame_0006.jpg,SUCCESS,96,96,0,0,96,96
s15,d6,frame_0007.jpg,SUCCESS,96,96,0,0,96,96
s15,d6,frame_0008.jpg,SUCCESS,96,96,0,0,96,96
s15,d6,frame_0009.jpg,SUCCESS,96,96,0,0,96,96
s15,d6,frame_0010.jpg,SUCCESS,96,96,0,0,96,96
s15,d6,frame_0011.jpg,SUCCESS,96,96,0,0,96,96
s15,d6,frame_0012.jpg,SUCCESS,96,96,0,0,96,96
s15,d6,frame_0013.jpg,SUCCESS,96,96,0,0,96,96
s15,d6,frame_0014.jpg,SUCCESS,96,96,0,0,96,96
s15,d6,frame_0015.jpg,SUCCESS,96,96,0,0,96,96
s15,d6,frame_0016.jpg,SUCCESS,96,96,0,0,96,96
s15,d6,frame_0017.jpg,SUCCESS,96,96,0,0,96,96
s15,d6,frame_0018.jpg,SUCCESS,96,96,0,0,96,96
s15,d6,frame_0019.jpg,SUCCESS,96,96,0,0,96,96
s15,d6,frame_0020.jpg,SUCCESS,96,96,0,0,96,96
s15,d6,frame_0021.jpg,SUCCESS,96,96,0,0,96,96
s15,d6,frame_0022.jpg,SUCCESS,96,96,0,0,96,96
s15,d6,frame_0023.jpg,SUCCESS,96,96,0,0,96,96
s15,d6,frame_0024.jpg,SUCCESS,96,96,0,0,96,96
s15,d6,frame_0025.jpg,SUCCESS,96,96,0,0,96,96
s15,d6,frame_0026.jpg,SUCCESS,96,96,0,0,96,96
s15,d6,frame_0027.jpg,SUCCESS,96,96,0,0,96,96
s15,d6,frame_0028.jpg,SUCCESS,96,96,0,0,96,96
s15,d6,frame_0029.jpg,SUCCESS,96,96,0,0,96,96
s15,d6,frame_0030.jpg,SUCCESS,96,96,0,0,96,96
s15,d6,frame_0031.jpg,SUCCESS,96,96,0,0,96,96
s15,d6,frame_0032.jpg,SUCCESS,96,96,0,0,96,96
s15,d6,frame_0033.jpg,SUCCESS,96,96,0,0,96,96
s15,d6,frame_0034.jpg,SUCCESS,96,96,0,0,96,96
s15,d6,frame_0035.jpg,SUCCESS,96,96,0,0,96,96
s15,d6,frame_0036.jpg,SUCCESS,96,96,0,0,96,96
s15,d6,frame_0037.jpg,SUCCESS,96,96,0,0,96,96
s15,d6,frame_0038.jpg,SUCCESS,96,96,0,0,96,96
s15,d6,frame_0039.jpg,SUCCESS,96,96,0,0,96,96
s15,d6,frame_0040.jpg,SUCCESS,96,96,0,0,96,96
s15,d6,frame_0041.jpg,SUCCESS,96,96,0,0,96,96
s15,d6,frame_0042.jpg,SUCCESS,96,96,0,0,96,96
s15,d6,frame_0043.jpg,SUCCESS,96,96,0,0,96,96
s15,d6,frame_0044.jpg,SUCCESS,96,96,0,0,96,96
s15,d6,frame_0045.jpg,SUCCESS,96,96,0,0,96,96
s15,d6,frame_0046.jpg,SUCCESS,96,96,0,0,96,96
s15,d6,frame_0047.jpg,SUCCESS,96,96,0,0,96,96
s15,d6,frame_0048.jpg,SUCCESS,96,96,0,0,96,96
s15,d6,frame_0049.jpg,SUCCESS,96,96,0,0,96,96
s15,d6,frame_0050.jpg,SUCCESS,96,96,0,0,96,96
s15,d6,frame_0051.jpg,SUCCESS,96,96,0,0,96,96
s15,d6,frame_0052.jpg,SUCCESS,96,96,0,0,96,96
s15,d6,frame_0053.jpg,SUCCESS,96,96,0,0,96,96
s15,d6,frame_0054.jpg,SUCCESS,96,96,0,0,96,96
s15,d6,frame_0055.jpg,SUCCESS,96,96,0,0,96,96
s15,d6,frame_0056.jpg,SUCCESS,96,96,0,0,96,96
s15,d6,frame_0057.jpg,SUCCESS,96,96,0,0,96,96
s15,d6,frame_0058.jpg,SUCCESS,96,96,0,0,96,96
s15,d6,frame_0059.jpg,SUCCESS,96,96,0,0,96,96
s15,d6,frame_0060.jpg,SUCCESS,96,96,0,0,96,96
s15,d6,frame_0061.jpg,SUCCESS,96,96,0,0,96,96
s15,d6,frame_0062.jpg,SUCCESS,96,96,0,0,96,96
s15,d6,frame_0063.jpg,SUCCESS,96,96,0,0,96,96
s15,d6,frame_0064.jpg,SUCCESS,96,96,0,0,96,96
s15,d6,frame_0065.jpg,SUCCESS,96,96,0,0,96,96
s15,d6,frame_0066.jpg,SUCCESS,96,96,0,0,96,96
s15,d6,frame_0067.jpg,SUCCESS,96,96,0,0,96,96
s15,d6,frame_0068.jpg,SUCCESS,96,96,0,0,96,96
s15,d6,frame_0069.jpg,SUCCESS,96,96,0,0,96,96
s15,d6,frame_0070.jpg,SUCCESS,96,96,0,0,96,96
s15,d6,frame_0071.jpg,SUCCESS,96,96,0,0,96,96
s15,d6,frame_0072.jpg,SUCCESS,96,96,0,0,96,96
s15,d6,frame_0073.jpg,SUCCESS,96,96,0,0,96,96
s15,d6,frame_0074.jpg,SUCCESS,96,96,0,0,96,96
s15,d6,frame_0075.jpg,SUCCESS,96,96,0,0,96,96
s15,d6,frame_0076.jpg,SUCCESS,96,96,0,0,96,96
s15,d6,frame_0077.jpg,SUCCESS,96,96,0,0,96,96
s15,d6,frame_0078.jpg,SUCCESS,96,96,0,0,96,96
s15,d6,frame_0079.jpg,SUCCESS,96,96,0,0,96,96
s15,d6,frame_0080.jpg,SUCCESS,96,96,0,0,96,96
s15,d6,frame_0081.jpg,SUCCESS,96,96,0,0,96,96
s15,d6,frame_0082.jpg,SUCCESS,96,96,0,0,96,96
s15,d6,frame_0083.jpg,SUCCESS,96,96,0,0,96,96
s15,d6,frame_0084.jpg,SUCCESS,96,96,0,0,96,96
s15,d6,frame_0085.jpg,SUCCESS,96,96,0,0,96,96
s15,d7,frame_0001.jpg,SUCCESS,96,96,0,0,96,96
s15,d7,frame_0002.jpg,SUCCESS,96,96,0,0,96,96
s15,d7,frame_0003.jpg,SUCCESS,96,96,0,0,96,96
s15,d7,frame_0004.jpg,SUCCESS,96,96,0,0,96,96
s15,d7,frame_0005.jpg,SUCCESS,96,96,0,0,96,96
s15,d7,frame_0006.jpg,SUCCESS,96,96,0,0,96,96
s15,d7,frame_0007.jpg,SUCCESS,96,96,0,0,96,96
s15,d7,frame_0008.jpg,SUCCESS,96,96,0,0,96,96
s15,d7,frame_0009.jpg,SUCCESS,96,96,0,0,96,96
s15,d7,frame_0010.jpg,SUCCESS,96,96,0,0,96,96
s15,d7,frame_0011.jpg,SUCCESS,96,96,0,0,96,96
s15,d7,frame_0012.jpg,SUCCESS,96,96,0,0,96,96
s15,d7,frame_0013.jpg,SUCCESS,96,96,0,0,96,96
s15,d7,frame_0014.jpg,SUCCESS,96,96,0,0,96,96
s15,d7,frame_0015.jpg,SUCCESS,96,96,0,0,96,96
s15,d7,frame_0016.jpg,SUCCESS,96,96,0,0,96,96
s15,d7,frame_0017.jpg,SUCCESS,96,96,0,0,96,96
s15,d7,frame_0018.jpg,SUCCESS,96,96,0,0,96,96
s15,d7,frame_0019.jpg,SUCCESS,96,96,0,0,96,96
s15,d7,frame_0020.jpg,SUCCESS,96,96,0,0,96,96
s15,d7,frame_0021.jpg,SUCCESS,96,96,0,0,96,96
s15,d7,frame_0022.jpg,SUCCESS,96,96,0,0,96,96
s15,d7,frame_0023.jpg,SUCCESS,96,96,0,0,96,96
s15,d7,frame_0024.jpg,SUCCESS,96,96,0,0,96,96
s15,d7,frame_0025.jpg,SUCCESS,96,96,0,0,96,96
s15,d7,frame_0026.jpg,SUCCESS,96,96,0,0,96,96
s15,d7,frame_0027.jpg,SUCCESS,96,96,0,0,96,96
s15,d7,frame_0028.jpg,SUCCESS,96,96,0,0,96,96
s15,d7,frame_0029.jpg,SUCCESS,96,96,0,0,96,96
s15,d7,frame_0030.jpg,SUCCESS,96,96,0,0,96,96
s15,d7,frame_0031.jpg,SUCCESS,96,96,0,0,96,96
s15,d7,frame_0032.jpg,SUCCESS,96,96,0,0,96,96
s15,d7,frame_0033.jpg,SUCCESS,96,96,0,0,96,96
s15,d7,frame_0034.jpg,SUCCESS,96,96,0,0,96,96
s15,d7,frame_0035.jpg,SUCCESS,96,96,0,0,96,96
s15,d7,frame_0036.jpg,SUCCESS,96,96,0,0,96,96
s15,d7,frame_0037.jpg,SUCCESS,96,96,0,0,96,96
s15,d7,frame_0038.jpg,SUCCESS,96,96,0,0,96,96
s15,d7,frame_0039.jpg,SUCCESS,96,96,0,0,96,96
s15,d7,frame_0040.jpg,SUCCESS,96,96,0,0,96,96
s15,d7,frame_0041.jpg,SUCCESS,96,96,0,0,96,96
s15,d7,frame_0042.jpg,SUCCESS,96,96,0,0,96,96
s15,d7,frame_0043.jpg,SUCCESS,96,96,0,0,96,96
s15,d7,frame_0044.jpg,SUCCESS,96,96,0,0,96,96
s15,d7,frame_0045.jpg,SUCCESS,96,96,0,0,96,96
s15,d7,frame_0046.jpg,SUCCESS,96,96,0,0,96,96
s15,d7,frame_0047.jpg,SUCCESS,96,96,0,0,96,96
s15,d7,frame_0048.jpg,SUCCESS,96,96,0,0,96,96
s15,d7,frame_0049.jpg,SUCCESS,96,96,0,0,96,96
s15,d7,frame_0050.jpg,SUCCESS,96,96,0,0,96,96
s15,d7,frame_0051.jpg,SUCCESS,96,96,0,0,96,96
s15,d7,frame_0052.jpg,SUCCESS,96,96,0,0,96,96
s15,d7,frame_0053.jpg,SUCCESS,96,96,0,0,96,96
s15,d7,frame_0054.jpg,SUCCESS,96,96,0,0,96,96
s15,d7,frame_0055.jpg,SUCCESS,96,96,0,0,96,96
s15,d8,frame_0001.jpg,SUCCESS,96,96,0,0,96,96
s15,d8,frame_0002.jpg,SUCCESS,96,96,0,0,96,96
s15,d8,frame_0003.jpg,SUCCESS,96,96,0,0,96,96
s15,d8,frame_0004.jpg,SUCCESS,96,96,0,0,96,96
s15,d8,frame_0005.jpg,SUCCESS,96,96,0,0,96,96
s15,d8,frame_0006.jpg,SUCCESS,96,96,0,0,96,96
s15,d8,frame_0007.jpg,SUCCESS,96,96,0,0,96,96
s15,d8,frame_0008.jpg,SUCCESS,96,96,0,0,96,96
s15,d8,frame_0009.jpg,SUCCESS,96,96,0,0,96,96
s15,d8,frame_0010.jpg,SUCCESS,96,96,0,0,96,96
s15,d8,frame_0011.jpg,SUCCESS,96,96,0,0,96,96
s15,d8,frame_0012.jpg,SUCCESS,96,96,0,0,96,96
s15,d8,frame_0013.jpg,SUCCESS,96,96,0,0,96,96
s15,d8,frame_0014.jpg,SUCCESS,96,96,0,0,96,96
s15,d8,frame_0015.jpg,SUCCESS,96,96,0,0,96,96
s15,d8,frame_0016.jpg,SUCCESS,96,96,0,0,96,96
s15,d8,frame_0017.jpg,SUCCESS,96,96,0,0,96,96
s15,d8,frame_0018.jpg,SUCCESS,96,96,0,0,96,96
s15,d8,frame_0019.jpg,SUCCESS,96,96,0,0,96,96
s15,d8,frame_0020.jpg,SUCCESS,96,96,0,0,96,96
s15,d8,frame_0021.jpg,SUCCESS,96,96,0,0,96,96
s15,d8,frame_0022.jpg,SUCCESS,96,96,0,0,96,96
s15,d8,frame_0023.jpg,SUCCESS,96,96,0,0,96,96
s15,d8,frame_0024.jpg,SUCCESS,96,96,0,0,96,96
s15,d8,frame_0025.jpg,SUCCESS,96,96,0,0,96,96
s15,d8,frame_0026.jpg,SUCCESS,96,96,0,0,96,96
s15,d8,frame_0027.jpg,SUCCESS,96,96,0,0,96,96
s15,d8,frame_0028.jpg,SUCCESS,96,96,0,0,96,96
s15,d8,frame_0029.jpg,SUCCESS,96,96,0,0,96,96
s15,d8,frame_0030.jpg,SUCCESS,96,96,0,0,96,96
s15,d8,frame_0031.jpg,SUCCESS,96,96,0,0,96,96
s15,d8,frame_0032.jpg,SUCCESS,96,96,0,0,96,96
s15,d8,frame_0033.jpg,SUCCESS,96,96,0,0,96,96
s15,d8,frame_0034.jpg,SUCCESS,96,96,0,0,96,96
s15,d8,frame_0035.jpg,SUCCESS,96,96,0,0,96,96
s15,d8,frame_0036.jpg,SUCCESS,96,96,0,0,96,96
s15,d8,frame_0037.jpg,SUCCESS,96,96,0,0,96,96
s15,d8,frame_0038.jpg,SUCCESS,96,96,0,0,96,96
s15,d8,frame_0039.jpg,SUCCESS,96,96,0,0,96,96
s15,d8,frame_0040.jpg,SUCCESS,96,96,0,0,96,96
s15,d8,frame_0041.jpg,SUCCESS,96,96,0,0,96,96
s15,d8,frame_0042.jpg,SUCCESS,96,96,0,0,96,96
s15,d8,frame_0043.jpg,SUCCESS,96,96,0,0,96,96
s15,d8,frame_0044.jpg,SUCCESS,96,96,0,0,96,96
s15,d8,frame_0045.jpg,SUCCESS,96,96,0,0,96,96
s15,d8,frame_0046.jpg,SUCCESS,96,96,0,0,96,96
s15,d8,frame_0047.jpg,SUCCESS,96,96,0,0,96,96
s15,d8,frame_0048.jpg,SUCCESS,96,96,0,0,96,96
s15,d8,frame_0049.jpg,SUCCESS,96,96,0,0,96,96
s15,d8,frame_0050.jpg,SUCCESS,96,96,0,0,96,96
s15,d8,frame_0051.jpg,SUCCESS,96,96,0,0,96,96
s15,d8,frame_0052.jpg,SUCCESS,96,96,0,0,96,96
s15,d8,frame_0053.jpg,SUCCESS,96,96,0,0,96,96
s15,d8,frame_0054.jpg,SUCCESS,96,96,0,0,96,96
s15,d8,frame_0055.jpg,SUCCESS,96,96,0,0,96,96
s15,d9,frame_0001.jpg,SUCCESS,96,96,0,0,96,96
s15,d9,frame_0002.jpg,SUCCESS,96,96,0,0,96,96
s15,d9,frame_0003.jpg,SUCCESS,96,96,0,0,96,96
s15,d9,frame_0004.jpg,SUCCESS,96,96,0,0,96,96
s15,d9,frame_0005.jpg,SUCCESS,96,96,0,0,96,96
s15,d9,frame_0006.jpg,SUCCESS,96,96,0,0,96,96
s15,d9,frame_0007.jpg,SUCCESS,96,96,0,0,96,96
s15,d9,frame_0008.jpg,SUCCESS,96,96,0,0,96,96
s15,d9,frame_0009.jpg,SUCCESS,96,96,0,0,96,96
s15,d9,frame_0010.jpg,SUCCESS,96,96,0,0,96,96
s15,d9,frame_0011.jpg,SUCCESS,96,96,0,0,96,96
s15,d9,frame_0012.jpg,SUCCESS,96,96,0,0,96,96
s15,d9,frame_0013.jpg,SUCCESS,96,96,0,0,96,96
s15,d9,frame_0014.jpg,SUCCESS,96,96,0,0,96,96
s15,d9,frame_0015.jpg,SUCCESS,96,96,0,0,96,96
s15,d9,frame_0016.jpg,SUCCESS,96,96,0,0,96,96
s15,d9,frame_0017.jpg,SUCCESS,96,96,0,0,96,96
s15,d9,frame_0018.jpg,SUCCESS,96,96,0,0,96,96
s15,d9,frame_0019.jpg,SUCCESS,96,96,0,0,96,96
s15,d9,frame_0020.jpg,SUCCESS,96,96,0,0,96,96
s15,d9,frame_0021.jpg,SUCCESS,96,96,0,0,96,96
s15,d9,frame_0022.jpg,SUCCESS,96,96,0,0,96,96
s15,d9,frame_0023.jpg,SUCCESS,96,96,0,0,96,96
s15,d9,frame_0024.jpg,SUCCESS,96,96,0,0,96,96
s15,d9,frame_0025.jpg,SUCCESS,96,96,0,0,96,96
s15,d9,frame_0026.jpg,SUCCESS,96,96,0,0,96,96
s15,d9,frame_0027.jpg,SUCCESS,96,96,0,0,96,96
s15,d9,frame_0028.jpg,SUCCESS,96,96,0,0,96,96
s15,d9,frame_0029.jpg,SUCCESS,96,96,0,0,96,96
s15,d9,frame_0030.jpg,SUCCESS,96,96,0,0,96,96
s15,d9,frame_0031.jpg,SUCCESS,96,96,0,0,96,96
s15,d9,frame_0032.jpg,SUCCESS,96,96,0,0,96,96
s15,d9,frame_0033.jpg,SUCCESS,96,96,0,0,96,96
s15,d9,frame_0034.jpg,SUCCESS,96,96,0,0,96,96
s15,d9,frame_0035.jpg,SUCCESS,96,96,0,0,96,96
s15,d9,frame_0036.jpg,SUCCESS,96,96,0,0,96,96
s15,d9,frame_0037.jpg,SUCCESS,96,96,0,0,96,96
s15,d9,frame_0038.jpg,SUCCESS,96,96,0,0,96,96
s15,d9,frame_0039.jpg,SUCCESS,96,96,0,0,96,96
s15,d9,frame_0040.jpg,SUCCESS,96,96,0,0,96,96
s15,d9,frame_0041.jpg,SUCCESS,96,96,0,0,96,96
s15,d9,frame_0042.jpg,SUCCESS,96,96,0,0,96,96
s15,d9,frame_0043.jpg,SUCCESS,96,96,0,0,96,96
s15,d9,frame_0044.jpg,SUCCESS,96,96,0,0,96,96
s15,d9,frame_0045.jpg,SUCCESS,96,96,0,0,96,96
s15,d9,frame_0046.jpg,SUCCESS,96,96,0,0,96,96
s15,d9,frame_0047.jpg,SUCCESS,96,96,0,0,96,96
s15,d9,frame_0048.jpg,SUCCESS,96,96,0,0,96,96
s15,d9,frame_0049.jpg,SUCCESS,96,96,0,0,96,96
s15,d9,frame_0050.jpg,SUCCESS,96,96,0,0,96,96
s15,d9,frame_0051.jpg,SUCCESS,96,96,0,0,96,96
s15,d9,frame_0052.jpg,SUCCESS,96,96,0,0,96,96
s15,d9,frame_0053.jpg,SUCCESS,96,96,0,0,96,96
s16,d0,frame_0001.jpg,SUCCESS,96,96,0,0,96,96
s16,d0,frame_0002.jpg,SUCCESS,96,96,0,0,96,96
s16,d0,frame_0003.jpg,SUCCESS,96,96,0,0,96,96
s16,d0,frame_0004.jpg,SUCCESS,96,96,0,0,96,96
s16,d0,frame_0005.jpg,SUCCESS,96,96,0,0,96,96
s16,d0,frame_0006.jpg,SUCCESS,96,96,0,0,96,96
s16,d0,frame_0007.jpg,SUCCESS,96,96,0,0,96,96
s16,d0,frame_0008.jpg,SUCCESS,96,96,0,0,96,96
s16,d0,frame_0009.jpg,SUCCESS,96,96,0,0,96,96
s16,d0,frame_0010.jpg,SUCCESS,96,96,0,0,96,96
s16,d0,frame_0011.jpg,SUCCESS,96,96,0,0,96,96
s16,d0,frame_0012.jpg,SUCCESS,96,96,0,0,96,96
s16,d0,frame_0013.jpg,SUCCESS,96,96,0,0,96,96
s16,d0,frame_0014.jpg,SUCCESS,96,96,0,0,96,96
s16,d0,frame_0015.jpg,SUCCESS,96,96,0,0,96,96
s16,d0,frame_0016.jpg,SUCCESS,96,96,0,0,96,96
s16,d0,frame_0017.jpg,SUCCESS,96,96,0,0,96,96
s16,d0,frame_0018.jpg,SUCCESS,96,96,0,0,96,96
s16,d0,frame_0019.jpg,SUCCESS,96,96,0,0,96,96
s16,d0,frame_0020.jpg,SUCCESS,96,96,0,0,96,96
s16,d0,frame_0021.jpg,SUCCESS,96,96,0,0,96,96
s16,d0,frame_0022.jpg,SUCCESS,96,96,0,0,96,96
s16,d0,frame_0023.jpg,SUCCESS,96,96,0,0,96,96
s16,d0,frame_0024.jpg,SUCCESS,96,96,0,0,96,96
s16,d0,frame_0025.jpg,SUCCESS,96,96,0,0,96,96
s16,d0,frame_0026.jpg,SUCCESS,96,96,0,0,96,96
s16,d0,frame_0027.jpg,SUCCESS,96,96,0,0,96,96
s16,d0,frame_0028.jpg,SUCCESS,96,96,0,0,96,96
s16,d0,frame_0029.jpg,SUCCESS,96,96,0,0,96,96
s16,d0,frame_0030.jpg,SUCCESS,96,96,0,0,96,96
s16,d0,frame_0031.jpg,SUCCESS,96,96,0,0,96,96
s16,d0,frame_0032.jpg,SUCCESS,96,96,0,0,96,96
s16,d0,frame_0033.jpg,SUCCESS,96,96,0,0,96,96
s16,d0,frame_0034.jpg,SUCCESS,96,96,0,0,96,96
s16,d0,frame_0035.jpg,SUCCESS,96,96,0,0,96,96
s16,d0,frame_0036.jpg,SUCCESS,96,96,0,0,96,96
s16,d0,frame_0037.jpg,SUCCESS,96,96,0,0,96,96
s16,d0,frame_0038.jpg,SUCCESS,96,96,0,0,96,96
s16,d0,frame_0039.jpg,SUCCESS,96,96,0,0,96,96
s16,d0,frame_0040.jpg,SUCCESS,96,96,0,0,96,96
s16,d0,frame_0041.jpg,SUCCESS,96,96,0,0,96,96
s16,d0,frame_0042.jpg,SUCCESS,96,96,0,0,96,96
s16,d0,frame_0043.jpg,SUCCESS,96,96,0,0,96,96
s16,d0,frame_0044.jpg,SUCCESS,96,96,0,0,96,96
s16,d0,frame_0045.jpg,SUCCESS,96,96,0,0,96,96
s16,d0,frame_0046.jpg,SUCCESS,96,96,0,0,96,96
s16,d0,frame_0047.jpg,SUCCESS,96,96,0,0,96,96
s16,d0,frame_0048.jpg,SUCCESS,96,96,0,0,96,96
s16,d0,frame_0049.jpg,SUCCESS,96,96,0,0,96,96
s16,d0,frame_0050.jpg,SUCCESS,96,96,0,0,96,96
s16,d0,frame_0051.jpg,SUCCESS,96,96,0,0,96,96
s16,d1,frame_0001.jpg,SUCCESS,96,96,0,0,96,96
s16,d1,frame_0002.jpg,SUCCESS,96,96,0,0,96,96
s16,d1,frame_0003.jpg,SUCCESS,96,96,0,0,96,96
s16,d1,frame_0004.jpg,SUCCESS,96,96,0,0,96,96
s16,d1,frame_0005.jpg,SUCCESS,96,96,0,0,96,96
s16,d1,frame_0006.jpg,SUCCESS,96,96,0,0,96,96
s16,d1,frame_0007.jpg,SUCCESS,96,96,0,0,96,96
s16,d1,frame_0008.jpg,SUCCESS,96,96,0,0,96,96
s16,d1,frame_0009.jpg,SUCCESS,96,96,0,0,96,96
s16,d1,frame_0010.jpg,SUCCESS,96,96,0,0,96,96
s16,d1,frame_0011.jpg,SUCCESS,96,96,0,0,96,96
s16,d1,frame_0012.jpg,SUCCESS,96,96,0,0,96,96
s16,d1,frame_0013.jpg,SUCCESS,96,96,0,0,96,96
s16,d1,frame_0014.jpg,SUCCESS,96,96,0,0,96,96
s16,d1,frame_0015.jpg,SUCCESS,96,96,0,0,96,96
s16,d1,frame_0016.jpg,SUCCESS,96,96,0,0,96,96
s16,d1,frame_0017.jpg,SUCCESS,96,96,0,0,96,96
s16,d1,frame_0018.jpg,SUCCESS,96,96,0,0,96,96
s16,d1,frame_0019.jpg,SUCCESS,96,96,0,0,96,96
s16,d1,frame_0020.jpg,SUCCESS,96,96,0,0,96,96
s16,d1,frame_0021.jpg,SUCCESS,96,96,0,0,96,96
s16,d1,frame_0022.jpg,SUCCESS,96,96,0,0,96,96
s16,d1,frame_0023.jpg,SUCCESS,96,96,0,0,96,96
s16,d1,frame_0024.jpg,SUCCESS,96,96,0,0,96,96
s16,d1,frame_0025.jpg,SUCCESS,96,96,0,0,96,96
s16,d1,frame_0026.jpg,SUCCESS,96,96,0,0,96,96
s16,d1,frame_0027.jpg,SUCCESS,96,96,0,0,96,96
s16,d1,frame_0028.jpg,SUCCESS,96,96,0,0,96,96
s16,d1,frame_0029.jpg,SUCCESS,96,96,0,0,96,96
s16,d1,frame_0030.jpg,SUCCESS,96,96,0,0,96,96
s16,d1,frame_0031.jpg,SUCCESS,96,96,0,0,96,96
s16,d1,frame_0032.jpg,SUCCESS,96,96,0,0,96,96
s16,d1,frame_0033.jpg,SUCCESS,96,96,0,0,96,96
s16,d1,frame_0034.jpg,SUCCESS,96,96,0,0,96,96
s16,d1,frame_0035.jpg,SUCCESS,96,96,0,0,96,96
s16,d1,frame_0036.jpg,SUCCESS,96,96,0,0,96,96
s16,d1,frame_0037.jpg,SUCCESS,96,96,0,0,96,96
s16,d1,frame_0038.jpg,SUCCESS,96,96,0,0,96,96
s16,d1,frame_0039.jpg,SUCCESS,96,96,0,0,96,96
s16,d1,frame_0040.jpg,SUCCESS,96,96,0,0,96,96
s16,d1,frame_0041.jpg,SUCCESS,96,96,0,0,96,96
s16,d1,frame_0042.jpg,SUCCESS,96,96,0,0,96,96
s16,d1,frame_0043.jpg,SUCCESS,96,96,0,0,96,96
s16,d1,frame_0044.jpg,SUCCESS,96,96,0,0,96,96
s16,d1,frame_0045.jpg,SUCCESS,96,96,0,0,96,96
s16,d1,frame_0046.jpg,SUCCESS,96,96,0,0,96,96
s16,d1,frame_0047.jpg,SUCCESS,96,96,0,0,96,96
s16,d1,frame_0048.jpg,SUCCESS,96,96,0,0,96,96
s16,d1,frame_0049.jpg,SUCCESS,96,96,0,0,96,96
s16,d1,frame_0050.jpg,SUCCESS,96,96,0,0,96,96
s16,d1,frame_0051.jpg,SUCCESS,96,96,0,0,96,96
s16,d1,frame_0052.jpg,SUCCESS,96,96,0,0,96,96
s16,d1,frame_0053.jpg,SUCCESS,96,96,0,0,96,96
s16,d1,frame_0054.jpg,SUCCESS,96,96,0,0,96,96
s16,d1,frame_0055.jpg,SUCCESS,96,96,0,0,96,96
s16,d1,frame_0056.jpg,SUCCESS,96,96,0,0,96,96
s16,d1,frame_0057.jpg,SUCCESS,96,96,0,0,96,96
s16,d1,frame_0058.jpg,SUCCESS,96,96,0,0,96,96
s16,d1,frame_0059.jpg,SUCCESS,96,96,0,0,96,96
s16,d10,frame_0001.jpg,SUCCESS,96,96,0,0,96,96
s16,d10,frame_0002.jpg,SUCCESS,96,96,0,0,96,96
s16,d10,frame_0003.jpg,SUCCESS,96,96,0,0,96,96
s16,d10,frame_0004.jpg,SUCCESS,96,96,0,0,96,96
s16,d10,frame_0005.jpg,SUCCESS,96,96,0,0,96,96
s16,d10,frame_0006.jpg,SUCCESS,96,96,0,0,96,96
s16,d10,frame_0007.jpg,SUCCESS,96,96,0,0,96,96
s16,d10,frame_0008.jpg,SUCCESS,96,96,0,0,96,96
s16,d10,frame_0009.jpg,SUCCESS,96,96,0,0,96,96
s16,d10,frame_0010.jpg,SUCCESS,96,96,0,0,96,96
s16,d10,frame_0011.jpg,SUCCESS,96,96,0,0,96,96
s16,d10,frame_0012.jpg,SUCCESS,96,96,0,0,96,96
s16,d10,frame_0013.jpg,SUCCESS,96,96,0,0,96,96
s16,d10,frame_0014.jpg,SUCCESS,96,96,0,0,96,96
s16,d10,frame_0015.jpg,SUCCESS,96,96,0,0,96,96
s16,d10,frame_0016.jpg,SUCCESS,96,96,0,0,96,96
s16,d10,frame_0017.jpg,SUCCESS,96,96,0,0,96,96
s16,d10,frame_0018.jpg,SUCCESS,96,96,0,0,96,96
s16,d10,frame_0019.jpg,SUCCESS,96,96,0,0,96,96
s16,d10,frame_0020.jpg,SUCCESS,96,96,0,0,96,96
s16,d10,frame_0021.jpg,SUCCESS,96,96,0,0,96,96
s16,d10,frame_0022.jpg,SUCCESS,96,96,0,0,96,96
s16,d10,frame_0023.jpg,SUCCESS,96,96,0,0,96,96
s16,d10,frame_0024.jpg,SUCCESS,96,96,0,0,96,96
s16,d10,frame_0025.jpg,SUCCESS,96,96,0,0,96,96
s16,d10,frame_0026.jpg,SUCCESS,96,96,0,0,96,96
s16,d10,frame_0027.jpg,SUCCESS,96,96,0,0,96,96
s16,d10,frame_0028.jpg,SUCCESS,96,96,0,0,96,96
s16,d10,frame_0029.jpg,SUCCESS,96,96,0,0,96,96
s16,d10,frame_0030.jpg,SUCCESS,96,96,0,0,96,96
s16,d10,frame_0031.jpg,SUCCESS,96,96,0,0,96,96
s16,d10,frame_0032.jpg,SUCCESS,96,96,0,0,96,96
s16,d10,frame_0033.jpg,SUCCESS,96,96,0,0,96,96
s16,d10,frame_0034.jpg,SUCCESS,96,96,0,0,96,96
s16,d10,frame_0035.jpg,SUCCESS,96,96,0,0,96,96
s16,d10,frame_0036.jpg,SUCCESS,96,96,0,0,96,96
s16,d10,frame_0037.jpg,SUCCESS,96,96,0,0,96,96
s16,d10,frame_0038.jpg,SUCCESS,96,96,0,0,96,96
s16,d10,frame_0039.jpg,SUCCESS,96,96,0,0,96,96
s16,d10,frame_0040.jpg,SUCCESS,96,96,0,0,96,96
s16,d10,frame_0041.jpg,SUCCESS,96,96,0,0,96,96
s16,d10,frame_0042.jpg,SUCCESS,96,96,0,0,96,96
s16,d10,frame_0043.jpg,SUCCESS,96,96,0,0,96,96
s16,d10,frame_0044.jpg,SUCCESS,96,96,0,0,96,96
s16,d10,frame_0045.jpg,SUCCESS,96,96,0,0,96,96
s16,d10,frame_0046.jpg,SUCCESS,96,96,0,0,96,96
s16,d10,frame_0047.jpg,SUCCESS,96,96,0,0,96,96
s16,d10,frame_0048.jpg,SUCCESS,96,96,0,0,96,96
s16,d10,frame_0049.jpg,SUCCESS,96,96,0,0,96,96
s16,d10,frame_0050.jpg,SUCCESS,96,96,0,0,96,96
s16,d10,frame_0051.jpg,SUCCESS,96,96,0,0,96,96
s16,d10,frame_0052.jpg,SUCCESS,96,96,0,0,96,96
s16,d2,frame_0001.jpg,SUCCESS,96,96,0,0,96,96
s16,d2,frame_0002.jpg,SUCCESS,96,96,0,0,96,96
s16,d2,frame_0003.jpg,SUCCESS,96,96,0,0,96,96
s16,d2,frame_0004.jpg,SUCCESS,96,96,0,0,96,96
s16,d2,frame_0005.jpg,SUCCESS,96,96,0,0,96,96
s16,d2,frame_0006.jpg,SUCCESS,96,96,0,0,96,96
s16,d2,frame_0007.jpg,SUCCESS,96,96,0,0,96,96
s16,d2,frame_0008.jpg,SUCCESS,96,96,0,0,96,96
s16,d2,frame_0009.jpg,SUCCESS,96,96,0,0,96,96
s16,d2,frame_0010.jpg,SUCCESS,96,96,0,0,96,96
s16,d2,frame_0011.jpg,SUCCESS,96,96,0,0,96,96
s16,d2,frame_0012.jpg,SUCCESS,96,96,0,0,96,96
s16,d2,frame_0013.jpg,SUCCESS,96,96,0,0,96,96
s16,d2,frame_0014.jpg,SUCCESS,96,96,0,0,96,96
s16,d2,frame_0015.jpg,SUCCESS,96,96,0,0,96,96
s16,d2,frame_0016.jpg,SUCCESS,96,96,0,0,96,96
s16,d2,frame_0017.jpg,SUCCESS,96,96,0,0,96,96
s16,d2,frame_0018.jpg,SUCCESS,96,96,0,0,96,96
s16,d2,frame_0019.jpg,SUCCESS,96,96,0,0,96,96
s16,d2,frame_0020.jpg,SUCCESS,96,96,0,0,96,96
s16,d2,frame_0021.jpg,SUCCESS,96,96,0,0,96,96
s16,d2,frame_0022.jpg,SUCCESS,96,96,0,0,96,96
s16,d2,frame_0023.jpg,SUCCESS,96,96,0,0,96,96
s16,d2,frame_0024.jpg,SUCCESS,96,96,0,0,96,96
s16,d2,frame_0025.jpg,SUCCESS,96,96,0,0,96,96
s16,d2,frame_0026.jpg,SUCCESS,96,96,0,0,96,96
s16,d2,frame_0027.jpg,SUCCESS,96,96,0,0,96,96
s16,d2,frame_0028.jpg,SUCCESS,96,96,0,0,96,96
s16,d2,frame_0029.jpg,SUCCESS,96,96,0,0,96,96
s16,d2,frame_0030.jpg,SUCCESS,96,96,0,0,96,96
s16,d2,frame_0031.jpg,SUCCESS,96,96,0,0,96,96
s16,d2,frame_0032.jpg,SUCCESS,96,96,0,0,96,96
s16,d2,frame_0033.jpg,SUCCESS,96,96,0,0,96,96
s16,d2,frame_0034.jpg,SUCCESS,96,96,0,0,96,96
s16,d2,frame_0035.jpg,SUCCESS,96,96,0,0,96,96
s16,d2,frame_0036.jpg,SUCCESS,96,96,0,0,96,96
s16,d2,frame_0037.jpg,SUCCESS,96,96,0,0,96,96
s16,d2,frame_0038.jpg,SUCCESS,96,96,0,0,96,96
s16,d2,frame_0039.jpg,SUCCESS,96,96,0,0,96,96
s16,d2,frame_0040.jpg,SUCCESS,96,96,0,0,96,96
s16,d2,frame_0041.jpg,SUCCESS,96,96,0,0,96,96
s16,d2,frame_0042.jpg,SUCCESS,96,96,0,0,96,96
s16,d2,frame_0043.jpg,SUCCESS,96,96,0,0,96,96
s16,d2,frame_0044.jpg,SUCCESS,96,96,0,0,96,96
s16,d2,frame_0045.jpg,SUCCESS,96,96,0,0,96,96
s16,d2,frame_0046.jpg,SUCCESS,96,96,0,0,96,96
s16,d2,frame_0047.jpg,SUCCESS,96,96,0,0,96,96
s16,d3,frame_0001.jpg,SUCCESS,96,96,0,0,96,96
s16,d3,frame_0002.jpg,SUCCESS,96,96,0,0,96,96
s16,d3,frame_0003.jpg,SUCCESS,96,96,0,0,96,96
s16,d3,frame_0004.jpg,SUCCESS,96,96,0,0,96,96
s16,d3,frame_0005.jpg,SUCCESS,96,96,0,0,96,96
s16,d3,frame_0006.jpg,SUCCESS,96,96,0,0,96,96
s16,d3,frame_0007.jpg,SUCCESS,96,96,0,0,96,96
s16,d3,frame_0008.jpg,SUCCESS,96,96,0,0,96,96
s16,d3,frame_0009.jpg,SUCCESS,96,96,0,0,96,96
s16,d3,frame_0010.jpg,SUCCESS,96,96,0,0,96,96
s16,d3,frame_0011.jpg,SUCCESS,96,96,0,0,96,96
s16,d3,frame_0012.jpg,SUCCESS,96,96,0,0,96,96
s16,d3,frame_0013.jpg,SUCCESS,96,96,0,0,96,96
s16,d3,frame_0014.jpg,SUCCESS,96,96,0,0,96,96
s16,d3,frame_0015.jpg,SUCCESS,96,96,0,0,96,96
s16,d3,frame_0016.jpg,SUCCESS,96,96,0,0,96,96
s16,d3,frame_0017.jpg,SUCCESS,96,96,0,0,96,96
s16,d3,frame_0018.jpg,SUCCESS,96,96,0,0,96,96
s16,d3,frame_0019.jpg,SUCCESS,96,96,0,0,96,96
s16,d3,frame_0020.jpg,SUCCESS,96,96,0,0,96,96
s16,d3,frame_0021.jpg,SUCCESS,96,96,0,0,96,96
s16,d3,frame_0022.jpg,SUCCESS,96,96,0,0,96,96
s16,d3,frame_0023.jpg,SUCCESS,96,96,0,0,96,96
s16,d3,frame_0024.jpg,SUCCESS,96,96,0,0,96,96
s16,d3,frame_0025.jpg,SUCCESS,96,96,0,0,96,96
s16,d3,frame_0026.jpg,SUCCESS,96,96,0,0,96,96
s16,d3,frame_0027.jpg,SUCCESS,96,96,0,0,96,96
s16,d3,frame_0028.jpg,SUCCESS,96,96,0,0,96,96
s16,d3,frame_0029.jpg,SUCCESS,96,96,0,0,96,96
s16,d3,frame_0030.jpg,SUCCESS,96,96,0,0,96,96
s16,d3,frame_0031.jpg,SUCCESS,96,96,0,0,96,96
s16,d3,frame_0032.jpg,SUCCESS,96,96,0,0,96,96
s16,d3,frame_0033.jpg,SUCCESS,96,96,0,0,96,96
s16,d3,frame_0034.jpg,SUCCESS,96,96,0,0,96,96
s16,d3,frame_0035.jpg,SUCCESS,96,96,0,0,96,96
s16,d3,frame_0036.jpg,SUCCESS,96,96,0,0,96,96
s16,d3,frame_0037.jpg,SUCCESS,96,96,0,0,96,96
s16,d3,frame_0038.jpg,SUCCESS,96,96,0,0,96,96
s16,d3,frame_0039.jpg,SUCCESS,96,96,0,0,96,96
s16,d3,frame_0040.jpg,SUCCESS,96,96,0,0,96,96
s16,d3,frame_0041.jpg,SUCCESS,96,96,0,0,96,96
s16,d3,frame_0042.jpg,SUCCESS,96,96,0,0,96,96
s16,d3,frame_0043.jpg,SUCCESS,96,96,0,0,96,96
s16,d3,frame_0044.jpg,SUCCESS,96,96,0,0,96,96
s16,d3,frame_0045.jpg,SUCCESS,96,96,0,0,96,96
s16,d4,frame_0001.jpg,SUCCESS,96,96,0,0,96,96
s16,d4,frame_0002.jpg,SUCCESS,96,96,0,0,96,96
s16,d4,frame_0003.jpg,SUCCESS,96,96,0,0,96,96
s16,d4,frame_0004.jpg,SUCCESS,96,96,0,0,96,96
s16,d4,frame_0005.jpg,SUCCESS,96,96,0,0,96,96
s16,d4,frame_0006.jpg,SUCCESS,96,96,0,0,96,96
s16,d4,frame_0007.jpg,SUCCESS,96,96,0,0,96,96
s16,d4,frame_0008.jpg,SUCCESS,96,96,0,0,96,96
s16,d4,frame_0009.jpg,SUCCESS,96,96,0,0,96,96
s16,d4,frame_0010.jpg,SUCCESS,96,96,0,0,96,96
s16,d4,frame_0011.jpg,SUCCESS,96,96,0,0,96,96
s16,d4,frame_0012.jpg,SUCCESS,96,96,0,0,96,96
s16,d4,frame_0013.jpg,SUCCESS,96,96,0,0,96,96
s16,d4,frame_0014.jpg,SUCCESS,96,96,0,0,96,96
s16,d4,frame_0015.jpg,SUCCESS,96,96,0,0,96,96
s16,d4,frame_0016.jpg,SUCCESS,96,96,0,0,96,96
s16,d4,frame_0017.jpg,SUCCESS,96,96,0,0,96,96
s16,d4,frame_0018.jpg,SUCCESS,96,96,0,0,96,96
s16,d4,frame_0019.jpg,SUCCESS,96,96,0,0,96,96
s16,d4,frame_0020.jpg,SUCCESS,96,96,0,0,96,96
s16,d4,frame_0021.jpg,SUCCESS,96,96,0,0,96,96
s16,d4,frame_0022.jpg,SUCCESS,96,96,0,0,96,96
s16,d4,frame_0023.jpg,SUCCESS,96,96,0,0,96,96
s16,d4,frame_0024.jpg,SUCCESS,96,96,0,0,96,96
s16,d4,frame_0025.jpg,SUCCESS,96,96,0,0,96,96
s16,d4,frame_0026.jpg,SUCCESS,96,96,0,0,96,96
s16,d4,frame_0027.jpg,SUCCESS,96,96,0,0,96,96
s16,d4,frame_0028.jpg,SUCCESS,96,96,0,0,96,96
s16,d4,frame_0029.jpg,SUCCESS,96,96,0,0,96,96
s16,d4,frame_0030.jpg,SUCCESS,96,96,0,0,96,96
s16,d4,frame_0031.jpg,SUCCESS,96,96,0,0,96,96
s16,d4,frame_0032.jpg,SUCCESS,96,96,0,0,96,96
s16,d4,frame_0033.jpg,SUCCESS,96,96,0,0,96,96
s16,d4,frame_0034.jpg,SUCCESS,96,96,0,0,96,96
s16,d4,frame_0035.jpg,SUCCESS,96,96,0,0,96,96
s16,d4,frame_0036.jpg,SUCCESS,96,96,0,0,96,96
s16,d4,frame_0037.jpg,SUCCESS,96,96,0,0,96,96
s16,d4,frame_0038.jpg,SUCCESS,96,96,0,0,96,96
s16,d4,frame_0039.jpg,SUCCESS,96,96,0,0,96,96
s16,d4,frame_0040.jpg,SUCCESS,96,96,0,0,96,96
s16,d4,frame_0041.jpg,SUCCESS,96,96,0,0,96,96
s16,d4,frame_0042.jpg,SUCCESS,96,96,0,0,96,96
s16,d4,frame_0043.jpg,SUCCESS,96,96,0,0,96,96
s16,d4,frame_0044.jpg,SUCCESS,96,96,0,0,96,96
s16,d4,frame_0045.jpg,SUCCESS,96,96,0,0,96,96
s16,d4,frame_0046.jpg,SUCCESS,96,96,0,0,96,96
s16,d4,frame_0047.jpg,SUCCESS,96,96,0,0,96,96
s16,d4,frame_0048.jpg,SUCCESS,96,96,0,0,96,96
s16,d4,frame_0049.jpg,SUCCESS,96,96,0,0,96,96
s16,d4,frame_0050.jpg,SUCCESS,96,96,0,0,96,96
s16,d4,frame_0051.jpg,SUCCESS,96,96,0,0,96,96
s16,d5,frame_0001.jpg,SUCCESS,96,96,0,0,96,96
s16,d5,frame_0002.jpg,SUCCESS,96,96,0,0,96,96
s16,d5,frame_0003.jpg,SUCCESS,96,96,0,0,96,96
s16,d5,frame_0004.jpg,SUCCESS,96,96,0,0,96,96
s16,d5,frame_0005.jpg,SUCCESS,96,96,0,0,96,96
s16,d5,frame_0006.jpg,SUCCESS,96,96,0,0,96,96
s16,d5,frame_0007.jpg,SUCCESS,96,96,0,0,96,96
s16,d5,frame_0008.jpg,SUCCESS,96,96,0,0,96,96
s16,d5,frame_0009.jpg,SUCCESS,96,96,0,0,96,96
s16,d5,frame_0010.jpg,SUCCESS,96,96,0,0,96,96
s16,d5,frame_0011.jpg,SUCCESS,96,96,0,0,96,96
s16,d5,frame_0012.jpg,SUCCESS,96,96,0,0,96,96
s16,d5,frame_0013.jpg,SUCCESS,96,96,0,0,96,96
s16,d5,frame_0014.jpg,SUCCESS,96,96,0,0,96,96
s16,d5,frame_0015.jpg,SUCCESS,96,96,0,0,96,96
s16,d5,frame_0016.jpg,SUCCESS,96,96,0,0,96,96
s16,d5,frame_0017.jpg,SUCCESS,96,96,0,0,96,96
s16,d5,frame_0018.jpg,SUCCESS,96,96,0,0,96,96
s16,d5,frame_0019.jpg,SUCCESS,96,96,0,0,96,96
s16,d5,frame_0020.jpg,SUCCESS,96,96,0,0,96,96
s16,d5,frame_0021.jpg,SUCCESS,96,96,0,0,96,96
s16,d5,frame_0022.jpg,SUCCESS,96,96,0,0,96,96
s16,d5,frame_0023.jpg,SUCCESS,96,96,0,0,96,96
s16,d5,frame_0024.jpg,SUCCESS,96,96,0,0,96,96
s16,d5,frame_0025.jpg,SUCCESS,96,96,0,0,96,96
s16,d5,frame_0026.jpg,SUCCESS,96,96,0,0,96,96
s16,d5,frame_0027.jpg,SUCCESS,96,96,0,0,96,96
s16,d5,frame_0028.jpg,SUCCESS,96,96,0,0,96,96
s16,d5,frame_0029.jpg,SUCCESS,96,96,0,0,96,96
s16,d5,frame_0030.jpg,SUCCESS,96,96,0,0,96,96
s16,d5,frame_0031.jpg,SUCCESS,96,96,0,0,96,96
s16,d5,frame_0032.jpg,SUCCESS,96,96,0,0,96,96
s16,d5,frame_0033.jpg,SUCCESS,96,96,0,0,96,96
s16,d5,frame_0034.jpg,SUCCESS,96,96,0,0,96,96
s16,d5,frame_0035.jpg,SUCCESS,96,96,0,0,96,96
s16,d5,frame_0036.jpg,SUCCESS,96,96,0,0,96,96
s16,d5,frame_0037.jpg,SUCCESS,96,96,0,0,96,96
s16,d5,frame_0038.jpg,SUCCESS,96,96,0,0,96,96
s16,d5,frame_0039.jpg,SUCCESS,96,96,0,0,96,96
s16,d5,frame_0040.jpg,SUCCESS,96,96,0,0,96,96
s16,d5,frame_0041.jpg,SUCCESS,96,96,0,0,96,96
s16,d5,frame_0042.jpg,SUCCESS,96,96,0,0,96,96
s16,d5,frame_0043.jpg,SUCCESS,96,96,0,0,96,96
s16,d5,frame_0044.jpg,SUCCESS,96,96,0,0,96,96
s16,d5,frame_0045.jpg,SUCCESS,96,96,0,0,96,96
s16,d5,frame_0046.jpg,SUCCESS,96,96,0,0,96,96
s16,d5,frame_0047.jpg,SUCCESS,96,96,0,0,96,96
s16,d5,frame_0048.jpg,SUCCESS,96,96,0,0,96,96
s16,d5,frame_0049.jpg,SUCCESS,96,96,0,0,96,96
s16,d5,frame_0050.jpg,SUCCESS,96,96,0,0,96,96
s16,d5,frame_0051.jpg,SUCCESS,96,96,0,0,96,96
s16,d6,frame_0001.jpg,SUCCESS,96,96,0,0,96,96
s16,d6,frame_0002.jpg,SUCCESS,96,96,0,0,96,96
s16,d6,frame_0003.jpg,SUCCESS,96,96,0,0,96,96
s16,d6,frame_0004.jpg,SUCCESS,96,96,0,0,96,96
s16,d6,frame_0005.jpg,SUCCESS,96,96,0,0,96,96
s16,d6,frame_0006.jpg,SUCCESS,96,96,0,0,96,96
s16,d6,frame_0007.jpg,SUCCESS,96,96,0,0,96,96
s16,d6,frame_0008.jpg,SUCCESS,96,96,0,0,96,96
s16,d6,frame_0009.jpg,SUCCESS,96,96,0,0,96,96
s16,d6,frame_0010.jpg,SUCCESS,96,96,0,0,96,96
s16,d6,frame_0011.jpg,SUCCESS,96,96,0,0,96,96
s16,d6,frame_0012.jpg,SUCCESS,96,96,0,0,96,96
s16,d6,frame_0013.jpg,SUCCESS,96,96,0,0,96,96
s16,d6,frame_0014.jpg,SUCCESS,96,96,0,0,96,96
s16,d6,frame_0015.jpg,SUCCESS,96,96,0,0,96,96
s16,d6,frame_0016.jpg,SUCCESS,96,96,0,0,96,96
s16,d6,frame_0017.jpg,SUCCESS,96,96,0,0,96,96
s16,d6,frame_0018.jpg,SUCCESS,96,96,0,0,96,96
s16,d6,frame_0019.jpg,SUCCESS,96,96,0,0,96,96
s16,d6,frame_0020.jpg,SUCCESS,96,96,0,0,96,96
s16,d6,frame_0021.jpg,SUCCESS,96,96,0,0,96,96
s16,d6,frame_0022.jpg,SUCCESS,96,96,0,0,96,96
s16,d6,frame_0023.jpg,SUCCESS,96,96,0,0,96,96
s16,d6,frame_0024.jpg,SUCCESS,96,96,0,0,96,96
s16,d6,frame_0025.jpg,SUCCESS,96,96,0,0,96,96
s16,d6,frame_0026.jpg,SUCCESS,96,96,0,0,96,96
s16,d6,frame_0027.jpg,SUCCESS,96,96,0,0,96,96
s16,d6,frame_0028.jpg,SUCCESS,96,96,0,0,96,96
s16,d6,frame_0029.jpg,SUCCESS,96,96,0,0,96,96
s16,d6,frame_0030.jpg,SUCCESS,96,96,0,0,96,96
s16,d6,frame_0031.jpg,SUCCESS,96,96,0,0,96,96
s16,d6,frame_0032.jpg,SUCCESS,96,96,0,0,96,96
s16,d6,frame_0033.jpg,SUCCESS,96,96,0,0,96,96
s16,d6,frame_0034.jpg,SUCCESS,96,96,0,0,96,96
s16,d6,frame_0035.jpg,SUCCESS,96,96,0,0,96,96
s16,d6,frame_0036.jpg,SUCCESS,96,96,0,0,96,96
s16,d6,frame_0037.jpg,SUCCESS,96,96,0,0,96,96
s16,d6,frame_0038.jpg,SUCCESS,96,96,0,0,96,96
s16,d6,frame_0039.jpg,SUCCESS,96,96,0,0,96,96
s16,d6,frame_0040.jpg,SUCCESS,96,96,0,0,96,96
s16,d7,frame_0001.jpg,SUCCESS,96,96,0,0,96,96
s16,d7,frame_0002.jpg,SUCCESS,96,96,0,0,96,96
s16,d7,frame_0003.jpg,SUCCESS,96,96,0,0,96,96
s16,d7,frame_0004.jpg,SUCCESS,96,96,0,0,96,96
s16,d7,frame_0005.jpg,SUCCESS,96,96,0,0,96,96
s16,d7,frame_0006.jpg,SUCCESS,96,96,0,0,96,96
s16,d7,frame_0007.jpg,SUCCESS,96,96,0,0,96,96
s16,d7,frame_0008.jpg,SUCCESS,96,96,0,0,96,96
s16,d7,frame_0009.jpg,SUCCESS,96,96,0,0,96,96
s16,d7,frame_0010.jpg,SUCCESS,96,96,0,0,96,96
s16,d7,frame_0011.jpg,SUCCESS,96,96,0,0,96,96
s16,d7,frame_0012.jpg,SUCCESS,96,96,0,0,96,96
s16,d7,frame_0013.jpg,SUCCESS,96,96,0,0,96,96
s16,d7,frame_0014.jpg,SUCCESS,96,96,0,0,96,96
s16,d7,frame_0015.jpg,SUCCESS,96,96,0,0,96,96
s16,d7,frame_0016.jpg,SUCCESS,96,96,0,0,96,96
s16,d7,frame_0017.jpg,SUCCESS,96,96,0,0,96,96
s16,d7,frame_0018.jpg,SUCCESS,96,96,0,0,96,96
s16,d7,frame_0019.jpg,SUCCESS,96,96,0,0,96,96
s16,d7,frame_0020.jpg,SUCCESS,96,96,0,0,96,96
s16,d7,frame_0021.jpg,SUCCESS,96,96,0,0,96,96
s16,d7,frame_0022.jpg,SUCCESS,96,96,0,0,96,96
s16,d7,frame_0023.jpg,SUCCESS,96,96,0,0,96,96
s16,d7,frame_0024.jpg,SUCCESS,96,96,0,0,96,96
s16,d7,frame_0025.jpg,SUCCESS,96,96,0,0,96,96
s16,d7,frame_0026.jpg,SUCCESS,96,96,0,0,96,96
s16,d7,frame_0027.jpg,SUCCESS,96,96,0,0,96,96
s16,d7,frame_0028.jpg,SUCCESS,96,96,0,0,96,96
s16,d7,frame_0029.jpg,SUCCESS,96,96,0,0,96,96
s16,d7,frame_0030.jpg,SUCCESS,96,96,0,0,96,96
s16,d7,frame_0031.jpg,SUCCESS,96,96,0,0,96,96
s16,d7,frame_0032.jpg,SUCCESS,96,96,0,0,96,96
s16,d7,frame_0033.jpg,SUCCESS,96,96,0,0,96,96
s16,d7,frame_0034.jpg,SUCCESS,96,96,0,0,96,96
s16,d7,frame_0035.jpg,SUCCESS,96,96,0,0,96,96
s16,d7,frame_0036.jpg,SUCCESS,96,96,0,0,96,96
s16,d7,frame_0037.jpg,SUCCESS,96,96,0,0,96,96
s16,d7,frame_0038.jpg,SUCCESS,96,96,0,0,96,96
s16,d7,frame_0039.jpg,SUCCESS,96,96,0,0,96,96
s16,d7,frame_0040.jpg,SUCCESS,96,96,0,0,96,96
s16,d7,frame_0041.jpg,SUCCESS,96,96,0,0,96,96
s16,d7,frame_0042.jpg,SUCCESS,96,96,0,0,96,96
s16,d7,frame_0043.jpg,SUCCESS,96,96,0,0,96,96
s16,d7,frame_0044.jpg,SUCCESS,96,96,0,0,96,96
s16,d7,frame_0045.jpg,SUCCESS,96,96,0,0,96,96
s16,d7,frame_0046.jpg,SUCCESS,96,96,0,0,96,96
s16,d7,frame_0047.jpg,SUCCESS,96,96,0,0,96,96
s16,d7,frame_0048.jpg,SUCCESS,96,96,0,0,96,96
s16,d7,frame_0049.jpg,SUCCESS,96,96,0,0,96,96
s16,d7,frame_0050.jpg,SUCCESS,96,96,0,0,96,96
s16,d7,frame_0051.jpg,SUCCESS,96,96,0,0,96,96
s16,d7,frame_0052.jpg,SUCCESS,96,96,0,0,96,96
s16,d7,frame_0053.jpg,SUCCESS,96,96,0,0,96,96
s16,d7,frame_0054.jpg,SUCCESS,96,96,0,0,96,96
s16,d7,frame_0055.jpg,SUCCESS,96,96,0,0,96,96
s16,d7,frame_0056.jpg,SUCCESS,96,96,0,0,96,96
s16,d7,frame_0057.jpg,SUCCESS,96,96,0,0,96,96
s16,d7,frame_0058.jpg,SUCCESS,96,96,0,0,96,96
s16,d7,frame_0059.jpg,SUCCESS,96,96,0,0,96,96
s16,d8,frame_0001.jpg,SUCCESS,96,96,0,0,96,96
s16,d8,frame_0002.jpg,SUCCESS,96,96,0,0,96,96
s16,d8,frame_0003.jpg,SUCCESS,96,96,0,0,96,96
s16,d8,frame_0004.jpg,SUCCESS,96,96,0,0,96,96
s16,d8,frame_0005.jpg,SUCCESS,96,96,0,0,96,96
s16,d8,frame_0006.jpg,SUCCESS,96,96,0,0,96,96
s16,d8,frame_0007.jpg,SUCCESS,96,96,0,0,96,96
s16,d8,frame_0008.jpg,SUCCESS,96,96,0,0,96,96
s16,d8,frame_0009.jpg,SUCCESS,96,96,0,0,96,96
s16,d8,frame_0010.jpg,SUCCESS,96,96,0,0,96,96
s16,d8,frame_0011.jpg,SUCCESS,96,96,0,0,96,96
s16,d8,frame_0012.jpg,SUCCESS,96,96,0,0,96,96
s16,d8,frame_0013.jpg,SUCCESS,96,96,0,0,96,96
s16,d8,frame_0014.jpg,SUCCESS,96,96,0,0,96,96
s16,d8,frame_0015.jpg,SUCCESS,96,96,0,0,96,96
s16,d8,frame_0016.jpg,SUCCESS,96,96,0,0,96,96
s16,d8,frame_0017.jpg,SUCCESS,96,96,0,0,96,96
s16,d8,frame_0018.jpg,SUCCESS,96,96,0,0,96,96
s16,d8,frame_0019.jpg,SUCCESS,96,96,0,0,96,96
s16,d8,frame_0020.jpg,SUCCESS,96,96,0,0,96,96
s16,d8,frame_0021.jpg,SUCCESS,96,96,0,0,96,96
s16,d8,frame_0022.jpg,SUCCESS,96,96,0,0,96,96
s16,d8,frame_0023.jpg,SUCCESS,96,96,0,0,96,96
s16,d8,frame_0024.jpg,SUCCESS,96,96,0,0,96,96
s16,d8,frame_0025.jpg,SUCCESS,96,96,0,0,96,96
s16,d8,frame_0026.jpg,SUCCESS,96,96,0,0,96,96
s16,d8,frame_0027.jpg,SUCCESS,96,96,0,0,96,96
s16,d8,frame_0028.jpg,SUCCESS,96,96,0,0,96,96
s16,d8,frame_0029.jpg,SUCCESS,96,96,0,0,96,96
s16,d8,frame_0030.jpg,SUCCESS,96,96,0,0,96,96
s16,d8,frame_0031.jpg,SUCCESS,96,96,0,0,96,96
s16,d8,frame_0032.jpg,SUCCESS,96,96,0,0,96,96
s16,d8,frame_0033.jpg,SUCCESS,96,96,0,0,96,96
s16,d8,frame_0034.jpg,SUCCESS,96,96,0,0,96,96
s16,d8,frame_0035.jpg,SUCCESS,96,96,0,0,96,96
s16,d8,frame_0036.jpg,SUCCESS,96,96,0,0,96,96
s16,d8,frame_0037.jpg,SUCCESS,96,96,0,0,96,96
s16,d8,frame_0038.jpg,SUCCESS,96,96,0,0,96,96
s16,d8,frame_0039.jpg,SUCCESS,96,96,0,0,96,96
s16,d8,frame_0040.jpg,SUCCESS,96,96,0,0,96,96
s16,d8,frame_0041.jpg,SUCCESS,96,96,0,0,96,96
s16,d8,frame_0042.jpg,SUCCESS,96,96,0,0,96,96
s16,d8,frame_0043.jpg,SUCCESS,96,96,0,0,96,96
s16,d8,frame_0044.jpg,SUCCESS,96,96,0,0,96,96
s16,d8,frame_0045.jpg,SUCCESS,96,96,0,0,96,96
s16,d8,frame_0046.jpg,SUCCESS,96,96,0,0,96,96
s16,d8,frame_0047.jpg,SUCCESS,96,96,0,0,96,96
s16,d8,frame_0048.jpg,SUCCESS,96,96,0,0,96,96
s16,d8,frame_0049.jpg,SUCCESS,96,96,0,0,96,96
s16,d8,frame_0050.jpg,SUCCESS,96,96,0,0,96,96
s16,d8,frame_0051.jpg,SUCCESS,96,96,0,0,96,96
s16,d9,frame_0001.jpg,SUCCESS,96,96,0,0,96,96
s16,d9,frame_0002.jpg,SUCCESS,96,96,0,0,96,96
s16,d9,frame_0003.jpg,SUCCESS,96,96,0,0,96,96
s16,d9,frame_0004.jpg,SUCCESS,96,96,0,0,96,96
s16,d9,frame_0005.jpg,SUCCESS,96,96,0,0,96,96
s16,d9,frame_0006.jpg,SUCCESS,96,96,0,0,96,96
s16,d9,frame_0007.jpg,SUCCESS,96,96,0,0,96,96
s16,d9,frame_0008.jpg,SUCCESS,96,96,0,0,96,96
s16,d9,frame_0009.jpg,SUCCESS,96,96,0,0,96,96
s16,d9,frame_0010.jpg,SUCCESS,96,96,0,0,96,96
s16,d9,frame_0011.jpg,SUCCESS,96,96,0,0,96,96
s16,d9,frame_0012.jpg,SUCCESS,96,96,0,0,96,96
s16,d9,frame_0013.jpg,SUCCESS,96,96,0,0,96,96
s16,d9,frame_0014.jpg,SUCCESS,96,96,0,0,96,96
s16,d9,frame_0015.jpg,SUCCESS,96,96,0,0,96,96
s16,d9,frame_0016.jpg,SUCCESS,96,96,0,0,96,96
s16,d9,frame_0017.jpg,SUCCESS,96,96,0,0,96,96
s16,d9,frame_0018.jpg,SUCCESS,96,96,0,0,96,96
s16,d9,frame_0019.jpg,SUCCESS,96,96,0,0,96,96
s16,d9,frame_0020.jpg,SUCCESS,96,96,0,0,96,96
s16,d9,frame_0021.jpg,SUCCESS,96,96,0,0,96,96
s16,d9,frame_0022.jpg,SUCCESS,96,96,0,0,96,96
s16,d9,frame_0023.jpg,SUCCESS,96,96,0,0,96,96
s16,d9,frame_0024.jpg,SUCCESS,96,96,0,0,96,96
s16,d9,frame_0025.jpg,SUCCESS,96,96,0,0,96,96
s16,d9,frame_0026.jpg,SUCCESS,96,96,0,0,96,96
s16,d9,frame_0027.jpg,SUCCESS,96,96,0,0,96,96
s16,d9,frame_0028.jpg,SUCCESS,96,96,0,0,96,96
s16,d9,frame_0029.jpg,SUCCESS,96,96,0,0,96,96
s16,d9,frame_0030.jpg,SUCCESS,96,96,0,0,96,96
s16,d9,frame_0031.jpg,SUCCESS,96,96,0,0,96,96
s16,d9,frame_0032.jpg,SUCCESS,96,96,0,0,96,96
s16,d9,frame_0033.jpg,SUCCESS,96,96,0,0,96,96
s16,d9,frame_0034.jpg,SUCCESS,96,96,0,0,96,96
s16,d9,frame_0035.jpg,SUCCESS,96,96,0,0,96,96
s16,d9,frame_0036.jpg,SUCCESS,96,96,0,0,96,96
s16,d9,frame_0037.jpg,SUCCESS,96,96,0,0,96,96
s16,d9,frame_0038.jpg,SUCCESS,96,96,0,0,96,96
s16,d9,frame_0039.jpg,SUCCESS,96,96,0,0,96,96
s16,d9,frame_0040.jpg,SUCCESS,96,96,0,0,96,96
s16,d9,frame_0041.jpg,SUCCESS,96,96,0,0,96,96
s16,d9,frame_0042.jpg,SUCCESS,96,96,0,0,96,96
s16,d9,frame_0043.jpg,SUCCESS,96,96,0,0,96,96
s16,d9,frame_0044.jpg,SUCCESS,96,96,0,0,96,96
s16,d9,frame_0045.jpg,SUCCESS,96,96,0,0,96,96
s16,d9,frame_0046.jpg,SUCCESS,96,96,0,0,96,96
s17,d0,frame_0001.jpg,SUCCESS,96,96,0,0,96,96
s17,d0,frame_0002.jpg,SUCCESS,96,96,0,0,96,96
s17,d0,frame_0003.jpg,SUCCESS,96,96,0,0,96,96
s17,d0,frame_0004.jpg,SUCCESS,96,96,0,0,96,96
s17,d0,frame_0005.jpg,SUCCESS,96,96,0,0,96,96
s17,d0,frame_0006.jpg,SUCCESS,96,96,0,0,96,96
s17,d0,frame_0007.jpg,SUCCESS,96,96,0,0,96,96
s17,d0,frame_0008.jpg,SUCCESS,96,96,0,0,96,96
s17,d0,frame_0009.jpg,SUCCESS,96,96,0,0,96,96
s17,d0,frame_0010.jpg,SUCCESS,96,96,0,0,96,96
s17,d0,frame_0011.jpg,SUCCESS,96,96,0,0,96,96
s17,d0,frame_0012.jpg,SUCCESS,96,96,0,0,96,96
s17,d0,frame_0013.jpg,SUCCESS,96,96,0,0,96,96
s17,d0,frame_0014.jpg,SUCCESS,96,96,0,0,96,96
s17,d0,frame_0015.jpg,SUCCESS,96,96,0,0,96,96
s17,d0,frame_0016.jpg,SUCCESS,96,96,0,0,96,96
s17,d0,frame_0017.jpg,SUCCESS,96,96,0,0,96,96
s17,d0,frame_0018.jpg,SUCCESS,96,96,0,0,96,96
s17,d0,frame_0019.jpg,SUCCESS,96,96,0,0,96,96
s17,d0,frame_0020.jpg,SUCCESS,96,96,0,0,96,96
s17,d0,frame_0021.jpg,SUCCESS,96,96,0,0,96,96
s17,d0,frame_0022.jpg,SUCCESS,96,96,0,0,96,96
s17,d0,frame_0023.jpg,SUCCESS,96,96,0,0,96,96
s17,d0,frame_0024.jpg,SUCCESS,96,96,0,0,96,96
s17,d0,frame_0025.jpg,SUCCESS,96,96,0,0,96,96
s17,d0,frame_0026.jpg,SUCCESS,96,96,0,0,96,96
s17,d0,frame_0027.jpg,SUCCESS,96,96,0,0,96,96
s17,d0,frame_0028.jpg,SUCCESS,96,96,0,0,96,96
s17,d0,frame_0029.jpg,SUCCESS,96,96,0,0,96,96
s17,d0,frame_0030.jpg,SUCCESS,96,96,0,0,96,96
s17,d0,frame_0031.jpg,SUCCESS,96,96,0,0,96,96
s17,d0,frame_0032.jpg,SUCCESS,96,96,0,0,96,96
s17,d1,frame_0001.jpg,SUCCESS,96,96,0,0,96,96
s17,d1,frame_0002.jpg,SUCCESS,96,96,0,0,96,96
s17,d1,frame_0003.jpg,SUCCESS,96,96,0,0,96,96
s17,d1,frame_0004.jpg,SUCCESS,96,96,0,0,96,96
s17,d1,frame_0005.jpg,SUCCESS,96,96,0,0,96,96
s17,d1,frame_0006.jpg,SUCCESS,96,96,0,0,96,96
s17,d1,frame_0007.jpg,SUCCESS,96,96,0,0,96,96
s17,d1,frame_0008.jpg,SUCCESS,96,96,0,0,96,96
s17,d1,frame_0009.jpg,SUCCESS,96,96,0,0,96,96
s17,d1,frame_0010.jpg,SUCCESS,96,96,0,0,96,96
s17,d1,frame_0011.jpg,SUCCESS,96,96,0,0,96,96
s17,d1,frame_0012.jpg,SUCCESS,96,96,0,0,96,96
s17,d1,frame_0013.jpg,SUCCESS,96,96,0,0,96,96
s17,d1,frame_0014.jpg,SUCCESS,96,96,0,0,96,96
s17,d1,frame_0015.jpg,SUCCESS,96,96,0,0,96,96
s17,d1,frame_0016.jpg,SUCCESS,96,96,0,0,96,96
s17,d1,frame_0017.jpg,SUCCESS,96,96,0,0,96,96
s17,d1,frame_0018.jpg,SUCCESS,96,96,0,0,96,96
s17,d1,frame_0019.jpg,SUCCESS,96,96,0,0,96,96
s17,d1,frame_0020.jpg,SUCCESS,96,96,0,0,96,96
s17,d1,frame_0021.jpg,SUCCESS,96,96,0,0,96,96
s17,d1,frame_0022.jpg,SUCCESS,96,96,0,0,96,96
s17,d1,frame_0023.jpg,SUCCESS,96,96,0,0,96,96
s17,d1,frame_0024.jpg,SUCCESS,96,96,0,0,96,96
s17,d1,frame_0025.jpg,SUCCESS,96,96,0,0,96,96
s17,d1,frame_0026.jpg,SUCCESS,96,96,0,0,96,96
s17,d1,frame_0027.jpg,SUCCESS,96,96,0,0,96,96
s17,d1,frame_0028.jpg,SUCCESS,96,96,0,0,96,96
s17,d1,frame_0029.jpg,SUCCESS,96,96,0,0,96,96
s17,d1,frame_0030.jpg,SUCCESS,96,96,0,0,96,96
s17,d1,frame_0031.jpg,SUCCESS,96,96,0,0,96,96
s17,d1,frame_0032.jpg,SUCCESS,96,96,0,0,96,96
s17,d1,frame_0033.jpg,SUCCESS,96,96,0,0,96,96
s17,d1,frame_0034.jpg,SUCCESS,96,96,0,0,96,96
s17,d1,frame_0035.jpg,SUCCESS,96,96,0,0,96,96
s17,d1,frame_0036.jpg,SUCCESS,96,96,0,0,96,96
s17,d1,frame_0037.jpg,SUCCESS,96,96,0,0,96,96
s17,d1,frame_0038.jpg,SUCCESS,96,96,0,0,96,96
s17,d10,frame_0001.jpg,SUCCESS,96,96,0,0,96,96
s17,d10,frame_0002.jpg,SUCCESS,96,96,0,0,96,96
s17,d10,frame_0003.jpg,SUCCESS,96,96,0,0,96,96
s17,d10,frame_0004.jpg,SUCCESS,96,96,0,0,96,96
s17,d10,frame_0005.jpg,SUCCESS,96,96,0,0,96,96
s17,d10,frame_0006.jpg,SUCCESS,96,96,0,0,96,96
s17,d10,frame_0007.jpg,SUCCESS,96,96,0,0,96,96
s17,d10,frame_0008.jpg,SUCCESS,96,96,0,0,96,96
s17,d10,frame_0009.jpg,SUCCESS,96,96,0,0,96,96
s17,d10,frame_0010.jpg,SUCCESS,96,96,0,0,96,96
s17,d10,frame_0011.jpg,SUCCESS,96,96,0,0,96,96
s17,d10,frame_0012.jpg,SUCCESS,96,96,0,0,96,96
s17,d10,frame_0013.jpg,SUCCESS,96,96,0,0,96,96
s17,d10,frame_0014.jpg,SUCCESS,96,96,0,0,96,96
s17,d10,frame_0015.jpg,SUCCESS,96,96,0,0,96,96
s17,d10,frame_0016.jpg,SUCCESS,96,96,0,0,96,96
s17,d10,frame_0017.jpg,SUCCESS,96,96,0,0,96,96
s17,d10,frame_0018.jpg,SUCCESS,96,96,0,0,96,96
s17,d10,frame_0019.jpg,SUCCESS,96,96,0,0,96,96
s17,d10,frame_0020.jpg,SUCCESS,96,96,0,0,96,96
s17,d10,frame_0021.jpg,SUCCESS,96,96,0,0,96,96
s17,d10,frame_0022.jpg,SUCCESS,96,96,0,0,96,96
s17,d10,frame_0023.jpg,SUCCESS,96,96,0,0,96,96
s17,d10,frame_0024.jpg,SUCCESS,96,96,0,0,96,96
s17,d10,frame_0025.jpg,SUCCESS,96,96,0,0,96,96
s17,d10,frame_0026.jpg,SUCCESS,96,96,0,0,96,96
s17,d10,frame_0027.jpg,SUCCESS,96,96,0,0,96,96
s17,d10,frame_0028.jpg,SUCCESS,96,96,0,0,96,96
s17,d10,frame_0029.jpg,SUCCESS,96,96,0,0,96,96
s17,d10,frame_0030.jpg,SUCCESS,96,96,0,0,96,96
s17,d10,frame_0031.jpg,SUCCESS,96,96,0,0,96,96
s17,d2,frame_0001.jpg,SUCCESS,96,96,0,0,96,96
s17,d2,frame_0002.jpg,SUCCESS,96,96,0,0,96,96
s17,d2,frame_0003.jpg,SUCCESS,96,96,0,0,96,96
s17,d2,frame_0004.jpg,SUCCESS,96,96,0,0,96,96
s17,d2,frame_0005.jpg,SUCCESS,96,96,0,0,96,96
s17,d2,frame_0006.jpg,SUCCESS,96,96,0,0,96,96
s17,d2,frame_0007.jpg,SUCCESS,96,96,0,0,96,96
s17,d2,frame_0008.jpg,SUCCESS,96,96,0,0,96,96
s17,d2,frame_0009.jpg,SUCCESS,96,96,0,0,96,96
s17,d2,frame_0010.jpg,SUCCESS,96,96,0,0,96,96
s17,d2,frame_0011.jpg,SUCCESS,96,96,0,0,96,96
s17,d2,frame_0012.jpg,SUCCESS,96,96,0,0,96,96
s17,d2,frame_0013.jpg,SUCCESS,96,96,0,0,96,96
s17,d2,frame_0014.jpg,SUCCESS,96,96,0,0,96,96
s17,d2,frame_0015.jpg,SUCCESS,96,96,0,0,96,96
s17,d2,frame_0016.jpg,SUCCESS,96,96,0,0,96,96
s17,d2,frame_0017.jpg,SUCCESS,96,96,0,0,96,96
s17,d2,frame_0018.jpg,SUCCESS,96,96,0,0,96,96
s17,d2,frame_0019.jpg,SUCCESS,96,96,0,0,96,96
s17,d2,frame_0020.jpg,SUCCESS,96,96,0,0,96,96
s17,d2,frame_0021.jpg,SUCCESS,96,96,0,0,96,96
s17,d2,frame_0022.jpg,SUCCESS,96,96,0,0,96,96
s17,d2,frame_0023.jpg,SUCCESS,96,96,0,0,96,96
s17,d2,frame_0024.jpg,SUCCESS,96,96,0,0,96,96
s17,d2,frame_0025.jpg,SUCCESS,96,96,0,0,96,96
s17,d2,frame_0026.jpg,SUCCESS,96,96,0,0,96,96
s17,d2,frame_0027.jpg,SUCCESS,96,96,0,0,96,96
s17,d2,frame_0028.jpg,SUCCESS,96,96,0,0,96,96
s17,d2,frame_0029.jpg,SUCCESS,96,96,0,0,96,96
s17,d2,frame_0030.jpg,SUCCESS,96,96,0,0,96,96
s17,d2,frame_0031.jpg,SUCCESS,96,96,0,0,96,96
s17,d2,frame_0032.jpg,SUCCESS,96,96,0,0,96,96
s17,d2,frame_0033.jpg,SUCCESS,96,96,0,0,96,96
s17,d2,frame_0034.jpg,SUCCESS,96,96,0,0,96,96
s17,d2,frame_0035.jpg,SUCCESS,96,96,0,0,96,96
s17,d2,frame_0036.jpg,SUCCESS,96,96,0,0,96,96
s17,d2,frame_0037.jpg,SUCCESS,96,96,0,0,96,96
s17,d2,frame_0038.jpg,SUCCESS,96,96,0,0,96,96
s17,d2,frame_0039.jpg,SUCCESS,96,96,0,0,96,96
s17,d2,frame_0040.jpg,SUCCESS,96,96,0,0,96,96
s17,d2,frame_0041.jpg,SUCCESS,96,96,0,0,96,96
s17,d2,frame_0042.jpg,SUCCESS,96,96,0,0,96,96
s17,d2,frame_0043.jpg,SUCCESS,96,96,0,0,96,96
s17,d2,frame_0044.jpg,SUCCESS,96,96,0,0,96,96
s17,d2,frame_0045.jpg,SUCCESS,96,96,0,0,96,96
s17,d2,frame_0046.jpg,SUCCESS,96,96,0,0,96,96
s17,d2,frame_0047.jpg,SUCCESS,96,96,0,0,96,96
s17,d2,frame_0048.jpg,SUCCESS,96,96,0,0,96,96
s17,d2,frame_0049.jpg,SUCCESS,96,96,0,0,96,96
s17,d2,frame_0050.jpg,SUCCESS,96,96,0,0,96,96
s17,d2,frame_0051.jpg,SUCCESS,96,96,0,0,96,96
s17,d2,frame_0052.jpg,SUCCESS,96,96,0,0,96,96
s17,d2,frame_0053.jpg,SUCCESS,96,96,0,0,96,96
s17,d3,frame_0001.jpg,SUCCESS,96,96,0,0,96,96
s17,d3,frame_0002.jpg,SUCCESS,96,96,0,0,96,96
s17,d3,frame_0003.jpg,SUCCESS,96,96,0,0,96,96
s17,d3,frame_0004.jpg,SUCCESS,96,96,0,0,96,96
s17,d3,frame_0005.jpg,SUCCESS,96,96,0,0,96,96
s17,d3,frame_0006.jpg,SUCCESS,96,96,0,0,96,96
s17,d3,frame_0007.jpg,SUCCESS,96,96,0,0,96,96
s17,d3,frame_0008.jpg,SUCCESS,96,96,0,0,96,96
s17,d3,frame_0009.jpg,SUCCESS,96,96,0,0,96,96
s17,d3,frame_0010.jpg,SUCCESS,96,96,0,0,96,96
s17,d3,frame_0011.jpg,SUCCESS,96,96,0,0,96,96
s17,d3,frame_0012.jpg,SUCCESS,96,96,0,0,96,96
s17,d3,frame_0013.jpg,SUCCESS,96,96,0,0,96,96
s17,d3,frame_0014.jpg,SUCCESS,96,96,0,0,96,96
s17,d3,frame_0015.jpg,SUCCESS,96,96,0,0,96,96
s17,d3,frame_0016.jpg,SUCCESS,96,96,0,0,96,96
s17,d3,frame_0017.jpg,SUCCESS,96,96,0,0,96,96
s17,d3,frame_0018.jpg,SUCCESS,96,96,0,0,96,96
s17,d3,frame_0019.jpg,SUCCESS,96,96,0,0,96,96
s17,d3,frame_0020.jpg,SUCCESS,96,96,0,0,96,96
s17,d3,frame_0021.jpg,SUCCESS,96,96,0,0,96,96
s17,d3,frame_0022.jpg,SUCCESS,96,96,0,0,96,96
s17,d3,frame_0023.jpg,SUCCESS,96,96,0,0,96,96
s17,d3,frame_0024.jpg,SUCCESS,96,96,0,0,96,96
s17,d3,frame_0025.jpg,SUCCESS,96,96,0,0,96,96
s17,d3,frame_0026.jpg,SUCCESS,96,96,0,0,96,96
s17,d3,frame_0027.jpg,SUCCESS,96,96,0,0,96,96
s17,d3,frame_0028.jpg,SUCCESS,96,96,0,0,96,96
s17,d3,frame_0029.jpg,SUCCESS,96,96,0,0,96,96
s17,d3,frame_0030.jpg,SUCCESS,96,96,0,0,96,96
s17,d3,frame_0031.jpg,SUCCESS,96,96,0,0,96,96
s17,d3,frame_0032.jpg,SUCCESS,96,96,0,0,96,96
s17,d3,frame_0033.jpg,SUCCESS,96,96,0,0,96,96
s17,d3,frame_0034.jpg,SUCCESS,96,96,0,0,96,96
s17,d3,frame_0035.jpg,SUCCESS,96,96,0,0,96,96
s17,d3,frame_0036.jpg,SUCCESS,96,96,0,0,96,96
s17,d3,frame_0037.jpg,SUCCESS,96,96,0,0,96,96
s17,d4,frame_0001.jpg,SUCCESS,96,96,0,0,96,96
s17,d4,frame_0002.jpg,SUCCESS,96,96,0,0,96,96
s17,d4,frame_0003.jpg,SUCCESS,96,96,0,0,96,96
s17,d4,frame_0004.jpg,SUCCESS,96,96,0,0,96,96
s17,d4,frame_0005.jpg,SUCCESS,96,96,0,0,96,96
s17,d4,frame_0006.jpg,SUCCESS,96,96,0,0,96,96
s17,d4,frame_0007.jpg,SUCCESS,96,96,0,0,96,96
s17,d4,frame_0008.jpg,SUCCESS,96,96,0,0,96,96
s17,d4,frame_0009.jpg,SUCCESS,96,96,0,0,96,96
s17,d4,frame_0010.jpg,SUCCESS,96,96,0,0,96,96
s17,d4,frame_0011.jpg,SUCCESS,96,96,0,0,96,96
s17,d4,frame_0012.jpg,SUCCESS,96,96,0,0,96,96
s17,d4,frame_0013.jpg,SUCCESS,96,96,0,0,96,96
s17,d4,frame_0014.jpg,SUCCESS,96,96,0,0,96,96
s17,d4,frame_0015.jpg,SUCCESS,96,96,0,0,96,96
s17,d4,frame_0016.jpg,SUCCESS,96,96,0,0,96,96
s17,d4,frame_0017.jpg,SUCCESS,96,96,0,0,96,96
s17,d4,frame_0018.jpg,SUCCESS,96,96,0,0,96,96
s17,d4,frame_0019.jpg,SUCCESS,96,96,0,0,96,96
s17,d4,frame_0020.jpg,SUCCESS,96,96,0,0,96,96
s17,d4,frame_0021.jpg,SUCCESS,96,96,0,0,96,96
s17,d4,frame_0022.jpg,SUCCESS,96,96,0,0,96,96
s17,d4,frame_0023.jpg,SUCCESS,96,96,0,0,96,96
s17,d4,frame_0024.jpg,SUCCESS,96,96,0,0,96,96
s17,d4,frame_0025.jpg,SUCCESS,96,96,0,0,96,96
s17,d4,frame_0026.jpg,SUCCESS,96,96,0,0,96,96
s17,d4,frame_0027.jpg,SUCCESS,96,96,0,0,96,96
s17,d4,frame_0028.jpg,SUCCESS,96,96,0,0,96,96
s17,d4,frame_0029.jpg,SUCCESS,96,96,0,0,96,96
s17,d4,frame_0030.jpg,SUCCESS,96,96,0,0,96,96
s17,d4,frame_0031.jpg,SUCCESS,96,96,0,0,96,96
s17,d4,frame_0032.jpg,SUCCESS,96,96,0,0,96,96
s17,d4,frame_0033.jpg,SUCCESS,96,96,0,0,96,96
s17,d4,frame_0034.jpg,SUCCESS,96,96,0,0,96,96
s17,d4,frame_0035.jpg,SUCCESS,96,96,0,0,96,96
s17,d4,frame_0036.jpg,SUCCESS,96,96,0,0,96,96
s17,d4,frame_0037.jpg,SUCCESS,96,96,0,0,96,96
s17,d4,frame_0038.jpg,SUCCESS,96,96,0,0,96,96
s17,d4,frame_0039.jpg,SUCCESS,96,96,0,0,96,96
s17,d4,frame_0040.jpg,SUCCESS,96,96,0,0,96,96
s17,d4,frame_0041.jpg,SUCCESS,96,96,0,0,96,96
s17,d5,frame_0001.jpg,SUCCESS,96,96,0,0,96,96
s17,d5,frame_0002.jpg,SUCCESS,96,96,0,0,96,96
s17,d5,frame_0003.jpg,SUCCESS,96,96,0,0,96,96
s17,d5,frame_0004.jpg,SUCCESS,96,96,0,0,96,96
s17,d5,frame_0005.jpg,SUCCESS,96,96,0,0,96,96
s17,d5,frame_0006.jpg,SUCCESS,96,96,0,0,96,96
s17,d5,frame_0007.jpg,SUCCESS,96,96,0,0,96,96
s17,d5,frame_0008.jpg,SUCCESS,96,96,0,0,96,96
s17,d5,frame_0009.jpg,SUCCESS,96,96,0,0,96,96
s17,d5,frame_0010.jpg,SUCCESS,96,96,0,0,96,96
s17,d5,frame_0011.jpg,SUCCESS,96,96,0,0,96,96
s17,d5,frame_0012.jpg,SUCCESS,96,96,0,0,96,96
s17,d5,frame_0013.jpg,SUCCESS,96,96,0,0,96,96
s17,d5,frame_0014.jpg,SUCCESS,96,96,0,0,96,96
s17,d5,frame_0015.jpg,SUCCESS,96,96,0,0,96,96
s17,d5,frame_0016.jpg,SUCCESS,96,96,0,0,96,96
s17,d5,frame_0017.jpg,SUCCESS,96,96,0,0,96,96
s17,d5,frame_0018.jpg,SUCCESS,96,96,0,0,96,96
s17,d5,frame_0019.jpg,SUCCESS,96,96,0,0,96,96
s17,d5,frame_0020.jpg,SUCCESS,96,96,0,0,96,96
s17,d5,frame_0021.jpg,SUCCESS,96,96,0,0,96,96
s17,d5,frame_0022.jpg,SUCCESS,96,96,0,0,96,96
s17,d5,frame_0023.jpg,SUCCESS,96,96,0,0,96,96
s17,d5,frame_0024.jpg,SUCCESS,96,96,0,0,96,96
s17,d5,frame_0025.jpg,SUCCESS,96,96,0,0,96,96
s17,d6,frame_0001.jpg,SUCCESS,96,96,0,0,96,96
s17,d6,frame_0002.jpg,SUCCESS,96,96,0,0,96,96
s17,d6,frame_0003.jpg,SUCCESS,96,96,0,0,96,96
s17,d6,frame_0004.jpg,SUCCESS,96,96,0,0,96,96
s17,d6,frame_0005.jpg,SUCCESS,96,96,0,0,96,96
s17,d6,frame_0006.jpg,SUCCESS,96,96,0,0,96,96
s17,d6,frame_0007.jpg,SUCCESS,96,96,0,0,96,96
s17,d6,frame_0008.jpg,SUCCESS,96,96,0,0,96,96
s17,d6,frame_0009.jpg,SUCCESS,96,96,0,0,96,96
s17,d6,frame_0010.jpg,SUCCESS,96,96,0,0,96,96
s17,d6,frame_0011.jpg,SUCCESS,96,96,0,0,96,96
s17,d6,frame_0012.jpg,SUCCESS,96,96,0,0,96,96
s17,d6,frame_0013.jpg,SUCCESS,96,96,0,0,96,96
s17,d6,frame_0014.jpg,SUCCESS,96,96,0,0,96,96
s17,d6,frame_0015.jpg,SUCCESS,96,96,0,0,96,96
s17,d6,frame_0016.jpg,SUCCESS,96,96,0,0,96,96
s17,d6,frame_0017.jpg,SUCCESS,96,96,0,0,96,96
s17,d6,frame_0018.jpg,SUCCESS,96,96,0,0,96,96
s17,d6,frame_0019.jpg,SUCCESS,96,96,0,0,96,96
s17,d6,frame_0020.jpg,SUCCESS,96,96,0,0,96,96
s17,d6,frame_0021.jpg,SUCCESS,96,96,0,0,96,96
s17,d6,frame_0022.jpg,SUCCESS,96,96,0,0,96,96
s17,d6,frame_0023.jpg,SUCCESS,96,96,0,0,96,96
s17,d6,frame_0024.jpg,SUCCESS,96,96,0,0,96,96
s17,d6,frame_0025.jpg,SUCCESS,96,96,0,0,96,96
s17,d6,frame_0026.jpg,SUCCESS,96,96,0,0,96,96
s17,d6,frame_0027.jpg,SUCCESS,96,96,0,0,96,96
s17,d6,frame_0028.jpg,SUCCESS,96,96,0,0,96,96
s17,d6,frame_0029.jpg,SUCCESS,96,96,0,0,96,96
s17,d6,frame_0030.jpg,SUCCESS,96,96,0,0,96,96
s17,d6,frame_0031.jpg,SUCCESS,96,96,0,0,96,96
s17,d6,frame_0032.jpg,SUCCESS,96,96,0,0,96,96
s17,d6,frame_0033.jpg,SUCCESS,96,96,0,0,96,96
s17,d6,frame_0034.jpg,SUCCESS,96,96,0,0,96,96
s17,d6,frame_0035.jpg,SUCCESS,96,96,0,0,96,96
s17,d6,frame_0036.jpg,SUCCESS,96,96,0,0,96,96
s17,d6,frame_0037.jpg,SUCCESS,96,96,0,0,96,96
s17,d7,frame_0001.jpg,SUCCESS,96,96,0,0,96,96
s17,d7,frame_0002.jpg,SUCCESS,96,96,0,0,96,96
s17,d7,frame_0003.jpg,SUCCESS,96,96,0,0,96,96
s17,d7,frame_0004.jpg,SUCCESS,96,96,0,0,96,96
s17,d7,frame_0005.jpg,SUCCESS,96,96,0,0,96,96
s17,d7,frame_0006.jpg,SUCCESS,96,96,0,0,96,96
s17,d7,frame_0007.jpg,SUCCESS,96,96,0,0,96,96
s17,d7,frame_0008.jpg,SUCCESS,96,96,0,0,96,96
s17,d7,frame_0009.jpg,SUCCESS,96,96,0,0,96,96
s17,d7,frame_0010.jpg,SUCCESS,96,96,0,0,96,96
s17,d7,frame_0011.jpg,SUCCESS,96,96,0,0,96,96
s17,d7,frame_0012.jpg,SUCCESS,96,96,0,0,96,96
s17,d7,frame_0013.jpg,SUCCESS,96,96,0,0,96,96
s17,d7,frame_0014.jpg,SUCCESS,96,96,0,0,96,96
s17,d7,frame_0015.jpg,SUCCESS,96,96,0,0,96,96
s17,d7,frame_0016.jpg,SUCCESS,96,96,0,0,96,96
s17,d7,frame_0017.jpg,SUCCESS,96,96,0,0,96,96
s17,d7,frame_0018.jpg,SUCCESS,96,96,0,0,96,96
s17,d7,frame_0019.jpg,SUCCESS,96,96,0,0,96,96
s17,d7,frame_0020.jpg,SUCCESS,96,96,0,0,96,96
s17,d7,frame_0021.jpg,SUCCESS,96,96,0,0,96,96
s17,d7,frame_0022.jpg,SUCCESS,96,96,0,0,96,96
s17,d7,frame_0023.jpg,SUCCESS,96,96,0,0,96,96
s17,d7,frame_0024.jpg,SUCCESS,96,96,0,0,96,96
s17,d7,frame_0025.jpg,SUCCESS,96,96,0,0,96,96
s17,d7,frame_0026.jpg,SUCCESS,96,96,0,0,96,96
s17,d7,frame_0027.jpg,SUCCESS,96,96,0,0,96,96
s17,d7,frame_0028.jpg,SUCCESS,96,96,0,0,96,96
s17,d7,frame_0029.jpg,SUCCESS,96,96,0,0,96,96
s17,d7,frame_0030.jpg,SUCCESS,96,96,0,0,96,96
s17,d7,frame_0031.jpg,SUCCESS,96,96,0,0,96,96
s17,d7,frame_0032.jpg,SUCCESS,96,96,0,0,96,96
s17,d7,frame_0033.jpg,SUCCESS,96,96,0,0,96,96
s17,d7,frame_0034.jpg,SUCCESS,96,96,0,0,96,96
s17,d7,frame_0035.jpg,SUCCESS,96,96,0,0,96,96
s17,d8,frame_0001.jpg,SUCCESS,96,96,0,0,96,96
s17,d8,frame_0002.jpg,SUCCESS,96,96,0,0,96,96
s17,d8,frame_0003.jpg,SUCCESS,96,96,0,0,96,96
s17,d8,frame_0004.jpg,SUCCESS,96,96,0,0,96,96
s17,d8,frame_0005.jpg,SUCCESS,96,96,0,0,96,96
s17,d8,frame_0006.jpg,SUCCESS,96,96,0,0,96,96
s17,d8,frame_0007.jpg,SUCCESS,96,96,0,0,96,96
s17,d8,frame_0008.jpg,SUCCESS,96,96,0,0,96,96
s17,d8,frame_0009.jpg,SUCCESS,96,96,0,0,96,96
s17,d8,frame_0010.jpg,SUCCESS,96,96,0,0,96,96
s17,d8,frame_0011.jpg,SUCCESS,96,96,0,0,96,96
s17,d8,frame_0012.jpg,SUCCESS,96,96,0,0,96,96
s17,d8,frame_0013.jpg,SUCCESS,96,96,0,0,96,96
s17,d8,frame_0014.jpg,SUCCESS,96,96,0,0,96,96
s17,d8,frame_0015.jpg,SUCCESS,96,96,0,0,96,96
s17,d8,frame_0016.jpg,SUCCESS,96,96,0,0,96,96
s17,d8,frame_0017.jpg,SUCCESS,96,96,0,0,96,96
s17,d8,frame_0018.jpg,SUCCESS,96,96,0,0,96,96
s17,d8,frame_0019.jpg,SUCCESS,96,96,0,0,96,96
s17,d8,frame_0020.jpg,SUCCESS,96,96,0,0,96,96
s17,d8,frame_0021.jpg,SUCCESS,96,96,0,0,96,96
s17,d8,frame_0022.jpg,SUCCESS,96,96,0,0,96,96
s17,d8,frame_0023.jpg,SUCCESS,96,96,0,0,96,96
s17,d8,frame_0024.jpg,SUCCESS,96,96,0,0,96,96
s17,d8,frame_0025.jpg,SUCCESS,96,96,0,0,96,96
s17,d8,frame_0026.jpg,SUCCESS,96,96,0,0,96,96
s17,d8,frame_0027.jpg,SUCCESS,96,96,0,0,96,96
s17,d8,frame_0028.jpg,SUCCESS,96,96,0,0,96,96
s17,d8,frame_0029.jpg,SUCCESS,96,96,0,0,96,96
s17,d8,frame_0030.jpg,SUCCESS,96,96,0,0,96,96
s17,d8,frame_0031.jpg,SUCCESS,96,96,0,0,96,96
s17,d8,frame_0032.jpg,SUCCESS,96,96,0,0,96,96
s17,d8,frame_0033.jpg,SUCCESS,96,96,0,0,96,96
s17,d8,frame_0034.jpg,SUCCESS,96,96,0,0,96,96
s17,d8,frame_0035.jpg,SUCCESS,96,96,0,0,96,96
s17,d8,frame_0036.jpg,SUCCESS,96,96,0,0,96,96
s17,d8,frame_0037.jpg,SUCCESS,96,96,0,0,96,96
s17,d8,frame_0038.jpg,SUCCESS,96,96,0,0,96,96
s17,d9,frame_0001.jpg,SUCCESS,96,96,0,0,96,96
s17,d9,frame_0002.jpg,SUCCESS,96,96,0,0,96,96
s17,d9,frame_0003.jpg,SUCCESS,96,96,0,0,96,96
s17,d9,frame_0004.jpg,SUCCESS,96,96,0,0,96,96
s17,d9,frame_0005.jpg,SUCCESS,96,96,0,0,96,96
s17,d9,frame_0006.jpg,SUCCESS,96,96,0,0,96,96
s17,d9,frame_0007.jpg,SUCCESS,96,96,0,0,96,96
s17,d9,frame_0008.jpg,SUCCESS,96,96,0,0,96,96
s17,d9,frame_0009.jpg,SUCCESS,96,96,0,0,96,96
s17,d9,frame_0010.jpg,SUCCESS,96,96,0,0,96,96
s17,d9,frame_0011.jpg,SUCCESS,96,96,0,0,96,96
s17,d9,frame_0012.jpg,SUCCESS,96,96,0,0,96,96
s17,d9,frame_0013.jpg,SUCCESS,96,96,0,0,96,96
s17,d9,frame_0014.jpg,SUCCESS,96,96,0,0,96,96
s17,d9,frame_0015.jpg,SUCCESS,96,96,0,0,96,96
s17,d9,frame_0016.jpg,SUCCESS,96,96,0,0,96,96
s17,d9,frame_0017.jpg,SUCCESS,96,96,0,0,96,96
s17,d9,frame_0018.jpg,SUCCESS,96,96,0,0,96,96
s17,d9,frame_0019.jpg,SUCCESS,96,96,0,0,96,96
s17,d9,frame_0020.jpg,SUCCESS,96,96,0,0,96,96
s17,d9,frame_0021.jpg,SUCCESS,96,96,0,0,96,96
s17,d9,frame_0022.jpg,SUCCESS,96,96,0,0,96,96
s17,d9,frame_0023.jpg,SUCCESS,96,96,0,0,96,96
s17,d9,frame_0024.jpg,SUCCESS,96,96,0,0,96,96
s17,d9,frame_0025.jpg,SUCCESS,96,96,0,0,96,96
s17,d9,frame_0026.jpg,SUCCESS,96,96,0,0,96,96
s17,d9,frame_0027.jpg,SUCCESS,96,96,0,0,96,96
s17,d9,frame_0028.jpg,SUCCESS,96,96,0,0,96,96
s17,d9,frame_0029.jpg,SUCCESS,96,96,0,0,96,96
s17,d9,frame_0030.jpg,SUCCESS,96,96,0,0,96,96
s17,d9,frame_0031.jpg,SUCCESS,96,96,0,0,96,96
s17,d9,frame_0032.jpg,SUCCESS,96,96,0,0,96,96
s17,d9,frame_0033.jpg,SUCCESS,96,96,0,0,96,96
s17,d9,frame_0034.jpg,SUCCESS,96,96,0,0,96,96
s17,d9,frame_0035.jpg,SUCCESS,96,96,0,0,96,96
s17,d9,frame_0036.jpg,SUCCESS,96,96,0,0,96,96
s18,d0,frame_0001.jpg,SUCCESS,96,96,0,0,96,96
s18,d0,frame_0002.jpg,SUCCESS,96,96,0,0,96,96
s18,d0,frame_0003.jpg,SUCCESS,96,96,0,0,96,96
s18,d0,frame_0004.jpg,SUCCESS,96,96,0,0,96,96
s18,d0,frame_0005.jpg,SUCCESS,96,96,0,0,96,96
s18,d0,frame_0006.jpg,SUCCESS,96,96,0,0,96,96
s18,d0,frame_0007.jpg,SUCCESS,96,96,0,0,96,96
s18,d0,frame_0008.jpg,SUCCESS,96,96,0,0,96,96
s18,d0,frame_0009.jpg,SUCCESS,96,96,0,0,96,96
s18,d0,frame_0010.jpg,SUCCESS,96,96,0,0,96,96
s18,d0,frame_0011.jpg,SUCCESS,96,96,0,0,96,96
s18,d0,frame_0012.jpg,SUCCESS,96,96,0,0,96,96
s18,d0,frame_0013.jpg,SUCCESS,96,96,0,0,96,96
s18,d0,frame_0014.jpg,SUCCESS,96,96,0,0,96,96
s18,d0,frame_0015.jpg,SUCCESS,96,96,0,0,96,96
s18,d0,frame_0016.jpg,SUCCESS,96,96,0,0,96,96
s18,d0,frame_0017.jpg,SUCCESS,96,96,0,0,96,96
s18,d0,frame_0018.jpg,SUCCESS,96,96,0,0,96,96
s18,d0,frame_0019.jpg,SUCCESS,96,96,0,0,96,96
s18,d0,frame_0020.jpg,SUCCESS,96,96,0,0,96,96
s18,d0,frame_0021.jpg,SUCCESS,96,96,0,0,96,96
s18,d0,frame_0022.jpg,SUCCESS,96,96,0,0,96,96
s18,d0,frame_0023.jpg,SUCCESS,96,96,0,0,96,96
s18,d0,frame_0024.jpg,SUCCESS,96,96,0,0,96,96
s18,d0,frame_0025.jpg,SUCCESS,96,96,0,0,96,96
s18,d0,frame_0026.jpg,SUCCESS,96,96,0,0,96,96
s18,d0,frame_0027.jpg,SUCCESS,96,96,0,0,96,96
s18,d0,frame_0028.jpg,SUCCESS,96,96,0,0,96,96
s18,d0,frame_0029.jpg,SUCCESS,96,96,0,0,96,96
s18,d1,frame_0001.jpg,SUCCESS,96,96,0,0,96,96
s18,d1,frame_0002.jpg,SUCCESS,96,96,0,0,96,96
s18,d1,frame_0003.jpg,SUCCESS,96,96,0,0,96,96
s18,d1,frame_0004.jpg,SUCCESS,96,96,0,0,96,96
s18,d1,frame_0005.jpg,SUCCESS,96,96,0,0,96,96
s18,d1,frame_0006.jpg,SUCCESS,96,96,0,0,96,96
s18,d1,frame_0007.jpg,SUCCESS,96,96,0,0,96,96
s18,d1,frame_0008.jpg,SUCCESS,96,96,0,0,96,96
s18,d1,frame_0009.jpg,SUCCESS,96,96,0,0,96,96
s18,d1,frame_0010.jpg,SUCCESS,96,96,0,0,96,96
s18,d1,frame_0011.jpg,SUCCESS,96,96,0,0,96,96
s18,d1,frame_0012.jpg,SUCCESS,96,96,0,0,96,96
s18,d1,frame_0013.jpg,SUCCESS,96,96,0,0,96,96
s18,d1,frame_0014.jpg,SUCCESS,96,96,0,0,96,96
s18,d1,frame_0015.jpg,SUCCESS,96,96,0,0,96,96
s18,d1,frame_0016.jpg,SUCCESS,96,96,0,0,96,96
s18,d1,frame_0017.jpg,SUCCESS,96,96,0,0,96,96
s18,d1,frame_0018.jpg,SUCCESS,96,96,0,0,96,96
s18,d1,frame_0019.jpg,SUCCESS,96,96,0,0,96,96
s18,d1,frame_0020.jpg,SUCCESS,96,96,0,0,96,96
s18,d1,frame_0021.jpg,SUCCESS,96,96,0,0,96,96
s18,d1,frame_0022.jpg,SUCCESS,96,96,0,0,96,96
s18,d1,frame_0023.jpg,SUCCESS,96,96,0,0,96,96
s18,d1,frame_0024.jpg,SUCCESS,96,96,0,0,96,96
s18,d1,frame_0025.jpg,SUCCESS,96,96,0,0,96,96
s18,d1,frame_0026.jpg,SUCCESS,96,96,0,0,96,96
s18,d1,frame_0027.jpg,SUCCESS,96,96,0,0,96,96
s18,d1,frame_0028.jpg,SUCCESS,96,96,0,0,96,96
s18,d1,frame_0029.jpg,SUCCESS,96,96,0,0,96,96
s18,d1,frame_0030.jpg,SUCCESS,96,96,0,0,96,96
s18,d1,frame_0031.jpg,SUCCESS,96,96,0,0,96,96
s18,d1,frame_0032.jpg,SUCCESS,96,96,0,0,96,96
s18,d1,frame_0033.jpg,SUCCESS,96,96,0,0,96,96
s18,d1,frame_0034.jpg,SUCCESS,96,96,0,0,96,96
s18,d1,frame_0035.jpg,SUCCESS,96,96,0,0,96,96
s18,d1,frame_0036.jpg,SUCCESS,96,96,0,0,96,96
s18,d1,frame_0037.jpg,SUCCESS,96,96,0,0,96,96
s18,d1,frame_0038.jpg,SUCCESS,96,96,0,0,96,96
s18,d1,frame_0039.jpg,SUCCESS,96,96,0,0,96,96
s18,d1,frame_0040.jpg,SUCCESS,96,96,0,0,96,96
s18,d1,frame_0041.jpg,SUCCESS,96,96,0,0,96,96
s18,d10,frame_0001.jpg,SUCCESS,96,96,0,0,96,96
s18,d10,frame_0002.jpg,SUCCESS,96,96,0,0,96,96
s18,d10,frame_0003.jpg,SUCCESS,96,96,0,0,96,96
s18,d10,frame_0004.jpg,SUCCESS,96,96,0,0,96,96
s18,d10,frame_0005.jpg,SUCCESS,96,96,0,0,96,96
s18,d10,frame_0006.jpg,SUCCESS,96,96,0,0,96,96
s18,d10,frame_0007.jpg,SUCCESS,96,96,0,0,96,96
s18,d10,frame_0008.jpg,SUCCESS,96,96,0,0,96,96
s18,d10,frame_0009.jpg,SUCCESS,96,96,0,0,96,96
s18,d10,frame_0010.jpg,SUCCESS,96,96,0,0,96,96
s18,d10,frame_0011.jpg,SUCCESS,96,96,0,0,96,96
s18,d10,frame_0012.jpg,SUCCESS,96,96,0,0,96,96
s18,d10,frame_0013.jpg,SUCCESS,96,96,0,0,96,96
s18,d10,frame_0014.jpg,SUCCESS,96,96,0,0,96,96
s18,d10,frame_0015.jpg,SUCCESS,96,96,0,0,96,96
s18,d10,frame_0016.jpg,SUCCESS,96,96,0,0,96,96
s18,d10,frame_0017.jpg,SUCCESS,96,96,0,0,96,96
s18,d10,frame_0018.jpg,SUCCESS,96,96,0,0,96,96
s18,d10,frame_0019.jpg,SUCCESS,96,96,0,0,96,96
s18,d10,frame_0020.jpg,SUCCESS,96,96,0,0,96,96
s18,d10,frame_0021.jpg,SUCCESS,96,96,0,0,96,96
s18,d10,frame_0022.jpg,SUCCESS,96,96,0,0,96,96
s18,d10,frame_0023.jpg,SUCCESS,96,96,0,0,96,96
s18,d10,frame_0024.jpg,SUCCESS,96,96,0,0,96,96
s18,d10,frame_0025.jpg,SUCCESS,96,96,0,0,96,96
s18,d10,frame_0026.jpg,SUCCESS,96,96,0,0,96,96
s18,d10,frame_0027.jpg,SUCCESS,96,96,0,0,96,96
s18,d10,frame_0028.jpg,SUCCESS,96,96,0,0,96,96
s18,d10,frame_0029.jpg,SUCCESS,96,96,0,0,96,96
s18,d10,frame_0030.jpg,SUCCESS,96,96,0,0,96,96
s18,d10,frame_0031.jpg,SUCCESS,96,96,0,0,96,96
s18,d10,frame_0032.jpg,SUCCESS,96,96,0,0,96,96
s18,d10,frame_0033.jpg,SUCCESS,96,96,0,0,96,96
s18,d10,frame_0034.jpg,SUCCESS,96,96,0,0,96,96
s18,d10,frame_0035.jpg,SUCCESS,96,96,0,0,96,96
s18,d10,frame_0036.jpg,SUCCESS,96,96,0,0,96,96
s18,d10,frame_0037.jpg,SUCCESS,96,96,0,0,96,96
s18,d10,frame_0038.jpg,SUCCESS,96,96,0,0,96,96
s18,d10,frame_0039.jpg,SUCCESS,96,96,0,0,96,96
s18,d10,frame_0040.jpg,SUCCESS,96,96,0,0,96,96
s18,d10,frame_0041.jpg,SUCCESS,96,96,0,0,96,96
s18,d10,frame_0042.jpg,SUCCESS,96,96,0,0,96,96
s18,d10,frame_0043.jpg,SUCCESS,96,96,0,0,96,96
s18,d10,frame_0044.jpg,SUCCESS,96,96,0,0,96,96
s18,d10,frame_0045.jpg,SUCCESS,96,96,0,0,96,96
s18,d10,frame_0046.jpg,SUCCESS,96,96,0,0,96,96
s18,d10,frame_0047.jpg,SUCCESS,96,96,0,0,96,96
s18,d10,frame_0048.jpg,SUCCESS,96,96,0,0,96,96
s18,d10,frame_0049.jpg,SUCCESS,96,96,0,0,96,96
s18,d2,frame_0001.jpg,SUCCESS,96,96,0,0,96,96
s18,d2,frame_0002.jpg,SUCCESS,96,96,0,0,96,96
s18,d2,frame_0003.jpg,SUCCESS,96,96,0,0,96,96
s18,d2,frame_0004.jpg,SUCCESS,96,96,0,0,96,96
s18,d2,frame_0005.jpg,SUCCESS,96,96,0,0,96,96
s18,d2,frame_0006.jpg,SUCCESS,96,96,0,0,96,96
s18,d2,frame_0007.jpg,SUCCESS,96,96,0,0,96,96
s18,d2,frame_0008.jpg,SUCCESS,96,96,0,0,96,96
s18,d2,frame_0009.jpg,SUCCESS,96,96,0,0,96,96
s18,d2,frame_0010.jpg,SUCCESS,96,96,0,0,96,96
s18,d2,frame_0011.jpg,SUCCESS,96,96,0,0,96,96
s18,d2,frame_0012.jpg,SUCCESS,96,96,0,0,96,96
s18,d2,frame_0013.jpg,SUCCESS,96,96,0,0,96,96
s18,d2,frame_0014.jpg,SUCCESS,96,96,0,0,96,96
s18,d2,frame_0015.jpg,SUCCESS,96,96,0,0,96,96
s18,d2,frame_0016.jpg,SUCCESS,96,96,0,0,96,96
s18,d2,frame_0017.jpg,SUCCESS,96,96,0,0,96,96
s18,d2,frame_0018.jpg,SUCCESS,96,96,0,0,96,96
s18,d2,frame_0019.jpg,SUCCESS,96,96,0,0,96,96
s18,d2,frame_0020.jpg,SUCCESS,96,96,0,0,96,96
s18,d2,frame_0021.jpg,SUCCESS,96,96,0,0,96,96
s18,d2,frame_0022.jpg,SUCCESS,96,96,0,0,96,96
s18,d2,frame_0023.jpg,SUCCESS,96,96,0,0,96,96
s18,d2,frame_0024.jpg,SUCCESS,96,96,0,0,96,96
s18,d2,frame_0025.jpg,SUCCESS,96,96,0,0,96,96
s18,d2,frame_0026.jpg,SUCCESS,96,96,0,0,96,96
s18,d2,frame_0027.jpg,SUCCESS,96,96,0,0,96,96
s18,d2,frame_0028.jpg,SUCCESS,96,96,0,0,96,96
s18,d2,frame_0029.jpg,SUCCESS,96,96,0,0,96,96
s18,d2,frame_0030.jpg,SUCCESS,96,96,0,0,96,96
s18,d2,frame_0031.jpg,SUCCESS,96,96,0,0,96,96
s18,d2,frame_0032.jpg,SUCCESS,96,96,0,0,96,96
s18,d2,frame_0033.jpg,SUCCESS,96,96,0,0,96,96
s18,d2,frame_0034.jpg,SUCCESS,96,96,0,0,96,96
s18,d2,frame_0035.jpg,SUCCESS,96,96,0,0,96,96
s18,d2,frame_0036.jpg,SUCCESS,96,96,0,0,96,96
s18,d2,frame_0037.jpg,SUCCESS,96,96,0,0,96,96
s18,d2,frame_0038.jpg,SUCCESS,96,96,0,0,96,96
s18,d2,frame_0039.jpg,SUCCESS,96,96,0,0,96,96
s18,d2,frame_0040.jpg,SUCCESS,96,96,0,0,96,96
s18,d2,frame_0041.jpg,SUCCESS,96,96,0,0,96,96
s18,d2,frame_0042.jpg,SUCCESS,96,96,0,0,96,96
s18,d2,frame_0043.jpg,SUCCESS,96,96,0,0,96,96
s18,d2,frame_0044.jpg,SUCCESS,96,96,0,0,96,96
s18,d2,frame_0045.jpg,SUCCESS,96,96,0,0,96,96
s18,d2,frame_0046.jpg,SUCCESS,96,96,0,0,96,96
s18,d2,frame_0047.jpg,SUCCESS,96,96,0,0,96,96
s18,d2,frame_0048.jpg,SUCCESS,96,96,0,0,96,96
s18,d2,frame_0049.jpg,SUCCESS,96,96,0,0,96,96
s18,d3,frame_0001.jpg,SUCCESS,96,96,0,0,96,96
s18,d3,frame_0002.jpg,SUCCESS,96,96,0,0,96,96
s18,d3,frame_0003.jpg,SUCCESS,96,96,0,0,96,96
s18,d3,frame_0004.jpg,SUCCESS,96,96,0,0,96,96
s18,d3,frame_0005.jpg,SUCCESS,96,96,0,0,96,96
s18,d3,frame_0006.jpg,SUCCESS,96,96,0,0,96,96
s18,d3,frame_0007.jpg,SUCCESS,96,96,0,0,96,96
s18,d3,frame_0008.jpg,SUCCESS,96,96,0,0,96,96
s18,d3,frame_0009.jpg,SUCCESS,96,96,0,0,96,96
s18,d3,frame_0010.jpg,SUCCESS,96,96,0,0,96,96
s18,d3,frame_0011.jpg,SUCCESS,96,96,0,0,96,96
s18,d3,frame_0012.jpg,SUCCESS,96,96,0,0,96,96
s18,d3,frame_0013.jpg,SUCCESS,96,96,0,0,96,96
s18,d3,frame_0014.jpg,SUCCESS,96,96,0,0,96,96
s18,d3,frame_0015.jpg,SUCCESS,96,96,0,0,96,96
s18,d3,frame_0016.jpg,SUCCESS,96,96,0,0,96,96
s18,d3,frame_0017.jpg,SUCCESS,96,96,0,0,96,96
s18,d3,frame_0018.jpg,SUCCESS,96,96,0,0,96,96
s18,d3,frame_0019.jpg,SUCCESS,96,96,0,0,96,96
s18,d3,frame_0020.jpg,SUCCESS,96,96,0,0,96,96
s18,d3,frame_0021.jpg,SUCCESS,96,96,0,0,96,96
s18,d3,frame_0022.jpg,SUCCESS,96,96,0,0,96,96
s18,d3,frame_0023.jpg,SUCCESS,96,96,0,0,96,96
s18,d3,frame_0024.jpg,SUCCESS,96,96,0,0,96,96
s18,d3,frame_0025.jpg,SUCCESS,96,96,0,0,96,96
s18,d3,frame_0026.jpg,SUCCESS,96,96,0,0,96,96
s18,d3,frame_0027.jpg,SUCCESS,96,96,0,0,96,96
s18,d3,frame_0028.jpg,SUCCESS,96,96,0,0,96,96
s18,d3,frame_0029.jpg,SUCCESS,96,96,0,0,96,96
s18,d3,frame_0030.jpg,SUCCESS,96,96,0,0,96,96
s18,d3,frame_0031.jpg,SUCCESS,96,96,0,0,96,96
s18,d3,frame_0032.jpg,SUCCESS,96,96,0,0,96,96
s18,d3,frame_0033.jpg,SUCCESS,96,96,0,0,96,96
s18,d3,frame_0034.jpg,SUCCESS,96,96,0,0,96,96
s18,d3,frame_0035.jpg,SUCCESS,96,96,0,0,96,96
s18,d3,frame_0036.jpg,SUCCESS,96,96,0,0,96,96
s18,d3,frame_0037.jpg,SUCCESS,96,96,0,0,96,96
s18,d3,frame_0038.jpg,SUCCESS,96,96,0,0,96,96
s18,d3,frame_0039.jpg,SUCCESS,96,96,0,0,96,96
s18,d3,frame_0040.jpg,SUCCESS,96,96,0,0,96,96
s18,d3,frame_0041.jpg,SUCCESS,96,96,0,0,96,96
s18,d3,frame_0042.jpg,SUCCESS,96,96,0,0,96,96
s18,d3,frame_0043.jpg,SUCCESS,96,96,0,0,96,96
s18,d3,frame_0044.jpg,SUCCESS,96,96,0,0,96,96
s18,d3,frame_0045.jpg,SUCCESS,96,96,0,0,96,96
s18,d4,frame_0001.jpg,SUCCESS,96,96,0,0,96,96
s18,d4,frame_0002.jpg,SUCCESS,96,96,0,0,96,96
s18,d4,frame_0003.jpg,SUCCESS,96,96,0,0,96,96
s18,d4,frame_0004.jpg,SUCCESS,96,96,0,0,96,96
s18,d4,frame_0005.jpg,SUCCESS,96,96,0,0,96,96
s18,d4,frame_0006.jpg,SUCCESS,96,96,0,0,96,96
s18,d4,frame_0007.jpg,SUCCESS,96,96,0,0,96,96
s18,d4,frame_0008.jpg,SUCCESS,96,96,0,0,96,96
s18,d4,frame_0009.jpg,SUCCESS,96,96,0,0,96,96
s18,d4,frame_0010.jpg,SUCCESS,96,96,0,0,96,96
s18,d4,frame_0011.jpg,SUCCESS,96,96,0,0,96,96
s18,d4,frame_0012.jpg,SUCCESS,96,96,0,0,96,96
s18,d4,frame_0013.jpg,SUCCESS,96,96,0,0,96,96
s18,d4,frame_0014.jpg,SUCCESS,96,96,0,0,96,96
s18,d4,frame_0015.jpg,SUCCESS,96,96,0,0,96,96
s18,d4,frame_0016.jpg,SUCCESS,96,96,0,0,96,96
s18,d4,frame_0017.jpg,SUCCESS,96,96,0,0,96,96
s18,d4,frame_0018.jpg,SUCCESS,96,96,0,0,96,96
s18,d4,frame_0019.jpg,SUCCESS,96,96,0,0,96,96
s18,d4,frame_0020.jpg,SUCCESS,96,96,0,0,96,96
s18,d4,frame_0021.jpg,SUCCESS,96,96,0,0,96,96
s18,d4,frame_0022.jpg,SUCCESS,96,96,0,0,96,96
s18,d4,frame_0023.jpg,SUCCESS,96,96,0,0,96,96
s18,d4,frame_0024.jpg,SUCCESS,96,96,0,0,96,96
s18,d4,frame_0025.jpg,SUCCESS,96,96,0,0,96,96
s18,d4,frame_0026.jpg,SUCCESS,96,96,0,0,96,96
s18,d4,frame_0027.jpg,SUCCESS,96,96,0,0,96,96
s18,d4,frame_0028.jpg,SUCCESS,96,96,0,0,96,96
s18,d4,frame_0029.jpg,SUCCESS,96,96,0,0,96,96
s18,d4,frame_0030.jpg,SUCCESS,96,96,0,0,96,96
s18,d4,frame_0031.jpg,SUCCESS,96,96,0,0,96,96
s18,d4,frame_0032.jpg,SUCCESS,96,96,0,0,96,96
s18,d4,frame_0033.jpg,SUCCESS,96,96,0,0,96,96
s18,d4,frame_0034.jpg,SUCCESS,96,96,0,0,96,96
s18,d5,frame_0001.jpg,SUCCESS,96,96,0,0,96,96
s18,d5,frame_0002.jpg,SUCCESS,96,96,0,0,96,96
s18,d5,frame_0003.jpg,SUCCESS,96,96,0,0,96,96
s18,d5,frame_0004.jpg,SUCCESS,96,96,0,0,96,96
s18,d5,frame_0005.jpg,SUCCESS,96,96,0,0,96,96
s18,d5,frame_0006.jpg,SUCCESS,96,96,0,0,96,96
s18,d5,frame_0007.jpg,SUCCESS,96,96,0,0,96,96
s18,d5,frame_0008.jpg,SUCCESS,96,96,0,0,96,96
s18,d5,frame_0009.jpg,SUCCESS,96,96,0,0,96,96
s18,d5,frame_0010.jpg,SUCCESS,96,96,0,0,96,96
s18,d5,frame_0011.jpg,SUCCESS,96,96,0,0,96,96
s18,d5,frame_0012.jpg,SUCCESS,96,96,0,0,96,96
s18,d5,frame_0013.jpg,SUCCESS,96,96,0,0,96,96
s18,d5,frame_0014.jpg,SUCCESS,96,96,0,0,96,96
s18,d5,frame_0015.jpg,SUCCESS,96,96,0,0,96,96
s18,d5,frame_0016.jpg,SUCCESS,96,96,0,0,96,96
s18,d5,frame_0017.jpg,SUCCESS,96,96,0,0,96,96
s18,d5,frame_0018.jpg,SUCCESS,96,96,0,0,96,96
s18,d5,frame_0019.jpg,SUCCESS,96,96,0,0,96,96
s18,d5,frame_0020.jpg,SUCCESS,96,96,0,0,96,96
s18,d5,frame_0021.jpg,SUCCESS,96,96,0,0,96,96
s18,d5,frame_0022.jpg,SUCCESS,96,96,0,0,96,96
s18,d5,frame_0023.jpg,SUCCESS,96,96,0,0,96,96
s18,d5,frame_0024.jpg,SUCCESS,96,96,0,0,96,96
s18,d5,frame_0025.jpg,SUCCESS,96,96,0,0,96,96
s18,d5,frame_0026.jpg,SUCCESS,96,96,0,0,96,96
s18,d5,frame_0027.jpg,SUCCESS,96,96,0,0,96,96
s18,d5,frame_0028.jpg,SUCCESS,96,96,0,0,96,96
s18,d5,frame_0029.jpg,SUCCESS,96,96,0,0,96,96
s18,d5,frame_0030.jpg,SUCCESS,96,96,0,0,96,96
s18,d5,frame_0031.jpg,SUCCESS,96,96,0,0,96,96
s18,d5,frame_0032.jpg,SUCCESS,96,96,0,0,96,96
s18,d5,frame_0033.jpg,SUCCESS,96,96,0,0,96,96
s18,d5,frame_0034.jpg,SUCCESS,96,96,0,0,96,96
s18,d5,frame_0035.jpg,SUCCESS,96,96,0,0,96,96
s18,d5,frame_0036.jpg,SUCCESS,96,96,0,0,96,96
s18,d5,frame_0037.jpg,SUCCESS,96,96,0,0,96,96
s18,d5,frame_0038.jpg,SUCCESS,96,96,0,0,96,96
s18,d5,frame_0039.jpg,SUCCESS,96,96,0,0,96,96
s18,d5,frame_0040.jpg,SUCCESS,96,96,0,0,96,96
s18,d5,frame_0041.jpg,SUCCESS,96,96,0,0,96,96
s18,d5,frame_0042.jpg,SUCCESS,96,96,0,0,96,96
s18,d5,frame_0043.jpg,SUCCESS,96,96,0,0,96,96
s18,d5,frame_0044.jpg,SUCCESS,96,96,0,0,96,96
s18,d6,frame_0001.jpg,SUCCESS,96,96,0,0,96,96
s18,d6,frame_0002.jpg,SUCCESS,96,96,0,0,96,96
s18,d6,frame_0003.jpg,SUCCESS,96,96,0,0,96,96
s18,d6,frame_0004.jpg,SUCCESS,96,96,0,0,96,96
s18,d6,frame_0005.jpg,SUCCESS,96,96,0,0,96,96
s18,d6,frame_0006.jpg,SUCCESS,96,96,0,0,96,96
s18,d6,frame_0007.jpg,SUCCESS,96,96,0,0,96,96
s18,d6,frame_0008.jpg,SUCCESS,96,96,0,0,96,96
s18,d6,frame_0009.jpg,SUCCESS,96,96,0,0,96,96
s18,d6,frame_0010.jpg,SUCCESS,96,96,0,0,96,96
s18,d6,frame_0011.jpg,SUCCESS,96,96,0,0,96,96
s18,d6,frame_0012.jpg,SUCCESS,96,96,0,0,96,96
s18,d6,frame_0013.jpg,SUCCESS,96,96,0,0,96,96
s18,d6,frame_0014.jpg,SUCCESS,96,96,0,0,96,96
s18,d6,frame_0015.jpg,SUCCESS,96,96,0,0,96,96
s18,d6,frame_0016.jpg,SUCCESS,96,96,0,0,96,96
s18,d6,frame_0017.jpg,SUCCESS,96,96,0,0,96,96
s18,d6,frame_0018.jpg,SUCCESS,96,96,0,0,96,96
s18,d6,frame_0019.jpg,SUCCESS,96,96,0,0,96,96
s18,d6,frame_0020.jpg,SUCCESS,96,96,0,0,96,96
s18,d6,frame_0021.jpg,SUCCESS,96,96,0,0,96,96
s18,d6,frame_0022.jpg,SUCCESS,96,96,0,0,96,96
s18,d6,frame_0023.jpg,SUCCESS,96,96,0,0,96,96
s18,d6,frame_0024.jpg,SUCCESS,96,96,0,0,96,96
s18,d6,frame_0025.jpg,SUCCESS,96,96,0,0,96,96
s18,d6,frame_0026.jpg,SUCCESS,96,96,0,0,96,96
s18,d6,frame_0027.jpg,SUCCESS,96,96,0,0,96,96
s18,d6,frame_0028.jpg,SUCCESS,96,96,0,0,96,96
s18,d6,frame_0029.jpg,SUCCESS,96,96,0,0,96,96
s18,d6,frame_0030.jpg,SUCCESS,96,96,0,0,96,96
s18,d6,frame_0031.jpg,SUCCESS,96,96,0,0,96,96
s18,d6,frame_0032.jpg,SUCCESS,96,96,0,0,96,96
s18,d6,frame_0033.jpg,SUCCESS,96,96,0,0,96,96
s18,d6,frame_0034.jpg,SUCCESS,96,96,0,0,96,96
s18,d6,frame_0035.jpg,SUCCESS,96,96,0,0,96,96
s18,d6,frame_0036.jpg,SUCCESS,96,96,0,0,96,96
s18,d6,frame_0037.jpg,SUCCESS,96,96,0,0,96,96
s18,d6,frame_0038.jpg,SUCCESS,96,96,0,0,96,96
s18,d6,frame_0039.jpg,SUCCESS,96,96,0,0,96,96
s18,d6,frame_0040.jpg,SUCCESS,96,96,0,0,96,96
s18,d6,frame_0041.jpg,SUCCESS,96,96,0,0,96,96
s18,d6,frame_0042.jpg,SUCCESS,96,96,0,0,96,96
s18,d6,frame_0043.jpg,SUCCESS,96,96,0,0,96,96
s18,d6,frame_0044.jpg,SUCCESS,96,96,0,0,96,96
s18,d6,frame_0045.jpg,SUCCESS,96,96,0,0,96,96
s18,d6,frame_0046.jpg,SUCCESS,96,96,0,0,96,96
s18,d7,frame_0001.jpg,SUCCESS,96,96,0,0,96,96
s18,d7,frame_0002.jpg,SUCCESS,96,96,0,0,96,96
s18,d7,frame_0003.jpg,SUCCESS,96,96,0,0,96,96
s18,d7,frame_0004.jpg,SUCCESS,96,96,0,0,96,96
s18,d7,frame_0005.jpg,SUCCESS,96,96,0,0,96,96
s18,d7,frame_0006.jpg,SUCCESS,96,96,0,0,96,96
s18,d7,frame_0007.jpg,SUCCESS,96,96,0,0,96,96
s18,d7,frame_0008.jpg,SUCCESS,96,96,0,0,96,96
s18,d7,frame_0009.jpg,SUCCESS,96,96,0,0,96,96
s18,d7,frame_0010.jpg,SUCCESS,96,96,0,0,96,96
s18,d7,frame_0011.jpg,SUCCESS,96,96,0,0,96,96
s18,d7,frame_0012.jpg,SUCCESS,96,96,0,0,96,96
s18,d7,frame_0013.jpg,SUCCESS,96,96,0,0,96,96
s18,d7,frame_0014.jpg,SUCCESS,96,96,0,0,96,96
s18,d7,frame_0015.jpg,SUCCESS,96,96,0,0,96,96
s18,d7,frame_0016.jpg,SUCCESS,96,96,0,0,96,96
s18,d7,frame_0017.jpg,SUCCESS,96,96,0,0,96,96
s18,d7,frame_0018.jpg,SUCCESS,96,96,0,0,96,96
s18,d7,frame_0019.jpg,SUCCESS,96,96,0,0,96,96
s18,d7,frame_0020.jpg,SUCCESS,96,96,0,0,96,96
s18,d7,frame_0021.jpg,SUCCESS,96,96,0,0,96,96
s18,d7,frame_0022.jpg,SUCCESS,96,96,0,0,96,96
s18,d7,frame_0023.jpg,SUCCESS,96,96,0,0,96,96
s18,d7,frame_0024.jpg,SUCCESS,96,96,0,0,96,96
s18,d7,frame_0025.jpg,SUCCESS,96,96,0,0,96,96
s18,d7,frame_0026.jpg,SUCCESS,96,96,0,0,96,96
s18,d7,frame_0027.jpg,SUCCESS,96,96,0,0,96,96
s18,d7,frame_0028.jpg,SUCCESS,96,96,0,0,96,96
s18,d7,frame_0029.jpg,SUCCESS,96,96,0,0,96,96
s18,d7,frame_0030.jpg,SUCCESS,96,96,0,0,96,96
s18,d7,frame_0031.jpg,SUCCESS,96,96,0,0,96,96
s18,d7,frame_0032.jpg,SUCCESS,96,96,0,0,96,96
s18,d7,frame_0033.jpg,SUCCESS,96,96,0,0,96,96
s18,d7,frame_0034.jpg,SUCCESS,96,96,0,0,96,96
s18,d7,frame_0035.jpg,SUCCESS,96,96,0,0,96,96
s18,d7,frame_0036.jpg,SUCCESS,96,96,0,0,96,96
s18,d7,frame_0037.jpg,SUCCESS,96,96,0,0,96,96
s18,d7,frame_0038.jpg,SUCCESS,96,96,0,0,96,96
s18,d7,frame_0039.jpg,SUCCESS,96,96,0,0,96,96
s18,d7,frame_0040.jpg,SUCCESS,96,96,0,0,96,96
s18,d7,frame_0041.jpg,SUCCESS,96,96,0,0,96,96
s18,d7,frame_0042.jpg,SUCCESS,96,96,0,0,96,96
s18,d7,frame_0043.jpg,SUCCESS,96,96,0,0,96,96
s18,d7,frame_0044.jpg,SUCCESS,96,96,0,0,96,96
s18,d8,frame_0001.jpg,SUCCESS,96,96,0,0,96,96
s18,d8,frame_0002.jpg,SUCCESS,96,96,0,0,96,96
s18,d8,frame_0003.jpg,SUCCESS,96,96,0,0,96,96
s18,d8,frame_0004.jpg,SUCCESS,96,96,0,0,96,96
s18,d8,frame_0005.jpg,SUCCESS,96,96,0,0,96,96
s18,d8,frame_0006.jpg,SUCCESS,96,96,0,0,96,96
s18,d8,frame_0007.jpg,SUCCESS,96,96,0,0,96,96
s18,d8,frame_0008.jpg,SUCCESS,96,96,0,0,96,96
s18,d8,frame_0009.jpg,SUCCESS,96,96,0,0,96,96
s18,d8,frame_0010.jpg,SUCCESS,96,96,0,0,96,96
s18,d8,frame_0011.jpg,SUCCESS,96,96,0,0,96,96
s18,d8,frame_0012.jpg,SUCCESS,96,96,0,0,96,96
s18,d8,frame_0013.jpg,SUCCESS,96,96,0,0,96,96
s18,d8,frame_0014.jpg,SUCCESS,96,96,0,0,96,96
s18,d8,frame_0015.jpg,SUCCESS,96,96,0,0,96,96
s18,d8,frame_0016.jpg,SUCCESS,96,96,0,0,96,96
s18,d8,frame_0017.jpg,SUCCESS,96,96,0,0,96,96
s18,d8,frame_0018.jpg,SUCCESS,96,96,0,0,96,96
s18,d8,frame_0019.jpg,SUCCESS,96,96,0,0,96,96
s18,d8,frame_0020.jpg,SUCCESS,96,96,0,0,96,96
s18,d8,frame_0021.jpg,SUCCESS,96,96,0,0,96,96
s18,d8,frame_0022.jpg,SUCCESS,96,96,0,0,96,96
s18,d8,frame_0023.jpg,SUCCESS,96,96,0,0,96,96
s18,d8,frame_0024.jpg,SUCCESS,96,96,0,0,96,96
s18,d8,frame_0025.jpg,SUCCESS,96,96,0,0,96,96
s18,d8,frame_0026.jpg,SUCCESS,96,96,0,0,96,96
s18,d8,frame_0027.jpg,SUCCESS,96,96,0,0,96,96
s18,d8,frame_0028.jpg,SUCCESS,96,96,0,0,96,96
s18,d8,frame_0029.jpg,SUCCESS,96,96,0,0,96,96
s18,d8,frame_0030.jpg,SUCCESS,96,96,0,0,96,96
s18,d8,frame_0031.jpg,SUCCESS,96,96,0,0,96,96
s18,d8,frame_0032.jpg,SUCCESS,96,96,0,0,96,96
s18,d8,frame_0033.jpg,SUCCESS,96,96,0,0,96,96
s18,d8,frame_0034.jpg,SUCCESS,96,96,0,0,96,96
s18,d8,frame_0035.jpg,SUCCESS,96,96,0,0,96,96
s18,d8,frame_0036.jpg,SUCCESS,96,96,0,0,96,96
s18,d8,frame_0037.jpg,SUCCESS,96,96,0,0,96,96
s18,d8,frame_0038.jpg,SUCCESS,96,96,0,0,96,96
s18,d8,frame_0039.jpg,SUCCESS,96,96,0,0,96,96
s18,d9,frame_0001.jpg,SUCCESS,96,96,0,0,96,96
s18,d9,frame_0002.jpg,SUCCESS,96,96,0,0,96,96
s18,d9,frame_0003.jpg,SUCCESS,96,96,0,0,96,96
s18,d9,frame_0004.jpg,SUCCESS,96,96,0,0,96,96
s18,d9,frame_0005.jpg,SUCCESS,96,96,0,0,96,96
s18,d9,frame_0006.jpg,SUCCESS,96,96,0,0,96,96
s18,d9,frame_0007.jpg,SUCCESS,96,96,0,0,96,96
s18,d9,frame_0008.jpg,SUCCESS,96,96,0,0,96,96
s18,d9,frame_0009.jpg,SUCCESS,96,96,0,0,96,96
s18,d9,frame_0010.jpg,SUCCESS,96,96,0,0,96,96
s18,d9,frame_0011.jpg,SUCCESS,96,96,0,0,96,96
s18,d9,frame_0012.jpg,SUCCESS,96,96,0,0,96,96
s18,d9,frame_0013.jpg,SUCCESS,96,96,0,0,96,96
s18,d9,frame_0014.jpg,SUCCESS,96,96,0,0,96,96
s18,d9,frame_0015.jpg,SUCCESS,96,96,0,0,96,96
s18,d9,frame_0016.jpg,SUCCESS,96,96,0,0,96,96
s18,d9,frame_0017.jpg,SUCCESS,96,96,0,0,96,96
s18,d9,frame_0018.jpg,SUCCESS,96,96,0,0,96,96
s18,d9,frame_0019.jpg,SUCCESS,96,96,0,0,96,96
s18,d9,frame_0020.jpg,SUCCESS,96,96,0,0,96,96
s18,d9,frame_0021.jpg,SUCCESS,96,96,0,0,96,96
s18,d9,frame_0022.jpg,SUCCESS,96,96,0,0,96,96
s18,d9,frame_0023.jpg,SUCCESS,96,96,0,0,96,96
s18,d9,frame_0024.jpg,SUCCESS,96,96,0,0,96,96
s18,d9,frame_0025.jpg,SUCCESS,96,96,0,0,96,96
s18,d9,frame_0026.jpg,SUCCESS,96,96,0,0,96,96
s18,d9,frame_0027.jpg,SUCCESS,96,96,0,0,96,96
s18,d9,frame_0028.jpg,SUCCESS,96,96,0,0,96,96
s18,d9,frame_0029.jpg,SUCCESS,96,96,0,0,96,96
s18,d9,frame_0030.jpg,SUCCESS,96,96,0,0,96,96
s18,d9,frame_0031.jpg,SUCCESS,96,96,0,0,96,96
s18,d9,frame_0032.jpg,SUCCESS,96,96,0,0,96,96
s18,d9,frame_0033.jpg,SUCCESS,96,96,0,0,96,96
s18,d9,frame_0034.jpg,SUCCESS,96,96,0,0,96,96
s18,d9,frame_0035.jpg,SUCCESS,96,96,0,0,96,96
s18,d9,frame_0036.jpg,SUCCESS,96,96,0,0,96,96
s18,d9,frame_0037.jpg,SUCCESS,96,96,0,0,96,96
s18,d9,frame_0038.jpg,SUCCESS,96,96,0,0,96,96
s19,d0,frame_0001.jpg,SUCCESS,96,96,0,0,96,96
s19,d0,frame_0002.jpg,SUCCESS,96,96,0,0,96,96
s19,d0,frame_0003.jpg,SUCCESS,96,96,0,0,96,96
s19,d0,frame_0004.jpg,SUCCESS,96,96,0,0,96,96
s19,d0,frame_0005.jpg,SUCCESS,96,96,0,0,96,96
s19,d0,frame_0006.jpg,SUCCESS,96,96,0,0,96,96
s19,d0,frame_0007.jpg,SUCCESS,96,96,0,0,96,96
s19,d0,frame_0008.jpg,SUCCESS,96,96,0,0,96,96
s19,d0,frame_0009.jpg,SUCCESS,96,96,0,0,96,96
s19,d0,frame_0010.jpg,SUCCESS,96,96,0,0,96,96
s19,d0,frame_0011.jpg,SUCCESS,96,96,0,0,96,96
s19,d0,frame_0012.jpg,SUCCESS,96,96,0,0,96,96
s19,d0,frame_0013.jpg,SUCCESS,96,96,0,0,96,96
s19,d0,frame_0014.jpg,SUCCESS,96,96,0,0,96,96
s19,d0,frame_0015.jpg,SUCCESS,96,96,0,0,96,96
s19,d0,frame_0016.jpg,SUCCESS,96,96,0,0,96,96
s19,d0,frame_0017.jpg,SUCCESS,96,96,0,0,96,96
s19,d0,frame_0018.jpg,SUCCESS,96,96,0,0,96,96
s19,d0,frame_0019.jpg,SUCCESS,96,96,0,0,96,96
s19,d0,frame_0020.jpg,SUCCESS,96,96,0,0,96,96
s19,d0,frame_0021.jpg,SUCCESS,96,96,0,0,96,96
s19,d0,frame_0022.jpg,SUCCESS,96,96,0,0,96,96
s19,d0,frame_0023.jpg,SUCCESS,96,96,0,0,96,96
s19,d0,frame_0024.jpg,SUCCESS,96,96,0,0,96,96
s19,d0,frame_0025.jpg,SUCCESS,96,96,0,0,96,96
s19,d0,frame_0026.jpg,SUCCESS,96,96,0,0,96,96
s19,d0,frame_0027.jpg,SUCCESS,96,96,0,0,96,96
s19,d0,frame_0028.jpg,SUCCESS,96,96,0,0,96,96
s19,d0,frame_0029.jpg,SUCCESS,96,96,0,0,96,96
s19,d0,frame_0030.jpg,SUCCESS,96,96,0,0,96,96
s19,d0,frame_0031.jpg,SUCCESS,96,96,0,0,96,96
s19,d0,frame_0032.jpg,SUCCESS,96,96,0,0,96,96
s19,d0,frame_0033.jpg,SUCCESS,96,96,0,0,96,96
s19,d0,frame_0034.jpg,SUCCESS,96,96,0,0,96,96
s19,d0,frame_0035.jpg,SUCCESS,96,96,0,0,96,96
s19,d0,frame_0036.jpg,SUCCESS,96,96,0,0,96,96
s19,d0,frame_0037.jpg,SUCCESS,96,96,0,0,96,96
s19,d0,frame_0038.jpg,SUCCESS,96,96,0,0,96,96
s19,d0,frame_0039.jpg,SUCCESS,96,96,0,0,96,96
s19,d0,frame_0040.jpg,SUCCESS,96,96,0,0,96,96
s19,d0,frame_0041.jpg,SUCCESS,96,96,0,0,96,96
s19,d1,frame_0001.jpg,SUCCESS,96,96,0,0,96,96
s19,d1,frame_0002.jpg,SUCCESS,96,96,0,0,96,96
s19,d1,frame_0003.jpg,SUCCESS,96,96,0,0,96,96
s19,d1,frame_0004.jpg,SUCCESS,96,96,0,0,96,96
s19,d1,frame_0005.jpg,SUCCESS,96,96,0,0,96,96
s19,d1,frame_0006.jpg,SUCCESS,96,96,0,0,96,96
s19,d1,frame_0007.jpg,SUCCESS,96,96,0,0,96,96
s19,d1,frame_0008.jpg,SUCCESS,96,96,0,0,96,96
s19,d1,frame_0009.jpg,SUCCESS,96,96,0,0,96,96
s19,d1,frame_0010.jpg,SUCCESS,96,96,0,0,96,96
s19,d1,frame_0011.jpg,SUCCESS,96,96,0,0,96,96
s19,d1,frame_0012.jpg,SUCCESS,96,96,0,0,96,96
s19,d1,frame_0013.jpg,SUCCESS,96,96,0,0,96,96
s19,d1,frame_0014.jpg,SUCCESS,96,96,0,0,96,96
s19,d1,frame_0015.jpg,SUCCESS,96,96,0,0,96,96
s19,d1,frame_0016.jpg,SUCCESS,96,96,0,0,96,96
s19,d1,frame_0017.jpg,SUCCESS,96,96,0,0,96,96
s19,d1,frame_0018.jpg,SUCCESS,96,96,0,0,96,96
s19,d1,frame_0019.jpg,SUCCESS,96,96,0,0,96,96
s19,d1,frame_0020.jpg,SUCCESS,96,96,0,0,96,96
s19,d1,frame_0021.jpg,SUCCESS,96,96,0,0,96,96
s19,d1,frame_0022.jpg,SUCCESS,96,96,0,0,96,96
s19,d1,frame_0023.jpg,SUCCESS,96,96,0,0,96,96
s19,d1,frame_0024.jpg,SUCCESS,96,96,0,0,96,96
s19,d1,frame_0025.jpg,SUCCESS,96,96,0,0,96,96
s19,d1,frame_0026.jpg,SUCCESS,96,96,0,0,96,96
s19,d1,frame_0027.jpg,SUCCESS,96,96,0,0,96,96
s19,d1,frame_0028.jpg,SUCCESS,96,96,0,0,96,96
s19,d1,frame_0029.jpg,SUCCESS,96,96,0,0,96,96
s19,d1,frame_0030.jpg,SUCCESS,96,96,0,0,96,96
s19,d1,frame_0031.jpg,SUCCESS,96,96,0,0,96,96
s19,d1,frame_0032.jpg,SUCCESS,96,96,0,0,96,96
s19,d1,frame_0033.jpg,SUCCESS,96,96,0,0,96,96
s19,d1,frame_0034.jpg,SUCCESS,96,96,0,0,96,96
s19,d1,frame_0035.jpg,SUCCESS,96,96,0,0,96,96
s19,d1,frame_0036.jpg,SUCCESS,96,96,0,0,96,96
s19,d1,frame_0037.jpg,SUCCESS,96,96,0,0,96,96
s19,d1,frame_0038.jpg,SUCCESS,96,96,0,0,96,96
s19,d1,frame_0039.jpg,SUCCESS,96,96,0,0,96,96
s19,d1,frame_0040.jpg,SUCCESS,96,96,0,0,96,96
s19,d10,frame_0001.jpg,SUCCESS,96,96,0,0,96,96
s19,d10,frame_0002.jpg,SUCCESS,96,96,0,0,96,96
s19,d10,frame_0003.jpg,SUCCESS,96,96,0,0,96,96
s19,d10,frame_0004.jpg,SUCCESS,96,96,0,0,96,96
s19,d10,frame_0005.jpg,SUCCESS,96,96,0,0,96,96
s19,d10,frame_0006.jpg,SUCCESS,96,96,0,0,96,96
s19,d10,frame_0007.jpg,SUCCESS,96,96,0,0,96,96
s19,d10,frame_0008.jpg,SUCCESS,96,96,0,0,96,96
s19,d10,frame_0009.jpg,SUCCESS,96,96,0,0,96,96
s19,d10,frame_0010.jpg,SUCCESS,96,96,0,0,96,96
s19,d10,frame_0011.jpg,SUCCESS,96,96,0,0,96,96
s19,d10,frame_0012.jpg,SUCCESS,96,96,0,0,96,96
s19,d10,frame_0013.jpg,SUCCESS,96,96,0,0,96,96
s19,d10,frame_0014.jpg,SUCCESS,96,96,0,0,96,96
s19,d10,frame_0015.jpg,SUCCESS,96,96,0,0,96,96
s19,d10,frame_0016.jpg,SUCCESS,96,96,0,0,96,96
s19,d10,frame_0017.jpg,SUCCESS,96,96,0,0,96,96
s19,d10,frame_0018.jpg,SUCCESS,96,96,0,0,96,96
s19,d10,frame_0019.jpg,SUCCESS,96,96,0,0,96,96
s19,d10,frame_0020.jpg,SUCCESS,96,96,0,0,96,96
s19,d10,frame_0021.jpg,SUCCESS,96,96,0,0,96,96
s19,d10,frame_0022.jpg,SUCCESS,96,96,0,0,96,96
s19,d10,frame_0023.jpg,SUCCESS,96,96,0,0,96,96
s19,d10,frame_0024.jpg,SUCCESS,96,96,0,0,96,96
s19,d10,frame_0025.jpg,SUCCESS,96,96,0,0,96,96
s19,d10,frame_0026.jpg,SUCCESS,96,96,0,0,96,96
s19,d10,frame_0027.jpg,SUCCESS,96,96,0,0,96,96
s19,d10,frame_0028.jpg,SUCCESS,96,96,0,0,96,96
s19,d10,frame_0029.jpg,SUCCESS,96,96,0,0,96,96
s19,d10,frame_0030.jpg,SUCCESS,96,96,0,0,96,96
s19,d10,frame_0031.jpg,SUCCESS,96,96,0,0,96,96
s19,d10,frame_0032.jpg,SUCCESS,96,96,0,0,96,96
s19,d10,frame_0033.jpg,SUCCESS,96,96,0,0,96,96
s19,d10,frame_0034.jpg,SUCCESS,96,96,0,0,96,96
s19,d10,frame_0035.jpg,SUCCESS,96,96,0,0,96,96
s19,d10,frame_0036.jpg,SUCCESS,96,96,0,0,96,96
s19,d10,frame_0037.jpg,SUCCESS,96,96,0,0,96,96
s19,d10,frame_0038.jpg,SUCCESS,96,96,0,0,96,96
s19,d10,frame_0039.jpg,SUCCESS,96,96,0,0,96,96
s19,d10,frame_0040.jpg,SUCCESS,96,96,0,0,96,96
s19,d10,frame_0041.jpg,SUCCESS,96,96,0,0,96,96
s19,d10,frame_0042.jpg,SUCCESS,96,96,0,0,96,96
s19,d10,frame_0043.jpg,SUCCESS,96,96,0,0,96,96
s19,d2,frame_0001.jpg,SUCCESS,96,96,0,0,96,96
s19,d2,frame_0002.jpg,SUCCESS,96,96,0,0,96,96
s19,d2,frame_0003.jpg,SUCCESS,96,96,0,0,96,96
s19,d2,frame_0004.jpg,SUCCESS,96,96,0,0,96,96
s19,d2,frame_0005.jpg,SUCCESS,96,96,0,0,96,96
s19,d2,frame_0006.jpg,SUCCESS,96,96,0,0,96,96
s19,d2,frame_0007.jpg,SUCCESS,96,96,0,0,96,96
s19,d2,frame_0008.jpg,SUCCESS,96,96,0,0,96,96
s19,d2,frame_0009.jpg,SUCCESS,96,96,0,0,96,96
s19,d2,frame_0010.jpg,SUCCESS,96,96,0,0,96,96
s19,d2,frame_0011.jpg,SUCCESS,96,96,0,0,96,96
s19,d2,frame_0012.jpg,SUCCESS,96,96,0,0,96,96
s19,d2,frame_0013.jpg,SUCCESS,96,96,0,0,96,96
s19,d2,frame_0014.jpg,SUCCESS,96,96,0,0,96,96
s19,d2,frame_0015.jpg,SUCCESS,96,96,0,0,96,96
s19,d2,frame_0016.jpg,SUCCESS,96,96,0,0,96,96
s19,d2,frame_0017.jpg,SUCCESS,96,96,0,0,96,96
s19,d2,frame_0018.jpg,SUCCESS,96,96,0,0,96,96
s19,d2,frame_0019.jpg,SUCCESS,96,96,0,0,96,96
s19,d2,frame_0020.jpg,SUCCESS,96,96,0,0,96,96
s19,d2,frame_0021.jpg,SUCCESS,96,96,0,0,96,96
s19,d2,frame_0022.jpg,SUCCESS,96,96,0,0,96,96
s19,d2,frame_0023.jpg,SUCCESS,96,96,0,0,96,96
s19,d2,frame_0024.jpg,SUCCESS,96,96,0,0,96,96
s19,d2,frame_0025.jpg,SUCCESS,96,96,0,0,96,96
s19,d2,frame_0026.jpg,SUCCESS,96,96,0,0,96,96
s19,d2,frame_0027.jpg,SUCCESS,96,96,0,0,96,96
s19,d2,frame_0028.jpg,SUCCESS,96,96,0,0,96,96
s19,d2,frame_0029.jpg,SUCCESS,96,96,0,0,96,96
s19,d2,frame_0030.jpg,SUCCESS,96,96,0,0,96,96
s19,d2,frame_0031.jpg,SUCCESS,96,96,0,0,96,96
s19,d2,frame_0032.jpg,SUCCESS,96,96,0,0,96,96
s19,d2,frame_0033.jpg,SUCCESS,96,96,0,0,96,96
s19,d2,frame_0034.jpg,SUCCESS,96,96,0,0,96,96
s19,d2,frame_0035.jpg,SUCCESS,96,96,0,0,96,96
s19,d2,frame_0036.jpg,SUCCESS,96,96,0,0,96,96
s19,d2,frame_0037.jpg,SUCCESS,96,96,0,0,96,96
s19,d2,frame_0038.jpg,SUCCESS,96,96,0,0,96,96
s19,d2,frame_0039.jpg,SUCCESS,96,96,0,0,96,96
s19,d2,frame_0040.jpg,SUCCESS,96,96,0,0,96,96
s19,d2,frame_0041.jpg,SUCCESS,96,96,0,0,96,96
s19,d2,frame_0042.jpg,SUCCESS,96,96,0,0,96,96
s19,d2,frame_0043.jpg,SUCCESS,96,96,0,0,96,96
s19,d2,frame_0044.jpg,SUCCESS,96,96,0,0,96,96
s19,d2,frame_0045.jpg,SUCCESS,96,96,0,0,96,96
s19,d3,frame_0001.jpg,SUCCESS,96,96,0,0,96,96
s19,d3,frame_0002.jpg,SUCCESS,96,96,0,0,96,96
s19,d3,frame_0003.jpg,SUCCESS,96,96,0,0,96,96
s19,d3,frame_0004.jpg,SUCCESS,96,96,0,0,96,96
s19,d3,frame_0005.jpg,SUCCESS,96,96,0,0,96,96
s19,d3,frame_0006.jpg,SUCCESS,96,96,0,0,96,96
s19,d3,frame_0007.jpg,SUCCESS,96,96,0,0,96,96
s19,d3,frame_0008.jpg,SUCCESS,96,96,0,0,96,96
s19,d3,frame_0009.jpg,SUCCESS,96,96,0,0,96,96
s19,d3,frame_0010.jpg,SUCCESS,96,96,0,0,96,96
s19,d3,frame_0011.jpg,SUCCESS,96,96,0,0,96,96
s19,d3,frame_0012.jpg,SUCCESS,96,96,0,0,96,96
s19,d3,frame_0013.jpg,SUCCESS,96,96,0,0,96,96
s19,d3,frame_0014.jpg,SUCCESS,96,96,0,0,96,96
s19,d3,frame_0015.jpg,SUCCESS,96,96,0,0,96,96
s19,d3,frame_0016.jpg,SUCCESS,96,96,0,0,96,96
s19,d3,frame_0017.jpg,SUCCESS,96,96,0,0,96,96
s19,d3,frame_0018.jpg,SUCCESS,96,96,0,0,96,96
s19,d3,frame_0019.jpg,SUCCESS,96,96,0,0,96,96
s19,d3,frame_0020.jpg,SUCCESS,96,96,0,0,96,96
s19,d3,frame_0021.jpg,SUCCESS,96,96,0,0,96,96
s19,d3,frame_0022.jpg,SUCCESS,96,96,0,0,96,96
s19,d3,frame_0023.jpg,SUCCESS,96,96,0,0,96,96
s19,d3,frame_0024.jpg,SUCCESS,96,96,0,0,96,96
s19,d3,frame_0025.jpg,SUCCESS,96,96,0,0,96,96
s19,d3,frame_0026.jpg,SUCCESS,96,96,0,0,96,96
s19,d3,frame_0027.jpg,SUCCESS,96,96,0,0,96,96
s19,d3,frame_0028.jpg,SUCCESS,96,96,0,0,96,96
s19,d3,frame_0029.jpg,SUCCESS,96,96,0,0,96,96
s19,d3,frame_0030.jpg,SUCCESS,96,96,0,0,96,96
s19,d3,frame_0031.jpg,SUCCESS,96,96,0,0,96,96
s19,d3,frame_0032.jpg,SUCCESS,96,96,0,0,96,96
s19,d3,frame_0033.jpg,SUCCESS,96,96,0,0,96,96
s19,d3,frame_0034.jpg,SUCCESS,96,96,0,0,96,96
s19,d3,frame_0035.jpg,SUCCESS,96,96,0,0,96,96
s19,d3,frame_0036.jpg,SUCCESS,96,96,0,0,96,96
s19,d3,frame_0037.jpg,SUCCESS,96,96,0,0,96,96
s19,d3,frame_0038.jpg,SUCCESS,96,96,0,0,96,96
s19,d3,frame_0039.jpg,SUCCESS,96,96,0,0,96,96
s19,d3,frame_0040.jpg,SUCCESS,96,96,0,0,96,96
s19,d3,frame_0041.jpg,SUCCESS,96,96,0,0,96,96
s19,d3,frame_0042.jpg,SUCCESS,96,96,0,0,96,96
s19,d3,frame_0043.jpg,SUCCESS,96,96,0,0,96,96
s19,d3,frame_0044.jpg,SUCCESS,96,96,0,0,96,96
s19,d3,frame_0045.jpg,SUCCESS,96,96,0,0,96,96
s19,d4,frame_0001.jpg,SUCCESS,96,96,0,0,96,96
s19,d4,frame_0002.jpg,SUCCESS,96,96,0,0,96,96
s19,d4,frame_0003.jpg,SUCCESS,96,96,0,0,96,96
s19,d4,frame_0004.jpg,SUCCESS,96,96,0,0,96,96
s19,d4,frame_0005.jpg,SUCCESS,96,96,0,0,96,96
s19,d4,frame_0006.jpg,SUCCESS,96,96,0,0,96,96
s19,d4,frame_0007.jpg,SUCCESS,96,96,0,0,96,96
s19,d4,frame_0008.jpg,SUCCESS,96,96,0,0,96,96
s19,d4,frame_0009.jpg,SUCCESS,96,96,0,0,96,96
s19,d4,frame_0010.jpg,SUCCESS,96,96,0,0,96,96
s19,d4,frame_0011.jpg,SUCCESS,96,96,0,0,96,96
s19,d4,frame_0012.jpg,SUCCESS,96,96,0,0,96,96
s19,d4,frame_0013.jpg,SUCCESS,96,96,0,0,96,96
s19,d4,frame_0014.jpg,SUCCESS,96,96,0,0,96,96
s19,d4,frame_0015.jpg,SUCCESS,96,96,0,0,96,96
s19,d4,frame_0016.jpg,SUCCESS,96,96,0,0,96,96
s19,d4,frame_0017.jpg,SUCCESS,96,96,0,0,96,96
s19,d4,frame_0018.jpg,SUCCESS,96,96,0,0,96,96
s19,d4,frame_0019.jpg,SUCCESS,96,96,0,0,96,96
s19,d4,frame_0020.jpg,SUCCESS,96,96,0,0,96,96
s19,d4,frame_0021.jpg,SUCCESS,96,96,0,0,96,96
s19,d4,frame_0022.jpg,SUCCESS,96,96,0,0,96,96
s19,d4,frame_0023.jpg,SUCCESS,96,96,0,0,96,96
s19,d4,frame_0024.jpg,SUCCESS,96,96,0,0,96,96
s19,d4,frame_0025.jpg,SUCCESS,96,96,0,0,96,96
s19,d4,frame_0026.jpg,SUCCESS,96,96,0,0,96,96
s19,d4,frame_0027.jpg,SUCCESS,96,96,0,0,96,96
s19,d4,frame_0028.jpg,SUCCESS,96,96,0,0,96,96
s19,d4,frame_0029.jpg,SUCCESS,96,96,0,0,96,96
s19,d4,frame_0030.jpg,SUCCESS,96,96,0,0,96,96
s19,d4,frame_0031.jpg,SUCCESS,96,96,0,0,96,96
s19,d4,frame_0032.jpg,SUCCESS,96,96,0,0,96,96
s19,d4,frame_0033.jpg,SUCCESS,96,96,0,0,96,96
s19,d4,frame_0034.jpg,SUCCESS,96,96,0,0,96,96
s19,d4,frame_0035.jpg,SUCCESS,96,96,0,0,96,96
s19,d4,frame_0036.jpg,SUCCESS,96,96,0,0,96,96
s19,d4,frame_0037.jpg,SUCCESS,96,96,0,0,96,96
s19,d4,frame_0038.jpg,SUCCESS,96,96,0,0,96,96
s19,d4,frame_0039.jpg,SUCCESS,96,96,0,0,96,96
s19,d4,frame_0040.jpg,SUCCESS,96,96,0,0,96,96
s19,d4,frame_0041.jpg,SUCCESS,96,96,0,0,96,96
s19,d4,frame_0042.jpg,SUCCESS,96,96,0,0,96,96
s19,d4,frame_0043.jpg,SUCCESS,96,96,0,0,96,96
s19,d4,frame_0044.jpg,SUCCESS,96,96,0,0,96,96
s19,d4,frame_0045.jpg,SUCCESS,96,96,0,0,96,96
s19,d4,frame_0046.jpg,SUCCESS,96,96,0,0,96,96
s19,d4,frame_0047.jpg,SUCCESS,96,96,0,0,96,96
s19,d4,frame_0048.jpg,SUCCESS,96,96,0,0,96,96
s19,d4,frame_0049.jpg,SUCCESS,96,96,0,0,96,96
s19,d4,frame_0050.jpg,SUCCESS,96,96,0,0,96,96
s19,d4,frame_0051.jpg,SUCCESS,96,96,0,0,96,96
s19,d4,frame_0052.jpg,SUCCESS,96,96,0,0,96,96
s19,d4,frame_0053.jpg,SUCCESS,96,96,0,0,96,96
s19,d4,frame_0054.jpg,SUCCESS,96,96,0,0,96,96
s19,d4,frame_0055.jpg,SUCCESS,96,96,0,0,96,96
s19,d4,frame_0056.jpg,SUCCESS,96,96,0,0,96,96
s19,d4,frame_0057.jpg,SUCCESS,96,96,0,0,96,96
s19,d4,frame_0058.jpg,SUCCESS,96,96,0,0,96,96
s19,d4,frame_0059.jpg,SUCCESS,96,96,0,0,96,96
s19,d4,frame_0060.jpg,SUCCESS,96,96,0,0,96,96
s19,d5,frame_0001.jpg,SUCCESS,96,96,0,0,96,96
s19,d5,frame_0002.jpg,SUCCESS,96,96,0,0,96,96
s19,d5,frame_0003.jpg,SUCCESS,96,96,0,0,96,96
s19,d5,frame_0004.jpg,SUCCESS,96,96,0,0,96,96
s19,d5,frame_0005.jpg,SUCCESS,96,96,0,0,96,96
s19,d5,frame_0006.jpg,SUCCESS,96,96,0,0,96,96
s19,d5,frame_0007.jpg,SUCCESS,96,96,0,0,96,96
s19,d5,frame_0008.jpg,SUCCESS,96,96,0,0,96,96
s19,d5,frame_0009.jpg,SUCCESS,96,96,0,0,96,96
s19,d5,frame_0010.jpg,SUCCESS,96,96,0,0,96,96
s19,d5,frame_0011.jpg,SUCCESS,96,96,0,0,96,96
s19,d5,frame_0012.jpg,SUCCESS,96,96,0,0,96,96
s19,d5,frame_0013.jpg,SUCCESS,96,96,0,0,96,96
s19,d5,frame_0014.jpg,SUCCESS,96,96,0,0,96,96
s19,d5,frame_0015.jpg,SUCCESS,96,96,0,0,96,96
s19,d5,frame_0016.jpg,SUCCESS,96,96,0,0,96,96
s19,d5,frame_0017.jpg,SUCCESS,96,96,0,0,96,96
s19,d5,frame_0018.jpg,SUCCESS,96,96,0,0,96,96
s19,d5,frame_0019.jpg,SUCCESS,96,96,0,0,96,96
s19,d5,frame_0020.jpg,SUCCESS,96,96,0,0,96,96
s19,d5,frame_0021.jpg,SUCCESS,96,96,0,0,96,96
s19,d5,frame_0022.jpg,SUCCESS,96,96,0,0,96,96
s19,d5,frame_0023.jpg,SUCCESS,96,96,0,0,96,96
s19,d5,frame_0024.jpg,SUCCESS,96,96,0,0,96,96
s19,d5,frame_0025.jpg,SUCCESS,96,96,0,0,96,96
s19,d5,frame_0026.jpg,SUCCESS,96,96,0,0,96,96
s19,d5,frame_0027.jpg,SUCCESS,96,96,0,0,96,96
s19,d5,frame_0028.jpg,SUCCESS,96,96,0,0,96,96
s19,d5,frame_0029.jpg,SUCCESS,96,96,0,0,96,96
s19,d5,frame_0030.jpg,SUCCESS,96,96,0,0,96,96
s19,d5,frame_0031.jpg,SUCCESS,96,96,0,0,96,96
s19,d5,frame_0032.jpg,SUCCESS,96,96,0,0,96,96
s19,d5,frame_0033.jpg,SUCCESS,96,96,0,0,96,96
s19,d5,frame_0034.jpg,SUCCESS,96,96,0,0,96,96
s19,d5,frame_0035.jpg,SUCCESS,96,96,0,0,96,96
s19,d5,frame_0036.jpg,SUCCESS,96,96,0,0,96,96
s19,d5,frame_0037.jpg,SUCCESS,96,96,0,0,96,96
s19,d5,frame_0038.jpg,SUCCESS,96,96,0,0,96,96
s19,d5,frame_0039.jpg,SUCCESS,96,96,0,0,96,96
s19,d5,frame_0040.jpg,SUCCESS,96,96,0,0,96,96
s19,d5,frame_0041.jpg,SUCCESS,96,96,0,0,96,96
s19,d5,frame_0042.jpg,SUCCESS,96,96,0,0,96,96
s19,d5,frame_0043.jpg,SUCCESS,96,96,0,0,96,96
s19,d5,frame_0044.jpg,SUCCESS,96,96,0,0,96,96
s19,d5,frame_0045.jpg,SUCCESS,96,96,0,0,96,96
s19,d6,frame_0001.jpg,SUCCESS,96,96,0,0,96,96
s19,d6,frame_0002.jpg,SUCCESS,96,96,0,0,96,96
s19,d6,frame_0003.jpg,SUCCESS,96,96,0,0,96,96
s19,d6,frame_0004.jpg,SUCCESS,96,96,0,0,96,96
s19,d6,frame_0005.jpg,SUCCESS,96,96,0,0,96,96
s19,d6,frame_0006.jpg,SUCCESS,96,96,0,0,96,96
s19,d6,frame_0007.jpg,SUCCESS,96,96,0,0,96,96
s19,d6,frame_0008.jpg,SUCCESS,96,96,0,0,96,96
s19,d6,frame_0009.jpg,SUCCESS,96,96,0,0,96,96
s19,d6,frame_0010.jpg,SUCCESS,96,96,0,0,96,96
s19,d6,frame_0011.jpg,SUCCESS,96,96,0,0,96,96
s19,d6,frame_0012.jpg,SUCCESS,96,96,0,0,96,96
s19,d6,frame_0013.jpg,SUCCESS,96,96,0,0,96,96
s19,d6,frame_0014.jpg,SUCCESS,96,96,0,0,96,96
s19,d6,frame_0015.jpg,SUCCESS,96,96,0,0,96,96
s19,d6,frame_0016.jpg,SUCCESS,96,96,0,0,96,96
s19,d6,frame_0017.jpg,SUCCESS,96,96,0,0,96,96
s19,d6,frame_0018.jpg,SUCCESS,96,96,0,0,96,96
s19,d6,frame_0019.jpg,SUCCESS,96,96,0,0,96,96
s19,d6,frame_0020.jpg,SUCCESS,96,96,0,0,96,96
s19,d6,frame_0021.jpg,SUCCESS,96,96,0,0,96,96
s19,d6,frame_0022.jpg,SUCCESS,96,96,0,0,96,96
s19,d6,frame_0023.jpg,SUCCESS,96,96,0,0,96,96
s19,d6,frame_0024.jpg,SUCCESS,96,96,0,0,96,96
s19,d6,frame_0025.jpg,SUCCESS,96,96,0,0,96,96
s19,d6,frame_0026.jpg,SUCCESS,96,96,0,0,96,96
s19,d6,frame_0027.jpg,SUCCESS,96,96,0,0,96,96
s19,d6,frame_0028.jpg,SUCCESS,96,96,0,0,96,96
s19,d6,frame_0029.jpg,SUCCESS,96,96,0,0,96,96
s19,d6,frame_0030.jpg,SUCCESS,96,96,0,0,96,96
s19,d6,frame_0031.jpg,SUCCESS,96,96,0,0,96,96
s19,d6,frame_0032.jpg,SUCCESS,96,96,0,0,96,96
s19,d6,frame_0033.jpg,SUCCESS,96,96,0,0,96,96
s19,d6,frame_0034.jpg,SUCCESS,96,96,0,0,96,96
s19,d6,frame_0035.jpg,SUCCESS,96,96,0,0,96,96
s19,d6,frame_0036.jpg,SUCCESS,96,96,0,0,96,96
s19,d6,frame_0037.jpg,SUCCESS,96,96,0,0,96,96
s19,d6,frame_0038.jpg,SUCCESS,96,96,0,0,96,96
s19,d6,frame_0039.jpg,SUCCESS,96,96,0,0,96,96
s19,d6,frame_0040.jpg,SUCCESS,96,96,0,0,96,96
s19,d6,frame_0041.jpg,SUCCESS,96,96,0,0,96,96
s19,d6,frame_0042.jpg,SUCCESS,96,96,0,0,96,96
s19,d6,frame_0043.jpg,SUCCESS,96,96,0,0,96,96
s19,d6,frame_0044.jpg,SUCCESS,96,96,0,0,96,96
s19,d6,frame_0045.jpg,SUCCESS,96,96,0,0,96,96
s19,d6,frame_0046.jpg,SUCCESS,96,96,0,0,96,96
s19,d6,frame_0047.jpg,SUCCESS,96,96,0,0,96,96
s19,d6,frame_0048.jpg,SUCCESS,96,96,0,0,96,96
s19,d6,frame_0049.jpg,SUCCESS,96,96,0,0,96,96
s19,d6,frame_0050.jpg,SUCCESS,96,96,0,0,96,96
s19,d6,frame_0051.jpg,SUCCESS,96,96,0,0,96,96
s19,d6,frame_0052.jpg,SUCCESS,96,96,0,0,96,96
s19,d6,frame_0053.jpg,SUCCESS,96,96,0,0,96,96
s19,d6,frame_0054.jpg,SUCCESS,96,96,0,0,96,96
s19,d6,frame_0055.jpg,SUCCESS,96,96,0,0,96,96
s19,d6,frame_0056.jpg,SUCCESS,96,96,0,0,96,96
s19,d6,frame_0057.jpg,SUCCESS,96,96,0,0,96,96
s19,d6,frame_0058.jpg,SUCCESS,96,96,0,0,96,96
s19,d6,frame_0059.jpg,SUCCESS,96,96,0,0,96,96
s19,d6,frame_0060.jpg,SUCCESS,96,96,0,0,96,96
s19,d6,frame_0061.jpg,SUCCESS,96,96,0,0,96,96
s19,d6,frame_0062.jpg,SUCCESS,96,96,0,0,96,96
s19,d6,frame_0063.jpg,SUCCESS,96,96,0,0,96,96
s19,d6,frame_0064.jpg,SUCCESS,96,96,0,0,96,96
s19,d7,frame_0001.jpg,SUCCESS,96,96,0,0,96,96
s19,d7,frame_0002.jpg,SUCCESS,96,96,0,0,96,96
s19,d7,frame_0003.jpg,SUCCESS,96,96,0,0,96,96
s19,d7,frame_0004.jpg,SUCCESS,96,96,0,0,96,96
s19,d7,frame_0005.jpg,SUCCESS,96,96,0,0,96,96
s19,d7,frame_0006.jpg,SUCCESS,96,96,0,0,96,96
s19,d7,frame_0007.jpg,SUCCESS,96,96,0,0,96,96
s19,d7,frame_0008.jpg,SUCCESS,96,96,0,0,96,96
s19,d7,frame_0009.jpg,SUCCESS,96,96,0,0,96,96
s19,d7,frame_0010.jpg,SUCCESS,96,96,0,0,96,96
s19,d7,frame_0011.jpg,SUCCESS,96,96,0,0,96,96
s19,d7,frame_0012.jpg,SUCCESS,96,96,0,0,96,96
s19,d7,frame_0013.jpg,SUCCESS,96,96,0,0,96,96
s19,d7,frame_0014.jpg,SUCCESS,96,96,0,0,96,96
s19,d7,frame_0015.jpg,SUCCESS,96,96,0,0,96,96
s19,d7,frame_0016.jpg,SUCCESS,96,96,0,0,96,96
s19,d7,frame_0017.jpg,SUCCESS,96,96,0,0,96,96
s19,d7,frame_0018.jpg,SUCCESS,96,96,0,0,96,96
s19,d7,frame_0019.jpg,SUCCESS,96,96,0,0,96,96
s19,d7,frame_0020.jpg,SUCCESS,96,96,0,0,96,96
s19,d7,frame_0021.jpg,SUCCESS,96,96,0,0,96,96
s19,d7,frame_0022.jpg,SUCCESS,96,96,0,0,96,96
s19,d7,frame_0023.jpg,SUCCESS,96,96,0,0,96,96
s19,d7,frame_0024.jpg,SUCCESS,96,96,0,0,96,96
s19,d7,frame_0025.jpg,SUCCESS,96,96,0,0,96,96
s19,d7,frame_0026.jpg,SUCCESS,96,96,0,0,96,96
s19,d7,frame_0027.jpg,SUCCESS,96,96,0,0,96,96
s19,d7,frame_0028.jpg,SUCCESS,96,96,0,0,96,96
s19,d7,frame_0029.jpg,SUCCESS,96,96,0,0,96,96
s19,d7,frame_0030.jpg,SUCCESS,96,96,0,0,96,96
s19,d7,frame_0031.jpg,SUCCESS,96,96,0,0,96,96
s19,d7,frame_0032.jpg,SUCCESS,96,96,0,0,96,96
s19,d7,frame_0033.jpg,SUCCESS,96,96,0,0,96,96
s19,d7,frame_0034.jpg,SUCCESS,96,96,0,0,96,96
s19,d7,frame_0035.jpg,SUCCESS,96,96,0,0,96,96
s19,d7,frame_0036.jpg,SUCCESS,96,96,0,0,96,96
s19,d7,frame_0037.jpg,SUCCESS,96,96,0,0,96,96
s19,d7,frame_0038.jpg,SUCCESS,96,96,0,0,96,96
s19,d7,frame_0039.jpg,SUCCESS,96,96,0,0,96,96
s19,d7,frame_0040.jpg,SUCCESS,96,96,0,0,96,96
s19,d7,frame_0041.jpg,SUCCESS,96,96,0,0,96,96
s19,d7,frame_0042.jpg,SUCCESS,96,96,0,0,96,96
s19,d7,frame_0043.jpg,SUCCESS,96,96,0,0,96,96
s19,d7,frame_0044.jpg,SUCCESS,96,96,0,0,96,96
s19,d8,frame_0001.jpg,SUCCESS,96,96,0,0,96,96
s19,d8,frame_0002.jpg,SUCCESS,96,96,0,0,96,96
s19,d8,frame_0003.jpg,SUCCESS,96,96,0,0,96,96
s19,d8,frame_0004.jpg,SUCCESS,96,96,0,0,96,96
s19,d8,frame_0005.jpg,SUCCESS,96,96,0,0,96,96
s19,d8,frame_0006.jpg,SUCCESS,96,96,0,0,96,96
s19,d8,frame_0007.jpg,SUCCESS,96,96,0,0,96,96
s19,d8,frame_0008.jpg,SUCCESS,96,96,0,0,96,96
s19,d8,frame_0009.jpg,SUCCESS,96,96,0,0,96,96
s19,d8,frame_0010.jpg,SUCCESS,96,96,0,0,96,96
s19,d8,frame_0011.jpg,SUCCESS,96,96,0,0,96,96
s19,d8,frame_0012.jpg,SUCCESS,96,96,0,0,96,96
s19,d8,frame_0013.jpg,SUCCESS,96,96,0,0,96,96
s19,d8,frame_0014.jpg,SUCCESS,96,96,0,0,96,96
s19,d8,frame_0015.jpg,SUCCESS,96,96,0,0,96,96
s19,d8,frame_0016.jpg,SUCCESS,96,96,0,0,96,96
s19,d8,frame_0017.jpg,SUCCESS,96,96,0,0,96,96
s19,d8,frame_0018.jpg,SUCCESS,96,96,0,0,96,96
s19,d8,frame_0019.jpg,SUCCESS,96,96,0,0,96,96
s19,d8,frame_0020.jpg,SUCCESS,96,96,0,0,96,96
s19,d8,frame_0021.jpg,SUCCESS,96,96,0,0,96,96
s19,d8,frame_0022.jpg,SUCCESS,96,96,0,0,96,96
s19,d8,frame_0023.jpg,SUCCESS,96,96,0,0,96,96
s19,d8,frame_0024.jpg,SUCCESS,96,96,0,0,96,96
s19,d8,frame_0025.jpg,SUCCESS,96,96,0,0,96,96
s19,d8,frame_0026.jpg,SUCCESS,96,96,0,0,96,96
s19,d8,frame_0027.jpg,SUCCESS,96,96,0,0,96,96
s19,d8,frame_0028.jpg,SUCCESS,96,96,0,0,96,96
s19,d8,frame_0029.jpg,SUCCESS,96,96,0,0,96,96
s19,d8,frame_0030.jpg,SUCCESS,96,96,0,0,96,96
s19,d8,frame_0031.jpg,SUCCESS,96,96,0,0,96,96
s19,d8,frame_0032.jpg,SUCCESS,96,96,0,0,96,96
s19,d8,frame_0033.jpg,SUCCESS,96,96,0,0,96,96
s19,d8,frame_0034.jpg,SUCCESS,96,96,0,0,96,96
s19,d8,frame_0035.jpg,SUCCESS,96,96,0,0,96,96
s19,d8,frame_0036.jpg,SUCCESS,96,96,0,0,96,96
s19,d8,frame_0037.jpg,SUCCESS,96,96,0,0,96,96
s19,d8,frame_0038.jpg,SUCCESS,96,96,0,0,96,96
s19,d8,frame_0039.jpg,SUCCESS,96,96,0,0,96,96
s19,d8,frame_0040.jpg,SUCCESS,96,96,0,0,96,96
s19,d8,frame_0041.jpg,SUCCESS,96,96,0,0,96,96
s19,d9,frame_0001.jpg,SUCCESS,96,96,0,0,96,96
s19,d9,frame_0002.jpg,SUCCESS,96,96,0,0,96,96
s19,d9,frame_0003.jpg,SUCCESS,96,96,0,0,96,96
s19,d9,frame_0004.jpg,SUCCESS,96,96,0,0,96,96
s19,d9,frame_0005.jpg,SUCCESS,96,96,0,0,96,96
s19,d9,frame_0006.jpg,SUCCESS,96,96,0,0,96,96
s19,d9,frame_0007.jpg,SUCCESS,96,96,0,0,96,96
s19,d9,frame_0008.jpg,SUCCESS,96,96,0,0,96,96
s19,d9,frame_0009.jpg,SUCCESS,96,96,0,0,96,96
s19,d9,frame_0010.jpg,SUCCESS,96,96,0,0,96,96
s19,d9,frame_0011.jpg,SUCCESS,96,96,0,0,96,96
s19,d9,frame_0012.jpg,SUCCESS,96,96,0,0,96,96
s19,d9,frame_0013.jpg,SUCCESS,96,96,0,0,96,96
s19,d9,frame_0014.jpg,SUCCESS,96,96,0,0,96,96
s19,d9,frame_0015.jpg,SUCCESS,96,96,0,0,96,96
s19,d9,frame_0016.jpg,SUCCESS,96,96,0,0,96,96
s19,d9,frame_0017.jpg,SUCCESS,96,96,0,0,96,96
s19,d9,frame_0018.jpg,SUCCESS,96,96,0,0,96,96
s19,d9,frame_0019.jpg,SUCCESS,96,96,0,0,96,96
s19,d9,frame_0020.jpg,SUCCESS,96,96,0,0,96,96
s19,d9,frame_0021.jpg,SUCCESS,96,96,0,0,96,96
s19,d9,frame_0022.jpg,SUCCESS,96,96,0,0,96,96
s19,d9,frame_0023.jpg,SUCCESS,96,96,0,0,96,96
s19,d9,frame_0024.jpg,SUCCESS,96,96,0,0,96,96
s19,d9,frame_0025.jpg,SUCCESS,96,96,0,0,96,96
s19,d9,frame_0026.jpg,SUCCESS,96,96,0,0,96,96
s19,d9,frame_0027.jpg,SUCCESS,96,96,0,0,96,96
s19,d9,frame_0028.jpg,SUCCESS,96,96,0,0,96,96
s19,d9,frame_0029.jpg,SUCCESS,96,96,0,0,96,96
s19,d9,frame_0030.jpg,SUCCESS,96,96,0,0,96,96
s19,d9,frame_0031.jpg,SUCCESS,96,96,0,0,96,96
s19,d9,frame_0032.jpg,SUCCESS,96,96,0,0,96,96
s19,d9,frame_0033.jpg,SUCCESS,96,96,0,0,96,96
s19,d9,frame_0034.jpg,SUCCESS,96,96,0,0,96,96
s19,d9,frame_0035.jpg,SUCCESS,96,96,0,0,96,96
s19,d9,frame_0036.jpg,SUCCESS,96,96,0,0,96,96
s19,d9,frame_0037.jpg,SUCCESS,96,96,0,0,96,96
s19,d9,frame_0038.jpg,SUCCESS,96,96,0,0,96,96
s19,d9,frame_0039.jpg,SUCCESS,96,96,0,0,96,96
s19,d9,frame_0040.jpg,SUCCESS,96,96,0,0,96,96
s19,d9,frame_0041.jpg,SUCCESS,96,96,0,0,96,96
s19,d9,frame_0042.jpg,SUCCESS,96,96,0,0,96,96
s19,d9,frame_0043.jpg,SUCCESS,96,96,0,0,96,96
s19,d9,frame_0044.jpg,SUCCESS,96,96,0,0,96,96
s19,d9,frame_0045.jpg,SUCCESS,96,96,0,0,96,96
s19,d9,frame_0046.jpg,SUCCESS,96,96,0,0,96,96
s19,d9,frame_0047.jpg,SUCCESS,96,96,0,0,96,96
s19,d9,frame_0048.jpg,SUCCESS,96,96,0,0,96,96
s20,d0,frame_0001.jpg,SUCCESS,96,96,0,0,96,96
s20,d0,frame_0002.jpg,SUCCESS,96,96,0,0,96,96
s20,d0,frame_0003.jpg,SUCCESS,96,96,0,0,96,96
s20,d0,frame_0004.jpg,SUCCESS,96,96,0,0,96,96
s20,d0,frame_0005.jpg,SUCCESS,96,96,0,0,96,96
s20,d0,frame_0006.jpg,SUCCESS,96,96,0,0,96,96
s20,d0,frame_0007.jpg,SUCCESS,96,96,0,0,96,96
s20,d0,frame_0008.jpg,SUCCESS,96,96,0,0,96,96
s20,d0,frame_0009.jpg,SUCCESS,96,96,0,0,96,96
s20,d0,frame_0010.jpg,SUCCESS,96,96,0,0,96,96
s20,d0,frame_0011.jpg,SUCCESS,96,96,0,0,96,96
s20,d0,frame_0012.jpg,SUCCESS,96,96,0,0,96,96
s20,d0,frame_0013.jpg,SUCCESS,96,96,0,0,96,96
s20,d0,frame_0014.jpg,SUCCESS,96,96,0,0,96,96
s20,d0,frame_0015.jpg,SUCCESS,96,96,0,0,96,96
s20,d0,frame_0016.jpg,SUCCESS,96,96,0,0,96,96
s20,d0,frame_0017.jpg,SUCCESS,96,96,0,0,96,96
s20,d0,frame_0018.jpg,SUCCESS,96,96,0,0,96,96
s20,d0,frame_0019.jpg,SUCCESS,96,96,0,0,96,96
s20,d0,frame_0020.jpg,SUCCESS,96,96,0,0,96,96
s20,d0,frame_0021.jpg,SUCCESS,96,96,0,0,96,96
s20,d0,frame_0022.jpg,SUCCESS,96,96,0,0,96,96
s20,d0,frame_0023.jpg,SUCCESS,96,96,0,0,96,96
s20,d0,frame_0024.jpg,SUCCESS,96,96,0,0,96,96
s20,d0,frame_0025.jpg,SUCCESS,96,96,0,0,96,96
s20,d0,frame_0026.jpg,SUCCESS,96,96,0,0,96,96
s20,d0,frame_0027.jpg,SUCCESS,96,96,0,0,96,96
s20,d0,frame_0028.jpg,SUCCESS,96,96,0,0,96,96
s20,d0,frame_0029.jpg,SUCCESS,96,96,0,0,96,96
s20,d0,frame_0030.jpg,SUCCESS,96,96,0,0,96,96
s20,d0,frame_0031.jpg,SUCCESS,96,96,0,0,96,96
s20,d0,frame_0032.jpg,SUCCESS,96,96,0,0,96,96
s20,d0,frame_0033.jpg,SUCCESS,96,96,0,0,96,96
s20,d0,frame_0034.jpg,SUCCESS,96,96,0,0,96,96
s20,d0,frame_0035.jpg,SUCCESS,96,96,0,0,96,96
s20,d0,frame_0036.jpg,SUCCESS,96,96,0,0,96,96
s20,d0,frame_0037.jpg,SUCCESS,96,96,0,0,96,96
s20,d0,frame_0038.jpg,SUCCESS,96,96,0,0,96,96
s20,d0,frame_0039.jpg,SUCCESS,96,96,0,0,96,96
s20,d0,frame_0040.jpg,SUCCESS,96,96,0,0,96,96
s20,d0,frame_0041.jpg,SUCCESS,96,96,0,0,96,96
s20,d0,frame_0042.jpg,SUCCESS,96,96,0,0,96,96
s20,d0,frame_0043.jpg,SUCCESS,96,96,0,0,96,96
s20,d0,frame_0044.jpg,SUCCESS,96,96,0,0,96,96
s20,d0,frame_0045.jpg,SUCCESS,96,96,0,0,96,96
s20,d1,frame_0001.jpg,SUCCESS,96,96,0,0,96,96
s20,d1,frame_0002.jpg,SUCCESS,96,96,0,0,96,96
s20,d1,frame_0003.jpg,SUCCESS,96,96,0,0,96,96
s20,d1,frame_0004.jpg,SUCCESS,96,96,0,0,96,96
s20,d1,frame_0005.jpg,SUCCESS,96,96,0,0,96,96
s20,d1,frame_0006.jpg,SUCCESS,96,96,0,0,96,96
s20,d1,frame_0007.jpg,SUCCESS,96,96,0,0,96,96
s20,d1,frame_0008.jpg,SUCCESS,96,96,0,0,96,96
s20,d1,frame_0009.jpg,SUCCESS,96,96,0,0,96,96
s20,d1,frame_0010.jpg,SUCCESS,96,96,0,0,96,96
s20,d1,frame_0011.jpg,SUCCESS,96,96,0,0,96,96
s20,d1,frame_0012.jpg,SUCCESS,96,96,0,0,96,96
s20,d1,frame_0013.jpg,SUCCESS,96,96,0,0,96,96
s20,d1,frame_0014.jpg,SUCCESS,96,96,0,0,96,96
s20,d1,frame_0015.jpg,SUCCESS,96,96,0,0,96,96
s20,d1,frame_0016.jpg,SUCCESS,96,96,0,0,96,96
s20,d1,frame_0017.jpg,SUCCESS,96,96,0,0,96,96
s20,d1,frame_0018.jpg,SUCCESS,96,96,0,0,96,96
s20,d1,frame_0019.jpg,SUCCESS,96,96,0,0,96,96
s20,d1,frame_0020.jpg,SUCCESS,96,96,0,0,96,96
s20,d1,frame_0021.jpg,SUCCESS,96,96,0,0,96,96
s20,d1,frame_0022.jpg,SUCCESS,96,96,0,0,96,96
s20,d1,frame_0023.jpg,SUCCESS,96,96,0,0,96,96
s20,d1,frame_0024.jpg,SUCCESS,96,96,0,0,96,96
s20,d1,frame_0025.jpg,SUCCESS,96,96,0,0,96,96
s20,d1,frame_0026.jpg,SUCCESS,96,96,0,0,96,96
s20,d1,frame_0027.jpg,SUCCESS,96,96,0,0,96,96
s20,d1,frame_0028.jpg,SUCCESS,96,96,0,0,96,96
s20,d1,frame_0029.jpg,SUCCESS,96,96,0,0,96,96
s20,d1,frame_0030.jpg,SUCCESS,96,96,0,0,96,96
s20,d1,frame_0031.jpg,SUCCESS,96,96,0,0,96,96
s20,d1,frame_0032.jpg,SUCCESS,96,96,0,0,96,96
s20,d1,frame_0033.jpg,SUCCESS,96,96,0,0,96,96
s20,d1,frame_0034.jpg,SUCCESS,96,96,0,0,96,96
s20,d1,frame_0035.jpg,SUCCESS,96,96,0,0,96,96
s20,d1,frame_0036.jpg,SUCCESS,96,96,0,0,96,96
s20,d1,frame_0037.jpg,SUCCESS,96,96,0,0,96,96
s20,d10,frame_0001.jpg,SUCCESS,96,96,0,0,96,96
s20,d10,frame_0002.jpg,SUCCESS,96,96,0,0,96,96
s20,d10,frame_0003.jpg,SUCCESS,96,96,0,0,96,96
s20,d10,frame_0004.jpg,SUCCESS,96,96,0,0,96,96
s20,d10,frame_0005.jpg,SUCCESS,96,96,0,0,96,96
s20,d10,frame_0006.jpg,SUCCESS,96,96,0,0,96,96
s20,d10,frame_0007.jpg,SUCCESS,96,96,0,0,96,96
s20,d10,frame_0008.jpg,SUCCESS,96,96,0,0,96,96
s20,d10,frame_0009.jpg,SUCCESS,96,96,0,0,96,96
s20,d10,frame_0010.jpg,SUCCESS,96,96,0,0,96,96
s20,d10,frame_0011.jpg,SUCCESS,96,96,0,0,96,96
s20,d10,frame_0012.jpg,SUCCESS,96,96,0,0,96,96
s20,d10,frame_0013.jpg,SUCCESS,96,96,0,0,96,96
s20,d10,frame_0014.jpg,SUCCESS,96,96,0,0,96,96
s20,d10,frame_0015.jpg,SUCCESS,96,96,0,0,96,96
s20,d10,frame_0016.jpg,SUCCESS,96,96,0,0,96,96
s20,d10,frame_0017.jpg,SUCCESS,96,96,0,0,96,96
s20,d10,frame_0018.jpg,SUCCESS,96,96,0,0,96,96
s20,d10,frame_0019.jpg,SUCCESS,96,96,0,0,96,96
s20,d10,frame_0020.jpg,SUCCESS,96,96,0,0,96,96
s20,d10,frame_0021.jpg,SUCCESS,96,96,0,0,96,96
s20,d10,frame_0022.jpg,SUCCESS,96,96,0,0,96,96
s20,d10,frame_0023.jpg,SUCCESS,96,96,0,0,96,96
s20,d10,frame_0024.jpg,SUCCESS,96,96,0,0,96,96
s20,d10,frame_0025.jpg,SUCCESS,96,96,0,0,96,96
s20,d10,frame_0026.jpg,SUCCESS,96,96,0,0,96,96
s20,d10,frame_0027.jpg,SUCCESS,96,96,0,0,96,96
s20,d10,frame_0028.jpg,SUCCESS,96,96,0,0,96,96
s20,d10,frame_0029.jpg,SUCCESS,96,96,0,0,96,96
s20,d10,frame_0030.jpg,SUCCESS,96,96,0,0,96,96
s20,d10,frame_0031.jpg,SUCCESS,96,96,0,0,96,96
s20,d10,frame_0032.jpg,SUCCESS,96,96,0,0,96,96
s20,d10,frame_0033.jpg,SUCCESS,96,96,0,0,96,96
s20,d10,frame_0034.jpg,SUCCESS,96,96,0,0,96,96
s20,d10,frame_0035.jpg,SUCCESS,96,96,0,0,96,96
s20,d10,frame_0036.jpg,SUCCESS,96,96,0,0,96,96
s20,d10,frame_0037.jpg,SUCCESS,96,96,0,0,96,96
s20,d10,frame_0038.jpg,SUCCESS,96,96,0,0,96,96
s20,d10,frame_0039.jpg,SUCCESS,96,96,0,0,96,96
s20,d10,frame_0040.jpg,SUCCESS,96,96,0,0,96,96
s20,d10,frame_0041.jpg,SUCCESS,96,96,0,0,96,96
s20,d2,frame_0001.jpg,SUCCESS,96,96,0,0,96,96
s20,d2,frame_0002.jpg,SUCCESS,96,96,0,0,96,96
s20,d2,frame_0003.jpg,SUCCESS,96,96,0,0,96,96
s20,d2,frame_0004.jpg,SUCCESS,96,96,0,0,96,96
s20,d2,frame_0005.jpg,SUCCESS,96,96,0,0,96,96
s20,d2,frame_0006.jpg,SUCCESS,96,96,0,0,96,96
s20,d2,frame_0007.jpg,SUCCESS,96,96,0,0,96,96
s20,d2,frame_0008.jpg,SUCCESS,96,96,0,0,96,96
s20,d2,frame_0009.jpg,SUCCESS,96,96,0,0,96,96
s20,d2,frame_0010.jpg,SUCCESS,96,96,0,0,96,96
s20,d2,frame_0011.jpg,SUCCESS,96,96,0,0,96,96
s20,d2,frame_0012.jpg,SUCCESS,96,96,0,0,96,96
s20,d2,frame_0013.jpg,SUCCESS,96,96,0,0,96,96
s20,d2,frame_0014.jpg,SUCCESS,96,96,0,0,96,96
s20,d2,frame_0015.jpg,SUCCESS,96,96,0,0,96,96
s20,d2,frame_0016.jpg,SUCCESS,96,96,0,0,96,96
s20,d2,frame_0017.jpg,SUCCESS,96,96,0,0,96,96
s20,d2,frame_0018.jpg,SUCCESS,96,96,0,0,96,96
s20,d2,frame_0019.jpg,SUCCESS,96,96,0,0,96,96
s20,d2,frame_0020.jpg,SUCCESS,96,96,0,0,96,96
s20,d2,frame_0021.jpg,SUCCESS,96,96,0,0,96,96
s20,d2,frame_0022.jpg,SUCCESS,96,96,0,0,96,96
s20,d2,frame_0023.jpg,SUCCESS,96,96,0,0,96,96
s20,d2,frame_0024.jpg,SUCCESS,96,96,0,0,96,96
s20,d2,frame_0025.jpg,SUCCESS,96,96,0,0,96,96
s20,d2,frame_0026.jpg,SUCCESS,96,96,0,0,96,96
s20,d2,frame_0027.jpg,SUCCESS,96,96,0,0,96,96
s20,d2,frame_0028.jpg,SUCCESS,96,96,0,0,96,96
s20,d2,frame_0029.jpg,SUCCESS,96,96,0,0,96,96
s20,d2,frame_0030.jpg,SUCCESS,96,96,0,0,96,96
s20,d2,frame_0031.jpg,SUCCESS,96,96,0,0,96,96
s20,d2,frame_0032.jpg,SUCCESS,96,96,0,0,96,96
s20,d2,frame_0033.jpg,SUCCESS,96,96,0,0,96,96
s20,d2,frame_0034.jpg,SUCCESS,96,96,0,0,96,96
s20,d2,frame_0035.jpg,SUCCESS,96,96,0,0,96,96
s20,d2,frame_0036.jpg,SUCCESS,96,96,0,0,96,96
s20,d2,frame_0037.jpg,SUCCESS,96,96,0,0,96,96
s20,d2,frame_0038.jpg,SUCCESS,96,96,0,0,96,96
s20,d2,frame_0039.jpg,SUCCESS,96,96,0,0,96,96
s20,d2,frame_0040.jpg,SUCCESS,96,96,0,0,96,96
s20,d2,frame_0041.jpg,SUCCESS,96,96,0,0,96,96
s20,d2,frame_0042.jpg,SUCCESS,96,96,0,0,96,96
s20,d2,frame_0043.jpg,SUCCESS,96,96,0,0,96,96
s20,d2,frame_0044.jpg,SUCCESS,96,96,0,0,96,96
s20,d2,frame_0045.jpg,SUCCESS,96,96,0,0,96,96
s20,d2,frame_0046.jpg,SUCCESS,96,96,0,0,96,96
s20,d3,frame_0001.jpg,SUCCESS,96,96,0,0,96,96
s20,d3,frame_0002.jpg,SUCCESS,96,96,0,0,96,96
s20,d3,frame_0003.jpg,SUCCESS,96,96,0,0,96,96
s20,d3,frame_0004.jpg,SUCCESS,96,96,0,0,96,96
s20,d3,frame_0005.jpg,SUCCESS,96,96,0,0,96,96
s20,d3,frame_0006.jpg,SUCCESS,96,96,0,0,96,96
s20,d3,frame_0007.jpg,SUCCESS,96,96,0,0,96,96
s20,d3,frame_0008.jpg,SUCCESS,96,96,0,0,96,96
s20,d3,frame_0009.jpg,SUCCESS,96,96,0,0,96,96
s20,d3,frame_0010.jpg,SUCCESS,96,96,0,0,96,96
s20,d3,frame_0011.jpg,SUCCESS,96,96,0,0,96,96
s20,d3,frame_0012.jpg,SUCCESS,96,96,0,0,96,96
s20,d3,frame_0013.jpg,SUCCESS,96,96,0,0,96,96
s20,d3,frame_0014.jpg,SUCCESS,96,96,0,0,96,96
s20,d3,frame_0015.jpg,SUCCESS,96,96,0,0,96,96
s20,d3,frame_0016.jpg,SUCCESS,96,96,0,0,96,96
s20,d3,frame_0017.jpg,SUCCESS,96,96,0,0,96,96
s20,d3,frame_0018.jpg,SUCCESS,96,96,0,0,96,96
s20,d3,frame_0019.jpg,SUCCESS,96,96,0,0,96,96
s20,d3,frame_0020.jpg,SUCCESS,96,96,0,0,96,96
s20,d3,frame_0021.jpg,SUCCESS,96,96,0,0,96,96
s20,d3,frame_0022.jpg,SUCCESS,96,96,0,0,96,96
s20,d3,frame_0023.jpg,SUCCESS,96,96,0,0,96,96
s20,d3,frame_0024.jpg,SUCCESS,96,96,0,0,96,96
s20,d3,frame_0025.jpg,SUCCESS,96,96,0,0,96,96
s20,d3,frame_0026.jpg,SUCCESS,96,96,0,0,96,96
s20,d3,frame_0027.jpg,SUCCESS,96,96,0,0,96,96
s20,d3,frame_0028.jpg,SUCCESS,96,96,0,0,96,96
s20,d3,frame_0029.jpg,SUCCESS,96,96,0,0,96,96
s20,d3,frame_0030.jpg,SUCCESS,96,96,0,0,96,96
s20,d3,frame_0031.jpg,SUCCESS,96,96,0,0,96,96
s20,d3,frame_0032.jpg,SUCCESS,96,96,0,0,96,96
s20,d3,frame_0033.jpg,SUCCESS,96,96,0,0,96,96
s20,d3,frame_0034.jpg,SUCCESS,96,96,0,0,96,96
s20,d3,frame_0035.jpg,SUCCESS,96,96,0,0,96,96
s20,d3,frame_0036.jpg,SUCCESS,96,96,0,0,96,96
s20,d3,frame_0037.jpg,SUCCESS,96,96,0,0,96,96
s20,d3,frame_0038.jpg,SUCCESS,96,96,0,0,96,96
s20,d3,frame_0039.jpg,SUCCESS,96,96,0,0,96,96
s20,d3,frame_0040.jpg,SUCCESS,96,96,0,0,96,96
s20,d3,frame_0041.jpg,SUCCESS,96,96,0,0,96,96
s20,d3,frame_0042.jpg,SUCCESS,96,96,0,0,96,96
s20,d3,frame_0043.jpg,SUCCESS,96,96,0,0,96,96
s20,d3,frame_0044.jpg,SUCCESS,96,96,0,0,96,96
s20,d3,frame_0045.jpg,SUCCESS,96,96,0,0,96,96
s20,d3,frame_0046.jpg,SUCCESS,96,96,0,0,96,96
s20,d3,frame_0047.jpg,SUCCESS,96,96,0,0,96,96
s20,d3,frame_0048.jpg,SUCCESS,96,96,0,0,96,96
s20,d4,frame_0001.jpg,SUCCESS,96,96,0,0,96,96
s20,d4,frame_0002.jpg,SUCCESS,96,96,0,0,96,96
s20,d4,frame_0003.jpg,SUCCESS,96,96,0,0,96,96
s20,d4,frame_0004.jpg,SUCCESS,96,96,0,0,96,96
s20,d4,frame_0005.jpg,SUCCESS,96,96,0,0,96,96
s20,d4,frame_0006.jpg,SUCCESS,96,96,0,0,96,96
s20,d4,frame_0007.jpg,SUCCESS,96,96,0,0,96,96
s20,d4,frame_0008.jpg,SUCCESS,96,96,0,0,96,96
s20,d4,frame_0009.jpg,SUCCESS,96,96,0,0,96,96
s20,d4,frame_0010.jpg,SUCCESS,96,96,0,0,96,96
s20,d4,frame_0011.jpg,SUCCESS,96,96,0,0,96,96
s20,d4,frame_0012.jpg,SUCCESS,96,96,0,0,96,96
s20,d4,frame_0013.jpg,SUCCESS,96,96,0,0,96,96
s20,d4,frame_0014.jpg,SUCCESS,96,96,0,0,96,96
s20,d4,frame_0015.jpg,SUCCESS,96,96,0,0,96,96
s20,d4,frame_0016.jpg,SUCCESS,96,96,0,0,96,96
s20,d4,frame_0017.jpg,SUCCESS,96,96,0,0,96,96
s20,d4,frame_0018.jpg,SUCCESS,96,96,0,0,96,96
s20,d4,frame_0019.jpg,SUCCESS,96,96,0,0,96,96
s20,d4,frame_0020.jpg,SUCCESS,96,96,0,0,96,96
s20,d4,frame_0021.jpg,SUCCESS,96,96,0,0,96,96
s20,d4,frame_0022.jpg,SUCCESS,96,96,0,0,96,96
s20,d4,frame_0023.jpg,SUCCESS,96,96,0,0,96,96
s20,d4,frame_0024.jpg,SUCCESS,96,96,0,0,96,96
s20,d4,frame_0025.jpg,SUCCESS,96,96,0,0,96,96
s20,d4,frame_0026.jpg,SUCCESS,96,96,0,0,96,96
s20,d4,frame_0027.jpg,SUCCESS,96,96,0,0,96,96
s20,d4,frame_0028.jpg,SUCCESS,96,96,0,0,96,96
s20,d4,frame_0029.jpg,SUCCESS,96,96,0,0,96,96
s20,d4,frame_0030.jpg,SUCCESS,96,96,0,0,96,96
s20,d4,frame_0031.jpg,SUCCESS,96,96,0,0,96,96
s20,d4,frame_0032.jpg,SUCCESS,96,96,0,0,96,96
s20,d4,frame_0033.jpg,SUCCESS,96,96,0,0,96,96
s20,d4,frame_0034.jpg,SUCCESS,96,96,0,0,96,96
s20,d4,frame_0035.jpg,SUCCESS,96,96,0,0,96,96
s20,d4,frame_0036.jpg,SUCCESS,96,96,0,0,96,96
s20,d4,frame_0037.jpg,SUCCESS,96,96,0,0,96,96
s20,d4,frame_0038.jpg,SUCCESS,96,96,0,0,96,96
s20,d4,frame_0039.jpg,SUCCESS,96,96,0,0,96,96
s20,d4,frame_0040.jpg,SUCCESS,96,96,0,0,96,96
s20,d4,frame_0041.jpg,SUCCESS,96,96,0,0,96,96
s20,d4,frame_0042.jpg,SUCCESS,96,96,0,0,96,96
s20,d4,frame_0043.jpg,SUCCESS,96,96,0,0,96,96
s20,d4,frame_0044.jpg,SUCCESS,96,96,0,0,96,96
s20,d4,frame_0045.jpg,SUCCESS,96,96,0,0,96,96
s20,d4,frame_0046.jpg,SUCCESS,96,96,0,0,96,96
s20,d4,frame_0047.jpg,SUCCESS,96,96,0,0,96,96
s20,d4,frame_0048.jpg,SUCCESS,96,96,0,0,96,96
s20,d4,frame_0049.jpg,SUCCESS,96,96,0,0,96,96
s20,d4,frame_0050.jpg,SUCCESS,96,96,0,0,96,96
s20,d4,frame_0051.jpg,SUCCESS,96,96,0,0,96,96
s20,d4,frame_0052.jpg,SUCCESS,96,96,0,0,96,96
s20,d4,frame_0053.jpg,SUCCESS,96,96,0,0,96,96
s20,d4,frame_0054.jpg,SUCCESS,96,96,0,0,96,96
s20,d4,frame_0055.jpg,SUCCESS,96,96,0,0,96,96
s20,d4,frame_0056.jpg,SUCCESS,96,96,0,0,96,96
s20,d4,frame_0057.jpg,SUCCESS,96,96,0,0,96,96
s20,d4,frame_0058.jpg,SUCCESS,96,96,0,0,96,96
s20,d4,frame_0059.jpg,SUCCESS,96,96,0,0,96,96
s20,d4,frame_0060.jpg,SUCCESS,96,96,0,0,96,96
s20,d5,frame_0001.jpg,SUCCESS,96,96,0,0,96,96
s20,d5,frame_0002.jpg,SUCCESS,96,96,0,0,96,96
s20,d5,frame_0003.jpg,SUCCESS,96,96,0,0,96,96
s20,d5,frame_0004.jpg,SUCCESS,96,96,0,0,96,96
s20,d5,frame_0005.jpg,SUCCESS,96,96,0,0,96,96
s20,d5,frame_0006.jpg,SUCCESS,96,96,0,0,96,96
s20,d5,frame_0007.jpg,SUCCESS,96,96,0,0,96,96
s20,d5,frame_0008.jpg,SUCCESS,96,96,0,0,96,96
s20,d5,frame_0009.jpg,SUCCESS,96,96,0,0,96,96
s20,d5,frame_0010.jpg,SUCCESS,96,96,0,0,96,96
s20,d5,frame_0011.jpg,SUCCESS,96,96,0,0,96,96
s20,d5,frame_0012.jpg,SUCCESS,96,96,0,0,96,96
s20,d5,frame_0013.jpg,SUCCESS,96,96,0,0,96,96
s20,d5,frame_0014.jpg,SUCCESS,96,96,0,0,96,96
s20,d5,frame_0015.jpg,SUCCESS,96,96,0,0,96,96
s20,d5,frame_0016.jpg,SUCCESS,96,96,0,0,96,96
s20,d5,frame_0017.jpg,SUCCESS,96,96,0,0,96,96
s20,d5,frame_0018.jpg,SUCCESS,96,96,0,0,96,96
s20,d5,frame_0019.jpg,SUCCESS,96,96,0,0,96,96
s20,d5,frame_0020.jpg,SUCCESS,96,96,0,0,96,96
s20,d5,frame_0021.jpg,SUCCESS,96,96,0,0,96,96
s20,d5,frame_0022.jpg,SUCCESS,96,96,0,0,96,96
s20,d5,frame_0023.jpg,SUCCESS,96,96,0,0,96,96
s20,d5,frame_0024.jpg,SUCCESS,96,96,0,0,96,96
s20,d5,frame_0025.jpg,SUCCESS,96,96,0,0,96,96
s20,d5,frame_0026.jpg,SUCCESS,96,96,0,0,96,96
s20,d5,frame_0027.jpg,SUCCESS,96,96,0,0,96,96
s20,d5,frame_0028.jpg,SUCCESS,96,96,0,0,96,96
s20,d5,frame_0029.jpg,SUCCESS,96,96,0,0,96,96
s20,d5,frame_0030.jpg,SUCCESS,96,96,0,0,96,96
s20,d5,frame_0031.jpg,SUCCESS,96,96,0,0,96,96
s20,d5,frame_0032.jpg,SUCCESS,96,96,0,0,96,96
s20,d5,frame_0033.jpg,SUCCESS,96,96,0,0,96,96
s20,d5,frame_0034.jpg,SUCCESS,96,96,0,0,96,96
s20,d5,frame_0035.jpg,SUCCESS,96,96,0,0,96,96
s20,d5,frame_0036.jpg,SUCCESS,96,96,0,0,96,96
s20,d5,frame_0037.jpg,SUCCESS,96,96,0,0,96,96
s20,d5,frame_0038.jpg,SUCCESS,96,96,0,0,96,96
s20,d5,frame_0039.jpg,SUCCESS,96,96,0,0,96,96
s20,d5,frame_0040.jpg,SUCCESS,96,96,0,0,96,96
s20,d5,frame_0041.jpg,SUCCESS,96,96,0,0,96,96
s20,d5,frame_0042.jpg,SUCCESS,96,96,0,0,96,96
s20,d5,frame_0043.jpg,SUCCESS,96,96,0,0,96,96
s20,d6,frame_0001.jpg,SUCCESS,96,96,0,0,96,96
s20,d6,frame_0002.jpg,SUCCESS,96,96,0,0,96,96
s20,d6,frame_0003.jpg,SUCCESS,96,96,0,0,96,96
s20,d6,frame_0004.jpg,SUCCESS,96,96,0,0,96,96
s20,d6,frame_0005.jpg,SUCCESS,96,96,0,0,96,96
s20,d6,frame_0006.jpg,SUCCESS,96,96,0,0,96,96
s20,d6,frame_0007.jpg,SUCCESS,96,96,0,0,96,96
s20,d6,frame_0008.jpg,SUCCESS,96,96,0,0,96,96
s20,d6,frame_0009.jpg,SUCCESS,96,96,0,0,96,96
s20,d6,frame_0010.jpg,SUCCESS,96,96,0,0,96,96
s20,d6,frame_0011.jpg,SUCCESS,96,96,0,0,96,96
s20,d6,frame_0012.jpg,SUCCESS,96,96,0,0,96,96
s20,d6,frame_0013.jpg,SUCCESS,96,96,0,0,96,96
s20,d6,frame_0014.jpg,SUCCESS,96,96,0,0,96,96
s20,d6,frame_0015.jpg,SUCCESS,96,96,0,0,96,96
s20,d6,frame_0016.jpg,SUCCESS,96,96,0,0,96,96
s20,d6,frame_0017.jpg,SUCCESS,96,96,0,0,96,96
s20,d6,frame_0018.jpg,SUCCESS,96,96,0,0,96,96
s20,d6,frame_0019.jpg,SUCCESS,96,96,0,0,96,96
s20,d6,frame_0020.jpg,SUCCESS,96,96,0,0,96,96
s20,d6,frame_0021.jpg,SUCCESS,96,96,0,0,96,96
s20,d6,frame_0022.jpg,SUCCESS,96,96,0,0,96,96
s20,d6,frame_0023.jpg,SUCCESS,96,96,0,0,96,96
s20,d6,frame_0024.jpg,SUCCESS,96,96,0,0,96,96
s20,d6,frame_0025.jpg,SUCCESS,96,96,0,0,96,96
s20,d6,frame_0026.jpg,SUCCESS,96,96,0,0,96,96
s20,d6,frame_0027.jpg,SUCCESS,96,96,0,0,96,96
s20,d6,frame_0028.jpg,SUCCESS,96,96,0,0,96,96
s20,d6,frame_0029.jpg,SUCCESS,96,96,0,0,96,96
s20,d6,frame_0030.jpg,SUCCESS,96,96,0,0,96,96
s20,d6,frame_0031.jpg,SUCCESS,96,96,0,0,96,96
s20,d6,frame_0032.jpg,SUCCESS,96,96,0,0,96,96
s20,d6,frame_0033.jpg,SUCCESS,96,96,0,0,96,96
s20,d6,frame_0034.jpg,SUCCESS,96,96,0,0,96,96
s20,d6,frame_0035.jpg,SUCCESS,96,96,0,0,96,96
s20,d6,frame_0036.jpg,SUCCESS,96,96,0,0,96,96
s20,d6,frame_0037.jpg,SUCCESS,96,96,0,0,96,96
s20,d6,frame_0038.jpg,SUCCESS,96,96,0,0,96,96
s20,d6,frame_0039.jpg,SUCCESS,96,96,0,0,96,96
s20,d6,frame_0040.jpg,SUCCESS,96,96,0,0,96,96
s20,d6,frame_0041.jpg,SUCCESS,96,96,0,0,96,96
s20,d7,frame_0001.jpg,SUCCESS,96,96,0,0,96,96
s20,d7,frame_0002.jpg,SUCCESS,96,96,0,0,96,96
s20,d7,frame_0003.jpg,SUCCESS,96,96,0,0,96,96
s20,d7,frame_0004.jpg,SUCCESS,96,96,0,0,96,96
s20,d7,frame_0005.jpg,SUCCESS,96,96,0,0,96,96
s20,d7,frame_0006.jpg,SUCCESS,96,96,0,0,96,96
s20,d7,frame_0007.jpg,SUCCESS,96,96,0,0,96,96
s20,d7,frame_0008.jpg,SUCCESS,96,96,0,0,96,96
s20,d7,frame_0009.jpg,SUCCESS,96,96,0,0,96,96
s20,d7,frame_0010.jpg,SUCCESS,96,96,0,0,96,96
s20,d7,frame_0011.jpg,SUCCESS,96,96,0,0,96,96
s20,d7,frame_0012.jpg,SUCCESS,96,96,0,0,96,96
s20,d7,frame_0013.jpg,SUCCESS,96,96,0,0,96,96
s20,d7,frame_0014.jpg,SUCCESS,96,96,0,0,96,96
s20,d7,frame_0015.jpg,SUCCESS,96,96,0,0,96,96
s20,d7,frame_0016.jpg,SUCCESS,96,96,0,0,96,96
s20,d7,frame_0017.jpg,SUCCESS,96,96,0,0,96,96
s20,d7,frame_0018.jpg,SUCCESS,96,96,0,0,96,96
s20,d7,frame_0019.jpg,SUCCESS,96,96,0,0,96,96
s20,d7,frame_0020.jpg,SUCCESS,96,96,0,0,96,96
s20,d7,frame_0021.jpg,SUCCESS,96,96,0,0,96,96
s20,d7,frame_0022.jpg,SUCCESS,96,96,0,0,96,96
s20,d7,frame_0023.jpg,SUCCESS,96,96,0,0,96,96
s20,d7,frame_0024.jpg,SUCCESS,96,96,0,0,96,96
s20,d7,frame_0025.jpg,SUCCESS,96,96,0,0,96,96
s20,d7,frame_0026.jpg,SUCCESS,96,96,0,0,96,96
s20,d7,frame_0027.jpg,SUCCESS,96,96,0,0,96,96
s20,d7,frame_0028.jpg,SUCCESS,96,96,0,0,96,96
s20,d7,frame_0029.jpg,SUCCESS,96,96,0,0,96,96
s20,d7,frame_0030.jpg,SUCCESS,96,96,0,0,96,96
s20,d7,frame_0031.jpg,SUCCESS,96,96,0,0,96,96
s20,d7,frame_0032.jpg,SUCCESS,96,96,0,0,96,96
s20,d7,frame_0033.jpg,SUCCESS,96,96,0,0,96,96
s20,d7,frame_0034.jpg,SUCCESS,96,96,0,0,96,96
s20,d7,frame_0035.jpg,SUCCESS,96,96,0,0,96,96
s20,d7,frame_0036.jpg,SUCCESS,96,96,0,0,96,96
s20,d7,frame_0037.jpg,SUCCESS,96,96,0,0,96,96
s20,d7,frame_0038.jpg,SUCCESS,96,96,0,0,96,96
s20,d7,frame_0039.jpg,SUCCESS,96,96,0,0,96,96
s20,d7,frame_0040.jpg,SUCCESS,96,96,0,0,96,96
s20,d7,frame_0041.jpg,SUCCESS,96,96,0,0,96,96
s20,d7,frame_0042.jpg,SUCCESS,96,96,0,0,96,96
s20,d7,frame_0043.jpg,SUCCESS,96,96,0,0,96,96
s20,d7,frame_0044.jpg,SUCCESS,96,96,0,0,96,96
s20,d8,frame_0001.jpg,SUCCESS,96,96,0,0,96,96
s20,d8,frame_0002.jpg,SUCCESS,96,96,0,0,96,96
s20,d8,frame_0003.jpg,SUCCESS,96,96,0,0,96,96
s20,d8,frame_0004.jpg,SUCCESS,96,96,0,0,96,96
s20,d8,frame_0005.jpg,SUCCESS,96,96,0,0,96,96
s20,d8,frame_0006.jpg,SUCCESS,96,96,0,0,96,96
s20,d8,frame_0007.jpg,SUCCESS,96,96,0,0,96,96
s20,d8,frame_0008.jpg,SUCCESS,96,96,0,0,96,96
s20,d8,frame_0009.jpg,SUCCESS,96,96,0,0,96,96
s20,d8,frame_0010.jpg,SUCCESS,96,96,0,0,96,96
s20,d8,frame_0011.jpg,SUCCESS,96,96,0,0,96,96
s20,d8,frame_0012.jpg,SUCCESS,96,96,0,0,96,96
s20,d8,frame_0013.jpg,SUCCESS,96,96,0,0,96,96
s20,d8,frame_0014.jpg,SUCCESS,96,96,0,0,96,96
s20,d8,frame_0015.jpg,SUCCESS,96,96,0,0,96,96
s20,d8,frame_0016.jpg,SUCCESS,96,96,0,0,96,96
s20,d8,frame_0017.jpg,SUCCESS,96,96,0,0,96,96
s20,d8,frame_0018.jpg,SUCCESS,96,96,0,0,96,96
s20,d8,frame_0019.jpg,SUCCESS,96,96,0,0,96,96
s20,d8,frame_0020.jpg,SUCCESS,96,96,0,0,96,96
s20,d8,frame_0021.jpg,SUCCESS,96,96,0,0,96,96
s20,d8,frame_0022.jpg,SUCCESS,96,96,0,0,96,96
s20,d8,frame_0023.jpg,SUCCESS,96,96,0,0,96,96
s20,d8,frame_0024.jpg,SUCCESS,96,96,0,0,96,96
s20,d8,frame_0025.jpg,SUCCESS,96,96,0,0,96,96
s20,d8,frame_0026.jpg,SUCCESS,96,96,0,0,96,96
s20,d8,frame_0027.jpg,SUCCESS,96,96,0,0,96,96
s20,d8,frame_0028.jpg,SUCCESS,96,96,0,0,96,96
s20,d8,frame_0029.jpg,SUCCESS,96,96,0,0,96,96
s20,d8,frame_0030.jpg,SUCCESS,96,96,0,0,96,96
s20,d8,frame_0031.jpg,SUCCESS,96,96,0,0,96,96
s20,d8,frame_0032.jpg,SUCCESS,96,96,0,0,96,96
s20,d8,frame_0033.jpg,SUCCESS,96,96,0,0,96,96
s20,d8,frame_0034.jpg,SUCCESS,96,96,0,0,96,96
s20,d8,frame_0035.jpg,SUCCESS,96,96,0,0,96,96
s20,d8,frame_0036.jpg,SUCCESS,96,96,0,0,96,96
s20,d8,frame_0037.jpg,SUCCESS,96,96,0,0,96,96
s20,d8,frame_0038.jpg,SUCCESS,96,96,0,0,96,96
s20,d8,frame_0039.jpg,SUCCESS,96,96,0,0,96,96
s20,d9,frame_0001.jpg,SUCCESS,96,96,0,0,96,96
s20,d9,frame_0002.jpg,SUCCESS,96,96,0,0,96,96
s20,d9,frame_0003.jpg,SUCCESS,96,96,0,0,96,96
s20,d9,frame_0004.jpg,SUCCESS,96,96,0,0,96,96
s20,d9,frame_0005.jpg,SUCCESS,96,96,0,0,96,96
s20,d9,frame_0006.jpg,SUCCESS,96,96,0,0,96,96
s20,d9,frame_0007.jpg,SUCCESS,96,96,0,0,96,96
s20,d9,frame_0008.jpg,SUCCESS,96,96,0,0,96,96
s20,d9,frame_0009.jpg,SUCCESS,96,96,0,0,96,96
s20,d9,frame_0010.jpg,SUCCESS,96,96,0,0,96,96
s20,d9,frame_0011.jpg,SUCCESS,96,96,0,0,96,96
s20,d9,frame_0012.jpg,SUCCESS,96,96,0,0,96,96
s20,d9,frame_0013.jpg,SUCCESS,96,96,0,0,96,96
s20,d9,frame_0014.jpg,SUCCESS,96,96,0,0,96,96
s20,d9,frame_0015.jpg,SUCCESS,96,96,0,0,96,96
s20,d9,frame_0016.jpg,SUCCESS,96,96,0,0,96,96
s20,d9,frame_0017.jpg,SUCCESS,96,96,0,0,96,96
s20,d9,frame_0018.jpg,SUCCESS,96,96,0,0,96,96
s20,d9,frame_0019.jpg,SUCCESS,96,96,0,0,96,96
s20,d9,frame_0020.jpg,SUCCESS,96,96,0,0,96,96
s20,d9,frame_0021.jpg,SUCCESS,96,96,0,0,96,96
s20,d9,frame_0022.jpg,SUCCESS,96,96,0,0,96,96
s20,d9,frame_0023.jpg,SUCCESS,96,96,0,0,96,96
s20,d9,frame_0024.jpg,SUCCESS,96,96,0,0,96,96
s20,d9,frame_0025.jpg,SUCCESS,96,96,0,0,96,96
s20,d9,frame_0026.jpg,SUCCESS,96,96,0,0,96,96
s20,d9,frame_0027.jpg,SUCCESS,96,96,0,0,96,96
s20,d9,frame_0028.jpg,SUCCESS,96,96,0,0,96,96
s20,d9,frame_0029.jpg,SUCCESS,96,96,0,0,96,96
s20,d9,frame_0030.jpg,SUCCESS,96,96,0,0,96,96
s20,d9,frame_0031.jpg,SUCCESS,96,96,0,0,96,96
s20,d9,frame_0032.jpg,SUCCESS,96,96,0,0,96,96
s20,d9,frame_0033.jpg,SUCCESS,96,96,0,0,96,96
s20,d9,frame_0034.jpg,SUCCESS,96,96,0,0,96,96
s20,d9,frame_0035.jpg,SUCCESS,96,96,0,0,96,96
s21,d0,frame_0001.jpg,SUCCESS,96,96,0,0,96,96
s21,d0,frame_0002.jpg,SUCCESS,96,96,0,0,96,96
s21,d0,frame_0003.jpg,SUCCESS,96,96,0,0,96,96
s21,d0,frame_0004.jpg,SUCCESS,96,96,0,0,96,96
s21,d0,frame_0005.jpg,SUCCESS,96,96,0,0,96,96
s21,d0,frame_0006.jpg,SUCCESS,96,96,0,0,96,96
s21,d0,frame_0007.jpg,SUCCESS,96,96,0,0,96,96
s21,d0,frame_0008.jpg,SUCCESS,96,96,0,0,96,96
s21,d0,frame_0009.jpg,SUCCESS,96,96,0,0,96,96
s21,d0,frame_0010.jpg,SUCCESS,96,96,0,0,96,96
s21,d0,frame_0011.jpg,SUCCESS,96,96,0,0,96,96
s21,d0,frame_0012.jpg,SUCCESS,96,96,0,0,96,96
s21,d0,frame_0013.jpg,SUCCESS,96,96,0,0,96,96
s21,d0,frame_0014.jpg,SUCCESS,96,96,0,0,96,96
s21,d0,frame_0015.jpg,SUCCESS,96,96,0,0,96,96
s21,d0,frame_0016.jpg,SUCCESS,96,96,0,0,96,96
s21,d0,frame_0017.jpg,SUCCESS,96,96,0,0,96,96
s21,d0,frame_0018.jpg,SUCCESS,96,96,0,0,96,96
s21,d0,frame_0019.jpg,SUCCESS,96,96,0,0,96,96
s21,d0,frame_0020.jpg,SUCCESS,96,96,0,0,96,96
s21,d0,frame_0021.jpg,SUCCESS,96,96,0,0,96,96
s21,d0,frame_0022.jpg,SUCCESS,96,96,0,0,96,96
s21,d0,frame_0023.jpg,SUCCESS,96,96,0,0,96,96
s21,d0,frame_0024.jpg,SUCCESS,96,96,0,0,96,96
s21,d0,frame_0025.jpg,SUCCESS,96,96,0,0,96,96
s21,d0,frame_0026.jpg,SUCCESS,96,96,0,0,96,96
s21,d0,frame_0027.jpg,SUCCESS,96,96,0,0,96,96
s21,d0,frame_0028.jpg,SUCCESS,96,96,0,0,96,96
s21,d0,frame_0029.jpg,SUCCESS,96,96,0,0,96,96
s21,d0,frame_0030.jpg,SUCCESS,96,96,0,0,96,96
s21,d0,frame_0031.jpg,SUCCESS,96,96,0,0,96,96
s21,d0,frame_0032.jpg,SUCCESS,96,96,0,0,96,96
s21,d0,frame_0033.jpg,SUCCESS,96,96,0,0,96,96
s21,d0,frame_0034.jpg,SUCCESS,96,96,0,0,96,96
s21,d0,frame_0035.jpg,SUCCESS,96,96,0,0,96,96
s21,d0,frame_0036.jpg,SUCCESS,96,96,0,0,96,96
s21,d0,frame_0037.jpg,SUCCESS,96,96,0,0,96,96
s21,d0,frame_0038.jpg,SUCCESS,96,96,0,0,96,96
s21,d0,frame_0039.jpg,SUCCESS,96,96,0,0,96,96
s21,d0,frame_0040.jpg,SUCCESS,96,96,0,0,96,96
s21,d0,frame_0041.jpg,SUCCESS,96,96,0,0,96,96
s21,d0,frame_0042.jpg,SUCCESS,96,96,0,0,96,96
s21,d0,frame_0043.jpg,SUCCESS,96,96,0,0,96,96
s21,d0,frame_0044.jpg,SUCCESS,96,96,0,0,96,96
s21,d0,frame_0045.jpg,SUCCESS,96,96,0,0,96,96
s21,d0,frame_0046.jpg,SUCCESS,96,96,0,0,96,96
s21,d0,frame_0047.jpg,SUCCESS,96,96,0,0,96,96
s21,d0,frame_0048.jpg,SUCCESS,96,96,0,0,96,96
s21,d0,frame_0049.jpg,SUCCESS,96,96,0,0,96,96
s21,d1,frame_0001.jpg,SUCCESS,96,96,0,0,96,96
s21,d1,frame_0002.jpg,SUCCESS,96,96,0,0,96,96
s21,d1,frame_0003.jpg,SUCCESS,96,96,0,0,96,96
s21,d1,frame_0004.jpg,SUCCESS,96,96,0,0,96,96
s21,d1,frame_0005.jpg,SUCCESS,96,96,0,0,96,96
s21,d1,frame_0006.jpg,SUCCESS,96,96,0,0,96,96
s21,d1,frame_0007.jpg,SUCCESS,96,96,0,0,96,96
s21,d1,frame_0008.jpg,SUCCESS,96,96,0,0,96,96
s21,d1,frame_0009.jpg,SUCCESS,96,96,0,0,96,96
s21,d1,frame_0010.jpg,SUCCESS,96,96,0,0,96,96
s21,d1,frame_0011.jpg,SUCCESS,96,96,0,0,96,96
s21,d1,frame_0012.jpg,SUCCESS,96,96,0,0,96,96
s21,d1,frame_0013.jpg,SUCCESS,96,96,0,0,96,96
s21,d1,frame_0014.jpg,SUCCESS,96,96,0,0,96,96
s21,d1,frame_0015.jpg,SUCCESS,96,96,0,0,96,96
s21,d1,frame_0016.jpg,SUCCESS,96,96,0,0,96,96
s21,d1,frame_0017.jpg,SUCCESS,96,96,0,0,96,96
s21,d1,frame_0018.jpg,SUCCESS,96,96,0,0,96,96
s21,d1,frame_0019.jpg,SUCCESS,96,96,0,0,96,96
s21,d1,frame_0020.jpg,SUCCESS,96,96,0,0,96,96
s21,d1,frame_0021.jpg,SUCCESS,96,96,0,0,96,96
s21,d1,frame_0022.jpg,SUCCESS,96,96,0,0,96,96
s21,d1,frame_0023.jpg,SUCCESS,96,96,0,0,96,96
s21,d1,frame_0024.jpg,SUCCESS,96,96,0,0,96,96
s21,d1,frame_0025.jpg,SUCCESS,96,96,0,0,96,96
s21,d1,frame_0026.jpg,SUCCESS,96,96,0,0,96,96
s21,d1,frame_0027.jpg,SUCCESS,96,96,0,0,96,96
s21,d1,frame_0028.jpg,SUCCESS,96,96,0,0,96,96
s21,d1,frame_0029.jpg,SUCCESS,96,96,0,0,96,96
s21,d1,frame_0030.jpg,SUCCESS,96,96,0,0,96,96
s21,d1,frame_0031.jpg,SUCCESS,96,96,0,0,96,96
s21,d1,frame_0032.jpg,SUCCESS,96,96,0,0,96,96
s21,d1,frame_0033.jpg,SUCCESS,96,96,0,0,96,96
s21,d1,frame_0034.jpg,SUCCESS,96,96,0,0,96,96
s21,d1,frame_0035.jpg,SUCCESS,96,96,0,0,96,96
s21,d1,frame_0036.jpg,SUCCESS,96,96,0,0,96,96
s21,d1,frame_0037.jpg,SUCCESS,96,96,0,0,96,96
s21,d1,frame_0038.jpg,SUCCESS,96,96,0,0,96,96
s21,d1,frame_0039.jpg,SUCCESS,96,96,0,0,96,96
s21,d1,frame_0040.jpg,SUCCESS,96,96,0,0,96,96
s21,d1,frame_0041.jpg,SUCCESS,96,96,0,0,96,96
s21,d1,frame_0042.jpg,SUCCESS,96,96,0,0,96,96
s21,d1,frame_0043.jpg,SUCCESS,96,96,0,0,96,96
s21,d1,frame_0044.jpg,SUCCESS,96,96,0,0,96,96
s21,d1,frame_0045.jpg,SUCCESS,96,96,0,0,96,96
s21,d1,frame_0046.jpg,SUCCESS,96,96,0,0,96,96
s21,d1,frame_0047.jpg,SUCCESS,96,96,0,0,96,96
s21,d1,frame_0048.jpg,SUCCESS,96,96,0,0,96,96
s21,d1,frame_0049.jpg,SUCCESS,96,96,0,0,96,96
s21,d1,frame_0050.jpg,SUCCESS,96,96,0,0,96,96
s21,d1,frame_0051.jpg,SUCCESS,96,96,0,0,96,96
s21,d1,frame_0052.jpg,SUCCESS,96,96,0,0,96,96
s21,d1,frame_0053.jpg,SUCCESS,96,96,0,0,96,96
s21,d1,frame_0054.jpg,SUCCESS,96,96,0,0,96,96
s21,d1,frame_0055.jpg,SUCCESS,96,96,0,0,96,96
s21,d1,frame_0056.jpg,SUCCESS,96,96,0,0,96,96
s21,d1,frame_0057.jpg,SUCCESS,96,96,0,0,96,96
s21,d1,frame_0058.jpg,SUCCESS,96,96,0,0,96,96
s21,d1,frame_0059.jpg,SUCCESS,96,96,0,0,96,96
s21,d1,frame_0060.jpg,SUCCESS,96,96,0,0,96,96
s21,d1,frame_0061.jpg,SUCCESS,96,96,0,0,96,96
s21,d1,frame_0062.jpg,SUCCESS,96,96,0,0,96,96
s21,d1,frame_0063.jpg,SUCCESS,96,96,0,0,96,96
s21,d1,frame_0064.jpg,SUCCESS,96,96,0,0,96,96
s21,d1,frame_0065.jpg,SUCCESS,96,96,0,0,96,96
s21,d1,frame_0066.jpg,SUCCESS,96,96,0,0,96,96
s21,d1,frame_0067.jpg,SUCCESS,96,96,0,0,96,96
s21,d1,frame_0068.jpg,SUCCESS,96,96,0,0,96,96
s21,d1,frame_0069.jpg,SUCCESS,96,96,0,0,96,96
s21,d1,frame_0070.jpg,SUCCESS,96,96,0,0,96,96
s21,d1,frame_0071.jpg,SUCCESS,96,96,0,0,96,96
s21,d1,frame_0072.jpg,SUCCESS,96,96,0,0,96,96
s21,d1,frame_0073.jpg,SUCCESS,96,96,0,0,96,96
s21,d1,frame_0074.jpg,SUCCESS,96,96,0,0,96,96
s21,d10,frame_0001.jpg,SUCCESS,96,96,0,0,96,96
s21,d10,frame_0002.jpg,SUCCESS,96,96,0,0,96,96
s21,d10,frame_0003.jpg,SUCCESS,96,96,0,0,96,96
s21,d10,frame_0004.jpg,SUCCESS,96,96,0,0,96,96
s21,d10,frame_0005.jpg,SUCCESS,96,96,0,0,96,96
s21,d10,frame_0006.jpg,SUCCESS,96,96,0,0,96,96
s21,d10,frame_0007.jpg,SUCCESS,96,96,0,0,96,96
s21,d10,frame_0008.jpg,SUCCESS,96,96,0,0,96,96
s21,d10,frame_0009.jpg,SUCCESS,96,96,0,0,96,96
s21,d10,frame_0010.jpg,SUCCESS,96,96,0,0,96,96
s21,d10,frame_0011.jpg,SUCCESS,96,96,0,0,96,96
s21,d10,frame_0012.jpg,SUCCESS,96,96,0,0,96,96
s21,d10,frame_0013.jpg,SUCCESS,96,96,0,0,96,96
s21,d10,frame_0014.jpg,SUCCESS,96,96,0,0,96,96
s21,d10,frame_0015.jpg,SUCCESS,96,96,0,0,96,96
s21,d10,frame_0016.jpg,SUCCESS,96,96,0,0,96,96
s21,d10,frame_0017.jpg,SUCCESS,96,96,0,0,96,96
s21,d10,frame_0018.jpg,SUCCESS,96,96,0,0,96,96
s21,d10,frame_0019.jpg,SUCCESS,96,96,0,0,96,96
s21,d10,frame_0020.jpg,SUCCESS,96,96,0,0,96,96
s21,d10,frame_0021.jpg,SUCCESS,96,96,0,0,96,96
s21,d10,frame_0022.jpg,SUCCESS,96,96,0,0,96,96
s21,d10,frame_0023.jpg,SUCCESS,96,96,0,0,96,96
s21,d10,frame_0024.jpg,SUCCESS,96,96,0,0,96,96
s21,d10,frame_0025.jpg,SUCCESS,96,96,0,0,96,96
s21,d10,frame_0026.jpg,SUCCESS,96,96,0,0,96,96
s21,d10,frame_0027.jpg,SUCCESS,96,96,0,0,96,96
s21,d10,frame_0028.jpg,SUCCESS,96,96,0,0,96,96
s21,d10,frame_0029.jpg,SUCCESS,96,96,0,0,96,96
s21,d10,frame_0030.jpg,SUCCESS,96,96,0,0,96,96
s21,d10,frame_0031.jpg,SUCCESS,96,96,0,0,96,96
s21,d10,frame_0032.jpg,SUCCESS,96,96,0,0,96,96
s21,d10,frame_0033.jpg,SUCCESS,96,96,0,0,96,96
s21,d10,frame_0034.jpg,SUCCESS,96,96,0,0,96,96
s21,d10,frame_0035.jpg,SUCCESS,96,96,0,0,96,96
s21,d10,frame_0036.jpg,SUCCESS,96,96,0,0,96,96
s21,d10,frame_0037.jpg,SUCCESS,96,96,0,0,96,96
s21,d10,frame_0038.jpg,SUCCESS,96,96,0,0,96,96
s21,d10,frame_0039.jpg,SUCCESS,96,96,0,0,96,96
s21,d10,frame_0040.jpg,SUCCESS,96,96,0,0,96,96
s21,d10,frame_0041.jpg,SUCCESS,96,96,0,0,96,96
s21,d10,frame_0042.jpg,SUCCESS,96,96,0,0,96,96
s21,d10,frame_0043.jpg,SUCCESS,96,96,0,0,96,96
s21,d10,frame_0044.jpg,SUCCESS,96,96,0,0,96,96
s21,d10,frame_0045.jpg,SUCCESS,96,96,0,0,96,96
s21,d10,frame_0046.jpg,SUCCESS,96,96,0,0,96,96
s21,d10,frame_0047.jpg,SUCCESS,96,96,0,0,96,96
s21,d10,frame_0048.jpg,SUCCESS,96,96,0,0,96,96
s21,d10,frame_0049.jpg,SUCCESS,96,96,0,0,96,96
s21,d10,frame_0050.jpg,SUCCESS,96,96,0,0,96,96
s21,d10,frame_0051.jpg,SUCCESS,96,96,0,0,96,96
s21,d10,frame_0052.jpg,SUCCESS,96,96,0,0,96,96
s21,d10,frame_0053.jpg,SUCCESS,96,96,0,0,96,96
s21,d10,frame_0054.jpg,SUCCESS,96,96,0,0,96,96
s21,d10,frame_0055.jpg,SUCCESS,96,96,0,0,96,96
s21,d10,frame_0056.jpg,SUCCESS,96,96,0,0,96,96
s21,d10,frame_0057.jpg,SUCCESS,96,96,0,0,96,96
s21,d10,frame_0058.jpg,SUCCESS,96,96,0,0,96,96
s21,d10,frame_0059.jpg,SUCCESS,96,96,0,0,96,96
s21,d10,frame_0060.jpg,SUCCESS,96,96,0,0,96,96
s21,d10,frame_0061.jpg,SUCCESS,96,96,0,0,96,96
s21,d10,frame_0062.jpg,SUCCESS,96,96,0,0,96,96
s21,d10,frame_0063.jpg,SUCCESS,96,96,0,0,96,96
s21,d10,frame_0064.jpg,SUCCESS,96,96,0,0,96,96
s21,d10,frame_0065.jpg,SUCCESS,96,96,0,0,96,96
s21,d10,frame_0066.jpg,SUCCESS,96,96,0,0,96,96
s21,d10,frame_0067.jpg,SUCCESS,96,96,0,0,96,96
s21,d10,frame_0068.jpg,SUCCESS,96,96,0,0,96,96
s21,d10,frame_0069.jpg,SUCCESS,96,96,0,0,96,96
s21,d10,frame_0070.jpg,SUCCESS,96,96,0,0,96,96
s21,d10,frame_0071.jpg,SUCCESS,96,96,0,0,96,96
s21,d10,frame_0072.jpg,SUCCESS,96,96,0,0,96,96
s21,d10,frame_0073.jpg,SUCCESS,96,96,0,0,96,96
s21,d10,frame_0074.jpg,SUCCESS,96,96,0,0,96,96
s21,d2,frame_0001.jpg,SUCCESS,96,96,0,0,96,96
s21,d2,frame_0002.jpg,SUCCESS,96,96,0,0,96,96
s21,d2,frame_0003.jpg,SUCCESS,96,96,0,0,96,96
s21,d2,frame_0004.jpg,SUCCESS,96,96,0,0,96,96
s21,d2,frame_0005.jpg,SUCCESS,96,96,0,0,96,96
s21,d2,frame_0006.jpg,SUCCESS,96,96,0,0,96,96
s21,d2,frame_0007.jpg,SUCCESS,96,96,0,0,96,96
s21,d2,frame_0008.jpg,SUCCESS,96,96,0,0,96,96
s21,d2,frame_0009.jpg,SUCCESS,96,96,0,0,96,96
s21,d2,frame_0010.jpg,SUCCESS,96,96,0,0,96,96
s21,d2,frame_0011.jpg,SUCCESS,96,96,0,0,96,96
s21,d2,frame_0012.jpg,SUCCESS,96,96,0,0,96,96
s21,d2,frame_0013.jpg,SUCCESS,96,96,0,0,96,96
s21,d2,frame_0014.jpg,SUCCESS,96,96,0,0,96,96
s21,d2,frame_0015.jpg,SUCCESS,96,96,0,0,96,96
s21,d2,frame_0016.jpg,SUCCESS,96,96,0,0,96,96
s21,d2,frame_0017.jpg,SUCCESS,96,96,0,0,96,96
s21,d2,frame_0018.jpg,SUCCESS,96,96,0,0,96,96
s21,d2,frame_0019.jpg,SUCCESS,96,96,0,0,96,96
s21,d2,frame_0020.jpg,SUCCESS,96,96,0,0,96,96
s21,d2,frame_0021.jpg,SUCCESS,96,96,0,0,96,96
s21,d2,frame_0022.jpg,SUCCESS,96,96,0,0,96,96
s21,d2,frame_0023.jpg,SUCCESS,96,96,0,0,96,96
s21,d2,frame_0024.jpg,SUCCESS,96,96,0,0,96,96
s21,d2,frame_0025.jpg,SUCCESS,96,96,0,0,96,96
s21,d2,frame_0026.jpg,SUCCESS,96,96,0,0,96,96
s21,d2,frame_0027.jpg,SUCCESS,96,96,0,0,96,96
s21,d2,frame_0028.jpg,SUCCESS,96,96,0,0,96,96
s21,d2,frame_0029.jpg,SUCCESS,96,96,0,0,96,96
s21,d2,frame_0030.jpg,SUCCESS,96,96,0,0,96,96
s21,d2,frame_0031.jpg,SUCCESS,96,96,0,0,96,96
s21,d2,frame_0032.jpg,SUCCESS,96,96,0,0,96,96
s21,d2,frame_0033.jpg,SUCCESS,96,96,0,0,96,96
s21,d2,frame_0034.jpg,SUCCESS,96,96,0,0,96,96
s21,d2,frame_0035.jpg,SUCCESS,96,96,0,0,96,96
s21,d2,frame_0036.jpg,SUCCESS,96,96,0,0,96,96
s21,d2,frame_0037.jpg,SUCCESS,96,96,0,0,96,96
s21,d2,frame_0038.jpg,SUCCESS,96,96,0,0,96,96
s21,d2,frame_0039.jpg,SUCCESS,96,96,0,0,96,96
s21,d2,frame_0040.jpg,SUCCESS,96,96,0,0,96,96
s21,d2,frame_0041.jpg,SUCCESS,96,96,0,0,96,96
s21,d2,frame_0042.jpg,SUCCESS,96,96,0,0,96,96
s21,d2,frame_0043.jpg,SUCCESS,96,96,0,0,96,96
s21,d2,frame_0044.jpg,SUCCESS,96,96,0,0,96,96
s21,d2,frame_0045.jpg,SUCCESS,96,96,0,0,96,96
s21,d2,frame_0046.jpg,SUCCESS,96,96,0,0,96,96
s21,d2,frame_0047.jpg,SUCCESS,96,96,0,0,96,96
s21,d2,frame_0048.jpg,SUCCESS,96,96,0,0,96,96
s21,d2,frame_0049.jpg,SUCCESS,96,96,0,0,96,96
s21,d2,frame_0050.jpg,SUCCESS,96,96,0,0,96,96
s21,d2,frame_0051.jpg,SUCCESS,96,96,0,0,96,96
s21,d3,frame_0001.jpg,SUCCESS,96,96,0,0,96,96
s21,d3,frame_0002.jpg,SUCCESS,96,96,0,0,96,96
s21,d3,frame_0003.jpg,SUCCESS,96,96,0,0,96,96
s21,d3,frame_0004.jpg,SUCCESS,96,96,0,0,96,96
s21,d3,frame_0005.jpg,SUCCESS,96,96,0,0,96,96
s21,d3,frame_0006.jpg,SUCCESS,96,96,0,0,96,96
s21,d3,frame_0007.jpg,SUCCESS,96,96,0,0,96,96
s21,d3,frame_0008.jpg,SUCCESS,96,96,0,0,96,96
s21,d3,frame_0009.jpg,SUCCESS,96,96,0,0,96,96
s21,d3,frame_0010.jpg,SUCCESS,96,96,0,0,96,96
s21,d3,frame_0011.jpg,SUCCESS,96,96,0,0,96,96
s21,d3,frame_0012.jpg,SUCCESS,96,96,0,0,96,96
s21,d3,frame_0013.jpg,SUCCESS,96,96,0,0,96,96
s21,d3,frame_0014.jpg,SUCCESS,96,96,0,0,96,96
s21,d3,frame_0015.jpg,SUCCESS,96,96,0,0,96,96
s21,d3,frame_0016.jpg,SUCCESS,96,96,0,0,96,96
s21,d3,frame_0017.jpg,SUCCESS,96,96,0,0,96,96
s21,d3,frame_0018.jpg,SUCCESS,96,96,0,0,96,96
s21,d3,frame_0019.jpg,SUCCESS,96,96,0,0,96,96
s21,d3,frame_0020.jpg,SUCCESS,96,96,0,0,96,96
s21,d3,frame_0021.jpg,SUCCESS,96,96,0,0,96,96
s21,d3,frame_0022.jpg,SUCCESS,96,96,0,0,96,96
s21,d3,frame_0023.jpg,SUCCESS,96,96,0,0,96,96
s21,d3,frame_0024.jpg,SUCCESS,96,96,0,0,96,96
s21,d3,frame_0025.jpg,SUCCESS,96,96,0,0,96,96
s21,d3,frame_0026.jpg,SUCCESS,96,96,0,0,96,96
s21,d3,frame_0027.jpg,SUCCESS,96,96,0,0,96,96
s21,d3,frame_0028.jpg,SUCCESS,96,96,0,0,96,96
s21,d3,frame_0029.jpg,SUCCESS,96,96,0,0,96,96
s21,d3,frame_0030.jpg,SUCCESS,96,96,0,0,96,96
s21,d3,frame_0031.jpg,SUCCESS,96,96,0,0,96,96
s21,d3,frame_0032.jpg,SUCCESS,96,96,0,0,96,96
s21,d3,frame_0033.jpg,SUCCESS,96,96,0,0,96,96
s21,d3,frame_0034.jpg,SUCCESS,96,96,0,0,96,96
s21,d3,frame_0035.jpg,SUCCESS,96,96,0,0,96,96
s21,d3,frame_0036.jpg,SUCCESS,96,96,0,0,96,96
s21,d3,frame_0037.jpg,SUCCESS,96,96,0,0,96,96
s21,d3,frame_0038.jpg,SUCCESS,96,96,0,0,96,96
s21,d3,frame_0039.jpg,SUCCESS,96,96,0,0,96,96
s21,d3,frame_0040.jpg,SUCCESS,96,96,0,0,96,96
s21,d3,frame_0041.jpg,SUCCESS,96,96,0,0,96,96
s21,d3,frame_0042.jpg,SUCCESS,96,96,0,0,96,96
s21,d3,frame_0043.jpg,SUCCESS,96,96,0,0,96,96
s21,d3,frame_0044.jpg,SUCCESS,96,96,0,0,96,96
s21,d3,frame_0045.jpg,SUCCESS,96,96,0,0,96,96
s21,d3,frame_0046.jpg,SUCCESS,96,96,0,0,96,96
s21,d3,frame_0047.jpg,SUCCESS,96,96,0,0,96,96
s21,d3,frame_0048.jpg,SUCCESS,96,96,0,0,96,96
s21,d3,frame_0049.jpg,SUCCESS,96,96,0,0,96,96
s21,d3,frame_0050.jpg,SUCCESS,96,96,0,0,96,96
s21,d3,frame_0051.jpg,SUCCESS,96,96,0,0,96,96
s21,d3,frame_0052.jpg,SUCCESS,96,96,0,0,96,96
s21,d3,frame_0053.jpg,SUCCESS,96,96,0,0,96,96
s21,d3,frame_0054.jpg,SUCCESS,96,96,0,0,96,96
s21,d3,frame_0055.jpg,SUCCESS,96,96,0,0,96,96
s21,d3,frame_0056.jpg,SUCCESS,96,96,0,0,96,96
s21,d3,frame_0057.jpg,SUCCESS,96,96,0,0,96,96
s21,d3,frame_0058.jpg,SUCCESS,96,96,0,0,96,96
s21,d3,frame_0059.jpg,SUCCESS,96,96,0,0,96,96
s21,d3,frame_0060.jpg,SUCCESS,96,96,0,0,96,96
s21,d4,frame_0001.jpg,SUCCESS,96,96,0,0,96,96
s21,d4,frame_0002.jpg,SUCCESS,96,96,0,0,96,96
s21,d4,frame_0003.jpg,SUCCESS,96,96,0,0,96,96
s21,d4,frame_0004.jpg,SUCCESS,96,96,0,0,96,96
s21,d4,frame_0005.jpg,SUCCESS,96,96,0,0,96,96
s21,d4,frame_0006.jpg,SUCCESS,96,96,0,0,96,96
s21,d4,frame_0007.jpg,SUCCESS,96,96,0,0,96,96
s21,d4,frame_0008.jpg,SUCCESS,96,96,0,0,96,96
s21,d4,frame_0009.jpg,SUCCESS,96,96,0,0,96,96
s21,d4,frame_0010.jpg,SUCCESS,96,96,0,0,96,96
s21,d4,frame_0011.jpg,SUCCESS,96,96,0,0,96,96
s21,d4,frame_0012.jpg,SUCCESS,96,96,0,0,96,96
s21,d4,frame_0013.jpg,SUCCESS,96,96,0,0,96,96
s21,d4,frame_0014.jpg,SUCCESS,96,96,0,0,96,96
s21,d4,frame_0015.jpg,SUCCESS,96,96,0,0,96,96
s21,d4,frame_0016.jpg,SUCCESS,96,96,0,0,96,96
s21,d4,frame_0017.jpg,SUCCESS,96,96,0,0,96,96
s21,d4,frame_0018.jpg,SUCCESS,96,96,0,0,96,96
s21,d4,frame_0019.jpg,SUCCESS,96,96,0,0,96,96
s21,d4,frame_0020.jpg,SUCCESS,96,96,0,0,96,96
s21,d4,frame_0021.jpg,SUCCESS,96,96,0,0,96,96
s21,d4,frame_0022.jpg,SUCCESS,96,96,0,0,96,96
s21,d4,frame_0023.jpg,SUCCESS,96,96,0,0,96,96
s21,d4,frame_0024.jpg,SUCCESS,96,96,0,0,96,96
s21,d4,frame_0025.jpg,SUCCESS,96,96,0,0,96,96
s21,d4,frame_0026.jpg,SUCCESS,96,96,0,0,96,96
s21,d4,frame_0027.jpg,SUCCESS,96,96,0,0,96,96
s21,d4,frame_0028.jpg,SUCCESS,96,96,0,0,96,96
s21,d4,frame_0029.jpg,SUCCESS,96,96,0,0,96,96
s21,d4,frame_0030.jpg,SUCCESS,96,96,0,0,96,96
s21,d4,frame_0031.jpg,SUCCESS,96,96,0,0,96,96
s21,d4,frame_0032.jpg,SUCCESS,96,96,0,0,96,96
s21,d4,frame_0033.jpg,SUCCESS,96,96,0,0,96,96
s21,d4,frame_0034.jpg,SUCCESS,96,96,0,0,96,96
s21,d4,frame_0035.jpg,SUCCESS,96,96,0,0,96,96
s21,d4,frame_0036.jpg,SUCCESS,96,96,0,0,96,96
s21,d4,frame_0037.jpg,SUCCESS,96,96,0,0,96,96
s21,d4,frame_0038.jpg,SUCCESS,96,96,0,0,96,96
s21,d4,frame_0039.jpg,SUCCESS,96,96,0,0,96,96
s21,d4,frame_0040.jpg,SUCCESS,96,96,0,0,96,96
s21,d4,frame_0041.jpg,SUCCESS,96,96,0,0,96,96
s21,d4,frame_0042.jpg,SUCCESS,96,96,0,0,96,96
s21,d4,frame_0043.jpg,SUCCESS,96,96,0,0,96,96
s21,d4,frame_0044.jpg,SUCCESS,96,96,0,0,96,96
s21,d4,frame_0045.jpg,SUCCESS,96,96,0,0,96,96
s21,d4,frame_0046.jpg,SUCCESS,96,96,0,0,96,96
s21,d4,frame_0047.jpg,SUCCESS,96,96,0,0,96,96
s21,d4,frame_0048.jpg,SUCCESS,96,96,0,0,96,96
s21,d4,frame_0049.jpg,SUCCESS,96,96,0,0,96,96
s21,d4,frame_0050.jpg,SUCCESS,96,96,0,0,96,96
s21,d4,frame_0051.jpg,SUCCESS,96,96,0,0,96,96
s21,d4,frame_0052.jpg,SUCCESS,96,96,0,0,96,96
s21,d4,frame_0053.jpg,SUCCESS,96,96,0,0,96,96
s21,d4,frame_0054.jpg,SUCCESS,96,96,0,0,96,96
s21,d4,frame_0055.jpg,SUCCESS,96,96,0,0,96,96
s21,d4,frame_0056.jpg,SUCCESS,96,96,0,0,96,96
s21,d4,frame_0057.jpg,SUCCESS,96,96,0,0,96,96
s21,d4,frame_0058.jpg,SUCCESS,96,96,0,0,96,96
s21,d4,frame_0059.jpg,SUCCESS,96,96,0,0,96,96
s21,d4,frame_0060.jpg,SUCCESS,96,96,0,0,96,96
s21,d4,frame_0061.jpg,SUCCESS,96,96,0,0,96,96
s21,d4,frame_0062.jpg,SUCCESS,96,96,0,0,96,96
s21,d4,frame_0063.jpg,SUCCESS,96,96,0,0,96,96
s21,d4,frame_0064.jpg,SUCCESS,96,96,0,0,96,96
s21,d4,frame_0065.jpg,SUCCESS,96,96,0,0,96,96
s21,d4,frame_0066.jpg,SUCCESS,96,96,0,0,96,96
s21,d4,frame_0067.jpg,SUCCESS,96,96,0,0,96,96
s21,d4,frame_0068.jpg,SUCCESS,96,96,0,0,96,96
s21,d4,frame_0069.jpg,SUCCESS,96,96,0,0,96,96
s21,d4,frame_0070.jpg,SUCCESS,96,96,0,0,96,96
s21,d4,frame_0071.jpg,SUCCESS,96,96,0,0,96,96
s21,d4,frame_0072.jpg,SUCCESS,96,96,0,0,96,96
s21,d4,frame_0073.jpg,SUCCESS,96,96,0,0,96,96
s21,d4,frame_0074.jpg,SUCCESS,96,96,0,0,96,96
s21,d4,frame_0075.jpg,SUCCESS,96,96,0,0,96,96
s21,d4,frame_0076.jpg,SUCCESS,96,96,0,0,96,96
s21,d4,frame_0077.jpg,SUCCESS,96,96,0,0,96,96
s21,d4,frame_0078.jpg,SUCCESS,96,96,0,0,96,96
s21,d4,frame_0079.jpg,SUCCESS,96,96,0,0,96,96
s21,d4,frame_0080.jpg,SUCCESS,96,96,0,0,96,96
s21,d4,frame_0081.jpg,SUCCESS,96,96,0,0,96,96
s21,d4,frame_0082.jpg,SUCCESS,96,96,0,0,96,96
s21,d4,frame_0083.jpg,SUCCESS,96,96,0,0,96,96
s21,d4,frame_0084.jpg,SUCCESS,96,96,0,0,96,96
s21,d4,frame_0085.jpg,SUCCESS,96,96,0,0,96,96
s21,d4,frame_0086.jpg,SUCCESS,96,96,0,0,96,96
s21,d4,frame_0087.jpg,SUCCESS,96,96,0,0,96,96
s21,d4,frame_0088.jpg,SUCCESS,96,96,0,0,96,96
s21,d4,frame_0089.jpg,SUCCESS,96,96,0,0,96,96
s21,d4,frame_0090.jpg,SUCCESS,96,96,0,0,96,96
s21,d5,frame_0001.jpg,SUCCESS,96,96,0,0,96,96
s21,d5,frame_0002.jpg,SUCCESS,96,96,0,0,96,96
s21,d5,frame_0003.jpg,SUCCESS,96,96,0,0,96,96
s21,d5,frame_0004.jpg,SUCCESS,96,96,0,0,96,96
s21,d5,frame_0005.jpg,SUCCESS,96,96,0,0,96,96
s21,d5,frame_0006.jpg,SUCCESS,96,96,0,0,96,96
s21,d5,frame_0007.jpg,SUCCESS,96,96,0,0,96,96
s21,d5,frame_0008.jpg,SUCCESS,96,96,0,0,96,96
s21,d5,frame_0009.jpg,SUCCESS,96,96,0,0,96,96
s21,d5,frame_0010.jpg,SUCCESS,96,96,0,0,96,96
s21,d5,frame_0011.jpg,SUCCESS,96,96,0,0,96,96
s21,d5,frame_0012.jpg,SUCCESS,96,96,0,0,96,96
s21,d5,frame_0013.jpg,SUCCESS,96,96,0,0,96,96
s21,d5,frame_0014.jpg,SUCCESS,96,96,0,0,96,96
s21,d5,frame_0015.jpg,SUCCESS,96,96,0,0,96,96
s21,d5,frame_0016.jpg,SUCCESS,96,96,0,0,96,96
s21,d5,frame_0017.jpg,SUCCESS,96,96,0,0,96,96
s21,d5,frame_0018.jpg,SUCCESS,96,96,0,0,96,96
s21,d5,frame_0019.jpg,SUCCESS,96,96,0,0,96,96
s21,d5,frame_0020.jpg,SUCCESS,96,96,0,0,96,96
s21,d5,frame_0021.jpg,SUCCESS,96,96,0,0,96,96
s21,d5,frame_0022.jpg,SUCCESS,96,96,0,0,96,96
s21,d5,frame_0023.jpg,SUCCESS,96,96,0,0,96,96
s21,d5,frame_0024.jpg,SUCCESS,96,96,0,0,96,96
s21,d5,frame_0025.jpg,SUCCESS,96,96,0,0,96,96
s21,d5,frame_0026.jpg,SUCCESS,96,96,0,0,96,96
s21,d5,frame_0027.jpg,SUCCESS,96,96,0,0,96,96
s21,d5,frame_0028.jpg,SUCCESS,96,96,0,0,96,96
s21,d5,frame_0029.jpg,SUCCESS,96,96,0,0,96,96
s21,d5,frame_0030.jpg,SUCCESS,96,96,0,0,96,96
s21,d5,frame_0031.jpg,SUCCESS,96,96,0,0,96,96
s21,d5,frame_0032.jpg,SUCCESS,96,96,0,0,96,96
s21,d5,frame_0033.jpg,SUCCESS,96,96,0,0,96,96
s21,d5,frame_0034.jpg,SUCCESS,96,96,0,0,96,96
s21,d5,frame_0035.jpg,SUCCESS,96,96,0,0,96,96
s21,d5,frame_0036.jpg,SUCCESS,96,96,0,0,96,96
s21,d5,frame_0037.jpg,SUCCESS,96,96,0,0,96,96
s21,d5,frame_0038.jpg,SUCCESS,96,96,0,0,96,96
s21,d5,frame_0039.jpg,SUCCESS,96,96,0,0,96,96
s21,d5,frame_0040.jpg,SUCCESS,96,96,0,0,96,96
s21,d5,frame_0041.jpg,SUCCESS,96,96,0,0,96,96
s21,d5,frame_0042.jpg,SUCCESS,96,96,0,0,96,96
s21,d5,frame_0043.jpg,SUCCESS,96,96,0,0,96,96
s21,d5,frame_0044.jpg,SUCCESS,96,96,0,0,96,96
s21,d5,frame_0045.jpg,SUCCESS,96,96,0,0,96,96
s21,d5,frame_0046.jpg,SUCCESS,96,96,0,0,96,96
s21,d5,frame_0047.jpg,SUCCESS,96,96,0,0,96,96
s21,d5,frame_0048.jpg,SUCCESS,96,96,0,0,96,96
s21,d5,frame_0049.jpg,SUCCESS,96,96,0,0,96,96
s21,d5,frame_0050.jpg,SUCCESS,96,96,0,0,96,96
s21,d5,frame_0051.jpg,SUCCESS,96,96,0,0,96,96
s21,d5,frame_0052.jpg,SUCCESS,96,96,0,0,96,96
s21,d5,frame_0053.jpg,SUCCESS,96,96,0,0,96,96
s21,d5,frame_0054.jpg,SUCCESS,96,96,0,0,96,96
s21,d5,frame_0055.jpg,SUCCESS,96,96,0,0,96,96
s21,d5,frame_0056.jpg,SUCCESS,96,96,0,0,96,96
s21,d5,frame_0057.jpg,SUCCESS,96,96,0,0,96,96
s21,d5,frame_0058.jpg,SUCCESS,96,96,0,0,96,96
s21,d5,frame_0059.jpg,SUCCESS,96,96,0,0,96,96
s21,d5,frame_0060.jpg,SUCCESS,96,96,0,0,96,96
s21,d5,frame_0061.jpg,SUCCESS,96,96,0,0,96,96
s21,d5,frame_0062.jpg,SUCCESS,96,96,0,0,96,96
s21,d5,frame_0063.jpg,SUCCESS,96,96,0,0,96,96
s21,d5,frame_0064.jpg,SUCCESS,96,96,0,0,96,96
s21,d6,frame_0001.jpg,SUCCESS,96,96,0,0,96,96
s21,d6,frame_0002.jpg,SUCCESS,96,96,0,0,96,96
s21,d6,frame_0003.jpg,SUCCESS,96,96,0,0,96,96
s21,d6,frame_0004.jpg,SUCCESS,96,96,0,0,96,96
s21,d6,frame_0005.jpg,SUCCESS,96,96,0,0,96,96
s21,d6,frame_0006.jpg,SUCCESS,96,96,0,0,96,96
s21,d6,frame_0007.jpg,SUCCESS,96,96,0,0,96,96
s21,d6,frame_0008.jpg,SUCCESS,96,96,0,0,96,96
s21,d6,frame_0009.jpg,SUCCESS,96,96,0,0,96,96
s21,d6,frame_0010.jpg,SUCCESS,96,96,0,0,96,96
s21,d6,frame_0011.jpg,SUCCESS,96,96,0,0,96,96
s21,d6,frame_0012.jpg,SUCCESS,96,96,0,0,96,96
s21,d6,frame_0013.jpg,SUCCESS,96,96,0,0,96,96
s21,d6,frame_0014.jpg,SUCCESS,96,96,0,0,96,96
s21,d6,frame_0015.jpg,SUCCESS,96,96,0,0,96,96
s21,d6,frame_0016.jpg,SUCCESS,96,96,0,0,96,96
s21,d6,frame_0017.jpg,SUCCESS,96,96,0,0,96,96
s21,d6,frame_0018.jpg,SUCCESS,96,96,0,0,96,96
s21,d6,frame_0019.jpg,SUCCESS,96,96,0,0,96,96
s21,d6,frame_0020.jpg,SUCCESS,96,96,0,0,96,96
s21,d6,frame_0021.jpg,SUCCESS,96,96,0,0,96,96
s21,d6,frame_0022.jpg,SUCCESS,96,96,0,0,96,96
s21,d6,frame_0023.jpg,SUCCESS,96,96,0,0,96,96
s21,d6,frame_0024.jpg,SUCCESS,96,96,0,0,96,96
s21,d6,frame_0025.jpg,SUCCESS,96,96,0,0,96,96
s21,d6,frame_0026.jpg,SUCCESS,96,96,0,0,96,96
s21,d6,frame_0027.jpg,SUCCESS,96,96,0,0,96,96
s21,d6,frame_0028.jpg,SUCCESS,96,96,0,0,96,96
s21,d6,frame_0029.jpg,SUCCESS,96,96,0,0,96,96
s21,d6,frame_0030.jpg,SUCCESS,96,96,0,0,96,96
s21,d6,frame_0031.jpg,SUCCESS,96,96,0,0,96,96
s21,d6,frame_0032.jpg,SUCCESS,96,96,0,0,96,96
s21,d6,frame_0033.jpg,SUCCESS,96,96,0,0,96,96
s21,d6,frame_0034.jpg,SUCCESS,96,96,0,0,96,96
s21,d6,frame_0035.jpg,SUCCESS,96,96,0,0,96,96
s21,d6,frame_0036.jpg,SUCCESS,96,96,0,0,96,96
s21,d6,frame_0037.jpg,SUCCESS,96,96,0,0,96,96
s21,d6,frame_0038.jpg,SUCCESS,96,96,0,0,96,96
s21,d6,frame_0039.jpg,SUCCESS,96,96,0,0,96,96
s21,d6,frame_0040.jpg,SUCCESS,96,96,0,0,96,96
s21,d6,frame_0041.jpg,SUCCESS,96,96,0,0,96,96
s21,d6,frame_0042.jpg,SUCCESS,96,96,0,0,96,96
s21,d6,frame_0043.jpg,SUCCESS,96,96,0,0,96,96
s21,d6,frame_0044.jpg,SUCCESS,96,96,0,0,96,96
s21,d6,frame_0045.jpg,SUCCESS,96,96,0,0,96,96
s21,d6,frame_0046.jpg,SUCCESS,96,96,0,0,96,96
s21,d6,frame_0047.jpg,SUCCESS,96,96,0,0,96,96
s21,d6,frame_0048.jpg,SUCCESS,96,96,0,0,96,96
s21,d6,frame_0049.jpg,SUCCESS,96,96,0,0,96,96
s21,d6,frame_0050.jpg,SUCCESS,96,96,0,0,96,96
s21,d6,frame_0051.jpg,SUCCESS,96,96,0,0,96,96
s21,d6,frame_0052.jpg,SUCCESS,96,96,0,0,96,96
s21,d6,frame_0053.jpg,SUCCESS,96,96,0,0,96,96
s21,d6,frame_0054.jpg,SUCCESS,96,96,0,0,96,96
s21,d6,frame_0055.jpg,SUCCESS,96,96,0,0,96,96
s21,d6,frame_0056.jpg,SUCCESS,96,96,0,0,96,96
s21,d6,frame_0057.jpg,SUCCESS,96,96,0,0,96,96
s21,d6,frame_0058.jpg,SUCCESS,96,96,0,0,96,96
s21,d6,frame_0059.jpg,SUCCESS,96,96,0,0,96,96
s21,d6,frame_0060.jpg,SUCCESS,96,96,0,0,96,96
s21,d6,frame_0061.jpg,SUCCESS,96,96,0,0,96,96
s21,d6,frame_0062.jpg,SUCCESS,96,96,0,0,96,96
s21,d6,frame_0063.jpg,SUCCESS,96,96,0,0,96,96
s21,d6,frame_0064.jpg,SUCCESS,96,96,0,0,96,96
s21,d6,frame_0065.jpg,SUCCESS,96,96,0,0,96,96
s21,d6,frame_0066.jpg,SUCCESS,96,96,0,0,96,96
s21,d6,frame_0067.jpg,SUCCESS,96,96,0,0,96,96
s21,d6,frame_0068.jpg,SUCCESS,96,96,0,0,96,96
s21,d6,frame_0069.jpg,SUCCESS,96,96,0,0,96,96
s21,d6,frame_0070.jpg,SUCCESS,96,96,0,0,96,96
s21,d6,frame_0071.jpg,SUCCESS,96,96,0,0,96,96
s21,d6,frame_0072.jpg,SUCCESS,96,96,0,0,96,96
s21,d6,frame_0073.jpg,SUCCESS,96,96,0,0,96,96
s21,d6,frame_0074.jpg,SUCCESS,96,96,0,0,96,96
s21,d6,frame_0075.jpg,SUCCESS,96,96,0,0,96,96
s21,d6,frame_0076.jpg,SUCCESS,96,96,0,0,96,96
s21,d7,frame_0001.jpg,SUCCESS,96,96,0,0,96,96
s21,d7,frame_0002.jpg,SUCCESS,96,96,0,0,96,96
s21,d7,frame_0003.jpg,SUCCESS,96,96,0,0,96,96
s21,d7,frame_0004.jpg,SUCCESS,96,96,0,0,96,96
s21,d7,frame_0005.jpg,SUCCESS,96,96,0,0,96,96
s21,d7,frame_0006.jpg,SUCCESS,96,96,0,0,96,96
s21,d7,frame_0007.jpg,SUCCESS,96,96,0,0,96,96
s21,d7,frame_0008.jpg,SUCCESS,96,96,0,0,96,96
s21,d7,frame_0009.jpg,SUCCESS,96,96,0,0,96,96
s21,d7,frame_0010.jpg,SUCCESS,96,96,0,0,96,96
s21,d7,frame_0011.jpg,SUCCESS,96,96,0,0,96,96
s21,d7,frame_0012.jpg,SUCCESS,96,96,0,0,96,96
s21,d7,frame_0013.jpg,SUCCESS,96,96,0,0,96,96
s21,d7,frame_0014.jpg,SUCCESS,96,96,0,0,96,96
s21,d7,frame_0015.jpg,SUCCESS,96,96,0,0,96,96
s21,d7,frame_0016.jpg,SUCCESS,96,96,0,0,96,96
s21,d7,frame_0017.jpg,SUCCESS,96,96,0,0,96,96
s21,d7,frame_0018.jpg,SUCCESS,96,96,0,0,96,96
s21,d7,frame_0019.jpg,SUCCESS,96,96,0,0,96,96
s21,d7,frame_0020.jpg,SUCCESS,96,96,0,0,96,96
s21,d7,frame_0021.jpg,SUCCESS,96,96,0,0,96,96
s21,d7,frame_0022.jpg,SUCCESS,96,96,0,0,96,96
s21,d7,frame_0023.jpg,SUCCESS,96,96,0,0,96,96
s21,d7,frame_0024.jpg,SUCCESS,96,96,0,0,96,96
s21,d7,frame_0025.jpg,SUCCESS,96,96,0,0,96,96
s21,d7,frame_0026.jpg,SUCCESS,96,96,0,0,96,96
s21,d7,frame_0027.jpg,SUCCESS,96,96,0,0,96,96
s21,d7,frame_0028.jpg,SUCCESS,96,96,0,0,96,96
s21,d7,frame_0029.jpg,SUCCESS,96,96,0,0,96,96
s21,d7,frame_0030.jpg,SUCCESS,96,96,0,0,96,96
s21,d7,frame_0031.jpg,SUCCESS,96,96,0,0,96,96
s21,d7,frame_0032.jpg,SUCCESS,96,96,0,0,96,96
s21,d7,frame_0033.jpg,SUCCESS,96,96,0,0,96,96
s21,d7,frame_0034.jpg,SUCCESS,96,96,0,0,96,96
s21,d7,frame_0035.jpg,SUCCESS,96,96,0,0,96,96
s21,d7,frame_0036.jpg,SUCCESS,96,96,0,0,96,96
s21,d7,frame_0037.jpg,SUCCESS,96,96,0,0,96,96
s21,d7,frame_0038.jpg,SUCCESS,96,96,0,0,96,96
s21,d7,frame_0039.jpg,SUCCESS,96,96,0,0,96,96
s21,d7,frame_0040.jpg,SUCCESS,96,96,0,0,96,96
s21,d7,frame_0041.jpg,SUCCESS,96,96,0,0,96,96
s21,d7,frame_0042.jpg,SUCCESS,96,96,0,0,96,96
s21,d7,frame_0043.jpg,SUCCESS,96,96,0,0,96,96
s21,d7,frame_0044.jpg,SUCCESS,96,96,0,0,96,96
s21,d7,frame_0045.jpg,SUCCESS,96,96,0,0,96,96
s21,d7,frame_0046.jpg,SUCCESS,96,96,0,0,96,96
s21,d7,frame_0047.jpg,SUCCESS,96,96,0,0,96,96
s21,d7,frame_0048.jpg,SUCCESS,96,96,0,0,96,96
s21,d7,frame_0049.jpg,SUCCESS,96,96,0,0,96,96
s21,d7,frame_0050.jpg,SUCCESS,96,96,0,0,96,96
s21,d7,frame_0051.jpg,SUCCESS,96,96,0,0,96,96
s21,d7,frame_0052.jpg,SUCCESS,96,96,0,0,96,96
s21,d7,frame_0053.jpg,SUCCESS,96,96,0,0,96,96
s21,d7,frame_0054.jpg,SUCCESS,96,96,0,0,96,96
s21,d7,frame_0055.jpg,SUCCESS,96,96,0,0,96,96
s21,d7,frame_0056.jpg,SUCCESS,96,96,0,0,96,96
s21,d7,frame_0057.jpg,SUCCESS,96,96,0,0,96,96
s21,d7,frame_0058.jpg,SUCCESS,96,96,0,0,96,96
s21,d7,frame_0059.jpg,SUCCESS,96,96,0,0,96,96
s21,d7,frame_0060.jpg,SUCCESS,96,96,0,0,96,96
s21,d7,frame_0061.jpg,SUCCESS,96,96,0,0,96,96
s21,d7,frame_0062.jpg,SUCCESS,96,96,0,0,96,96
s21,d7,frame_0063.jpg,SUCCESS,96,96,0,0,96,96
s21,d7,frame_0064.jpg,SUCCESS,96,96,0,0,96,96
s21,d7,frame_0065.jpg,SUCCESS,96,96,0,0,96,96
s21,d7,frame_0066.jpg,SUCCESS,96,96,0,0,96,96
s21,d7,frame_0067.jpg,SUCCESS,96,96,0,0,96,96
s21,d7,frame_0068.jpg,SUCCESS,96,96,0,0,96,96
s21,d7,frame_0069.jpg,SUCCESS,96,96,0,0,96,96
s21,d7,frame_0070.jpg,SUCCESS,96,96,0,0,96,96
s21,d7,frame_0071.jpg,SUCCESS,96,96,0,0,96,96
s21,d7,frame_0072.jpg,SUCCESS,96,96,0,0,96,96
s21,d7,frame_0073.jpg,SUCCESS,96,96,0,0,96,96
s21,d7,frame_0074.jpg,SUCCESS,96,96,0,0,96,96
s21,d7,frame_0075.jpg,SUCCESS,96,96,0,0,96,96
s21,d7,frame_0076.jpg,SUCCESS,96,96,0,0,96,96
s21,d7,frame_0077.jpg,SUCCESS,96,96,0,0,96,96
s21,d7,frame_0078.jpg,SUCCESS,96,96,0,0,96,96
s21,d7,frame_0079.jpg,SUCCESS,96,96,0,0,96,96
s21,d7,frame_0080.jpg,SUCCESS,96,96,0,0,96,96
s21,d7,frame_0081.jpg,SUCCESS,96,96,0,0,96,96
s21,d7,frame_0082.jpg,SUCCESS,96,96,0,0,96,96
s21,d7,frame_0083.jpg,SUCCESS,96,96,0,0,96,96
s21,d7,frame_0084.jpg,SUCCESS,96,96,0,0,96,96
s21,d7,frame_0085.jpg,SUCCESS,96,96,0,0,96,96
s21,d7,frame_0086.jpg,SUCCESS,96,96,0,0,96,96
s21,d7,frame_0087.jpg,SUCCESS,96,96,0,0,96,96
s21,d8,frame_0001.jpg,SUCCESS,96,96,0,0,96,96
s21,d8,frame_0002.jpg,SUCCESS,96,96,0,0,96,96
s21,d8,frame_0003.jpg,SUCCESS,96,96,0,0,96,96
s21,d8,frame_0004.jpg,SUCCESS,96,96,0,0,96,96
s21,d8,frame_0005.jpg,SUCCESS,96,96,0,0,96,96
s21,d8,frame_0006.jpg,SUCCESS,96,96,0,0,96,96
s21,d8,frame_0007.jpg,SUCCESS,96,96,0,0,96,96
s21,d8,frame_0008.jpg,SUCCESS,96,96,0,0,96,96
s21,d8,frame_0009.jpg,SUCCESS,96,96,0,0,96,96
s21,d8,frame_0010.jpg,SUCCESS,96,96,0,0,96,96
s21,d8,frame_0011.jpg,SUCCESS,96,96,0,0,96,96
s21,d8,frame_0012.jpg,SUCCESS,96,96,0,0,96,96
s21,d8,frame_0013.jpg,SUCCESS,96,96,0,0,96,96
s21,d8,frame_0014.jpg,SUCCESS,96,96,0,0,96,96
s21,d8,frame_0015.jpg,SUCCESS,96,96,0,0,96,96
s21,d8,frame_0016.jpg,SUCCESS,96,96,0,0,96,96
s21,d8,frame_0017.jpg,SUCCESS,96,96,0,0,96,96
s21,d8,frame_0018.jpg,SUCCESS,96,96,0,0,96,96
s21,d8,frame_0019.jpg,SUCCESS,96,96,0,0,96,96
s21,d8,frame_0020.jpg,SUCCESS,96,96,0,0,96,96
s21,d8,frame_0021.jpg,SUCCESS,96,96,0,0,96,96
s21,d8,frame_0022.jpg,SUCCESS,96,96,0,0,96,96
s21,d8,frame_0023.jpg,SUCCESS,96,96,0,0,96,96
s21,d8,frame_0024.jpg,SUCCESS,96,96,0,0,96,96
s21,d8,frame_0025.jpg,SUCCESS,96,96,0,0,96,96
s21,d8,frame_0026.jpg,SUCCESS,96,96,0,0,96,96
s21,d8,frame_0027.jpg,SUCCESS,96,96,0,0,96,96
s21,d8,frame_0028.jpg,SUCCESS,96,96,0,0,96,96
s21,d8,frame_0029.jpg,SUCCESS,96,96,0,0,96,96
s21,d8,frame_0030.jpg,SUCCESS,96,96,0,0,96,96
s21,d8,frame_0031.jpg,SUCCESS,96,96,0,0,96,96
s21,d8,frame_0032.jpg,SUCCESS,96,96,0,0,96,96
s21,d8,frame_0033.jpg,SUCCESS,96,96,0,0,96,96
s21,d8,frame_0034.jpg,SUCCESS,96,96,0,0,96,96
s21,d8,frame_0035.jpg,SUCCESS,96,96,0,0,96,96
s21,d8,frame_0036.jpg,SUCCESS,96,96,0,0,96,96
s21,d8,frame_0037.jpg,SUCCESS,96,96,0,0,96,96
s21,d8,frame_0038.jpg,SUCCESS,96,96,0,0,96,96
s21,d8,frame_0039.jpg,SUCCESS,96,96,0,0,96,96
s21,d8,frame_0040.jpg,SUCCESS,96,96,0,0,96,96
s21,d8,frame_0041.jpg,SUCCESS,96,96,0,0,96,96
s21,d8,frame_0042.jpg,SUCCESS,96,96,0,0,96,96
s21,d8,frame_0043.jpg,SUCCESS,96,96,0,0,96,96
s21,d8,frame_0044.jpg,SUCCESS,96,96,0,0,96,96
s21,d8,frame_0045.jpg,SUCCESS,96,96,0,0,96,96
s21,d8,frame_0046.jpg,SUCCESS,96,96,0,0,96,96
s21,d8,frame_0047.jpg,SUCCESS,96,96,0,0,96,96
s21,d8,frame_0048.jpg,SUCCESS,96,96,0,0,96,96
s21,d8,frame_0049.jpg,SUCCESS,96,96,0,0,96,96
s21,d8,frame_0050.jpg,SUCCESS,96,96,0,0,96,96
s21,d8,frame_0051.jpg,SUCCESS,96,96,0,0,96,96
s21,d8,frame_0052.jpg,SUCCESS,96,96,0,0,96,96
s21,d8,frame_0053.jpg,SUCCESS,96,96,0,0,96,96
s21,d8,frame_0054.jpg,SUCCESS,96,96,0,0,96,96
s21,d8,frame_0055.jpg,SUCCESS,96,96,0,0,96,96
s21,d8,frame_0056.jpg,SUCCESS,96,96,0,0,96,96
s21,d8,frame_0057.jpg,SUCCESS,96,96,0,0,96,96
s21,d8,frame_0058.jpg,SUCCESS,96,96,0,0,96,96
s21,d8,frame_0059.jpg,SUCCESS,96,96,0,0,96,96
s21,d8,frame_0060.jpg,SUCCESS,96,96,0,0,96,96
s21,d8,frame_0061.jpg,SUCCESS,96,96,0,0,96,96
s21,d8,frame_0062.jpg,SUCCESS,96,96,0,0,96,96
s21,d8,frame_0063.jpg,SUCCESS,96,96,0,0,96,96
s21,d8,frame_0064.jpg,SUCCESS,96,96,0,0,96,96
s21,d8,frame_0065.jpg,SUCCESS,96,96,0,0,96,96
s21,d8,frame_0066.jpg,SUCCESS,96,96,0,0,96,96
s21,d8,frame_0067.jpg,SUCCESS,96,96,0,0,96,96
s21,d8,frame_0068.jpg,SUCCESS,96,96,0,0,96,96
s21,d8,frame_0069.jpg,SUCCESS,96,96,0,0,96,96
s21,d8,frame_0070.jpg,SUCCESS,96,96,0,0,96,96
s21,d8,frame_0071.jpg,SUCCESS,96,96,0,0,96,96
s21,d8,frame_0072.jpg,SUCCESS,96,96,0,0,96,96
s21,d9,frame_0001.jpg,SUCCESS,96,96,0,0,96,96
s21,d9,frame_0002.jpg,SUCCESS,96,96,0,0,96,96
s21,d9,frame_0003.jpg,SUCCESS,96,96,0,0,96,96
s21,d9,frame_0004.jpg,SUCCESS,96,96,0,0,96,96
s21,d9,frame_0005.jpg,SUCCESS,96,96,0,0,96,96
s21,d9,frame_0006.jpg,SUCCESS,96,96,0,0,96,96
s21,d9,frame_0007.jpg,SUCCESS,96,96,0,0,96,96
s21,d9,frame_0008.jpg,SUCCESS,96,96,0,0,96,96
s21,d9,frame_0009.jpg,SUCCESS,96,96,0,0,96,96
s21,d9,frame_0010.jpg,SUCCESS,96,96,0,0,96,96
s21,d9,frame_0011.jpg,SUCCESS,96,96,0,0,96,96
s21,d9,frame_0012.jpg,SUCCESS,96,96,0,0,96,96
s21,d9,frame_0013.jpg,SUCCESS,96,96,0,0,96,96
s21,d9,frame_0014.jpg,SUCCESS,96,96,0,0,96,96
s21,d9,frame_0015.jpg,SUCCESS,96,96,0,0,96,96
s21,d9,frame_0016.jpg,SUCCESS,96,96,0,0,96,96
s21,d9,frame_0017.jpg,SUCCESS,96,96,0,0,96,96
s21,d9,frame_0018.jpg,SUCCESS,96,96,0,0,96,96
s21,d9,frame_0019.jpg,SUCCESS,96,96,0,0,96,96
s21,d9,frame_0020.jpg,SUCCESS,96,96,0,0,96,96
s21,d9,frame_0021.jpg,SUCCESS,96,96,0,0,96,96
s21,d9,frame_0022.jpg,SUCCESS,96,96,0,0,96,96
s21,d9,frame_0023.jpg,SUCCESS,96,96,0,0,96,96
s21,d9,frame_0024.jpg,SUCCESS,96,96,0,0,96,96
s21,d9,frame_0025.jpg,SUCCESS,96,96,0,0,96,96
s21,d9,frame_0026.jpg,SUCCESS,96,96,0,0,96,96
s21,d9,frame_0027.jpg,SUCCESS,96,96,0,0,96,96
s21,d9,frame_0028.jpg,SUCCESS,96,96,0,0,96,96
s21,d9,frame_0029.jpg,SUCCESS,96,96,0,0,96,96
s21,d9,frame_0030.jpg,SUCCESS,96,96,0,0,96,96
s21,d9,frame_0031.jpg,SUCCESS,96,96,0,0,96,96
s21,d9,frame_0032.jpg,SUCCESS,96,96,0,0,96,96
s21,d9,frame_0033.jpg,SUCCESS,96,96,0,0,96,96
s21,d9,frame_0034.jpg,SUCCESS,96,96,0,0,96,96
s21,d9,frame_0035.jpg,SUCCESS,96,96,0,0,96,96
s21,d9,frame_0036.jpg,SUCCESS,96,96,0,0,96,96
s21,d9,frame_0037.jpg,SUCCESS,96,96,0,0,96,96
s21,d9,frame_0038.jpg,SUCCESS,96,96,0,0,96,96
s21,d9,frame_0039.jpg,SUCCESS,96,96,0,0,96,96
s21,d9,frame_0040.jpg,SUCCESS,96,96,0,0,96,96
s21,d9,frame_0041.jpg,SUCCESS,96,96,0,0,96,96
s21,d9,frame_0042.jpg,SUCCESS,96,96,0,0,96,96
s21,d9,frame_0043.jpg,SUCCESS,96,96,0,0,96,96
s21,d9,frame_0044.jpg,SUCCESS,96,96,0,0,96,96
s21,d9,frame_0045.jpg,SUCCESS,96,96,0,0,96,96
s21,d9,frame_0046.jpg,SUCCESS,96,96,0,0,96,96
s21,d9,frame_0047.jpg,SUCCESS,96,96,0,0,96,96
s21,d9,frame_0048.jpg,SUCCESS,96,96,0,0,96,96
s21,d9,frame_0049.jpg,SUCCESS,96,96,0,0,96,96
s21,d9,frame_0050.jpg,SUCCESS,96,96,0,0,96,96
s21,d9,frame_0051.jpg,SUCCESS,96,96,0,0,96,96
s21,d9,frame_0052.jpg,SUCCESS,96,96,0,0,96,96
s21,d9,frame_0053.jpg,SUCCESS,96,96,0,0,96,96
s21,d9,frame_0054.jpg,SUCCESS,96,96,0,0,96,96
s21,d9,frame_0055.jpg,SUCCESS,96,96,0,0,96,96
s21,d9,frame_0056.jpg,SUCCESS,96,96,0,0,96,96
s21,d9,frame_0057.jpg,SUCCESS,96,96,0,0,96,96
s21,d9,frame_0058.jpg,SUCCESS,96,96,0,0,96,96
s21,d9,frame_0059.jpg,SUCCESS,96,96,0,0,96,96
s21,d9,frame_0060.jpg,SUCCESS,96,96,0,0,96,96
s21,d9,frame_0061.jpg,SUCCESS,96,96,0,0,96,96
s21,d9,frame_0062.jpg,SUCCESS,96,96,0,0,96,96
s21,d9,frame_0063.jpg,SUCCESS,96,96,0,0,96,96
s21,d9,frame_0064.jpg,SUCCESS,96,96,0,0,96,96
s21,d9,frame_0065.jpg,SUCCESS,96,96,0,0,96,96
s21,d9,frame_0066.jpg,SUCCESS,96,96,0,0,96,96
s21,d9,frame_0067.jpg,SUCCESS,96,96,0,0,96,96
s21,d9,frame_0068.jpg,SUCCESS,96,96,0,0,96,96
s21,d9,frame_0069.jpg,SUCCESS,96,96,0,0,96,96
s21,d9,frame_0070.jpg,SUCCESS,96,96,0,0,96,96
s21,d9,frame_0071.jpg,SUCCESS,96,96,0,0,96,96
s21,d9,frame_0072.jpg,SUCCESS,96,96,0,0,96,96
s21,d9,frame_0073.jpg,SUCCESS,96,96,0,0,96,96
s21,d9,frame_0074.jpg,SUCCESS,96,96,0,0,96,96
s21,d9,frame_0075.jpg,SUCCESS,96,96,0,0,96,96
s21,d9,frame_0076.jpg,SUCCESS,96,96,0,0,96,96
s22,d0,frame_0001.jpg,SUCCESS,96,96,0,0,96,96
s22,d0,frame_0002.jpg,SUCCESS,96,96,0,0,96,96
s22,d0,frame_0003.jpg,SUCCESS,96,96,0,0,96,96
s22,d0,frame_0004.jpg,SUCCESS,96,96,0,0,96,96
s22,d0,frame_0005.jpg,SUCCESS,96,96,0,0,96,96
s22,d0,frame_0006.jpg,SUCCESS,96,96,0,0,96,96
s22,d0,frame_0007.jpg,SUCCESS,96,96,0,0,96,96
s22,d0,frame_0008.jpg,SUCCESS,96,96,0,0,96,96
s22,d0,frame_0009.jpg,SUCCESS,96,96,0,0,96,96
s22,d0,frame_0010.jpg,SUCCESS,96,96,0,0,96,96
s22,d0,frame_0011.jpg,SUCCESS,96,96,0,0,96,96
s22,d0,frame_0012.jpg,SUCCESS,96,96,0,0,96,96
s22,d0,frame_0013.jpg,SUCCESS,96,96,0,0,96,96
s22,d0,frame_0014.jpg,SUCCESS,96,96,0,0,96,96
s22,d0,frame_0015.jpg,SUCCESS,96,96,0,0,96,96
s22,d0,frame_0016.jpg,SUCCESS,96,96,0,0,96,96
s22,d0,frame_0017.jpg,SUCCESS,96,96,0,0,96,96
s22,d0,frame_0018.jpg,SUCCESS,96,96,0,0,96,96
s22,d0,frame_0019.jpg,SUCCESS,96,96,0,0,96,96
s22,d0,frame_0020.jpg,SUCCESS,96,96,0,0,96,96
s22,d0,frame_0021.jpg,SUCCESS,96,96,0,0,96,96
s22,d0,frame_0022.jpg,SUCCESS,96,96,0,0,96,96
s22,d0,frame_0023.jpg,SUCCESS,96,96,0,0,96,96
s22,d0,frame_0024.jpg,SUCCESS,96,96,0,0,96,96
s22,d0,frame_0025.jpg,SUCCESS,96,96,0,0,96,96
s22,d1,frame_0001.jpg,SUCCESS,96,96,0,0,96,96
s22,d1,frame_0002.jpg,SUCCESS,96,96,0,0,96,96
s22,d1,frame_0003.jpg,SUCCESS,96,96,0,0,96,96
s22,d1,frame_0004.jpg,SUCCESS,96,96,0,0,96,96
s22,d1,frame_0005.jpg,SUCCESS,96,96,0,0,96,96
s22,d1,frame_0006.jpg,SUCCESS,96,96,0,0,96,96
s22,d1,frame_0007.jpg,SUCCESS,96,96,0,0,96,96
s22,d1,frame_0008.jpg,SUCCESS,96,96,0,0,96,96
s22,d1,frame_0009.jpg,SUCCESS,96,96,0,0,96,96
s22,d1,frame_0010.jpg,SUCCESS,96,96,0,0,96,96
s22,d1,frame_0011.jpg,SUCCESS,96,96,0,0,96,96
s22,d1,frame_0012.jpg,SUCCESS,96,96,0,0,96,96
s22,d1,frame_0013.jpg,SUCCESS,96,96,0,0,96,96
s22,d1,frame_0014.jpg,SUCCESS,96,96,0,0,96,96
s22,d1,frame_0015.jpg,SUCCESS,96,96,0,0,96,96
s22,d1,frame_0016.jpg,SUCCESS,96,96,0,0,96,96
s22,d1,frame_0017.jpg,SUCCESS,96,96,0,0,96,96
s22,d1,frame_0018.jpg,SUCCESS,96,96,0,0,96,96
s22,d1,frame_0019.jpg,SUCCESS,96,96,0,0,96,96
s22,d1,frame_0020.jpg,SUCCESS,96,96,0,0,96,96
s22,d1,frame_0021.jpg,SUCCESS,96,96,0,0,96,96
s22,d1,frame_0022.jpg,SUCCESS,96,96,0,0,96,96
s22,d1,frame_0023.jpg,SUCCESS,96,96,0,0,96,96
s22,d1,frame_0024.jpg,SUCCESS,96,96,0,0,96,96
s22,d1,frame_0025.jpg,SUCCESS,96,96,0,0,96,96
s22,d1,frame_0026.jpg,SUCCESS,96,96,0,0,96,96
s22,d1,frame_0027.jpg,SUCCESS,96,96,0,0,96,96
s22,d1,frame_0028.jpg,SUCCESS,96,96,0,0,96,96
s22,d1,frame_0029.jpg,SUCCESS,96,96,0,0,96,96
s22,d1,frame_0030.jpg,SUCCESS,96,96,0,0,96,96
s22,d1,frame_0031.jpg,SUCCESS,96,96,0,0,96,96
s22,d10,frame_0001.jpg,SUCCESS,96,96,0,0,96,96
s22,d10,frame_0002.jpg,SUCCESS,96,96,0,0,96,96
s22,d10,frame_0003.jpg,SUCCESS,96,96,0,0,96,96
s22,d10,frame_0004.jpg,SUCCESS,96,96,0,0,96,96
s22,d10,frame_0005.jpg,SUCCESS,96,96,0,0,96,96
s22,d10,frame_0006.jpg,SUCCESS,96,96,0,0,96,96
s22,d10,frame_0007.jpg,SUCCESS,96,96,0,0,96,96
s22,d10,frame_0008.jpg,SUCCESS,96,96,0,0,96,96
s22,d10,frame_0009.jpg,SUCCESS,96,96,0,0,96,96
s22,d10,frame_0010.jpg,SUCCESS,96,96,0,0,96,96
s22,d10,frame_0011.jpg,SUCCESS,96,96,0,0,96,96
s22,d10,frame_0012.jpg,SUCCESS,96,96,0,0,96,96
s22,d10,frame_0013.jpg,SUCCESS,96,96,0,0,96,96
s22,d10,frame_0014.jpg,SUCCESS,96,96,0,0,96,96
s22,d10,frame_0015.jpg,SUCCESS,96,96,0,0,96,96
s22,d10,frame_0016.jpg,SUCCESS,96,96,0,0,96,96
s22,d10,frame_0017.jpg,SUCCESS,96,96,0,0,96,96
s22,d10,frame_0018.jpg,SUCCESS,96,96,0,0,96,96
s22,d10,frame_0019.jpg,SUCCESS,96,96,0,0,96,96
s22,d10,frame_0020.jpg,SUCCESS,96,96,0,0,96,96
s22,d10,frame_0021.jpg,SUCCESS,96,96,0,0,96,96
s22,d10,frame_0022.jpg,SUCCESS,96,96,0,0,96,96
s22,d10,frame_0023.jpg,SUCCESS,96,96,0,0,96,96
s22,d10,frame_0024.jpg,SUCCESS,96,96,0,0,96,96
s22,d10,frame_0025.jpg,SUCCESS,96,96,0,0,96,96
s22,d10,frame_0026.jpg,SUCCESS,96,96,0,0,96,96
s22,d10,frame_0027.jpg,SUCCESS,96,96,0,0,96,96
s22,d10,frame_0028.jpg,SUCCESS,96,96,0,0,96,96
s22,d10,frame_0029.jpg,SUCCESS,96,96,0,0,96,96
s22,d10,frame_0030.jpg,SUCCESS,96,96,0,0,96,96
s22,d10,frame_0031.jpg,SUCCESS,96,96,0,0,96,96
s22,d10,frame_0032.jpg,SUCCESS,96,96,0,0,96,96
s22,d2,frame_0001.jpg,SUCCESS,96,96,0,0,96,96
s22,d2,frame_0002.jpg,SUCCESS,96,96,0,0,96,96
s22,d2,frame_0003.jpg,SUCCESS,96,96,0,0,96,96
s22,d2,frame_0004.jpg,SUCCESS,96,96,0,0,96,96
s22,d2,frame_0005.jpg,SUCCESS,96,96,0,0,96,96
s22,d2,frame_0006.jpg,SUCCESS,96,96,0,0,96,96
s22,d2,frame_0007.jpg,SUCCESS,96,96,0,0,96,96
s22,d2,frame_0008.jpg,SUCCESS,96,96,0,0,96,96
s22,d2,frame_0009.jpg,SUCCESS,96,96,0,0,96,96
s22,d2,frame_0010.jpg,SUCCESS,96,96,0,0,96,96
s22,d2,frame_0011.jpg,SUCCESS,96,96,0,0,96,96
s22,d2,frame_0012.jpg,SUCCESS,96,96,0,0,96,96
s22,d2,frame_0013.jpg,SUCCESS,96,96,0,0,96,96
s22,d2,frame_0014.jpg,SUCCESS,96,96,0,0,96,96
s22,d2,frame_0015.jpg,SUCCESS,96,96,0,0,96,96
s22,d2,frame_0016.jpg,SUCCESS,96,96,0,0,96,96
s22,d2,frame_0017.jpg,SUCCESS,96,96,0,0,96,96
s22,d2,frame_0018.jpg,SUCCESS,96,96,0,0,96,96
s22,d2,frame_0019.jpg,SUCCESS,96,96,0,0,96,96
s22,d2,frame_0020.jpg,SUCCESS,96,96,0,0,96,96
s22,d2,frame_0021.jpg,SUCCESS,96,96,0,0,96,96
s22,d2,frame_0022.jpg,SUCCESS,96,96,0,0,96,96
s22,d2,frame_0023.jpg,SUCCESS,96,96,0,0,96,96
s22,d2,frame_0024.jpg,SUCCESS,96,96,0,0,96,96
s22,d2,frame_0025.jpg,SUCCESS,96,96,0,0,96,96
s22,d2,frame_0026.jpg,SUCCESS,96,96,0,0,96,96
s22,d2,frame_0027.jpg,SUCCESS,96,96,0,0,96,96
s22,d2,frame_0028.jpg,SUCCESS,96,96,0,0,96,96
s22,d2,frame_0029.jpg,SUCCESS,96,96,0,0,96,96
s22,d2,frame_0030.jpg,SUCCESS,96,96,0,0,96,96
s22,d2,frame_0031.jpg,SUCCESS,96,96,0,0,96,96
s22,d2,frame_0032.jpg,SUCCESS,96,96,0,0,96,96
s22,d2,frame_0033.jpg,SUCCESS,96,96,0,0,96,96
s22,d2,frame_0034.jpg,SUCCESS,96,96,0,0,96,96
s22,d2,frame_0035.jpg,SUCCESS,96,96,0,0,96,96
s22,d2,frame_0036.jpg,SUCCESS,96,96,0,0,96,96
s22,d2,frame_0037.jpg,SUCCESS,96,96,0,0,96,96
s22,d2,frame_0038.jpg,SUCCESS,96,96,0,0,96,96
s22,d2,frame_0039.jpg,SUCCESS,96,96,0,0,96,96
s22,d2,frame_0040.jpg,SUCCESS,96,96,0,0,96,96
s22,d2,frame_0041.jpg,SUCCESS,96,96,0,0,96,96
s22,d3,frame_0001.jpg,SUCCESS,96,96,0,0,96,96
s22,d3,frame_0002.jpg,SUCCESS,96,96,0,0,96,96
s22,d3,frame_0003.jpg,SUCCESS,96,96,0,0,96,96
s22,d3,frame_0004.jpg,SUCCESS,96,96,0,0,96,96
s22,d3,frame_0005.jpg,SUCCESS,96,96,0,0,96,96
s22,d3,frame_0006.jpg,SUCCESS,96,96,0,0,96,96
s22,d3,frame_0007.jpg,SUCCESS,96,96,0,0,96,96
s22,d3,frame_0008.jpg,SUCCESS,96,96,0,0,96,96
s22,d3,frame_0009.jpg,SUCCESS,96,96,0,0,96,96
s22,d3,frame_0010.jpg,SUCCESS,96,96,0,0,96,96
s22,d3,frame_0011.jpg,SUCCESS,96,96,0,0,96,96
s22,d3,frame_0012.jpg,SUCCESS,96,96,0,0,96,96
s22,d3,frame_0013.jpg,SUCCESS,96,96,0,0,96,96
s22,d3,frame_0014.jpg,SUCCESS,96,96,0,0,96,96
s22,d3,frame_0015.jpg,SUCCESS,96,96,0,0,96,96
s22,d3,frame_0016.jpg,SUCCESS,96,96,0,0,96,96
s22,d3,frame_0017.jpg,SUCCESS,96,96,0,0,96,96
s22,d3,frame_0018.jpg,SUCCESS,96,96,0,0,96,96
s22,d3,frame_0019.jpg,SUCCESS,96,96,0,0,96,96
s22,d3,frame_0020.jpg,SUCCESS,96,96,0,0,96,96
s22,d3,frame_0021.jpg,SUCCESS,96,96,0,0,96,96
s22,d3,frame_0022.jpg,SUCCESS,96,96,0,0,96,96
s22,d3,frame_0023.jpg,SUCCESS,96,96,0,0,96,96
s22,d3,frame_0024.jpg,SUCCESS,96,96,0,0,96,96
s22,d3,frame_0025.jpg,SUCCESS,96,96,0,0,96,96
s22,d3,frame_0026.jpg,SUCCESS,96,96,0,0,96,96
s22,d3,frame_0027.jpg,SUCCESS,96,96,0,0,96,96
s22,d3,frame_0028.jpg,SUCCESS,96,96,0,0,96,96
s22,d4,frame_0001.jpg,SUCCESS,96,96,0,0,96,96
s22,d4,frame_0002.jpg,SUCCESS,96,96,0,0,96,96
s22,d4,frame_0003.jpg,SUCCESS,96,96,0,0,96,96
s22,d4,frame_0004.jpg,SUCCESS,96,96,0,0,96,96
s22,d4,frame_0005.jpg,SUCCESS,96,96,0,0,96,96
s22,d4,frame_0006.jpg,SUCCESS,96,96,0,0,96,96
s22,d4,frame_0007.jpg,SUCCESS,96,96,0,0,96,96
s22,d4,frame_0008.jpg,SUCCESS,96,96,0,0,96,96
s22,d4,frame_0009.jpg,SUCCESS,96,96,0,0,96,96
s22,d4,frame_0010.jpg,SUCCESS,96,96,0,0,96,96
s22,d4,frame_0011.jpg,SUCCESS,96,96,0,0,96,96
s22,d4,frame_0012.jpg,SUCCESS,96,96,0,0,96,96
s22,d4,frame_0013.jpg,SUCCESS,96,96,0,0,96,96
s22,d4,frame_0014.jpg,SUCCESS,96,96,0,0,96,96
s22,d4,frame_0015.jpg,SUCCESS,96,96,0,0,96,96
s22,d4,frame_0016.jpg,SUCCESS,96,96,0,0,96,96
s22,d4,frame_0017.jpg,SUCCESS,96,96,0,0,96,96
s22,d4,frame_0018.jpg,SUCCESS,96,96,0,0,96,96
s22,d4,frame_0019.jpg,SUCCESS,96,96,0,0,96,96
s22,d4,frame_0020.jpg,SUCCESS,96,96,0,0,96,96
s22,d4,frame_0021.jpg,SUCCESS,96,96,0,0,96,96
s22,d4,frame_0022.jpg,SUCCESS,96,96,0,0,96,96
s22,d4,frame_0023.jpg,SUCCESS,96,96,0,0,96,96
s22,d4,frame_0024.jpg,SUCCESS,96,96,0,0,96,96
s22,d4,frame_0025.jpg,SUCCESS,96,96,0,0,96,96
s22,d4,frame_0026.jpg,SUCCESS,96,96,0,0,96,96
s22,d4,frame_0027.jpg,SUCCESS,96,96,0,0,96,96
s22,d4,frame_0028.jpg,SUCCESS,96,96,0,0,96,96
s22,d4,frame_0029.jpg,SUCCESS,96,96,0,0,96,96
s22,d4,frame_0030.jpg,SUCCESS,96,96,0,0,96,96
s22,d4,frame_0031.jpg,SUCCESS,96,96,0,0,96,96
s22,d4,frame_0032.jpg,SUCCESS,96,96,0,0,96,96
s22,d4,frame_0033.jpg,SUCCESS,96,96,0,0,96,96
s22,d4,frame_0034.jpg,SUCCESS,96,96,0,0,96,96
s22,d4,frame_0035.jpg,SUCCESS,96,96,0,0,96,96
s22,d4,frame_0036.jpg,SUCCESS,96,96,0,0,96,96
s22,d4,frame_0037.jpg,SUCCESS,96,96,0,0,96,96
s22,d4,frame_0038.jpg,SUCCESS,96,96,0,0,96,96
s22,d4,frame_0039.jpg,SUCCESS,96,96,0,0,96,96
s22,d4,frame_0040.jpg,SUCCESS,96,96,0,0,96,96
s22,d4,frame_0041.jpg,SUCCESS,96,96,0,0,96,96
s22,d4,frame_0042.jpg,SUCCESS,96,96,0,0,96,96
s22,d4,frame_0043.jpg,SUCCESS,96,96,0,0,96,96
s22,d4,frame_0044.jpg,SUCCESS,96,96,0,0,96,96
s22,d4,frame_0045.jpg,SUCCESS,96,96,0,0,96,96
s22,d4,frame_0046.jpg,SUCCESS,96,96,0,0,96,96
s22,d4,frame_0047.jpg,SUCCESS,96,96,0,0,96,96
s22,d4,frame_0048.jpg,SUCCESS,96,96,0,0,96,96
s22,d4,frame_0049.jpg,SUCCESS,96,96,0,0,96,96
s22,d4,frame_0050.jpg,SUCCESS,96,96,0,0,96,96
s22,d4,frame_0051.jpg,SUCCESS,96,96,0,0,96,96
s22,d4,frame_0052.jpg,SUCCESS,96,96,0,0,96,96
s22,d4,frame_0053.jpg,SUCCESS,96,96,0,0,96,96
s22,d4,frame_0054.jpg,SUCCESS,96,96,0,0,96,96
s22,d4,frame_0055.jpg,SUCCESS,96,96,0,0,96,96
s22,d5,frame_0001.jpg,SUCCESS,96,96,0,0,96,96
s22,d5,frame_0002.jpg,SUCCESS,96,96,0,0,96,96
s22,d5,frame_0003.jpg,SUCCESS,96,96,0,0,96,96
s22,d5,frame_0004.jpg,SUCCESS,96,96,0,0,96,96
s22,d5,frame_0005.jpg,SUCCESS,96,96,0,0,96,96
s22,d5,frame_0006.jpg,SUCCESS,96,96,0,0,96,96
s22,d5,frame_0007.jpg,SUCCESS,96,96,0,0,96,96
s22,d5,frame_0008.jpg,SUCCESS,96,96,0,0,96,96
s22,d5,frame_0009.jpg,SUCCESS,96,96,0,0,96,96
s22,d5,frame_0010.jpg,SUCCESS,96,96,0,0,96,96
s22,d5,frame_0011.jpg,SUCCESS,96,96,0,0,96,96
s22,d5,frame_0012.jpg,SUCCESS,96,96,0,0,96,96
s22,d5,frame_0013.jpg,SUCCESS,96,96,0,0,96,96
s22,d5,frame_0014.jpg,SUCCESS,96,96,0,0,96,96
s22,d5,frame_0015.jpg,SUCCESS,96,96,0,0,96,96
s22,d5,frame_0016.jpg,SUCCESS,96,96,0,0,96,96
s22,d5,frame_0017.jpg,SUCCESS,96,96,0,0,96,96
s22,d5,frame_0018.jpg,SUCCESS,96,96,0,0,96,96
s22,d5,frame_0019.jpg,SUCCESS,96,96,0,0,96,96
s22,d5,frame_0020.jpg,SUCCESS,96,96,0,0,96,96
s22,d5,frame_0021.jpg,SUCCESS,96,96,0,0,96,96
s22,d5,frame_0022.jpg,SUCCESS,96,96,0,0,96,96
s22,d5,frame_0023.jpg,SUCCESS,96,96,0,0,96,96
s22,d5,frame_0024.jpg,SUCCESS,96,96,0,0,96,96
s22,d5,frame_0025.jpg,SUCCESS,96,96,0,0,96,96
s22,d5,frame_0026.jpg,SUCCESS,96,96,0,0,96,96
s22,d5,frame_0027.jpg,SUCCESS,96,96,0,0,96,96
s22,d5,frame_0028.jpg,SUCCESS,96,96,0,0,96,96
s22,d5,frame_0029.jpg,SUCCESS,96,96,0,0,96,96
s22,d5,frame_0030.jpg,SUCCESS,96,96,0,0,96,96
s22,d5,frame_0031.jpg,SUCCESS,96,96,0,0,96,96
s22,d5,frame_0032.jpg,SUCCESS,96,96,0,0,96,96
s22,d5,frame_0033.jpg,SUCCESS,96,96,0,0,96,96
s22,d5,frame_0034.jpg,SUCCESS,96,96,0,0,96,96
s22,d5,frame_0035.jpg,SUCCESS,96,96,0,0,96,96
s22,d5,frame_0036.jpg,SUCCESS,96,96,0,0,96,96
s22,d5,frame_0037.jpg,SUCCESS,96,96,0,0,96,96
s22,d6,frame_0001.jpg,SUCCESS,96,96,0,0,96,96
s22,d6,frame_0002.jpg,SUCCESS,96,96,0,0,96,96
s22,d6,frame_0003.jpg,SUCCESS,96,96,0,0,96,96
s22,d6,frame_0004.jpg,SUCCESS,96,96,0,0,96,96
s22,d6,frame_0005.jpg,SUCCESS,96,96,0,0,96,96
s22,d6,frame_0006.jpg,SUCCESS,96,96,0,0,96,96
s22,d6,frame_0007.jpg,SUCCESS,96,96,0,0,96,96
s22,d6,frame_0008.jpg,SUCCESS,96,96,0,0,96,96
s22,d6,frame_0009.jpg,SUCCESS,96,96,0,0,96,96
s22,d6,frame_0010.jpg,SUCCESS,96,96,0,0,96,96
s22,d6,frame_0011.jpg,SUCCESS,96,96,0,0,96,96
s22,d6,frame_0012.jpg,SUCCESS,96,96,0,0,96,96
s22,d6,frame_0013.jpg,SUCCESS,96,96,0,0,96,96
s22,d6,frame_0014.jpg,SUCCESS,96,96,0,0,96,96
s22,d6,frame_0015.jpg,SUCCESS,96,96,0,0,96,96
s22,d6,frame_0016.jpg,SUCCESS,96,96,0,0,96,96
s22,d6,frame_0017.jpg,SUCCESS,96,96,0,0,96,96
s22,d6,frame_0018.jpg,SUCCESS,96,96,0,0,96,96
s22,d6,frame_0019.jpg,SUCCESS,96,96,0,0,96,96
s22,d6,frame_0020.jpg,SUCCESS,96,96,0,0,96,96
s22,d6,frame_0021.jpg,SUCCESS,96,96,0,0,96,96
s22,d6,frame_0022.jpg,SUCCESS,96,96,0,0,96,96
s22,d6,frame_0023.jpg,SUCCESS,96,96,0,0,96,96
s22,d6,frame_0024.jpg,SUCCESS,96,96,0,0,96,96
s22,d6,frame_0025.jpg,SUCCESS,96,96,0,0,96,96
s22,d6,frame_0026.jpg,SUCCESS,96,96,0,0,96,96
s22,d6,frame_0027.jpg,SUCCESS,96,96,0,0,96,96
s22,d6,frame_0028.jpg,SUCCESS,96,96,0,0,96,96
s22,d6,frame_0029.jpg,SUCCESS,96,96,0,0,96,96
s22,d6,frame_0030.jpg,SUCCESS,96,96,0,0,96,96
s22,d6,frame_0031.jpg,SUCCESS,96,96,0,0,96,96
s22,d6,frame_0032.jpg,SUCCESS,96,96,0,0,96,96
s22,d6,frame_0033.jpg,SUCCESS,96,96,0,0,96,96
s22,d6,frame_0034.jpg,SUCCESS,96,96,0,0,96,96
s22,d6,frame_0035.jpg,SUCCESS,96,96,0,0,96,96
s22,d6,frame_0036.jpg,SUCCESS,96,96,0,0,96,96
s22,d6,frame_0037.jpg,SUCCESS,96,96,0,0,96,96
s22,d6,frame_0038.jpg,SUCCESS,96,96,0,0,96,96
s22,d6,frame_0039.jpg,SUCCESS,96,96,0,0,96,96
s22,d6,frame_0040.jpg,SUCCESS,96,96,0,0,96,96
s22,d6,frame_0041.jpg,SUCCESS,96,96,0,0,96,96
s22,d6,frame_0042.jpg,SUCCESS,96,96,0,0,96,96
s22,d7,frame_0001.jpg,SUCCESS,96,96,0,0,96,96
s22,d7,frame_0002.jpg,SUCCESS,96,96,0,0,96,96
s22,d7,frame_0003.jpg,SUCCESS,96,96,0,0,96,96
s22,d7,frame_0004.jpg,SUCCESS,96,96,0,0,96,96
s22,d7,frame_0005.jpg,SUCCESS,96,96,0,0,96,96
s22,d7,frame_0006.jpg,SUCCESS,96,96,0,0,96,96
s22,d7,frame_0007.jpg,SUCCESS,96,96,0,0,96,96
s22,d7,frame_0008.jpg,SUCCESS,96,96,0,0,96,96
s22,d7,frame_0009.jpg,SUCCESS,96,96,0,0,96,96
s22,d7,frame_0010.jpg,SUCCESS,96,96,0,0,96,96
s22,d7,frame_0011.jpg,SUCCESS,96,96,0,0,96,96
s22,d7,frame_0012.jpg,SUCCESS,96,96,0,0,96,96
s22,d7,frame_0013.jpg,SUCCESS,96,96,0,0,96,96
s22,d7,frame_0014.jpg,SUCCESS,96,96,0,0,96,96
s22,d7,frame_0015.jpg,SUCCESS,96,96,0,0,96,96
s22,d7,frame_0016.jpg,SUCCESS,96,96,0,0,96,96
s22,d7,frame_0017.jpg,SUCCESS,96,96,0,0,96,96
s22,d7,frame_0018.jpg,SUCCESS,96,96,0,0,96,96
s22,d7,frame_0019.jpg,SUCCESS,96,96,0,0,96,96
s22,d7,frame_0020.jpg,SUCCESS,96,96,0,0,96,96
s22,d7,frame_0021.jpg,SUCCESS,96,96,0,0,96,96
s22,d7,frame_0022.jpg,SUCCESS,96,96,0,0,96,96
s22,d7,frame_0023.jpg,SUCCESS,96,96,0,0,96,96
s22,d7,frame_0024.jpg,SUCCESS,96,96,0,0,96,96
s22,d7,frame_0025.jpg,SUCCESS,96,96,0,0,96,96
s22,d7,frame_0026.jpg,SUCCESS,96,96,0,0,96,96
s22,d7,frame_0027.jpg,SUCCESS,96,96,0,0,96,96
s22,d7,frame_0028.jpg,SUCCESS,96,96,0,0,96,96
s22,d7,frame_0029.jpg,SUCCESS,96,96,0,0,96,96
s22,d7,frame_0030.jpg,SUCCESS,96,96,0,0,96,96
s22,d7,frame_0031.jpg,SUCCESS,96,96,0,0,96,96
s22,d7,frame_0032.jpg,SUCCESS,96,96,0,0,96,96
s22,d7,frame_0033.jpg,SUCCESS,96,96,0,0,96,96
s22,d7,frame_0034.jpg,SUCCESS,96,96,0,0,96,96
s22,d7,frame_0035.jpg,SUCCESS,96,96,0,0,96,96
s22,d7,frame_0036.jpg,SUCCESS,96,96,0,0,96,96
s22,d7,frame_0037.jpg,SUCCESS,96,96,0,0,96,96
s22,d7,frame_0038.jpg,SUCCESS,96,96,0,0,96,96
s22,d7,frame_0039.jpg,SUCCESS,96,96,0,0,96,96
s22,d7,frame_0040.jpg,SUCCESS,96,96,0,0,96,96
s22,d7,frame_0041.jpg,SUCCESS,96,96,0,0,96,96
s22,d7,frame_0042.jpg,SUCCESS,96,96,0,0,96,96
s22,d7,frame_0043.jpg,SUCCESS,96,96,0,0,96,96
s22,d7,frame_0044.jpg,SUCCESS,96,96,0,0,96,96
s22,d7,frame_0045.jpg,SUCCESS,96,96,0,0,96,96
s22,d7,frame_0046.jpg,SUCCESS,96,96,0,0,96,96
s22,d8,frame_0001.jpg,SUCCESS,96,96,0,0,96,96
s22,d8,frame_0002.jpg,SUCCESS,96,96,0,0,96,96
s22,d8,frame_0003.jpg,SUCCESS,96,96,0,0,96,96
s22,d8,frame_0004.jpg,SUCCESS,96,96,0,0,96,96
s22,d8,frame_0005.jpg,SUCCESS,96,96,0,0,96,96
s22,d8,frame_0006.jpg,SUCCESS,96,96,0,0,96,96
s22,d8,frame_0007.jpg,SUCCESS,96,96,0,0,96,96
s22,d8,frame_0008.jpg,SUCCESS,96,96,0,0,96,96
s22,d8,frame_0009.jpg,SUCCESS,96,96,0,0,96,96
s22,d8,frame_0010.jpg,SUCCESS,96,96,0,0,96,96
s22,d8,frame_0011.jpg,SUCCESS,96,96,0,0,96,96
s22,d8,frame_0012.jpg,SUCCESS,96,96,0,0,96,96
s22,d8,frame_0013.jpg,SUCCESS,96,96,0,0,96,96
s22,d8,frame_0014.jpg,SUCCESS,96,96,0,0,96,96
s22,d8,frame_0015.jpg,SUCCESS,96,96,0,0,96,96
s22,d8,frame_0016.jpg,SUCCESS,96,96,0,0,96,96
s22,d8,frame_0017.jpg,SUCCESS,96,96,0,0,96,96
s22,d8,frame_0018.jpg,SUCCESS,96,96,0,0,96,96
s22,d8,frame_0019.jpg,SUCCESS,96,96,0,0,96,96
s22,d8,frame_0020.jpg,SUCCESS,96,96,0,0,96,96
s22,d8,frame_0021.jpg,SUCCESS,96,96,0,0,96,96
s22,d8,frame_0022.jpg,SUCCESS,96,96,0,0,96,96
s22,d8,frame_0023.jpg,SUCCESS,96,96,0,0,96,96
s22,d8,frame_0024.jpg,SUCCESS,96,96,0,0,96,96
s22,d8,frame_0025.jpg,SUCCESS,96,96,0,0,96,96
s22,d8,frame_0026.jpg,SUCCESS,96,96,0,0,96,96
s22,d8,frame_0027.jpg,SUCCESS,96,96,0,0,96,96
s22,d8,frame_0028.jpg,SUCCESS,96,96,0,0,96,96
s22,d8,frame_0029.jpg,SUCCESS,96,96,0,0,96,96
s22,d8,frame_0030.jpg,SUCCESS,96,96,0,0,96,96
s22,d8,frame_0031.jpg,SUCCESS,96,96,0,0,96,96
s22,d8,frame_0032.jpg,SUCCESS,96,96,0,0,96,96
s22,d8,frame_0033.jpg,SUCCESS,96,96,0,0,96,96
s22,d8,frame_0034.jpg,SUCCESS,96,96,0,0,96,96
s22,d8,frame_0035.jpg,SUCCESS,96,96,0,0,96,96
s22,d8,frame_0036.jpg,SUCCESS,96,96,0,0,96,96
s22,d9,frame_0001.jpg,SUCCESS,96,96,0,0,96,96
s22,d9,frame_0002.jpg,SUCCESS,96,96,0,0,96,96
s22,d9,frame_0003.jpg,SUCCESS,96,96,0,0,96,96
s22,d9,frame_0004.jpg,SUCCESS,96,96,0,0,96,96
s22,d9,frame_0005.jpg,SUCCESS,96,96,0,0,96,96
s22,d9,frame_0006.jpg,SUCCESS,96,96,0,0,96,96
s22,d9,frame_0007.jpg,SUCCESS,96,96,0,0,96,96
s22,d9,frame_0008.jpg,SUCCESS,96,96,0,0,96,96
s22,d9,frame_0009.jpg,SUCCESS,96,96,0,0,96,96
s22,d9,frame_0010.jpg,SUCCESS,96,96,0,0,96,96
s22,d9,frame_0011.jpg,SUCCESS,96,96,0,0,96,96
s22,d9,frame_0012.jpg,SUCCESS,96,96,0,0,96,96
s22,d9,frame_0013.jpg,SUCCESS,96,96,0,0,96,96
s22,d9,frame_0014.jpg,SUCCESS,96,96,0,0,96,96
s22,d9,frame_0015.jpg,SUCCESS,96,96,0,0,96,96
s22,d9,frame_0016.jpg,SUCCESS,96,96,0,0,96,96
s22,d9,frame_0017.jpg,SUCCESS,96,96,0,0,96,96
s22,d9,frame_0018.jpg,SUCCESS,96,96,0,0,96,96
s22,d9,frame_0019.jpg,SUCCESS,96,96,0,0,96,96
s22,d9,frame_0020.jpg,SUCCESS,96,96,0,0,96,96
s22,d9,frame_0021.jpg,SUCCESS,96,96,0,0,96,96
s22,d9,frame_0022.jpg,SUCCESS,96,96,0,0,96,96
s22,d9,frame_0023.jpg,SUCCESS,96,96,0,0,96,96
s22,d9,frame_0024.jpg,SUCCESS,96,96,0,0,96,96
s22,d9,frame_0025.jpg,SUCCESS,96,96,0,0,96,96
s22,d9,frame_0026.jpg,SUCCESS,96,96,0,0,96,96
s22,d9,frame_0027.jpg,SUCCESS,96,96,0,0,96,96
s22,d9,frame_0028.jpg,SUCCESS,96,96,0,0,96,96
s22,d9,frame_0029.jpg,SUCCESS,96,96,0,0,96,96
s22,d9,frame_0030.jpg,SUCCESS,96,96,0,0,96,96
s22,d9,frame_0031.jpg,SUCCESS,96,96,0,0,96,96
s22,d9,frame_0032.jpg,SUCCESS,96,96,0,0,96,96
s22,d9,frame_0033.jpg,SUCCESS,96,96,0,0,96,96
s22,d9,frame_0034.jpg,SUCCESS,96,96,0,0,96,96
s22,d9,frame_0035.jpg,SUCCESS,96,96,0,0,96,96
s22,d9,frame_0036.jpg,SUCCESS,96,96,0,0,96,96
s23,d0,frame_0001.jpg,SUCCESS,96,96,0,0,96,96
s23,d0,frame_0002.jpg,SUCCESS,96,96,0,0,96,96
s23,d0,frame_0003.jpg,SUCCESS,96,96,0,0,96,96
s23,d0,frame_0004.jpg,SUCCESS,96,96,0,0,96,96
s23,d0,frame_0005.jpg,SUCCESS,96,96,0,0,96,96
s23,d0,frame_0006.jpg,SUCCESS,96,96,0,0,96,96
s23,d0,frame_0007.jpg,SUCCESS,96,96,0,0,96,96
s23,d0,frame_0008.jpg,SUCCESS,96,96,0,0,96,96
s23,d0,frame_0009.jpg,SUCCESS,96,96,0,0,96,96
s23,d0,frame_0010.jpg,SUCCESS,96,96,0,0,96,96
s23,d0,frame_0011.jpg,SUCCESS,96,96,0,0,96,96
s23,d0,frame_0012.jpg,SUCCESS,96,96,0,0,96,96
s23,d0,frame_0013.jpg,SUCCESS,96,96,0,0,96,96
s23,d0,frame_0014.jpg,SUCCESS,96,96,0,0,96,96
s23,d0,frame_0015.jpg,SUCCESS,96,96,0,0,96,96
s23,d0,frame_0016.jpg,SUCCESS,96,96,0,0,96,96
s23,d0,frame_0017.jpg,SUCCESS,96,96,0,0,96,96
s23,d0,frame_0018.jpg,SUCCESS,96,96,0,0,96,96
s23,d0,frame_0019.jpg,SUCCESS,96,96,0,0,96,96
s23,d0,frame_0020.jpg,SUCCESS,96,96,0,0,96,96
s23,d0,frame_0021.jpg,SUCCESS,96,96,0,0,96,96
s23,d0,frame_0022.jpg,SUCCESS,96,96,0,0,96,96
s23,d0,frame_0023.jpg,SUCCESS,96,96,0,0,96,96
s23,d0,frame_0024.jpg,SUCCESS,96,96,0,0,96,96
s23,d0,frame_0025.jpg,SUCCESS,96,96,0,0,96,96
s23,d0,frame_0026.jpg,SUCCESS,96,96,0,0,96,96
s23,d0,frame_0027.jpg,SUCCESS,96,96,0,0,96,96
s23,d0,frame_0028.jpg,SUCCESS,96,96,0,0,96,96
s23,d0,frame_0029.jpg,SUCCESS,96,96,0,0,96,96
s23,d0,frame_0030.jpg,SUCCESS,96,96,0,0,96,96
s23,d0,frame_0031.jpg,SUCCESS,96,96,0,0,96,96
s23,d0,frame_0032.jpg,SUCCESS,96,96,0,0,96,96
s23,d0,frame_0033.jpg,SUCCESS,96,96,0,0,96,96
s23,d0,frame_0034.jpg,SUCCESS,96,96,0,0,96,96
s23,d0,frame_0035.jpg,SUCCESS,96,96,0,0,96,96
s23,d1,frame_0001.jpg,SUCCESS,96,96,0,0,96,96
s23,d1,frame_0002.jpg,SUCCESS,96,96,0,0,96,96
s23,d1,frame_0003.jpg,SUCCESS,96,96,0,0,96,96
s23,d1,frame_0004.jpg,SUCCESS,96,96,0,0,96,96
s23,d1,frame_0005.jpg,SUCCESS,96,96,0,0,96,96
s23,d1,frame_0006.jpg,SUCCESS,96,96,0,0,96,96
s23,d1,frame_0007.jpg,SUCCESS,96,96,0,0,96,96
s23,d1,frame_0008.jpg,SUCCESS,96,96,0,0,96,96
s23,d1,frame_0009.jpg,SUCCESS,96,96,0,0,96,96
s23,d1,frame_0010.jpg,SUCCESS,96,96,0,0,96,96
s23,d1,frame_0011.jpg,SUCCESS,96,96,0,0,96,96
s23,d1,frame_0012.jpg,SUCCESS,96,96,0,0,96,96
s23,d1,frame_0013.jpg,SUCCESS,96,96,0,0,96,96
s23,d1,frame_0014.jpg,SUCCESS,96,96,0,0,96,96
s23,d1,frame_0015.jpg,SUCCESS,96,96,0,0,96,96
s23,d1,frame_0016.jpg,SUCCESS,96,96,0,0,96,96
s23,d1,frame_0017.jpg,SUCCESS,96,96,0,0,96,96
s23,d1,frame_0018.jpg,SUCCESS,96,96,0,0,96,96
s23,d1,frame_0019.jpg,SUCCESS,96,96,0,0,96,96
s23,d1,frame_0020.jpg,SUCCESS,96,96,0,0,96,96
s23,d1,frame_0021.jpg,SUCCESS,96,96,0,0,96,96
s23,d1,frame_0022.jpg,SUCCESS,96,96,0,0,96,96
s23,d1,frame_0023.jpg,SUCCESS,96,96,0,0,96,96
s23,d1,frame_0024.jpg,SUCCESS,96,96,0,0,96,96
s23,d1,frame_0025.jpg,SUCCESS,96,96,0,0,96,96
s23,d1,frame_0026.jpg,SUCCESS,96,96,0,0,96,96
s23,d1,frame_0027.jpg,SUCCESS,96,96,0,0,96,96
s23,d1,frame_0028.jpg,SUCCESS,96,96,0,0,96,96
s23,d1,frame_0029.jpg,SUCCESS,96,96,0,0,96,96
s23,d1,frame_0030.jpg,SUCCESS,96,96,0,0,96,96
s23,d1,frame_0031.jpg,SUCCESS,96,96,0,0,96,96
s23,d1,frame_0032.jpg,SUCCESS,96,96,0,0,96,96
s23,d1,frame_0033.jpg,SUCCESS,96,96,0,0,96,96
s23,d1,frame_0034.jpg,SUCCESS,96,96,0,0,96,96
s23,d1,frame_0035.jpg,SUCCESS,96,96,0,0,96,96
s23,d1,frame_0036.jpg,SUCCESS,96,96,0,0,96,96
s23,d1,frame_0037.jpg,SUCCESS,96,96,0,0,96,96
s23,d1,frame_0038.jpg,SUCCESS,96,96,0,0,96,96
s23,d1,frame_0039.jpg,SUCCESS,96,96,0,0,96,96
s23,d1,frame_0040.jpg,SUCCESS,96,96,0,0,96,96
s23,d1,frame_0041.jpg,SUCCESS,96,96,0,0,96,96
s23,d1,frame_0042.jpg,SUCCESS,96,96,0,0,96,96
s23,d10,frame_0001.jpg,SUCCESS,96,96,0,0,96,96
s23,d10,frame_0002.jpg,SUCCESS,96,96,0,0,96,96
s23,d10,frame_0003.jpg,SUCCESS,96,96,0,0,96,96
s23,d10,frame_0004.jpg,SUCCESS,96,96,0,0,96,96
s23,d10,frame_0005.jpg,SUCCESS,96,96,0,0,96,96
s23,d10,frame_0006.jpg,SUCCESS,96,96,0,0,96,96
s23,d10,frame_0007.jpg,SUCCESS,96,96,0,0,96,96
s23,d10,frame_0008.jpg,SUCCESS,96,96,0,0,96,96
s23,d10,frame_0009.jpg,SUCCESS,96,96,0,0,96,96
s23,d10,frame_0010.jpg,SUCCESS,96,96,0,0,96,96
s23,d10,frame_0011.jpg,SUCCESS,96,96,0,0,96,96
s23,d10,frame_0012.jpg,SUCCESS,96,96,0,0,96,96
s23,d10,frame_0013.jpg,SUCCESS,96,96,0,0,96,96
s23,d10,frame_0014.jpg,SUCCESS,96,96,0,0,96,96
s23,d10,frame_0015.jpg,SUCCESS,96,96,0,0,96,96
s23,d10,frame_0016.jpg,SUCCESS,96,96,0,0,96,96
s23,d10,frame_0017.jpg,SUCCESS,96,96,0,0,96,96
s23,d10,frame_0018.jpg,SUCCESS,96,96,0,0,96,96
s23,d10,frame_0019.jpg,SUCCESS,96,96,0,0,96,96
s23,d10,frame_0020.jpg,SUCCESS,96,96,0,0,96,96
s23,d10,frame_0021.jpg,SUCCESS,96,96,0,0,96,96
s23,d10,frame_0022.jpg,SUCCESS,96,96,0,0,96,96
s23,d10,frame_0023.jpg,SUCCESS,96,96,0,0,96,96
s23,d10,frame_0024.jpg,SUCCESS,96,96,0,0,96,96
s23,d10,frame_0025.jpg,SUCCESS,96,96,0,0,96,96
s23,d10,frame_0026.jpg,SUCCESS,96,96,0,0,96,96
s23,d10,frame_0027.jpg,SUCCESS,96,96,0,0,96,96
s23,d10,frame_0028.jpg,SUCCESS,96,96,0,0,96,96
s23,d10,frame_0029.jpg,SUCCESS,96,96,0,0,96,96
s23,d10,frame_0030.jpg,SUCCESS,96,96,0,0,96,96
s23,d2,frame_0001.jpg,SUCCESS,96,96,0,0,96,96
s23,d2,frame_0002.jpg,SUCCESS,96,96,0,0,96,96
s23,d2,frame_0003.jpg,SUCCESS,96,96,0,0,96,96
s23,d2,frame_0004.jpg,SUCCESS,96,96,0,0,96,96
s23,d2,frame_0005.jpg,SUCCESS,96,96,0,0,96,96
s23,d2,frame_0006.jpg,SUCCESS,96,96,0,0,96,96
s23,d2,frame_0007.jpg,SUCCESS,96,96,0,0,96,96
s23,d2,frame_0008.jpg,SUCCESS,96,96,0,0,96,96
s23,d2,frame_0009.jpg,SUCCESS,96,96,0,0,96,96
s23,d2,frame_0010.jpg,SUCCESS,96,96,0,0,96,96
s23,d2,frame_0011.jpg,SUCCESS,96,96,0,0,96,96
s23,d2,frame_0012.jpg,SUCCESS,96,96,0,0,96,96
s23,d2,frame_0013.jpg,SUCCESS,96,96,0,0,96,96
s23,d2,frame_0014.jpg,SUCCESS,96,96,0,0,96,96
s23,d2,frame_0015.jpg,SUCCESS,96,96,0,0,96,96
s23,d2,frame_0016.jpg,SUCCESS,96,96,0,0,96,96
s23,d2,frame_0017.jpg,SUCCESS,96,96,0,0,96,96
s23,d2,frame_0018.jpg,SUCCESS,96,96,0,0,96,96
s23,d2,frame_0019.jpg,SUCCESS,96,96,0,0,96,96
s23,d2,frame_0020.jpg,SUCCESS,96,96,0,0,96,96
s23,d2,frame_0021.jpg,SUCCESS,96,96,0,0,96,96
s23,d2,frame_0022.jpg,SUCCESS,96,96,0,0,96,96
s23,d2,frame_0023.jpg,SUCCESS,96,96,0,0,96,96
s23,d2,frame_0024.jpg,SUCCESS,96,96,0,0,96,96
s23,d2,frame_0025.jpg,SUCCESS,96,96,0,0,96,96
s23,d2,frame_0026.jpg,SUCCESS,96,96,0,0,96,96
s23,d2,frame_0027.jpg,SUCCESS,96,96,0,0,96,96
s23,d2,frame_0028.jpg,SUCCESS,96,96,0,0,96,96
s23,d2,frame_0029.jpg,SUCCESS,96,96,0,0,96,96
s23,d2,frame_0030.jpg,SUCCESS,96,96,0,0,96,96
s23,d2,frame_0031.jpg,SUCCESS,96,96,0,0,96,96
s23,d2,frame_0032.jpg,SUCCESS,96,96,0,0,96,96
s23,d2,frame_0033.jpg,SUCCESS,96,96,0,0,96,96
s23,d2,frame_0034.jpg,SUCCESS,96,96,0,0,96,96
s23,d2,frame_0035.jpg,SUCCESS,96,96,0,0,96,96
s23,d2,frame_0036.jpg,SUCCESS,96,96,0,0,96,96
s23,d2,frame_0037.jpg,SUCCESS,96,96,0,0,96,96
s23,d2,frame_0038.jpg,SUCCESS,96,96,0,0,96,96
s23,d2,frame_0039.jpg,SUCCESS,96,96,0,0,96,96
s23,d2,frame_0040.jpg,SUCCESS,96,96,0,0,96,96
s23,d2,frame_0041.jpg,SUCCESS,96,96,0,0,96,96
s23,d2,frame_0042.jpg,SUCCESS,96,96,0,0,96,96
s23,d2,frame_0043.jpg,SUCCESS,96,96,0,0,96,96
s23,d2,frame_0044.jpg,SUCCESS,96,96,0,0,96,96
s23,d3,frame_0001.jpg,SUCCESS,96,96,0,0,96,96
s23,d3,frame_0002.jpg,SUCCESS,96,96,0,0,96,96
s23,d3,frame_0003.jpg,SUCCESS,96,96,0,0,96,96
s23,d3,frame_0004.jpg,SUCCESS,96,96,0,0,96,96
s23,d3,frame_0005.jpg,SUCCESS,96,96,0,0,96,96
s23,d3,frame_0006.jpg,SUCCESS,96,96,0,0,96,96
s23,d3,frame_0007.jpg,SUCCESS,96,96,0,0,96,96
s23,d3,frame_0008.jpg,SUCCESS,96,96,0,0,96,96
s23,d3,frame_0009.jpg,SUCCESS,96,96,0,0,96,96
s23,d3,frame_0010.jpg,SUCCESS,96,96,0,0,96,96
s23,d3,frame_0011.jpg,SUCCESS,96,96,0,0,96,96
s23,d3,frame_0012.jpg,SUCCESS,96,96,0,0,96,96
s23,d3,frame_0013.jpg,SUCCESS,96,96,0,0,96,96
s23,d3,frame_0014.jpg,SUCCESS,96,96,0,0,96,96
s23,d3,frame_0015.jpg,SUCCESS,96,96,0,0,96,96
s23,d3,frame_0016.jpg,SUCCESS,96,96,0,0,96,96
s23,d3,frame_0017.jpg,SUCCESS,96,96,0,0,96,96
s23,d3,frame_0018.jpg,SUCCESS,96,96,0,0,96,96
s23,d3,frame_0019.jpg,SUCCESS,96,96,0,0,96,96
s23,d3,frame_0020.jpg,SUCCESS,96,96,0,0,96,96
s23,d3,frame_0021.jpg,SUCCESS,96,96,0,0,96,96
s23,d3,frame_0022.jpg,SUCCESS,96,96,0,0,96,96
s23,d3,frame_0023.jpg,SUCCESS,96,96,0,0,96,96
s23,d3,frame_0024.jpg,SUCCESS,96,96,0,0,96,96
s23,d3,frame_0025.jpg,SUCCESS,96,96,0,0,96,96
s23,d3,frame_0026.jpg,SUCCESS,96,96,0,0,96,96
s23,d3,frame_0027.jpg,SUCCESS,96,96,0,0,96,96
s23,d3,frame_0028.jpg,SUCCESS,96,96,0,0,96,96
s23,d3,frame_0029.jpg,SUCCESS,96,96,0,0,96,96
s23,d3,frame_0030.jpg,SUCCESS,96,96,0,0,96,96
s23,d4,frame_0001.jpg,SUCCESS,96,96,0,0,96,96
s23,d4,frame_0002.jpg,SUCCESS,96,96,0,0,96,96
s23,d4,frame_0003.jpg,SUCCESS,96,96,0,0,96,96
s23,d4,frame_0004.jpg,SUCCESS,96,96,0,0,96,96
s23,d4,frame_0005.jpg,SUCCESS,96,96,0,0,96,96
s23,d4,frame_0006.jpg,SUCCESS,96,96,0,0,96,96
s23,d4,frame_0007.jpg,SUCCESS,96,96,0,0,96,96
s23,d4,frame_0008.jpg,SUCCESS,96,96,0,0,96,96
s23,d4,frame_0009.jpg,SUCCESS,96,96,0,0,96,96
s23,d4,frame_0010.jpg,SUCCESS,96,96,0,0,96,96
s23,d4,frame_0011.jpg,SUCCESS,96,96,0,0,96,96
s23,d4,frame_0012.jpg,SUCCESS,96,96,0,0,96,96
s23,d4,frame_0013.jpg,SUCCESS,96,96,0,0,96,96
s23,d4,frame_0014.jpg,SUCCESS,96,96,0,0,96,96
s23,d4,frame_0015.jpg,SUCCESS,96,96,0,0,96,96
s23,d4,frame_0016.jpg,SUCCESS,96,96,0,0,96,96
s23,d4,frame_0017.jpg,SUCCESS,96,96,0,0,96,96
s23,d4,frame_0018.jpg,SUCCESS,96,96,0,0,96,96
s23,d4,frame_0019.jpg,SUCCESS,96,96,0,0,96,96
s23,d4,frame_0020.jpg,SUCCESS,96,96,0,0,96,96
s23,d4,frame_0021.jpg,SUCCESS,96,96,0,0,96,96
s23,d4,frame_0022.jpg,SUCCESS,96,96,0,0,96,96
s23,d4,frame_0023.jpg,SUCCESS,96,96,0,0,96,96
s23,d4,frame_0024.jpg,SUCCESS,96,96,0,0,96,96
s23,d4,frame_0025.jpg,SUCCESS,96,96,0,0,96,96
s23,d4,frame_0026.jpg,SUCCESS,96,96,0,0,96,96
s23,d4,frame_0027.jpg,SUCCESS,96,96,0,0,96,96
s23,d4,frame_0028.jpg,SUCCESS,96,96,0,0,96,96
s23,d4,frame_0029.jpg,SUCCESS,96,96,0,0,96,96
s23,d4,frame_0030.jpg,SUCCESS,96,96,0,0,96,96
s23,d4,frame_0031.jpg,SUCCESS,96,96,0,0,96,96
s23,d4,frame_0032.jpg,SUCCESS,96,96,0,0,96,96
s23,d4,frame_0033.jpg,SUCCESS,96,96,0,0,96,96
s23,d4,frame_0034.jpg,SUCCESS,96,96,0,0,96,96
s23,d4,frame_0035.jpg,SUCCESS,96,96,0,0,96,96
s23,d4,frame_0036.jpg,SUCCESS,96,96,0,0,96,96
s23,d4,frame_0037.jpg,SUCCESS,96,96,0,0,96,96
s23,d4,frame_0038.jpg,SUCCESS,96,96,0,0,96,96
s23,d4,frame_0039.jpg,SUCCESS,96,96,0,0,96,96
s23,d4,frame_0040.jpg,SUCCESS,96,96,0,0,96,96
s23,d4,frame_0041.jpg,SUCCESS,96,96,0,0,96,96
s23,d4,frame_0042.jpg,SUCCESS,96,96,0,0,96,96
s23,d4,frame_0043.jpg,SUCCESS,96,96,0,0,96,96
s23,d4,frame_0044.jpg,SUCCESS,96,96,0,0,96,96
s23,d4,frame_0045.jpg,SUCCESS,96,96,0,0,96,96
s23,d4,frame_0046.jpg,SUCCESS,96,96,0,0,96,96
s23,d4,frame_0047.jpg,SUCCESS,96,96,0,0,96,96
s23,d4,frame_0048.jpg,SUCCESS,96,96,0,0,96,96
s23,d5,frame_0001.jpg,SUCCESS,96,96,0,0,96,96
s23,d5,frame_0002.jpg,SUCCESS,96,96,0,0,96,96
s23,d5,frame_0003.jpg,SUCCESS,96,96,0,0,96,96
s23,d5,frame_0004.jpg,SUCCESS,96,96,0,0,96,96
s23,d5,frame_0005.jpg,SUCCESS,96,96,0,0,96,96
s23,d5,frame_0006.jpg,SUCCESS,96,96,0,0,96,96
s23,d5,frame_0007.jpg,SUCCESS,96,96,0,0,96,96
s23,d5,frame_0008.jpg,SUCCESS,96,96,0,0,96,96
s23,d5,frame_0009.jpg,SUCCESS,96,96,0,0,96,96
s23,d5,frame_0010.jpg,SUCCESS,96,96,0,0,96,96
s23,d5,frame_0011.jpg,SUCCESS,96,96,0,0,96,96
s23,d5,frame_0012.jpg,SUCCESS,96,96,0,0,96,96
s23,d5,frame_0013.jpg,SUCCESS,96,96,0,0,96,96
s23,d5,frame_0014.jpg,SUCCESS,96,96,0,0,96,96
s23,d5,frame_0015.jpg,SUCCESS,96,96,0,0,96,96
s23,d5,frame_0016.jpg,SUCCESS,96,96,0,0,96,96
s23,d5,frame_0017.jpg,SUCCESS,96,96,0,0,96,96
s23,d5,frame_0018.jpg,SUCCESS,96,96,0,0,96,96
s23,d5,frame_0019.jpg,SUCCESS,96,96,0,0,96,96
s23,d5,frame_0020.jpg,SUCCESS,96,96,0,0,96,96
s23,d5,frame_0021.jpg,SUCCESS,96,96,0,0,96,96
s23,d5,frame_0022.jpg,SUCCESS,96,96,0,0,96,96
s23,d5,frame_0023.jpg,SUCCESS,96,96,0,0,96,96
s23,d5,frame_0024.jpg,SUCCESS,96,96,0,0,96,96
s23,d5,frame_0025.jpg,SUCCESS,96,96,0,0,96,96
s23,d5,frame_0026.jpg,SUCCESS,96,96,0,0,96,96
s23,d5,frame_0027.jpg,SUCCESS,96,96,0,0,96,96
s23,d5,frame_0028.jpg,SUCCESS,96,96,0,0,96,96
s23,d5,frame_0029.jpg,SUCCESS,96,96,0,0,96,96
s23,d5,frame_0030.jpg,SUCCESS,96,96,0,0,96,96
s23,d5,frame_0031.jpg,SUCCESS,96,96,0,0,96,96
s23,d5,frame_0032.jpg,SUCCESS,96,96,0,0,96,96
s23,d5,frame_0033.jpg,SUCCESS,96,96,0,0,96,96
s23,d5,frame_0034.jpg,SUCCESS,96,96,0,0,96,96
s23,d5,frame_0035.jpg,SUCCESS,96,96,0,0,96,96
s23,d5,frame_0036.jpg,SUCCESS,96,96,0,0,96,96
s23,d5,frame_0037.jpg,SUCCESS,96,96,0,0,96,96
s23,d5,frame_0038.jpg,SUCCESS,96,96,0,0,96,96
s23,d5,frame_0039.jpg,SUCCESS,96,96,0,0,96,96
s23,d5,frame_0040.jpg,SUCCESS,96,96,0,0,96,96
s23,d5,frame_0041.jpg,SUCCESS,96,96,0,0,96,96
s23,d5,frame_0042.jpg,SUCCESS,96,96,0,0,96,96
s23,d5,frame_0043.jpg,SUCCESS,96,96,0,0,96,96
s23,d5,frame_0044.jpg,SUCCESS,96,96,0,0,96,96
s23,d6,frame_0001.jpg,SUCCESS,96,96,0,0,96,96
s23,d6,frame_0002.jpg,SUCCESS,96,96,0,0,96,96
s23,d6,frame_0003.jpg,SUCCESS,96,96,0,0,96,96
s23,d6,frame_0004.jpg,SUCCESS,96,96,0,0,96,96
s23,d6,frame_0005.jpg,SUCCESS,96,96,0,0,96,96
s23,d6,frame_0006.jpg,SUCCESS,96,96,0,0,96,96
s23,d6,frame_0007.jpg,SUCCESS,96,96,0,0,96,96
s23,d6,frame_0008.jpg,SUCCESS,96,96,0,0,96,96
s23,d6,frame_0009.jpg,SUCCESS,96,96,0,0,96,96
s23,d6,frame_0010.jpg,SUCCESS,96,96,0,0,96,96
s23,d6,frame_0011.jpg,SUCCESS,96,96,0,0,96,96
s23,d6,frame_0012.jpg,SUCCESS,96,96,0,0,96,96
s23,d6,frame_0013.jpg,SUCCESS,96,96,0,0,96,96
s23,d6,frame_0014.jpg,SUCCESS,96,96,0,0,96,96
s23,d6,frame_0015.jpg,SUCCESS,96,96,0,0,96,96
s23,d6,frame_0016.jpg,SUCCESS,96,96,0,0,96,96
s23,d6,frame_0017.jpg,SUCCESS,96,96,0,0,96,96
s23,d6,frame_0018.jpg,SUCCESS,96,96,0,0,96,96
s23,d6,frame_0019.jpg,SUCCESS,96,96,0,0,96,96
s23,d6,frame_0020.jpg,SUCCESS,96,96,0,0,96,96
s23,d6,frame_0021.jpg,SUCCESS,96,96,0,0,96,96
s23,d6,frame_0022.jpg,SUCCESS,96,96,0,0,96,96
s23,d6,frame_0023.jpg,SUCCESS,96,96,0,0,96,96
s23,d6,frame_0024.jpg,SUCCESS,96,96,0,0,96,96
s23,d6,frame_0025.jpg,SUCCESS,96,96,0,0,96,96
s23,d6,frame_0026.jpg,SUCCESS,96,96,0,0,96,96
s23,d6,frame_0027.jpg,SUCCESS,96,96,0,0,96,96
s23,d6,frame_0028.jpg,SUCCESS,96,96,0,0,96,96
s23,d6,frame_0029.jpg,SUCCESS,96,96,0,0,96,96
s23,d6,frame_0030.jpg,SUCCESS,96,96,0,0,96,96
s23,d6,frame_0031.jpg,SUCCESS,96,96,0,0,96,96
s23,d6,frame_0032.jpg,SUCCESS,96,96,0,0,96,96
s23,d6,frame_0033.jpg,SUCCESS,96,96,0,0,96,96
s23,d6,frame_0034.jpg,SUCCESS,96,96,0,0,96,96
s23,d7,frame_0001.jpg,SUCCESS,96,96,0,0,96,96
s23,d7,frame_0002.jpg,SUCCESS,96,96,0,0,96,96
s23,d7,frame_0003.jpg,SUCCESS,96,96,0,0,96,96
s23,d7,frame_0004.jpg,SUCCESS,96,96,0,0,96,96
s23,d7,frame_0005.jpg,SUCCESS,96,96,0,0,96,96
s23,d7,frame_0006.jpg,SUCCESS,96,96,0,0,96,96
s23,d7,frame_0007.jpg,SUCCESS,96,96,0,0,96,96
s23,d7,frame_0008.jpg,SUCCESS,96,96,0,0,96,96
s23,d7,frame_0009.jpg,SUCCESS,96,96,0,0,96,96
s23,d7,frame_0010.jpg,SUCCESS,96,96,0,0,96,96
s23,d7,frame_0011.jpg,SUCCESS,96,96,0,0,96,96
s23,d7,frame_0012.jpg,SUCCESS,96,96,0,0,96,96
s23,d7,frame_0013.jpg,SUCCESS,96,96,0,0,96,96
s23,d7,frame_0014.jpg,SUCCESS,96,96,0,0,96,96
s23,d7,frame_0015.jpg,SUCCESS,96,96,0,0,96,96
s23,d7,frame_0016.jpg,SUCCESS,96,96,0,0,96,96
s23,d7,frame_0017.jpg,SUCCESS,96,96,0,0,96,96
s23,d7,frame_0018.jpg,SUCCESS,96,96,0,0,96,96
s23,d7,frame_0019.jpg,SUCCESS,96,96,0,0,96,96
s23,d7,frame_0020.jpg,SUCCESS,96,96,0,0,96,96
s23,d7,frame_0021.jpg,SUCCESS,96,96,0,0,96,96
s23,d7,frame_0022.jpg,SUCCESS,96,96,0,0,96,96
s23,d7,frame_0023.jpg,SUCCESS,96,96,0,0,96,96
s23,d7,frame_0024.jpg,SUCCESS,96,96,0,0,96,96
s23,d7,frame_0025.jpg,SUCCESS,96,96,0,0,96,96
s23,d7,frame_0026.jpg,SUCCESS,96,96,0,0,96,96
s23,d7,frame_0027.jpg,SUCCESS,96,96,0,0,96,96
s23,d7,frame_0028.jpg,SUCCESS,96,96,0,0,96,96
s23,d7,frame_0029.jpg,SUCCESS,96,96,0,0,96,96
s23,d7,frame_0030.jpg,SUCCESS,96,96,0,0,96,96
s23,d7,frame_0031.jpg,SUCCESS,96,96,0,0,96,96
s23,d7,frame_0032.jpg,SUCCESS,96,96,0,0,96,96
s23,d7,frame_0033.jpg,SUCCESS,96,96,0,0,96,96
s23,d7,frame_0034.jpg,SUCCESS,96,96,0,0,96,96
s23,d7,frame_0035.jpg,SUCCESS,96,96,0,0,96,96
s23,d7,frame_0036.jpg,SUCCESS,96,96,0,0,96,96
s23,d7,frame_0037.jpg,SUCCESS,96,96,0,0,96,96
s23,d7,frame_0038.jpg,SUCCESS,96,96,0,0,96,96
s23,d7,frame_0039.jpg,SUCCESS,96,96,0,0,96,96
s23,d7,frame_0040.jpg,SUCCESS,96,96,0,0,96,96
s23,d7,frame_0041.jpg,SUCCESS,96,96,0,0,96,96
s23,d7,frame_0042.jpg,SUCCESS,96,96,0,0,96,96
s23,d7,frame_0043.jpg,SUCCESS,96,96,0,0,96,96
s23,d7,frame_0044.jpg,SUCCESS,96,96,0,0,96,96
s23,d7,frame_0045.jpg,SUCCESS,96,96,0,0,96,96
s23,d8,frame_0001.jpg,SUCCESS,96,96,0,0,96,96
s23,d8,frame_0002.jpg,SUCCESS,96,96,0,0,96,96
s23,d8,frame_0003.jpg,SUCCESS,96,96,0,0,96,96
s23,d8,frame_0004.jpg,SUCCESS,96,96,0,0,96,96
s23,d8,frame_0005.jpg,SUCCESS,96,96,0,0,96,96
s23,d8,frame_0006.jpg,SUCCESS,96,96,0,0,96,96
s23,d8,frame_0007.jpg,SUCCESS,96,96,0,0,96,96
s23,d8,frame_0008.jpg,SUCCESS,96,96,0,0,96,96
s23,d8,frame_0009.jpg,SUCCESS,96,96,0,0,96,96
s23,d8,frame_0010.jpg,SUCCESS,96,96,0,0,96,96
s23,d8,frame_0011.jpg,SUCCESS,96,96,0,0,96,96
s23,d8,frame_0012.jpg,SUCCESS,96,96,0,0,96,96
s23,d8,frame_0013.jpg,SUCCESS,96,96,0,0,96,96
s23,d8,frame_0014.jpg,SUCCESS,96,96,0,0,96,96
s23,d8,frame_0015.jpg,SUCCESS,96,96,0,0,96,96
s23,d8,frame_0016.jpg,SUCCESS,96,96,0,0,96,96
s23,d8,frame_0017.jpg,SUCCESS,96,96,0,0,96,96
s23,d8,frame_0018.jpg,SUCCESS,96,96,0,0,96,96
s23,d8,frame_0019.jpg,SUCCESS,96,96,0,0,96,96
s23,d8,frame_0020.jpg,SUCCESS,96,96,0,0,96,96
s23,d8,frame_0021.jpg,SUCCESS,96,96,0,0,96,96
s23,d8,frame_0022.jpg,SUCCESS,96,96,0,0,96,96
s23,d8,frame_0023.jpg,SUCCESS,96,96,0,0,96,96
s23,d8,frame_0024.jpg,SUCCESS,96,96,0,0,96,96
s23,d8,frame_0025.jpg,SUCCESS,96,96,0,0,96,96
s23,d8,frame_0026.jpg,SUCCESS,96,96,0,0,96,96
s23,d8,frame_0027.jpg,SUCCESS,96,96,0,0,96,96
s23,d8,frame_0028.jpg,SUCCESS,96,96,0,0,96,96
s23,d8,frame_0029.jpg,SUCCESS,96,96,0,0,96,96
s23,d8,frame_0030.jpg,SUCCESS,96,96,0,0,96,96
s23,d8,frame_0031.jpg,SUCCESS,96,96,0,0,96,96
s23,d8,frame_0032.jpg,SUCCESS,96,96,0,0,96,96
s23,d8,frame_0033.jpg,SUCCESS,96,96,0,0,96,96
s23,d8,frame_0034.jpg,SUCCESS,96,96,0,0,96,96
s23,d8,frame_0035.jpg,SUCCESS,96,96,0,0,96,96
s23,d8,frame_0036.jpg,SUCCESS,96,96,0,0,96,96
s23,d8,frame_0037.jpg,SUCCESS,96,96,0,0,96,96
s23,d8,frame_0038.jpg,SUCCESS,96,96,0,0,96,96
s23,d8,frame_0039.jpg,SUCCESS,96,96,0,0,96,96
s23,d8,frame_0040.jpg,SUCCESS,96,96,0,0,96,96
s23,d8,frame_0041.jpg,SUCCESS,96,96,0,0,96,96
s23,d8,frame_0042.jpg,SUCCESS,96,96,0,0,96,96
s23,d9,frame_0001.jpg,SUCCESS,96,96,0,0,96,96
s23,d9,frame_0002.jpg,SUCCESS,96,96,0,0,96,96
s23,d9,frame_0003.jpg,SUCCESS,96,96,0,0,96,96
s23,d9,frame_0004.jpg,SUCCESS,96,96,0,0,96,96
s23,d9,frame_0005.jpg,SUCCESS,96,96,0,0,96,96
s23,d9,frame_0006.jpg,SUCCESS,96,96,0,0,96,96
s23,d9,frame_0007.jpg,SUCCESS,96,96,0,0,96,96
s23,d9,frame_0008.jpg,SUCCESS,96,96,0,0,96,96
s23,d9,frame_0009.jpg,SUCCESS,96,96,0,0,96,96
s23,d9,frame_0010.jpg,SUCCESS,96,96,0,0,96,96
s23,d9,frame_0011.jpg,SUCCESS,96,96,0,0,96,96
s23,d9,frame_0012.jpg,SUCCESS,96,96,0,0,96,96
s23,d9,frame_0013.jpg,SUCCESS,96,96,0,0,96,96
s23,d9,frame_0014.jpg,SUCCESS,96,96,0,0,96,96
s23,d9,frame_0015.jpg,SUCCESS,96,96,0,0,96,96
s23,d9,frame_0016.jpg,SUCCESS,96,96,0,0,96,96
s23,d9,frame_0017.jpg,SUCCESS,96,96,0,0,96,96
s23,d9,frame_0018.jpg,SUCCESS,96,96,0,0,96,96
s23,d9,frame_0019.jpg,SUCCESS,96,96,0,0,96,96
s23,d9,frame_0020.jpg,SUCCESS,96,96,0,0,96,96
s23,d9,frame_0021.jpg,SUCCESS,96,96,0,0,96,96
s23,d9,frame_0022.jpg,SUCCESS,96,96,0,0,96,96
s23,d9,frame_0023.jpg,SUCCESS,96,96,0,0,96,96
s23,d9,frame_0024.jpg,SUCCESS,96,96,0,0,96,96
s23,d9,frame_0025.jpg,SUCCESS,96,96,0,0,96,96
s23,d9,frame_0026.jpg,SUCCESS,96,96,0,0,96,96
s23,d9,frame_0027.jpg,SUCCESS,96,96,0,0,96,96
s23,d9,frame_0028.jpg,SUCCESS,96,96,0,0,96,96
s23,d9,frame_0029.jpg,SUCCESS,96,96,0,0,96,96
s23,d9,frame_0030.jpg,SUCCESS,96,96,0,0,96,96
s23,d9,frame_0031.jpg,SUCCESS,96,96,0,0,96,96
s23,d9,frame_0032.jpg,SUCCESS,96,96,0,0,96,96
s23,d9,frame_0033.jpg,SUCCESS,96,96,0,0,96,96
s23,d9,frame_0034.jpg,SUCCESS,96,96,0,0,96,96
s24,d0,frame_0001.jpg,SUCCESS,96,96,0,0,96,96
s24,d0,frame_0002.jpg,SUCCESS,96,96,0,0,96,96
s24,d0,frame_0003.jpg,SUCCESS,96,96,0,0,96,96
s24,d0,frame_0004.jpg,SUCCESS,96,96,0,0,96,96
s24,d0,frame_0005.jpg,SUCCESS,96,96,0,0,96,96
s24,d0,frame_0006.jpg,SUCCESS,96,96,0,0,96,96
s24,d0,frame_0007.jpg,SUCCESS,96,96,0,0,96,96
s24,d0,frame_0008.jpg,SUCCESS,96,96,0,0,96,96
s24,d0,frame_0009.jpg,SUCCESS,96,96,0,0,96,96
s24,d0,frame_0010.jpg,SUCCESS,96,96,0,0,96,96
s24,d0,frame_0011.jpg,SUCCESS,96,96,0,0,96,96
s24,d0,frame_0012.jpg,SUCCESS,96,96,0,0,96,96
s24,d0,frame_0013.jpg,SUCCESS,96,96,0,0,96,96
s24,d0,frame_0014.jpg,SUCCESS,96,96,0,0,96,96
s24,d0,frame_0015.jpg,SUCCESS,96,96,0,0,96,96
s24,d0,frame_0016.jpg,SUCCESS,96,96,0,0,96,96
s24,d0,frame_0017.jpg,SUCCESS,96,96,0,0,96,96
s24,d0,frame_0018.jpg,SUCCESS,96,96,0,0,96,96
s24,d0,frame_0019.jpg,SUCCESS,96,96,0,0,96,96
s24,d0,frame_0020.jpg,SUCCESS,96,96,0,0,96,96
s24,d0,frame_0021.jpg,SUCCESS,96,96,0,0,96,96
s24,d0,frame_0022.jpg,SUCCESS,96,96,0,0,96,96
s24,d0,frame_0023.jpg,SUCCESS,96,96,0,0,96,96
s24,d0,frame_0024.jpg,SUCCESS,96,96,0,0,96,96
s24,d0,frame_0025.jpg,SUCCESS,96,96,0,0,96,96
s24,d0,frame_0026.jpg,SUCCESS,96,96,0,0,96,96
s24,d0,frame_0027.jpg,SUCCESS,96,96,0,0,96,96
s24,d0,frame_0028.jpg,SUCCESS,96,96,0,0,96,96
s24,d0,frame_0029.jpg,SUCCESS,96,96,0,0,96,96
s24,d0,frame_0030.jpg,SUCCESS,96,96,0,0,96,96
s24,d1,frame_0001.jpg,SUCCESS,96,96,0,0,96,96
s24,d1,frame_0002.jpg,SUCCESS,96,96,0,0,96,96
s24,d1,frame_0003.jpg,SUCCESS,96,96,0,0,96,96
s24,d1,frame_0004.jpg,SUCCESS,96,96,0,0,96,96
s24,d1,frame_0005.jpg,SUCCESS,96,96,0,0,96,96
s24,d1,frame_0006.jpg,SUCCESS,96,96,0,0,96,96
s24,d1,frame_0007.jpg,SUCCESS,96,96,0,0,96,96
s24,d1,frame_0008.jpg,SUCCESS,96,96,0,0,96,96
s24,d1,frame_0009.jpg,SUCCESS,96,96,0,0,96,96
s24,d1,frame_0010.jpg,SUCCESS,96,96,0,0,96,96
s24,d1,frame_0011.jpg,SUCCESS,96,96,0,0,96,96
s24,d1,frame_0012.jpg,SUCCESS,96,96,0,0,96,96
s24,d1,frame_0013.jpg,SUCCESS,96,96,0,0,96,96
s24,d1,frame_0014.jpg,SUCCESS,96,96,0,0,96,96
s24,d1,frame_0015.jpg,SUCCESS,96,96,0,0,96,96
s24,d1,frame_0016.jpg,SUCCESS,96,96,0,0,96,96
s24,d1,frame_0017.jpg,SUCCESS,96,96,0,0,96,96
s24,d1,frame_0018.jpg,SUCCESS,96,96,0,0,96,96
s24,d1,frame_0019.jpg,SUCCESS,96,96,0,0,96,96
s24,d1,frame_0020.jpg,SUCCESS,96,96,0,0,96,96
s24,d1,frame_0021.jpg,SUCCESS,96,96,0,0,96,96
s24,d1,frame_0022.jpg,SUCCESS,96,96,0,0,96,96
s24,d1,frame_0023.jpg,SUCCESS,96,96,0,0,96,96
s24,d1,frame_0024.jpg,SUCCESS,96,96,0,0,96,96
s24,d1,frame_0025.jpg,SUCCESS,96,96,0,0,96,96
s24,d1,frame_0026.jpg,SUCCESS,96,96,0,0,96,96
s24,d1,frame_0027.jpg,SUCCESS,96,96,0,0,96,96
s24,d1,frame_0028.jpg,SUCCESS,96,96,0,0,96,96
s24,d1,frame_0029.jpg,SUCCESS,96,96,0,0,96,96
s24,d1,frame_0030.jpg,SUCCESS,96,96,0,0,96,96
s24,d1,frame_0031.jpg,SUCCESS,96,96,0,0,96,96
s24,d10,frame_0001.jpg,SUCCESS,96,96,0,0,96,96
s24,d10,frame_0002.jpg,SUCCESS,96,96,0,0,96,96
s24,d10,frame_0003.jpg,SUCCESS,96,96,0,0,96,96
s24,d10,frame_0004.jpg,SUCCESS,96,96,0,0,96,96
s24,d10,frame_0005.jpg,SUCCESS,96,96,0,0,96,96
s24,d10,frame_0006.jpg,SUCCESS,96,96,0,0,96,96
s24,d10,frame_0007.jpg,SUCCESS,96,96,0,0,96,96
s24,d10,frame_0008.jpg,SUCCESS,96,96,0,0,96,96
s24,d10,frame_0009.jpg,SUCCESS,96,96,0,0,96,96
s24,d10,frame_0010.jpg,SUCCESS,96,96,0,0,96,96
s24,d10,frame_0011.jpg,SUCCESS,96,96,0,0,96,96
s24,d10,frame_0012.jpg,SUCCESS,96,96,0,0,96,96
s24,d10,frame_0013.jpg,SUCCESS,96,96,0,0,96,96
s24,d10,frame_0014.jpg,SUCCESS,96,96,0,0,96,96
s24,d10,frame_0015.jpg,SUCCESS,96,96,0,0,96,96
s24,d10,frame_0016.jpg,SUCCESS,96,96,0,0,96,96
s24,d10,frame_0017.jpg,SUCCESS,96,96,0,0,96,96
s24,d10,frame_0018.jpg,SUCCESS,96,96,0,0,96,96
s24,d10,frame_0019.jpg,SUCCESS,96,96,0,0,96,96
s24,d10,frame_0020.jpg,SUCCESS,96,96,0,0,96,96
s24,d10,frame_0021.jpg,SUCCESS,96,96,0,0,96,96
s24,d10,frame_0022.jpg,SUCCESS,96,96,0,0,96,96
s24,d10,frame_0023.jpg,SUCCESS,96,96,0,0,96,96
s24,d10,frame_0024.jpg,SUCCESS,96,96,0,0,96,96
s24,d10,frame_0025.jpg,SUCCESS,96,96,0,0,96,96
s24,d10,frame_0026.jpg,SUCCESS,96,96,0,0,96,96
s24,d10,frame_0027.jpg,SUCCESS,96,96,0,0,96,96
s24,d10,frame_0028.jpg,SUCCESS,96,96,0,0,96,96
s24,d10,frame_0029.jpg,SUCCESS,96,96,0,0,96,96
s24,d10,frame_0030.jpg,SUCCESS,96,96,0,0,96,96
s24,d2,frame_0001.jpg,SUCCESS,96,96,0,0,96,96
s24,d2,frame_0002.jpg,SUCCESS,96,96,0,0,96,96
s24,d2,frame_0003.jpg,SUCCESS,96,96,0,0,96,96
s24,d2,frame_0004.jpg,SUCCESS,96,96,0,0,96,96
s24,d2,frame_0005.jpg,SUCCESS,96,96,0,0,96,96
s24,d2,frame_0006.jpg,SUCCESS,96,96,0,0,96,96
s24,d2,frame_0007.jpg,SUCCESS,96,96,0,0,96,96
s24,d2,frame_0008.jpg,SUCCESS,96,96,0,0,96,96
s24,d2,frame_0009.jpg,SUCCESS,96,96,0,0,96,96
s24,d2,frame_0010.jpg,SUCCESS,96,96,0,0,96,96
s24,d2,frame_0011.jpg,SUCCESS,96,96,0,0,96,96
s24,d2,frame_0012.jpg,SUCCESS,96,96,0,0,96,96
s24,d2,frame_0013.jpg,SUCCESS,96,96,0,0,96,96
s24,d2,frame_0014.jpg,SUCCESS,96,96,0,0,96,96
s24,d2,frame_0015.jpg,SUCCESS,96,96,0,0,96,96
s24,d2,frame_0016.jpg,SUCCESS,96,96,0,0,96,96
s24,d2,frame_0017.jpg,SUCCESS,96,96,0,0,96,96
s24,d2,frame_0018.jpg,SUCCESS,96,96,0,0,96,96
s24,d2,frame_0019.jpg,SUCCESS,96,96,0,0,96,96
s24,d2,frame_0020.jpg,SUCCESS,96,96,0,0,96,96
s24,d2,frame_0021.jpg,SUCCESS,96,96,0,0,96,96
s24,d2,frame_0022.jpg,SUCCESS,96,96,0,0,96,96
s24,d2,frame_0023.jpg,SUCCESS,96,96,0,0,96,96
s24,d2,frame_0024.jpg,SUCCESS,96,96,0,0,96,96
s24,d2,frame_0025.jpg,SUCCESS,96,96,0,0,96,96
s24,d2,frame_0026.jpg,SUCCESS,96,96,0,0,96,96
s24,d2,frame_0027.jpg,SUCCESS,96,96,0,0,96,96
s24,d2,frame_0028.jpg,SUCCESS,96,96,0,0,96,96
s24,d2,frame_0029.jpg,SUCCESS,96,96,0,0,96,96
s24,d2,frame_0030.jpg,SUCCESS,96,96,0,0,96,96
s24,d2,frame_0031.jpg,SUCCESS,96,96,0,0,96,96
s24,d2,frame_0032.jpg,SUCCESS,96,96,0,0,96,96
s24,d2,frame_0033.jpg,SUCCESS,96,96,0,0,96,96
s24,d2,frame_0034.jpg,SUCCESS,96,96,0,0,96,96
s24,d2,frame_0035.jpg,SUCCESS,96,96,0,0,96,96
s24,d2,frame_0036.jpg,SUCCESS,96,96,0,0,96,96
s24,d2,frame_0037.jpg,SUCCESS,96,96,0,0,96,96
s24,d2,frame_0038.jpg,SUCCESS,96,96,0,0,96,96
s24,d2,frame_0039.jpg,SUCCESS,96,96,0,0,96,96
s24,d3,frame_0001.jpg,SUCCESS,96,96,0,0,96,96
s24,d3,frame_0002.jpg,SUCCESS,96,96,0,0,96,96
s24,d3,frame_0003.jpg,SUCCESS,96,96,0,0,96,96
s24,d3,frame_0004.jpg,SUCCESS,96,96,0,0,96,96
s24,d3,frame_0005.jpg,SUCCESS,96,96,0,0,96,96
s24,d3,frame_0006.jpg,SUCCESS,96,96,0,0,96,96
s24,d3,frame_0007.jpg,SUCCESS,96,96,0,0,96,96
s24,d3,frame_0008.jpg,SUCCESS,96,96,0,0,96,96
s24,d3,frame_0009.jpg,SUCCESS,96,96,0,0,96,96
s24,d3,frame_0010.jpg,SUCCESS,96,96,0,0,96,96
s24,d3,frame_0011.jpg,SUCCESS,96,96,0,0,96,96
s24,d3,frame_0012.jpg,SUCCESS,96,96,0,0,96,96
s24,d3,frame_0013.jpg,SUCCESS,96,96,0,0,96,96
s24,d3,frame_0014.jpg,SUCCESS,96,96,0,0,96,96
s24,d3,frame_0015.jpg,SUCCESS,96,96,0,0,96,96
s24,d3,frame_0016.jpg,SUCCESS,96,96,0,0,96,96
s24,d3,frame_0017.jpg,SUCCESS,96,96,0,0,96,96
s24,d3,frame_0018.jpg,SUCCESS,96,96,0,0,96,96
s24,d3,frame_0019.jpg,SUCCESS,96,96,0,0,96,96
s24,d3,frame_0020.jpg,SUCCESS,96,96,0,0,96,96
s24,d3,frame_0021.jpg,SUCCESS,96,96,0,0,96,96
s24,d3,frame_0022.jpg,SUCCESS,96,96,0,0,96,96
s24,d3,frame_0023.jpg,SUCCESS,96,96,0,0,96,96
s24,d3,frame_0024.jpg,SUCCESS,96,96,0,0,96,96
s24,d3,frame_0025.jpg,SUCCESS,96,96,0,0,96,96
s24,d3,frame_0026.jpg,SUCCESS,96,96,0,0,96,96
s24,d3,frame_0027.jpg,SUCCESS,96,96,0,0,96,96
s24,d3,frame_0028.jpg,SUCCESS,96,96,0,0,96,96
s24,d4,frame_0001.jpg,SUCCESS,96,96,0,0,96,96
s24,d4,frame_0002.jpg,SUCCESS,96,96,0,0,96,96
s24,d4,frame_0003.jpg,SUCCESS,96,96,0,0,96,96
s24,d4,frame_0004.jpg,SUCCESS,96,96,0,0,96,96
s24,d4,frame_0005.jpg,SUCCESS,96,96,0,0,96,96
s24,d4,frame_0006.jpg,SUCCESS,96,96,0,0,96,96
s24,d4,frame_0007.jpg,SUCCESS,96,96,0,0,96,96
s24,d4,frame_0008.jpg,SUCCESS,96,96,0,0,96,96
s24,d4,frame_0009.jpg,SUCCESS,96,96,0,0,96,96
s24,d4,frame_0010.jpg,SUCCESS,96,96,0,0,96,96
s24,d4,frame_0011.jpg,SUCCESS,96,96,0,0,96,96
s24,d4,frame_0012.jpg,SUCCESS,96,96,0,0,96,96
s24,d4,frame_0013.jpg,SUCCESS,96,96,0,0,96,96
s24,d4,frame_0014.jpg,SUCCESS,96,96,0,0,96,96
s24,d4,frame_0015.jpg,SUCCESS,96,96,0,0,96,96
s24,d4,frame_0016.jpg,SUCCESS,96,96,0,0,96,96
s24,d4,frame_0017.jpg,SUCCESS,96,96,0,0,96,96
s24,d4,frame_0018.jpg,SUCCESS,96,96,0,0,96,96
s24,d4,frame_0019.jpg,SUCCESS,96,96,0,0,96,96
s24,d4,frame_0020.jpg,SUCCESS,96,96,0,0,96,96
s24,d4,frame_0021.jpg,SUCCESS,96,96,0,0,96,96
s24,d4,frame_0022.jpg,SUCCESS,96,96,0,0,96,96
s24,d4,frame_0023.jpg,SUCCESS,96,96,0,0,96,96
s24,d4,frame_0024.jpg,SUCCESS,96,96,0,0,96,96
s24,d4,frame_0025.jpg,SUCCESS,96,96,0,0,96,96
s24,d4,frame_0026.jpg,SUCCESS,96,96,0,0,96,96
s24,d4,frame_0027.jpg,SUCCESS,96,96,0,0,96,96
s24,d4,frame_0028.jpg,SUCCESS,96,96,0,0,96,96
s24,d4,frame_0029.jpg,SUCCESS,96,96,0,0,96,96
s24,d4,frame_0030.jpg,SUCCESS,96,96,0,0,96,96
s24,d4,frame_0031.jpg,SUCCESS,96,96,0,0,96,96
s24,d4,frame_0032.jpg,SUCCESS,96,96,0,0,96,96
s24,d4,frame_0033.jpg,SUCCESS,96,96,0,0,96,96
s24,d4,frame_0034.jpg,SUCCESS,96,96,0,0,96,96
s24,d4,frame_0035.jpg,SUCCESS,96,96,0,0,96,96
s24,d4,frame_0036.jpg,SUCCESS,96,96,0,0,96,96
s24,d4,frame_0037.jpg,SUCCESS,96,96,0,0,96,96
s24,d5,frame_0001.jpg,SUCCESS,96,96,0,0,96,96
s24,d5,frame_0002.jpg,SUCCESS,96,96,0,0,96,96
s24,d5,frame_0003.jpg,SUCCESS,96,96,0,0,96,96
s24,d5,frame_0004.jpg,SUCCESS,96,96,0,0,96,96
s24,d5,frame_0005.jpg,SUCCESS,96,96,0,0,96,96
s24,d5,frame_0006.jpg,SUCCESS,96,96,0,0,96,96
s24,d5,frame_0007.jpg,SUCCESS,96,96,0,0,96,96
s24,d5,frame_0008.jpg,SUCCESS,96,96,0,0,96,96
s24,d5,frame_0009.jpg,SUCCESS,96,96,0,0,96,96
s24,d5,frame_0010.jpg,SUCCESS,96,96,0,0,96,96
s24,d5,frame_0011.jpg,SUCCESS,96,96,0,0,96,96
s24,d5,frame_0012.jpg,SUCCESS,96,96,0,0,96,96
s24,d5,frame_0013.jpg,SUCCESS,96,96,0,0,96,96
s24,d5,frame_0014.jpg,SUCCESS,96,96,0,0,96,96
s24,d5,frame_0015.jpg,SUCCESS,96,96,0,0,96,96
s24,d5,frame_0016.jpg,SUCCESS,96,96,0,0,96,96
s24,d5,frame_0017.jpg,SUCCESS,96,96,0,0,96,96
s24,d5,frame_0018.jpg,SUCCESS,96,96,0,0,96,96
s24,d5,frame_0019.jpg,SUCCESS,96,96,0,0,96,96
s24,d5,frame_0020.jpg,SUCCESS,96,96,0,0,96,96
s24,d5,frame_0021.jpg,SUCCESS,96,96,0,0,96,96
s24,d5,frame_0022.jpg,SUCCESS,96,96,0,0,96,96
s24,d5,frame_0023.jpg,SUCCESS,96,96,0,0,96,96
s24,d5,frame_0024.jpg,SUCCESS,96,96,0,0,96,96
s24,d5,frame_0025.jpg,SUCCESS,96,96,0,0,96,96
s24,d5,frame_0026.jpg,SUCCESS,96,96,0,0,96,96
s24,d5,frame_0027.jpg,SUCCESS,96,96,0,0,96,96
s24,d5,frame_0028.jpg,SUCCESS,96,96,0,0,96,96
s24,d5,frame_0029.jpg,SUCCESS,96,96,0,0,96,96
s24,d5,frame_0030.jpg,SUCCESS,96,96,0,0,96,96
s24,d5,frame_0031.jpg,SUCCESS,96,96,0,0,96,96
s24,d5,frame_0032.jpg,SUCCESS,96,96,0,0,96,96
s24,d5,frame_0033.jpg,SUCCESS,96,96,0,0,96,96
s24,d6,frame_0001.jpg,SUCCESS,96,96,0,0,96,96
s24,d6,frame_0002.jpg,SUCCESS,96,96,0,0,96,96
s24,d6,frame_0003.jpg,SUCCESS,96,96,0,0,96,96
s24,d6,frame_0004.jpg,SUCCESS,96,96,0,0,96,96
s24,d6,frame_0005.jpg,SUCCESS,96,96,0,0,96,96
s24,d6,frame_0006.jpg,SUCCESS,96,96,0,0,96,96
s24,d6,frame_0007.jpg,SUCCESS,96,96,0,0,96,96
s24,d6,frame_0008.jpg,SUCCESS,96,96,0,0,96,96
s24,d6,frame_0009.jpg,SUCCESS,96,96,0,0,96,96
s24,d6,frame_0010.jpg,SUCCESS,96,96,0,0,96,96
s24,d6,frame_0011.jpg,SUCCESS,96,96,0,0,96,96
s24,d6,frame_0012.jpg,SUCCESS,96,96,0,0,96,96
s24,d6,frame_0013.jpg,SUCCESS,96,96,0,0,96,96
s24,d6,frame_0014.jpg,SUCCESS,96,96,0,0,96,96
s24,d6,frame_0015.jpg,SUCCESS,96,96,0,0,96,96
s24,d6,frame_0016.jpg,SUCCESS,96,96,0,0,96,96
s24,d6,frame_0017.jpg,SUCCESS,96,96,0,0,96,96
s24,d6,frame_0018.jpg,SUCCESS,96,96,0,0,96,96
s24,d6,frame_0019.jpg,SUCCESS,96,96,0,0,96,96
s24,d6,frame_0020.jpg,SUCCESS,96,96,0,0,96,96
s24,d6,frame_0021.jpg,SUCCESS,96,96,0,0,96,96
s24,d6,frame_0022.jpg,SUCCESS,96,96,0,0,96,96
s24,d6,frame_0023.jpg,SUCCESS,96,96,0,0,96,96
s24,d6,frame_0024.jpg,SUCCESS,96,96,0,0,96,96
s24,d6,frame_0025.jpg,SUCCESS,96,96,0,0,96,96
s24,d6,frame_0026.jpg,SUCCESS,96,96,0,0,96,96
s24,d6,frame_0027.jpg,SUCCESS,96,96,0,0,96,96
s24,d6,frame_0028.jpg,SUCCESS,96,96,0,0,96,96
s24,d6,frame_0029.jpg,SUCCESS,96,96,0,0,96,96
s24,d6,frame_0030.jpg,SUCCESS,96,96,0,0,96,96
s24,d6,frame_0031.jpg,SUCCESS,96,96,0,0,96,96
s24,d6,frame_0032.jpg,SUCCESS,96,96,0,0,96,96
s24,d6,frame_0033.jpg,SUCCESS,96,96,0,0,96,96
s24,d6,frame_0034.jpg,SUCCESS,96,96,0,0,96,96
s24,d7,frame_0001.jpg,SUCCESS,96,96,0,0,96,96
s24,d7,frame_0002.jpg,SUCCESS,96,96,0,0,96,96
s24,d7,frame_0003.jpg,SUCCESS,96,96,0,0,96,96
s24,d7,frame_0004.jpg,SUCCESS,96,96,0,0,96,96
s24,d7,frame_0005.jpg,SUCCESS,96,96,0,0,96,96
s24,d7,frame_0006.jpg,SUCCESS,96,96,0,0,96,96
s24,d7,frame_0007.jpg,SUCCESS,96,96,0,0,96,96
s24,d7,frame_0008.jpg,SUCCESS,96,96,0,0,96,96
s24,d7,frame_0009.jpg,SUCCESS,96,96,0,0,96,96
s24,d7,frame_0010.jpg,SUCCESS,96,96,0,0,96,96
s24,d7,frame_0011.jpg,SUCCESS,96,96,0,0,96,96
s24,d7,frame_0012.jpg,SUCCESS,96,96,0,0,96,96
s24,d7,frame_0013.jpg,SUCCESS,96,96,0,0,96,96
s24,d7,frame_0014.jpg,SUCCESS,96,96,0,0,96,96
s24,d7,frame_0015.jpg,SUCCESS,96,96,0,0,96,96
s24,d7,frame_0016.jpg,SUCCESS,96,96,0,0,96,96
s24,d7,frame_0017.jpg,SUCCESS,96,96,0,0,96,96
s24,d7,frame_0018.jpg,SUCCESS,96,96,0,0,96,96
s24,d7,frame_0019.jpg,SUCCESS,96,96,0,0,96,96
s24,d7,frame_0020.jpg,SUCCESS,96,96,0,0,96,96
s24,d7,frame_0021.jpg,SUCCESS,96,96,0,0,96,96
s24,d7,frame_0022.jpg,SUCCESS,96,96,0,0,96,96
s24,d7,frame_0023.jpg,SUCCESS,96,96,0,0,96,96
s24,d7,frame_0024.jpg,SUCCESS,96,96,0,0,96,96
s24,d7,frame_0025.jpg,SUCCESS,96,96,0,0,96,96
s24,d7,frame_0026.jpg,SUCCESS,96,96,0,0,96,96
s24,d7,frame_0027.jpg,SUCCESS,96,96,0,0,96,96
s24,d7,frame_0028.jpg,SUCCESS,96,96,0,0,96,96
s24,d7,frame_0029.jpg,SUCCESS,96,96,0,0,96,96
s24,d7,frame_0030.jpg,SUCCESS,96,96,0,0,96,96
s24,d7,frame_0031.jpg,SUCCESS,96,96,0,0,96,96
s24,d8,frame_0001.jpg,SUCCESS,96,96,0,0,96,96
s24,d8,frame_0002.jpg,SUCCESS,96,96,0,0,96,96
s24,d8,frame_0003.jpg,SUCCESS,96,96,0,0,96,96
s24,d8,frame_0004.jpg,SUCCESS,96,96,0,0,96,96
s24,d8,frame_0005.jpg,SUCCESS,96,96,0,0,96,96
s24,d8,frame_0006.jpg,SUCCESS,96,96,0,0,96,96
s24,d8,frame_0007.jpg,SUCCESS,96,96,0,0,96,96
s24,d8,frame_0008.jpg,SUCCESS,96,96,0,0,96,96
s24,d8,frame_0009.jpg,SUCCESS,96,96,0,0,96,96
s24,d8,frame_0010.jpg,SUCCESS,96,96,0,0,96,96
s24,d8,frame_0011.jpg,SUCCESS,96,96,0,0,96,96
s24,d8,frame_0012.jpg,SUCCESS,96,96,0,0,96,96
s24,d8,frame_0013.jpg,SUCCESS,96,96,0,0,96,96
s24,d8,frame_0014.jpg,SUCCESS,96,96,0,0,96,96
s24,d8,frame_0015.jpg,SUCCESS,96,96,0,0,96,96
s24,d8,frame_0016.jpg,SUCCESS,96,96,0,0,96,96
s24,d8,frame_0017.jpg,SUCCESS,96,96,0,0,96,96
s24,d8,frame_0018.jpg,SUCCESS,96,96,0,0,96,96
s24,d8,frame_0019.jpg,SUCCESS,96,96,0,0,96,96
s24,d8,frame_0020.jpg,SUCCESS,96,96,0,0,96,96
s24,d8,frame_0021.jpg,SUCCESS,96,96,0,0,96,96
s24,d8,frame_0022.jpg,SUCCESS,96,96,0,0,96,96
s24,d8,frame_0023.jpg,SUCCESS,96,96,0,0,96,96
s24,d8,frame_0024.jpg,SUCCESS,96,96,0,0,96,96
s24,d8,frame_0025.jpg,SUCCESS,96,96,0,0,96,96
s24,d8,frame_0026.jpg,SUCCESS,96,96,0,0,96,96
s24,d8,frame_0027.jpg,SUCCESS,96,96,0,0,96,96
s24,d8,frame_0028.jpg,SUCCESS,96,96,0,0,96,96
s24,d8,frame_0029.jpg,SUCCESS,96,96,0,0,96,96
s24,d8,frame_0030.jpg,SUCCESS,96,96,0,0,96,96
s24,d8,frame_0031.jpg,SUCCESS,96,96,0,0,96,96
s24,d9,frame_0001.jpg,SUCCESS,96,96,0,0,96,96
s24,d9,frame_0002.jpg,SUCCESS,96,96,0,0,96,96
s24,d9,frame_0003.jpg,SUCCESS,96,96,0,0,96,96
s24,d9,frame_0004.jpg,SUCCESS,96,96,0,0,96,96
s24,d9,frame_0005.jpg,SUCCESS,96,96,0,0,96,96
s24,d9,frame_0006.jpg,SUCCESS,96,96,0,0,96,96
s24,d9,frame_0007.jpg,SUCCESS,96,96,0,0,96,96
s24,d9,frame_0008.jpg,SUCCESS,96,96,0,0,96,96
s24,d9,frame_0009.jpg,SUCCESS,96,96,0,0,96,96
s24,d9,frame_0010.jpg,SUCCESS,96,96,0,0,96,96
s24,d9,frame_0011.jpg,SUCCESS,96,96,0,0,96,96
s24,d9,frame_0012.jpg,SUCCESS,96,96,0,0,96,96
s24,d9,frame_0013.jpg,SUCCESS,96,96,0,0,96,96
s24,d9,frame_0014.jpg,SUCCESS,96,96,0,0,96,96
s24,d9,frame_0015.jpg,SUCCESS,96,96,0,0,96,96
s24,d9,frame_0016.jpg,SUCCESS,96,96,0,0,96,96
s24,d9,frame_0017.jpg,SUCCESS,96,96,0,0,96,96
s24,d9,frame_0018.jpg,SUCCESS,96,96,0,0,96,96
s24,d9,frame_0019.jpg,SUCCESS,96,96,0,0,96,96
s24,d9,frame_0020.jpg,SUCCESS,96,96,0,0,96,96
s24,d9,frame_0021.jpg,SUCCESS,96,96,0,0,96,96
s24,d9,frame_0022.jpg,SUCCESS,96,96,0,0,96,96
s24,d9,frame_0023.jpg,SUCCESS,96,96,0,0,96,96
s24,d9,frame_0024.jpg,SUCCESS,96,96,0,0,96,96
s24,d9,frame_0025.jpg,SUCCESS,96,96,0,0,96,96
s24,d9,frame_0026.jpg,SUCCESS,96,96,0,0,96,96
s24,d9,frame_0027.jpg,SUCCESS,96,96,0,0,96,96
s24,d9,frame_0028.jpg,SUCCESS,96,96,0,0,96,96
s24,d9,frame_0029.jpg,SUCCESS,96,96,0,0,96,96
s24,d9,frame_0030.jpg,SUCCESS,96,96,0,0,96,96
s24,d9,frame_0031.jpg,SUCCESS,96,96,0,0,96,96
s25,d0,frame_0001.jpg,SUCCESS,96,96,0,0,96,96
s25,d0,frame_0002.jpg,SUCCESS,96,96,0,0,96,96
s25,d0,frame_0003.jpg,SUCCESS,96,96,0,0,96,96
s25,d0,frame_0004.jpg,SUCCESS,96,96,0,0,96,96
s25,d0,frame_0005.jpg,SUCCESS,96,96,0,0,96,96
s25,d0,frame_0006.jpg,SUCCESS,96,96,0,0,96,96
s25,d0,frame_0007.jpg,SUCCESS,96,96,0,0,96,96
s25,d0,frame_0008.jpg,SUCCESS,96,96,0,0,96,96
s25,d0,frame_0009.jpg,SUCCESS,96,96,0,0,96,96
s25,d0,frame_0010.jpg,SUCCESS,96,96,0,0,96,96
s25,d0,frame_0011.jpg,SUCCESS,96,96,0,0,96,96
s25,d0,frame_0012.jpg,SUCCESS,96,96,0,0,96,96
s25,d0,frame_0013.jpg,SUCCESS,96,96,0,0,96,96
s25,d0,frame_0014.jpg,SUCCESS,96,96,0,0,96,96
s25,d0,frame_0015.jpg,SUCCESS,96,96,0,0,96,96
s25,d0,frame_0016.jpg,SUCCESS,96,96,0,0,96,96
s25,d0,frame_0017.jpg,SUCCESS,96,96,0,0,96,96
s25,d0,frame_0018.jpg,SUCCESS,96,96,0,0,96,96
s25,d0,frame_0019.jpg,SUCCESS,96,96,0,0,96,96
s25,d0,frame_0020.jpg,SUCCESS,96,96,0,0,96,96
s25,d0,frame_0021.jpg,SUCCESS,96,96,0,0,96,96
s25,d0,frame_0022.jpg,SUCCESS,96,96,0,0,96,96
s25,d0,frame_0023.jpg,SUCCESS,96,96,0,0,96,96
s25,d0,frame_0024.jpg,SUCCESS,96,96,0,0,96,96
s25,d0,frame_0025.jpg,SUCCESS,96,96,0,0,96,96
s25,d0,frame_0026.jpg,SUCCESS,96,96,0,0,96,96
s25,d0,frame_0027.jpg,SUCCESS,96,96,0,0,96,96
s25,d0,frame_0028.jpg,SUCCESS,96,96,0,0,96,96
s25,d0,frame_0029.jpg,SUCCESS,96,96,0,0,96,96
s25,d0,frame_0030.jpg,SUCCESS,96,96,0,0,96,96
s25,d0,frame_0031.jpg,SUCCESS,96,96,0,0,96,96
s25,d0,frame_0032.jpg,SUCCESS,96,96,0,0,96,96
s25,d0,frame_0033.jpg,SUCCESS,96,96,0,0,96,96
s25,d0,frame_0034.jpg,SUCCESS,96,96,0,0,96,96
s25,d0,frame_0035.jpg,SUCCESS,96,96,0,0,96,96
s25,d0,frame_0036.jpg,SUCCESS,96,96,0,0,96,96
s25,d0,frame_0037.jpg,SUCCESS,96,96,0,0,96,96
s25,d0,frame_0038.jpg,SUCCESS,96,96,0,0,96,96
s25,d0,frame_0039.jpg,SUCCESS,96,96,0,0,96,96
s25,d0,frame_0040.jpg,SUCCESS,96,96,0,0,96,96
s25,d0,frame_0041.jpg,SUCCESS,96,96,0,0,96,96
s25,d0,frame_0042.jpg,SUCCESS,96,96,0,0,96,96
s25,d1,frame_0001.jpg,SUCCESS,96,96,0,0,96,96
s25,d1,frame_0002.jpg,SUCCESS,96,96,0,0,96,96
s25,d1,frame_0003.jpg,SUCCESS,96,96,0,0,96,96
s25,d1,frame_0004.jpg,SUCCESS,96,96,0,0,96,96
s25,d1,frame_0005.jpg,SUCCESS,96,96,0,0,96,96
s25,d1,frame_0006.jpg,SUCCESS,96,96,0,0,96,96
s25,d1,frame_0007.jpg,SUCCESS,96,96,0,0,96,96
s25,d1,frame_0008.jpg,SUCCESS,96,96,0,0,96,96
s25,d1,frame_0009.jpg,SUCCESS,96,96,0,0,96,96
s25,d1,frame_0010.jpg,SUCCESS,96,96,0,0,96,96
s25,d1,frame_0011.jpg,SUCCESS,96,96,0,0,96,96
s25,d1,frame_0012.jpg,SUCCESS,96,96,0,0,96,96
s25,d1,frame_0013.jpg,SUCCESS,96,96,0,0,96,96
s25,d1,frame_0014.jpg,SUCCESS,96,96,0,0,96,96
s25,d1,frame_0015.jpg,SUCCESS,96,96,0,0,96,96
s25,d1,frame_0016.jpg,SUCCESS,96,96,0,0,96,96
s25,d1,frame_0017.jpg,SUCCESS,96,96,0,0,96,96
s25,d1,frame_0018.jpg,SUCCESS,96,96,0,0,96,96
s25,d1,frame_0019.jpg,SUCCESS,96,96,0,0,96,96
s25,d1,frame_0020.jpg,SUCCESS,96,96,0,0,96,96
s25,d1,frame_0021.jpg,SUCCESS,96,96,0,0,96,96
s25,d1,frame_0022.jpg,SUCCESS,96,96,0,0,96,96
s25,d1,frame_0023.jpg,SUCCESS,96,96,0,0,96,96
s25,d1,frame_0024.jpg,SUCCESS,96,96,0,0,96,96
s25,d1,frame_0025.jpg,SUCCESS,96,96,0,0,96,96
s25,d1,frame_0026.jpg,SUCCESS,96,96,0,0,96,96
s25,d1,frame_0027.jpg,SUCCESS,96,96,0,0,96,96
s25,d1,frame_0028.jpg,SUCCESS,96,96,0,0,96,96
s25,d1,frame_0029.jpg,SUCCESS,96,96,0,0,96,96
s25,d1,frame_0030.jpg,SUCCESS,96,96,0,0,96,96
s25,d1,frame_0031.jpg,SUCCESS,96,96,0,0,96,96
s25,d1,frame_0032.jpg,SUCCESS,96,96,0,0,96,96
s25,d1,frame_0033.jpg,SUCCESS,96,96,0,0,96,96
s25,d1,frame_0034.jpg,SUCCESS,96,96,0,0,96,96
s25,d1,frame_0035.jpg,SUCCESS,96,96,0,0,96,96
s25,d1,frame_0036.jpg,SUCCESS,96,96,0,0,96,96
s25,d1,frame_0037.jpg,SUCCESS,96,96,0,0,96,96
s25,d1,frame_0038.jpg,SUCCESS,96,96,0,0,96,96
s25,d1,frame_0039.jpg,SUCCESS,96,96,0,0,96,96
s25,d1,frame_0040.jpg,SUCCESS,96,96,0,0,96,96
s25,d1,frame_0041.jpg,SUCCESS,96,96,0,0,96,96
s25,d10,frame_0001.jpg,SUCCESS,96,96,0,0,96,96
s25,d10,frame_0002.jpg,SUCCESS,96,96,0,0,96,96
s25,d10,frame_0003.jpg,SUCCESS,96,96,0,0,96,96
s25,d10,frame_0004.jpg,SUCCESS,96,96,0,0,96,96
s25,d10,frame_0005.jpg,SUCCESS,96,96,0,0,96,96
s25,d10,frame_0006.jpg,SUCCESS,96,96,0,0,96,96
s25,d10,frame_0007.jpg,SUCCESS,96,96,0,0,96,96
s25,d10,frame_0008.jpg,SUCCESS,96,96,0,0,96,96
s25,d10,frame_0009.jpg,SUCCESS,96,96,0,0,96,96
s25,d10,frame_0010.jpg,SUCCESS,96,96,0,0,96,96
s25,d10,frame_0011.jpg,SUCCESS,96,96,0,0,96,96
s25,d10,frame_0012.jpg,SUCCESS,96,96,0,0,96,96
s25,d10,frame_0013.jpg,SUCCESS,96,96,0,0,96,96
s25,d10,frame_0014.jpg,SUCCESS,96,96,0,0,96,96
s25,d10,frame_0015.jpg,SUCCESS,96,96,0,0,96,96
s25,d10,frame_0016.jpg,SUCCESS,96,96,0,0,96,96
s25,d10,frame_0017.jpg,SUCCESS,96,96,0,0,96,96
s25,d10,frame_0018.jpg,SUCCESS,96,96,0,0,96,96
s25,d10,frame_0019.jpg,SUCCESS,96,96,0,0,96,96
s25,d10,frame_0020.jpg,SUCCESS,96,96,0,0,96,96
s25,d10,frame_0021.jpg,SUCCESS,96,96,0,0,96,96
s25,d10,frame_0022.jpg,SUCCESS,96,96,0,0,96,96
s25,d10,frame_0023.jpg,SUCCESS,96,96,0,0,96,96
s25,d10,frame_0024.jpg,SUCCESS,96,96,0,0,96,96
s25,d10,frame_0025.jpg,SUCCESS,96,96,0,0,96,96
s25,d10,frame_0026.jpg,SUCCESS,96,96,0,0,96,96
s25,d10,frame_0027.jpg,SUCCESS,96,96,0,0,96,96
s25,d10,frame_0028.jpg,SUCCESS,96,96,0,0,96,96
s25,d10,frame_0029.jpg,SUCCESS,96,96,0,0,96,96
s25,d10,frame_0030.jpg,SUCCESS,96,96,0,0,96,96
s25,d10,frame_0031.jpg,SUCCESS,96,96,0,0,96,96
s25,d10,frame_0032.jpg,SUCCESS,96,96,0,0,96,96
s25,d10,frame_0033.jpg,SUCCESS,96,96,0,0,96,96
s25,d10,frame_0034.jpg,SUCCESS,96,96,0,0,96,96
s25,d2,frame_0001.jpg,SUCCESS,96,96,0,0,96,96
s25,d2,frame_0002.jpg,SUCCESS,96,96,0,0,96,96
s25,d2,frame_0003.jpg,SUCCESS,96,96,0,0,96,96
s25,d2,frame_0004.jpg,SUCCESS,96,96,0,0,96,96
s25,d2,frame_0005.jpg,SUCCESS,96,96,0,0,96,96
s25,d2,frame_0006.jpg,SUCCESS,96,96,0,0,96,96
s25,d2,frame_0007.jpg,SUCCESS,96,96,0,0,96,96
s25,d2,frame_0008.jpg,SUCCESS,96,96,0,0,96,96
s25,d2,frame_0009.jpg,SUCCESS,96,96,0,0,96,96
s25,d2,frame_0010.jpg,SUCCESS,96,96,0,0,96,96
s25,d2,frame_0011.jpg,SUCCESS,96,96,0,0,96,96
s25,d2,frame_0012.jpg,SUCCESS,96,96,0,0,96,96
s25,d2,frame_0013.jpg,SUCCESS,96,96,0,0,96,96
s25,d2,frame_0014.jpg,SUCCESS,96,96,0,0,96,96
s25,d2,frame_0015.jpg,SUCCESS,96,96,0,0,96,96
s25,d2,frame_0016.jpg,SUCCESS,96,96,0,0,96,96
s25,d2,frame_0017.jpg,SUCCESS,96,96,0,0,96,96
s25,d2,frame_0018.jpg,SUCCESS,96,96,0,0,96,96
s25,d2,frame_0019.jpg,SUCCESS,96,96,0,0,96,96
s25,d2,frame_0020.jpg,SUCCESS,96,96,0,0,96,96
s25,d2,frame_0021.jpg,SUCCESS,96,96,0,0,96,96
s25,d2,frame_0022.jpg,SUCCESS,96,96,0,0,96,96
s25,d2,frame_0023.jpg,SUCCESS,96,96,0,0,96,96
s25,d2,frame_0024.jpg,SUCCESS,96,96,0,0,96,96
s25,d2,frame_0025.jpg,SUCCESS,96,96,0,0,96,96
s25,d2,frame_0026.jpg,SUCCESS,96,96,0,0,96,96
s25,d2,frame_0027.jpg,SUCCESS,96,96,0,0,96,96
s25,d2,frame_0028.jpg,SUCCESS,96,96,0,0,96,96
s25,d2,frame_0029.jpg,SUCCESS,96,96,0,0,96,96
s25,d2,frame_0030.jpg,SUCCESS,96,96,0,0,96,96
s25,d2,frame_0031.jpg,SUCCESS,96,96,0,0,96,96
s25,d2,frame_0032.jpg,SUCCESS,96,96,0,0,96,96
s25,d2,frame_0033.jpg,SUCCESS,96,96,0,0,96,96
s25,d2,frame_0034.jpg,SUCCESS,96,96,0,0,96,96
s25,d2,frame_0035.jpg,SUCCESS,96,96,0,0,96,96
s25,d2,frame_0036.jpg,SUCCESS,96,96,0,0,96,96
s25,d2,frame_0037.jpg,SUCCESS,96,96,0,0,96,96
s25,d2,frame_0038.jpg,SUCCESS,96,96,0,0,96,96
s25,d2,frame_0039.jpg,SUCCESS,96,96,0,0,96,96
s25,d2,frame_0040.jpg,SUCCESS,96,96,0,0,96,96
s25,d2,frame_0041.jpg,SUCCESS,96,96,0,0,96,96
s25,d3,frame_0001.jpg,SUCCESS,96,96,0,0,96,96
s25,d3,frame_0002.jpg,SUCCESS,96,96,0,0,96,96
s25,d3,frame_0003.jpg,SUCCESS,96,96,0,0,96,96
s25,d3,frame_0004.jpg,SUCCESS,96,96,0,0,96,96
s25,d3,frame_0005.jpg,SUCCESS,96,96,0,0,96,96
s25,d3,frame_0006.jpg,SUCCESS,96,96,0,0,96,96
s25,d3,frame_0007.jpg,SUCCESS,96,96,0,0,96,96
s25,d3,frame_0008.jpg,SUCCESS,96,96,0,0,96,96
s25,d3,frame_0009.jpg,SUCCESS,96,96,0,0,96,96
s25,d3,frame_0010.jpg,SUCCESS,96,96,0,0,96,96
s25,d3,frame_0011.jpg,SUCCESS,96,96,0,0,96,96
s25,d3,frame_0012.jpg,SUCCESS,96,96,0,0,96,96
s25,d3,frame_0013.jpg,SUCCESS,96,96,0,0,96,96
s25,d3,frame_0014.jpg,SUCCESS,96,96,0,0,96,96
s25,d3,frame_0015.jpg,SUCCESS,96,96,0,0,96,96
s25,d3,frame_0016.jpg,SUCCESS,96,96,0,0,96,96
s25,d3,frame_0017.jpg,SUCCESS,96,96,0,0,96,96
s25,d3,frame_0018.jpg,SUCCESS,96,96,0,0,96,96
s25,d3,frame_0019.jpg,SUCCESS,96,96,0,0,96,96
s25,d3,frame_0020.jpg,SUCCESS,96,96,0,0,96,96
s25,d3,frame_0021.jpg,SUCCESS,96,96,0,0,96,96
s25,d3,frame_0022.jpg,SUCCESS,96,96,0,0,96,96
s25,d3,frame_0023.jpg,SUCCESS,96,96,0,0,96,96
s25,d3,frame_0024.jpg,SUCCESS,96,96,0,0,96,96
s25,d3,frame_0025.jpg,SUCCESS,96,96,0,0,96,96
s25,d3,frame_0026.jpg,SUCCESS,96,96,0,0,96,96
s25,d3,frame_0027.jpg,SUCCESS,96,96,0,0,96,96
s25,d3,frame_0028.jpg,SUCCESS,96,96,0,0,96,96
s25,d3,frame_0029.jpg,SUCCESS,96,96,0,0,96,96
s25,d3,frame_0030.jpg,SUCCESS,96,96,0,0,96,96
s25,d3,frame_0031.jpg,SUCCESS,96,96,0,0,96,96
s25,d3,frame_0032.jpg,SUCCESS,96,96,0,0,96,96
s25,d3,frame_0033.jpg,SUCCESS,96,96,0,0,96,96
s25,d3,frame_0034.jpg,SUCCESS,96,96,0,0,96,96
s25,d3,frame_0035.jpg,SUCCESS,96,96,0,0,96,96
s25,d3,frame_0036.jpg,SUCCESS,96,96,0,0,96,96
s25,d3,frame_0037.jpg,SUCCESS,96,96,0,0,96,96
s25,d3,frame_0038.jpg,SUCCESS,96,96,0,0,96,96
s25,d3,frame_0039.jpg,SUCCESS,96,96,0,0,96,96
s25,d4,frame_0001.jpg,SUCCESS,96,96,0,0,96,96
s25,d4,frame_0002.jpg,SUCCESS,96,96,0,0,96,96
s25,d4,frame_0003.jpg,SUCCESS,96,96,0,0,96,96
s25,d4,frame_0004.jpg,SUCCESS,96,96,0,0,96,96
s25,d4,frame_0005.jpg,SUCCESS,96,96,0,0,96,96
s25,d4,frame_0006.jpg,SUCCESS,96,96,0,0,96,96
s25,d4,frame_0007.jpg,SUCCESS,96,96,0,0,96,96
s25,d4,frame_0008.jpg,SUCCESS,96,96,0,0,96,96
s25,d4,frame_0009.jpg,SUCCESS,96,96,0,0,96,96
s25,d4,frame_0010.jpg,SUCCESS,96,96,0,0,96,96
s25,d4,frame_0011.jpg,SUCCESS,96,96,0,0,96,96
s25,d4,frame_0012.jpg,SUCCESS,96,96,0,0,96,96
s25,d4,frame_0013.jpg,SUCCESS,96,96,0,0,96,96
s25,d4,frame_0014.jpg,SUCCESS,96,96,0,0,96,96
s25,d4,frame_0015.jpg,SUCCESS,96,96,0,0,96,96
s25,d4,frame_0016.jpg,SUCCESS,96,96,0,0,96,96
s25,d4,frame_0017.jpg,SUCCESS,96,96,0,0,96,96
s25,d4,frame_0018.jpg,SUCCESS,96,96,0,0,96,96
s25,d4,frame_0019.jpg,SUCCESS,96,96,0,0,96,96
s25,d4,frame_0020.jpg,SUCCESS,96,96,0,0,96,96
s25,d4,frame_0021.jpg,SUCCESS,96,96,0,0,96,96
s25,d4,frame_0022.jpg,SUCCESS,96,96,0,0,96,96
s25,d4,frame_0023.jpg,SUCCESS,96,96,0,0,96,96
s25,d4,frame_0024.jpg,SUCCESS,96,96,0,0,96,96
s25,d4,frame_0025.jpg,SUCCESS,96,96,0,0,96,96
s25,d4,frame_0026.jpg,SUCCESS,96,96,0,0,96,96
s25,d4,frame_0027.jpg,SUCCESS,96,96,0,0,96,96
s25,d4,frame_0028.jpg,SUCCESS,96,96,0,0,96,96
s25,d4,frame_0029.jpg,SUCCESS,96,96,0,0,96,96
s25,d4,frame_0030.jpg,SUCCESS,96,96,0,0,96,96
s25,d4,frame_0031.jpg,SUCCESS,96,96,0,0,96,96
s25,d4,frame_0032.jpg,SUCCESS,96,96,0,0,96,96
s25,d4,frame_0033.jpg,SUCCESS,96,96,0,0,96,96
s25,d4,frame_0034.jpg,SUCCESS,96,96,0,0,96,96
s25,d4,frame_0035.jpg,SUCCESS,96,96,0,0,96,96
s25,d4,frame_0036.jpg,SUCCESS,96,96,0,0,96,96
s25,d4,frame_0037.jpg,SUCCESS,96,96,0,0,96,96
s25,d4,frame_0038.jpg,SUCCESS,96,96,0,0,96,96
s25,d4,frame_0039.jpg,SUCCESS,96,96,0,0,96,96
s25,d5,frame_0001.jpg,SUCCESS,96,96,0,0,96,96
s25,d5,frame_0002.jpg,SUCCESS,96,96,0,0,96,96
s25,d5,frame_0003.jpg,SUCCESS,96,96,0,0,96,96
s25,d5,frame_0004.jpg,SUCCESS,96,96,0,0,96,96
s25,d5,frame_0005.jpg,SUCCESS,96,96,0,0,96,96
s25,d5,frame_0006.jpg,SUCCESS,96,96,0,0,96,96
s25,d5,frame_0007.jpg,SUCCESS,96,96,0,0,96,96
s25,d5,frame_0008.jpg,SUCCESS,96,96,0,0,96,96
s25,d5,frame_0009.jpg,SUCCESS,96,96,0,0,96,96
s25,d5,frame_0010.jpg,SUCCESS,96,96,0,0,96,96
s25,d5,frame_0011.jpg,SUCCESS,96,96,0,0,96,96
s25,d5,frame_0012.jpg,SUCCESS,96,96,0,0,96,96
s25,d5,frame_0013.jpg,SUCCESS,96,96,0,0,96,96
s25,d5,frame_0014.jpg,SUCCESS,96,96,0,0,96,96
s25,d5,frame_0015.jpg,SUCCESS,96,96,0,0,96,96
s25,d5,frame_0016.jpg,SUCCESS,96,96,0,0,96,96
s25,d5,frame_0017.jpg,SUCCESS,96,96,0,0,96,96
s25,d5,frame_0018.jpg,SUCCESS,96,96,0,0,96,96
s25,d5,frame_0019.jpg,SUCCESS,96,96,0,0,96,96
s25,d5,frame_0020.jpg,SUCCESS,96,96,0,0,96,96
s25,d5,frame_0021.jpg,SUCCESS,96,96,0,0,96,96
s25,d5,frame_0022.jpg,SUCCESS,96,96,0,0,96,96
s25,d5,frame_0023.jpg,SUCCESS,96,96,0,0,96,96
s25,d5,frame_0024.jpg,SUCCESS,96,96,0,0,96,96
s25,d5,frame_0025.jpg,SUCCESS,96,96,0,0,96,96
s25,d5,frame_0026.jpg,SUCCESS,96,96,0,0,96,96
s25,d5,frame_0027.jpg,SUCCESS,96,96,0,0,96,96
s25,d5,frame_0028.jpg,SUCCESS,96,96,0,0,96,96
s25,d5,frame_0029.jpg,SUCCESS,96,96,0,0,96,96
s25,d5,frame_0030.jpg,SUCCESS,96,96,0,0,96,96
s25,d5,frame_0031.jpg,SUCCESS,96,96,0,0,96,96
s25,d5,frame_0032.jpg,SUCCESS,96,96,0,0,96,96
s25,d5,frame_0033.jpg,SUCCESS,96,96,0,0,96,96
s25,d5,frame_0034.jpg,SUCCESS,96,96,0,0,96,96
s25,d5,frame_0035.jpg,SUCCESS,96,96,0,0,96,96
s25,d5,frame_0036.jpg,SUCCESS,96,96,0,0,96,96
s25,d5,frame_0037.jpg,SUCCESS,96,96,0,0,96,96
s25,d5,frame_0038.jpg,SUCCESS,96,96,0,0,96,96
s25,d5,frame_0039.jpg,SUCCESS,96,96,0,0,96,96
s25,d5,frame_0040.jpg,SUCCESS,96,96,0,0,96,96
s25,d5,frame_0041.jpg,SUCCESS,96,96,0,0,96,96
s25,d6,frame_0001.jpg,SUCCESS,96,96,0,0,96,96
s25,d6,frame_0002.jpg,SUCCESS,96,96,0,0,96,96
s25,d6,frame_0003.jpg,SUCCESS,96,96,0,0,96,96
s25,d6,frame_0004.jpg,SUCCESS,96,96,0,0,96,96
s25,d6,frame_0005.jpg,SUCCESS,96,96,0,0,96,96
s25,d6,frame_0006.jpg,SUCCESS,96,96,0,0,96,96
s25,d6,frame_0007.jpg,SUCCESS,96,96,0,0,96,96
s25,d6,frame_0008.jpg,SUCCESS,96,96,0,0,96,96
s25,d6,frame_0009.jpg,SUCCESS,96,96,0,0,96,96
s25,d6,frame_0010.jpg,SUCCESS,96,96,0,0,96,96
s25,d6,frame_0011.jpg,SUCCESS,96,96,0,0,96,96
s25,d6,frame_0012.jpg,SUCCESS,96,96,0,0,96,96
s25,d6,frame_0013.jpg,SUCCESS,96,96,0,0,96,96
s25,d6,frame_0014.jpg,SUCCESS,96,96,0,0,96,96
s25,d6,frame_0015.jpg,SUCCESS,96,96,0,0,96,96
s25,d6,frame_0016.jpg,SUCCESS,96,96,0,0,96,96
s25,d6,frame_0017.jpg,SUCCESS,96,96,0,0,96,96
s25,d6,frame_0018.jpg,SUCCESS,96,96,0,0,96,96
s25,d6,frame_0019.jpg,SUCCESS,96,96,0,0,96,96
s25,d6,frame_0020.jpg,SUCCESS,96,96,0,0,96,96
s25,d6,frame_0021.jpg,SUCCESS,96,96,0,0,96,96
s25,d6,frame_0022.jpg,SUCCESS,96,96,0,0,96,96
s25,d6,frame_0023.jpg,SUCCESS,96,96,0,0,96,96
s25,d6,frame_0024.jpg,SUCCESS,96,96,0,0,96,96
s25,d6,frame_0025.jpg,SUCCESS,96,96,0,0,96,96
s25,d6,frame_0026.jpg,SUCCESS,96,96,0,0,96,96
s25,d6,frame_0027.jpg,SUCCESS,96,96,0,0,96,96
s25,d6,frame_0028.jpg,SUCCESS,96,96,0,0,96,96
s25,d6,frame_0029.jpg,SUCCESS,96,96,0,0,96,96
s25,d6,frame_0030.jpg,SUCCESS,96,96,0,0,96,96
s25,d6,frame_0031.jpg,SUCCESS,96,96,0,0,96,96
s25,d6,frame_0032.jpg,SUCCESS,96,96,0,0,96,96
s25,d6,frame_0033.jpg,SUCCESS,96,96,0,0,96,96
s25,d6,frame_0034.jpg,SUCCESS,96,96,0,0,96,96
s25,d6,frame_0035.jpg,SUCCESS,96,96,0,0,96,96
s25,d6,frame_0036.jpg,SUCCESS,96,96,0,0,96,96
s25,d6,frame_0037.jpg,SUCCESS,96,96,0,0,96,96
s25,d6,frame_0038.jpg,SUCCESS,96,96,0,0,96,96
s25,d6,frame_0039.jpg,SUCCESS,96,96,0,0,96,96
s25,d6,frame_0040.jpg,SUCCESS,96,96,0,0,96,96
s25,d6,frame_0041.jpg,SUCCESS,96,96,0,0,96,96
s25,d7,frame_0001.jpg,SUCCESS,96,96,0,0,96,96
s25,d7,frame_0002.jpg,SUCCESS,96,96,0,0,96,96
s25,d7,frame_0003.jpg,SUCCESS,96,96,0,0,96,96
s25,d7,frame_0004.jpg,SUCCESS,96,96,0,0,96,96
s25,d7,frame_0005.jpg,SUCCESS,96,96,0,0,96,96
s25,d7,frame_0006.jpg,SUCCESS,96,96,0,0,96,96
s25,d7,frame_0007.jpg,SUCCESS,96,96,0,0,96,96
s25,d7,frame_0008.jpg,SUCCESS,96,96,0,0,96,96
s25,d7,frame_0009.jpg,SUCCESS,96,96,0,0,96,96
s25,d7,frame_0010.jpg,SUCCESS,96,96,0,0,96,96
s25,d7,frame_0011.jpg,SUCCESS,96,96,0,0,96,96
s25,d7,frame_0012.jpg,SUCCESS,96,96,0,0,96,96
s25,d7,frame_0013.jpg,SUCCESS,96,96,0,0,96,96
s25,d7,frame_0014.jpg,SUCCESS,96,96,0,0,96,96
s25,d7,frame_0015.jpg,SUCCESS,96,96,0,0,96,96
s25,d7,frame_0016.jpg,SUCCESS,96,96,0,0,96,96
s25,d7,frame_0017.jpg,SUCCESS,96,96,0,0,96,96
s25,d7,frame_0018.jpg,SUCCESS,96,96,0,0,96,96
s25,d7,frame_0019.jpg,SUCCESS,96,96,0,0,96,96
s25,d7,frame_0020.jpg,SUCCESS,96,96,0,0,96,96
s25,d7,frame_0021.jpg,SUCCESS,96,96,0,0,96,96
s25,d7,frame_0022.jpg,SUCCESS,96,96,0,0,96,96
s25,d7,frame_0023.jpg,SUCCESS,96,96,0,0,96,96
s25,d7,frame_0024.jpg,SUCCESS,96,96,0,0,96,96
s25,d7,frame_0025.jpg,SUCCESS,96,96,0,0,96,96
s25,d7,frame_0026.jpg,SUCCESS,96,96,0,0,96,96
s25,d7,frame_0027.jpg,SUCCESS,96,96,0,0,96,96
s25,d7,frame_0028.jpg,SUCCESS,96,96,0,0,96,96
s25,d7,frame_0029.jpg,SUCCESS,96,96,0,0,96,96
s25,d7,frame_0030.jpg,SUCCESS,96,96,0,0,96,96
s25,d7,frame_0031.jpg,SUCCESS,96,96,0,0,96,96
s25,d7,frame_0032.jpg,SUCCESS,96,96,0,0,96,96
s25,d7,frame_0033.jpg,SUCCESS,96,96,0,0,96,96
s25,d7,frame_0034.jpg,SUCCESS,96,96,0,0,96,96
s25,d7,frame_0035.jpg,SUCCESS,96,96,0,0,96,96
s25,d7,frame_0036.jpg,SUCCESS,96,96,0,0,96,96
s25,d7,frame_0037.jpg,SUCCESS,96,96,0,0,96,96
s25,d7,frame_0038.jpg,SUCCESS,96,96,0,0,96,96
s25,d7,frame_0039.jpg,SUCCESS,96,96,0,0,96,96
s25,d7,frame_0040.jpg,SUCCESS,96,96,0,0,96,96
s25,d7,frame_0041.jpg,SUCCESS,96,96,0,0,96,96
s25,d7,frame_0042.jpg,SUCCESS,96,96,0,0,96,96
s25,d7,frame_0043.jpg,SUCCESS,96,96,0,0,96,96
s25,d7,frame_0044.jpg,SUCCESS,96,96,0,0,96,96
s25,d8,frame_0001.jpg,SUCCESS,96,96,0,0,96,96
s25,d8,frame_0002.jpg,SUCCESS,96,96,0,0,96,96
s25,d8,frame_0003.jpg,SUCCESS,96,96,0,0,96,96
s25,d8,frame_0004.jpg,SUCCESS,96,96,0,0,96,96
s25,d8,frame_0005.jpg,SUCCESS,96,96,0,0,96,96
s25,d8,frame_0006.jpg,SUCCESS,96,96,0,0,96,96
s25,d8,frame_0007.jpg,SUCCESS,96,96,0,0,96,96
s25,d8,frame_0008.jpg,SUCCESS,96,96,0,0,96,96
s25,d8,frame_0009.jpg,SUCCESS,96,96,0,0,96,96
s25,d8,frame_0010.jpg,SUCCESS,96,96,0,0,96,96
s25,d8,frame_0011.jpg,SUCCESS,96,96,0,0,96,96
s25,d8,frame_0012.jpg,SUCCESS,96,96,0,0,96,96
s25,d8,frame_0013.jpg,SUCCESS,96,96,0,0,96,96
s25,d8,frame_0014.jpg,SUCCESS,96,96,0,0,96,96
s25,d8,frame_0015.jpg,SUCCESS,96,96,0,0,96,96
s25,d8,frame_0016.jpg,SUCCESS,96,96,0,0,96,96
s25,d8,frame_0017.jpg,SUCCESS,96,96,0,0,96,96
s25,d8,frame_0018.jpg,SUCCESS,96,96,0,0,96,96
s25,d8,frame_0019.jpg,SUCCESS,96,96,0,0,96,96
s25,d8,frame_0020.jpg,SUCCESS,96,96,0,0,96,96
s25,d8,frame_0021.jpg,SUCCESS,96,96,0,0,96,96
s25,d8,frame_0022.jpg,SUCCESS,96,96,0,0,96,96
s25,d8,frame_0023.jpg,SUCCESS,96,96,0,0,96,96
s25,d8,frame_0024.jpg,SUCCESS,96,96,0,0,96,96
s25,d8,frame_0025.jpg,SUCCESS,96,96,0,0,96,96
s25,d8,frame_0026.jpg,SUCCESS,96,96,0,0,96,96
s25,d8,frame_0027.jpg,SUCCESS,96,96,0,0,96,96
s25,d8,frame_0028.jpg,SUCCESS,96,96,0,0,96,96
s25,d8,frame_0029.jpg,SUCCESS,96,96,0,0,96,96
s25,d8,frame_0030.jpg,SUCCESS,96,96,0,0,96,96
s25,d8,frame_0031.jpg,SUCCESS,96,96,0,0,96,96
s25,d8,frame_0032.jpg,SUCCESS,96,96,0,0,96,96
s25,d8,frame_0033.jpg,SUCCESS,96,96,0,0,96,96
s25,d9,frame_0001.jpg,SUCCESS,96,96,0,0,96,96
s25,d9,frame_0002.jpg,SUCCESS,96,96,0,0,96,96
s25,d9,frame_0003.jpg,SUCCESS,96,96,0,0,96,96
s25,d9,frame_0004.jpg,SUCCESS,96,96,0,0,96,96
s25,d9,frame_0005.jpg,SUCCESS,96,96,0,0,96,96
s25,d9,frame_0006.jpg,SUCCESS,96,96,0,0,96,96
s25,d9,frame_0007.jpg,SUCCESS,96,96,0,0,96,96
s25,d9,frame_0008.jpg,SUCCESS,96,96,0,0,96,96
s25,d9,frame_0009.jpg,SUCCESS,96,96,0,0,96,96
s25,d9,frame_0010.jpg,SUCCESS,96,96,0,0,96,96
s25,d9,frame_0011.jpg,SUCCESS,96,96,0,0,96,96
s25,d9,frame_0012.jpg,SUCCESS,96,96,0,0,96,96
s25,d9,frame_0013.jpg,SUCCESS,96,96,0,0,96,96
s25,d9,frame_0014.jpg,SUCCESS,96,96,0,0,96,96
s25,d9,frame_0015.jpg,SUCCESS,96,96,0,0,96,96
s25,d9,frame_0016.jpg,SUCCESS,96,96,0,0,96,96
s25,d9,frame_0017.jpg,SUCCESS,96,96,0,0,96,96
s25,d9,frame_0018.jpg,SUCCESS,96,96,0,0,96,96
s25,d9,frame_0019.jpg,SUCCESS,96,96,0,0,96,96
s25,d9,frame_0020.jpg,SUCCESS,96,96,0,0,96,96
s25,d9,frame_0021.jpg,SUCCESS,96,96,0,0,96,96
s25,d9,frame_0022.jpg,SUCCESS,96,96,0,0,96,96
s25,d9,frame_0023.jpg,SUCCESS,96,96,0,0,96,96
s25,d9,frame_0024.jpg,SUCCESS,96,96,0,0,96,96
s25,d9,frame_0025.jpg,SUCCESS,96,96,0,0,96,96
s25,d9,frame_0026.jpg,SUCCESS,96,96,0,0,96,96
s25,d9,frame_0027.jpg,SUCCESS,96,96,0,0,96,96
s25,d9,frame_0028.jpg,SUCCESS,96,96,0,0,96,96
s25,d9,frame_0029.jpg,SUCCESS,96,96,0,0,96,96
s25,d9,frame_0030.jpg,SUCCESS,96,96,0,0,96,96
s25,d9,frame_0031.jpg,SUCCESS,96,96,0,0,96,96
s25,d9,frame_0032.jpg,SUCCESS,96,96,0,0,96,96
s25,d9,frame_0033.jpg,SUCCESS,96,96,0,0,96,96
s25,d9,frame_0034.jpg,SUCCESS,96,96,0,0,96,96
s25,d9,frame_0035.jpg,SUCCESS,96,96,0,0,96,96
s25,d9,frame_0036.jpg,SUCCESS,96,96,0,0,96,96
s25,d9,frame_0037.jpg,SUCCESS,96,96,0,0,96,96
s25,d9,frame_0038.jpg,SUCCESS,96,96,0,0,96,96
s25,d9,frame_0039.jpg,SUCCESS,96,96,0,0,96,96
s25,d9,frame_0040.jpg,SUCCESS,96,96,0,0,96,96
s25,d9,frame_0041.jpg,SUCCESS,96,96,0,0,96,96
s26,d0,frame_0001.jpg,SUCCESS,96,96,0,0,96,96
s26,d0,frame_0002.jpg,SUCCESS,96,96,0,0,96,96
s26,d0,frame_0003.jpg,SUCCESS,96,96,0,0,96,96
s26,d0,frame_0004.jpg,SUCCESS,96,96,0,0,96,96
s26,d0,frame_0005.jpg,SUCCESS,96,96,0,0,96,96
s26,d0,frame_0006.jpg,SUCCESS,96,96,0,0,96,96
s26,d0,frame_0007.jpg,SUCCESS,96,96,0,0,96,96
s26,d0,frame_0008.jpg,SUCCESS,96,96,0,0,96,96
s26,d0,frame_0009.jpg,SUCCESS,96,96,0,0,96,96
s26,d0,frame_0010.jpg,SUCCESS,96,96,0,0,96,96
s26,d0,frame_0011.jpg,SUCCESS,96,96,0,0,96,96
s26,d0,frame_0012.jpg,SUCCESS,96,96,0,0,96,96
s26,d0,frame_0013.jpg,SUCCESS,96,96,0,0,96,96
s26,d0,frame_0014.jpg,SUCCESS,96,96,0,0,96,96
s26,d0,frame_0015.jpg,SUCCESS,96,96,0,0,96,96
s26,d0,frame_0016.jpg,SUCCESS,96,96,0,0,96,96
s26,d0,frame_0017.jpg,SUCCESS,96,96,0,0,96,96
s26,d0,frame_0018.jpg,SUCCESS,96,96,0,0,96,96
s26,d0,frame_0019.jpg,SUCCESS,96,96,0,0,96,96
s26,d0,frame_0020.jpg,SUCCESS,96,96,0,0,96,96
s26,d0,frame_0021.jpg,SUCCESS,96,96,0,0,96,96
s26,d0,frame_0022.jpg,SUCCESS,96,96,0,0,96,96
s26,d0,frame_0023.jpg,SUCCESS,96,96,0,0,96,96
s26,d0,frame_0024.jpg,SUCCESS,96,96,0,0,96,96
s26,d0,frame_0025.jpg,SUCCESS,96,96,0,0,96,96
s26,d1,frame_0001.jpg,SUCCESS,96,96,0,0,96,96
s26,d1,frame_0002.jpg,SUCCESS,96,96,0,0,96,96
s26,d1,frame_0003.jpg,SUCCESS,96,96,0,0,96,96
s26,d1,frame_0004.jpg,SUCCESS,96,96,0,0,96,96
s26,d1,frame_0005.jpg,SUCCESS,96,96,0,0,96,96
s26,d1,frame_0006.jpg,SUCCESS,96,96,0,0,96,96
s26,d1,frame_0007.jpg,SUCCESS,96,96,0,0,96,96
s26,d1,frame_0008.jpg,SUCCESS,96,96,0,0,96,96
s26,d1,frame_0009.jpg,SUCCESS,96,96,0,0,96,96
s26,d1,frame_0010.jpg,SUCCESS,96,96,0,0,96,96
s26,d1,frame_0011.jpg,SUCCESS,96,96,0,0,96,96
s26,d1,frame_0012.jpg,SUCCESS,96,96,0,0,96,96
s26,d1,frame_0013.jpg,SUCCESS,96,96,0,0,96,96
s26,d1,frame_0014.jpg,SUCCESS,96,96,0,0,96,96
s26,d1,frame_0015.jpg,SUCCESS,96,96,0,0,96,96
s26,d1,frame_0016.jpg,SUCCESS,96,96,0,0,96,96
s26,d1,frame_0017.jpg,SUCCESS,96,96,0,0,96,96
s26,d1,frame_0018.jpg,SUCCESS,96,96,0,0,96,96
s26,d1,frame_0019.jpg,SUCCESS,96,96,0,0,96,96
s26,d1,frame_0020.jpg,SUCCESS,96,96,0,0,96,96
s26,d1,frame_0021.jpg,SUCCESS,96,96,0,0,96,96
s26,d1,frame_0022.jpg,SUCCESS,96,96,0,0,96,96
s26,d1,frame_0023.jpg,SUCCESS,96,96,0,0,96,96
s26,d1,frame_0024.jpg,SUCCESS,96,96,0,0,96,96
s26,d1,frame_0025.jpg,SUCCESS,96,96,0,0,96,96
s26,d1,frame_0026.jpg,SUCCESS,96,96,0,0,96,96
s26,d1,frame_0027.jpg,SUCCESS,96,96,0,0,96,96
s26,d10,frame_0001.jpg,SUCCESS,96,96,0,0,96,96
s26,d10,frame_0002.jpg,SUCCESS,96,96,0,0,96,96
s26,d10,frame_0003.jpg,SUCCESS,96,96,0,0,96,96
s26,d10,frame_0004.jpg,SUCCESS,96,96,0,0,96,96
s26,d10,frame_0005.jpg,SUCCESS,96,96,0,0,96,96
s26,d10,frame_0006.jpg,SUCCESS,96,96,0,0,96,96
s26,d10,frame_0007.jpg,SUCCESS,96,96,0,0,96,96
s26,d10,frame_0008.jpg,SUCCESS,96,96,0,0,96,96
s26,d10,frame_0009.jpg,SUCCESS,96,96,0,0,96,96
s26,d10,frame_0010.jpg,SUCCESS,96,96,0,0,96,96
s26,d10,frame_0011.jpg,SUCCESS,96,96,0,0,96,96
s26,d10,frame_0012.jpg,SUCCESS,96,96,0,0,96,96
s26,d10,frame_0013.jpg,SUCCESS,96,96,0,0,96,96
s26,d10,frame_0014.jpg,SUCCESS,96,96,0,0,96,96
s26,d10,frame_0015.jpg,SUCCESS,96,96,0,0,96,96
s26,d2,frame_0001.jpg,SUCCESS,96,96,0,0,96,96
s26,d2,frame_0002.jpg,SUCCESS,96,96,0,0,96,96
s26,d2,frame_0003.jpg,SUCCESS,96,96,0,0,96,96
s26,d2,frame_0004.jpg,SUCCESS,96,96,0,0,96,96
s26,d2,frame_0005.jpg,SUCCESS,96,96,0,0,96,96
s26,d2,frame_0006.jpg,SUCCESS,96,96,0,0,96,96
s26,d2,frame_0007.jpg,SUCCESS,96,96,0,0,96,96
s26,d2,frame_0008.jpg,SUCCESS,96,96,0,0,96,96
s26,d2,frame_0009.jpg,SUCCESS,96,96,0,0,96,96
s26,d2,frame_0010.jpg,SUCCESS,96,96,0,0,96,96
s26,d2,frame_0011.jpg,SUCCESS,96,96,0,0,96,96
s26,d2,frame_0012.jpg,SUCCESS,96,96,0,0,96,96
s26,d2,frame_0013.jpg,SUCCESS,96,96,0,0,96,96
s26,d2,frame_0014.jpg,SUCCESS,96,96,0,0,96,96
s26,d2,frame_0015.jpg,SUCCESS,96,96,0,0,96,96
s26,d2,frame_0016.jpg,SUCCESS,96,96,0,0,96,96
s26,d2,frame_0017.jpg,SUCCESS,96,96,0,0,96,96
s26,d2,frame_0018.jpg,SUCCESS,96,96,0,0,96,96
s26,d2,frame_0019.jpg,SUCCESS,96,96,0,0,96,96
s26,d2,frame_0020.jpg,SUCCESS,96,96,0,0,96,96
s26,d2,frame_0021.jpg,SUCCESS,96,96,0,0,96,96
s26,d2,frame_0022.jpg,SUCCESS,96,96,0,0,96,96
s26,d2,frame_0023.jpg,SUCCESS,96,96,0,0,96,96
s26,d2,frame_0024.jpg,SUCCESS,96,96,0,0,96,96
s26,d2,frame_0025.jpg,SUCCESS,96,96,0,0,96,96
s26,d2,frame_0026.jpg,SUCCESS,96,96,0,0,96,96
s26,d3,frame_0001.jpg,SUCCESS,96,96,0,0,96,96
s26,d3,frame_0002.jpg,SUCCESS,96,96,0,0,96,96
s26,d3,frame_0003.jpg,SUCCESS,96,96,0,0,96,96
s26,d3,frame_0004.jpg,SUCCESS,96,96,0,0,96,96
s26,d3,frame_0005.jpg,SUCCESS,96,96,0,0,96,96
s26,d3,frame_0006.jpg,SUCCESS,96,96,0,0,96,96
s26,d3,frame_0007.jpg,SUCCESS,96,96,0,0,96,96
s26,d3,frame_0008.jpg,SUCCESS,96,96,0,0,96,96
s26,d3,frame_0009.jpg,SUCCESS,96,96,0,0,96,96
s26,d3,frame_0010.jpg,SUCCESS,96,96,0,0,96,96
s26,d3,frame_0011.jpg,SUCCESS,96,96,0,0,96,96
s26,d3,frame_0012.jpg,SUCCESS,96,96,0,0,96,96
s26,d3,frame_0013.jpg,SUCCESS,96,96,0,0,96,96
s26,d3,frame_0014.jpg,SUCCESS,96,96,0,0,96,96
s26,d3,frame_0015.jpg,SUCCESS,96,96,0,0,96,96
s26,d3,frame_0016.jpg,SUCCESS,96,96,0,0,96,96
s26,d3,frame_0017.jpg,SUCCESS,96,96,0,0,96,96
s26,d3,frame_0018.jpg,SUCCESS,96,96,0,0,96,96
s26,d3,frame_0019.jpg,SUCCESS,96,96,0,0,96,96
s26,d3,frame_0020.jpg,SUCCESS,96,96,0,0,96,96
s26,d3,frame_0021.jpg,SUCCESS,96,96,0,0,96,96
s26,d3,frame_0022.jpg,SUCCESS,96,96,0,0,96,96
s26,d3,frame_0023.jpg,SUCCESS,96,96,0,0,96,96
s26,d3,frame_0024.jpg,SUCCESS,96,96,0,0,96,96
s26,d3,frame_0025.jpg,SUCCESS,96,96,0,0,96,96
s26,d3,frame_0026.jpg,SUCCESS,96,96,0,0,96,96
s26,d3,frame_0027.jpg,SUCCESS,96,96,0,0,96,96
s26,d3,frame_0028.jpg,SUCCESS,96,96,0,0,96,96
s26,d4,frame_0001.jpg,SUCCESS,96,96,0,0,96,96
s26,d4,frame_0002.jpg,SUCCESS,96,96,0,0,96,96
s26,d4,frame_0003.jpg,SUCCESS,96,96,0,0,96,96
s26,d4,frame_0004.jpg,SUCCESS,96,96,0,0,96,96
s26,d4,frame_0005.jpg,SUCCESS,96,96,0,0,96,96
s26,d4,frame_0006.jpg,SUCCESS,96,96,0,0,96,96
s26,d4,frame_0007.jpg,SUCCESS,96,96,0,0,96,96
s26,d4,frame_0008.jpg,SUCCESS,96,96,0,0,96,96
s26,d4,frame_0009.jpg,SUCCESS,96,96,0,0,96,96
s26,d4,frame_0010.jpg,SUCCESS,96,96,0,0,96,96
s26,d4,frame_0011.jpg,SUCCESS,96,96,0,0,96,96
s26,d4,frame_0012.jpg,SUCCESS,96,96,0,0,96,96
s26,d4,frame_0013.jpg,SUCCESS,96,96,0,0,96,96
s26,d4,frame_0014.jpg,SUCCESS,96,96,0,0,96,96
s26,d4,frame_0015.jpg,SUCCESS,96,96,0,0,96,96
s26,d4,frame_0016.jpg,SUCCESS,96,96,0,0,96,96
s26,d4,frame_0017.jpg,SUCCESS,96,96,0,0,96,96
s26,d4,frame_0018.jpg,SUCCESS,96,96,0,0,96,96
s26,d4,frame_0019.jpg,SUCCESS,96,96,0,0,96,96
s26,d4,frame_0020.jpg,SUCCESS,96,96,0,0,96,96
s26,d4,frame_0021.jpg,SUCCESS,96,96,0,0,96,96
s26,d4,frame_0022.jpg,SUCCESS,96,96,0,0,96,96
s26,d4,frame_0023.jpg,SUCCESS,96,96,0,0,96,96
s26,d4,frame_0024.jpg,SUCCESS,96,96,0,0,96,96
s26,d4,frame_0025.jpg,SUCCESS,96,96,0,0,96,96
s26,d4,frame_0026.jpg,SUCCESS,96,96,0,0,96,96
s26,d4,frame_0027.jpg,SUCCESS,96,96,0,0,96,96
s26,d4,frame_0028.jpg,SUCCESS,96,96,0,0,96,96
s26,d4,frame_0029.jpg,SUCCESS,96,96,0,0,96,96
s26,d4,frame_0030.jpg,SUCCESS,96,96,0,0,96,96
s26,d4,frame_0031.jpg,SUCCESS,96,96,0,0,96,96
s26,d4,frame_0032.jpg,SUCCESS,96,96,0,0,96,96
s26,d4,frame_0033.jpg,SUCCESS,96,96,0,0,96,96
s26,d4,frame_0034.jpg,SUCCESS,96,96,0,0,96,96
s26,d5,frame_0001.jpg,SUCCESS,96,96,0,0,96,96
s26,d5,frame_0002.jpg,SUCCESS,96,96,0,0,96,96
s26,d5,frame_0003.jpg,SUCCESS,96,96,0,0,96,96
s26,d5,frame_0004.jpg,SUCCESS,96,96,0,0,96,96
s26,d5,frame_0005.jpg,SUCCESS,96,96,0,0,96,96
s26,d5,frame_0006.jpg,SUCCESS,96,96,0,0,96,96
s26,d5,frame_0007.jpg,SUCCESS,96,96,0,0,96,96
s26,d5,frame_0008.jpg,SUCCESS,96,96,0,0,96,96
s26,d5,frame_0009.jpg,SUCCESS,96,96,0,0,96,96
s26,d5,frame_0010.jpg,SUCCESS,96,96,0,0,96,96
s26,d5,frame_0011.jpg,SUCCESS,96,96,0,0,96,96
s26,d5,frame_0012.jpg,SUCCESS,96,96,0,0,96,96
s26,d5,frame_0013.jpg,SUCCESS,96,96,0,0,96,96
s26,d5,frame_0014.jpg,SUCCESS,96,96,0,0,96,96
s26,d5,frame_0015.jpg,SUCCESS,96,96,0,0,96,96
s26,d5,frame_0016.jpg,SUCCESS,96,96,0,0,96,96
s26,d5,frame_0017.jpg,SUCCESS,96,96,0,0,96,96
s26,d5,frame_0018.jpg,SUCCESS,96,96,0,0,96,96
s26,d5,frame_0019.jpg,SUCCESS,96,96,0,0,96,96
s26,d5,frame_0020.jpg,SUCCESS,96,96,0,0,96,96
s26,d5,frame_0021.jpg,SUCCESS,96,96,0,0,96,96
s26,d5,frame_0022.jpg,SUCCESS,96,96,0,0,96,96
s26,d5,frame_0023.jpg,SUCCESS,96,96,0,0,96,96
s26,d5,frame_0024.jpg,SUCCESS,96,96,0,0,96,96
s26,d5,frame_0025.jpg,SUCCESS,96,96,0,0,96,96
s26,d5,frame_0026.jpg,SUCCESS,96,96,0,0,96,96
s26,d5,frame_0027.jpg,SUCCESS,96,96,0,0,96,96
s26,d5,frame_0028.jpg,SUCCESS,96,96,0,0,96,96
s26,d5,frame_0029.jpg,SUCCESS,96,96,0,0,96,96
s26,d5,frame_0030.jpg,SUCCESS,96,96,0,0,96,96
s26,d5,frame_0031.jpg,SUCCESS,96,96,0,0,96,96
s26,d5,frame_0032.jpg,SUCCESS,96,96,0,0,96,96
s26,d5,frame_0033.jpg,SUCCESS,96,96,0,0,96,96
s26,d5,frame_0034.jpg,SUCCESS,96,96,0,0,96,96
s26,d5,frame_0035.jpg,SUCCESS,96,96,0,0,96,96
s26,d5,frame_0036.jpg,SUCCESS,96,96,0,0,96,96
s26,d5,frame_0037.jpg,SUCCESS,96,96,0,0,96,96
s26,d5,frame_0038.jpg,SUCCESS,96,96,0,0,96,96
s26,d5,frame_0039.jpg,SUCCESS,96,96,0,0,96,96
s26,d5,frame_0040.jpg,SUCCESS,96,96,0,0,96,96
s26,d5,frame_0041.jpg,SUCCESS,96,96,0,0,96,96
s26,d6,frame_0001.jpg,SUCCESS,96,96,0,0,96,96
s26,d6,frame_0002.jpg,SUCCESS,96,96,0,0,96,96
s26,d6,frame_0003.jpg,SUCCESS,96,96,0,0,96,96
s26,d6,frame_0004.jpg,SUCCESS,96,96,0,0,96,96
s26,d6,frame_0005.jpg,SUCCESS,96,96,0,0,96,96
s26,d6,frame_0006.jpg,SUCCESS,96,96,0,0,96,96
s26,d6,frame_0007.jpg,SUCCESS,96,96,0,0,96,96
s26,d6,frame_0008.jpg,SUCCESS,96,96,0,0,96,96
s26,d6,frame_0009.jpg,SUCCESS,96,96,0,0,96,96
s26,d6,frame_0010.jpg,SUCCESS,96,96,0,0,96,96
s26,d6,frame_0011.jpg,SUCCESS,96,96,0,0,96,96
s26,d6,frame_0012.jpg,SUCCESS,96,96,0,0,96,96
s26,d6,frame_0013.jpg,SUCCESS,96,96,0,0,96,96
s26,d6,frame_0014.jpg,SUCCESS,96,96,0,0,96,96
s26,d6,frame_0015.jpg,SUCCESS,96,96,0,0,96,96
s26,d6,frame_0016.jpg,SUCCESS,96,96,0,0,96,96
s26,d6,frame_0017.jpg,SUCCESS,96,96,0,0,96,96
s26,d6,frame_0018.jpg,SUCCESS,96,96,0,0,96,96
s26,d6,frame_0019.jpg,SUCCESS,96,96,0,0,96,96
s26,d6,frame_0020.jpg,SUCCESS,96,96,0,0,96,96
s26,d6,frame_0021.jpg,SUCCESS,96,96,0,0,96,96
s26,d6,frame_0022.jpg,SUCCESS,96,96,0,0,96,96
s26,d6,frame_0023.jpg,SUCCESS,96,96,0,0,96,96
s26,d6,frame_0024.jpg,SUCCESS,96,96,0,0,96,96
s26,d7,frame_0001.jpg,SUCCESS,96,96,0,0,96,96
s26,d7,frame_0002.jpg,SUCCESS,96,96,0,0,96,96
s26,d7,frame_0003.jpg,SUCCESS,96,96,0,0,96,96
s26,d7,frame_0004.jpg,SUCCESS,96,96,0,0,96,96
s26,d7,frame_0005.jpg,SUCCESS,96,96,0,0,96,96
s26,d7,frame_0006.jpg,SUCCESS,96,96,0,0,96,96
s26,d7,frame_0007.jpg,SUCCESS,96,96,0,0,96,96
s26,d7,frame_0008.jpg,SUCCESS,96,96,0,0,96,96
s26,d7,frame_0009.jpg,SUCCESS,96,96,0,0,96,96
s26,d7,frame_0010.jpg,SUCCESS,96,96,0,0,96,96
s26,d7,frame_0011.jpg,SUCCESS,96,96,0,0,96,96
s26,d7,frame_0012.jpg,SUCCESS,96,96,0,0,96,96
s26,d7,frame_0013.jpg,SUCCESS,96,96,0,0,96,96
s26,d7,frame_0014.jpg,SUCCESS,96,96,0,0,96,96
s26,d7,frame_0015.jpg,SUCCESS,96,96,0,0,96,96
s26,d7,frame_0016.jpg,SUCCESS,96,96,0,0,96,96
s26,d7,frame_0017.jpg,SUCCESS,96,96,0,0,96,96
s26,d7,frame_0018.jpg,SUCCESS,96,96,0,0,96,96
s26,d7,frame_0019.jpg,SUCCESS,96,96,0,0,96,96
s26,d7,frame_0020.jpg,SUCCESS,96,96,0,0,96,96
s26,d7,frame_0021.jpg,SUCCESS,96,96,0,0,96,96
s26,d7,frame_0022.jpg,SUCCESS,96,96,0,0,96,96
s26,d7,frame_0023.jpg,SUCCESS,96,96,0,0,96,96
s26,d7,frame_0024.jpg,SUCCESS,96,96,0,0,96,96
s26,d7,frame_0025.jpg,SUCCESS,96,96,0,0,96,96
s26,d7,frame_0026.jpg,SUCCESS,96,96,0,0,96,96
s26,d7,frame_0027.jpg,SUCCESS,96,96,0,0,96,96
s26,d7,frame_0028.jpg,SUCCESS,96,96,0,0,96,96
s26,d8,frame_0001.jpg,SUCCESS,96,96,0,0,96,96
s26,d8,frame_0002.jpg,SUCCESS,96,96,0,0,96,96
s26,d8,frame_0003.jpg,SUCCESS,96,96,0,0,96,96
s26,d8,frame_0004.jpg,SUCCESS,96,96,0,0,96,96
s26,d8,frame_0005.jpg,SUCCESS,96,96,0,0,96,96
s26,d8,frame_0006.jpg,SUCCESS,96,96,0,0,96,96
s26,d8,frame_0007.jpg,SUCCESS,96,96,0,0,96,96
s26,d8,frame_0008.jpg,SUCCESS,96,96,0,0,96,96
s26,d8,frame_0009.jpg,SUCCESS,96,96,0,0,96,96
s26,d8,frame_0010.jpg,SUCCESS,96,96,0,0,96,96
s26,d8,frame_0011.jpg,SUCCESS,96,96,0,0,96,96
s26,d8,frame_0012.jpg,SUCCESS,96,96,0,0,96,96
s26,d8,frame_0013.jpg,SUCCESS,96,96,0,0,96,96
s26,d8,frame_0014.jpg,SUCCESS,96,96,0,0,96,96
s26,d8,frame_0015.jpg,SUCCESS,96,96,0,0,96,96
s26,d8,frame_0016.jpg,SUCCESS,96,96,0,0,96,96
s26,d8,frame_0017.jpg,SUCCESS,96,96,0,0,96,96
s26,d8,frame_0018.jpg,SUCCESS,96,96,0,0,96,96
s26,d8,frame_0019.jpg,SUCCESS,96,96,0,0,96,96
s26,d8,frame_0020.jpg,SUCCESS,96,96,0,0,96,96
s26,d8,frame_0021.jpg,SUCCESS,96,96,0,0,96,96
s26,d8,frame_0022.jpg,SUCCESS,96,96,0,0,96,96
s26,d8,frame_0023.jpg,SUCCESS,96,96,0,0,96,96
s26,d8,frame_0024.jpg,SUCCESS,96,96,0,0,96,96
s26,d8,frame_0025.jpg,SUCCESS,96,96,0,0,96,96
s26,d9,frame_0001.jpg,SUCCESS,96,96,0,0,96,96
s26,d9,frame_0002.jpg,SUCCESS,96,96,0,0,96,96
s26,d9,frame_0003.jpg,SUCCESS,96,96,0,0,96,96
s26,d9,frame_0004.jpg,SUCCESS,96,96,0,0,96,96
s26,d9,frame_0005.jpg,SUCCESS,96,96,0,0,96,96
s26,d9,frame_0006.jpg,SUCCESS,96,96,0,0,96,96
s26,d9,frame_0007.jpg,SUCCESS,96,96,0,0,96,96
s26,d9,frame_0008.jpg,SUCCESS,96,96,0,0,96,96
s26,d9,frame_0009.jpg,SUCCESS,96,96,0,0,96,96
s26,d9,frame_0010.jpg,SUCCESS,96,96,0,0,96,96
s26,d9,frame_0011.jpg,SUCCESS,96,96,0,0,96,96
s26,d9,frame_0012.jpg,SUCCESS,96,96,0,0,96,96
s26,d9,frame_0013.jpg,SUCCESS,96,96,0,0,96,96
s26,d9,frame_0014.jpg,SUCCESS,96,96,0,0,96,96
s26,d9,frame_0015.jpg,SUCCESS,96,96,0,0,96,96
s26,d9,frame_0016.jpg,SUCCESS,96,96,0,0,96,96
s26,d9,frame_0017.jpg,SUCCESS,96,96,0,0,96,96
s26,d9,frame_0018.jpg,SUCCESS,96,96,0,0,96,96
s26,d9,frame_0019.jpg,SUCCESS,96,96,0,0,96,96
s26,d9,frame_0020.jpg,SUCCESS,96,96,0,0,96,96
s26,d9,frame_0021.jpg,SUCCESS,96,96,0,0,96,96
s26,d9,frame_0022.jpg,SUCCESS,96,96,0,0,96,96
s26,d9,frame_0023.jpg,SUCCESS,96,96,0,0,96,96
s26,d9,frame_0024.jpg,SUCCESS,96,96,0,0,96,96
s26,d9,frame_0025.jpg,SUCCESS,96,96,0,0,96,96
s26,d9,frame_0026.jpg,SUCCESS,96,96,0,0,96,96
s26,d9,frame_0027.jpg,SUCCESS,96,96,0,0,96,96
s26,d9,frame_0028.jpg,SUCCESS,96,96,0,0,96,96
s26,d9,frame_0029.jpg,SUCCESS,96,96,0,0,96,96
s26,d9,frame_0030.jpg,SUCCESS,96,96,0,0,96,96
s26,d9,frame_0031.jpg,SUCCESS,96,96,0,0,96,96
s26,d9,frame_0032.jpg,SUCCESS,96,96,0,0,96,96
s26,d9,frame_0033.jpg,SUCCESS,96,96,0,0,96,96
s26,d9,frame_0034.jpg,SUCCESS,96,96,0,0,96,96
s26,d9,frame_0035.jpg,SUCCESS,96,96,0,0,96,96
s26,d9,frame_0036.jpg,SUCCESS,96,96,0,0,96,96
s26,d9,frame_0037.jpg,SUCCESS,96,96,0,0,96,96
s26,d9,frame_0038.jpg,SUCCESS,96,96,0,0,96,96
s26,d9,frame_0039.jpg,SUCCESS,96,96,0,0,96,96
s26,d9,frame_0040.jpg,SUCCESS,96,96,0,0,96,96
s26,d9,frame_0041.jpg,SUCCESS,96,96,0,0,96,96
s26,d9,frame_0042.jpg,SUCCESS,96,96,0,0,96,96
s26,d9,frame_0043.jpg,SUCCESS,96,96,0,0,96,96
s27,d0,frame_0001.jpg,SUCCESS,96,96,0,0,96,96
s27,d0,frame_0002.jpg,SUCCESS,96,96,0,0,96,96
s27,d0,frame_0003.jpg,SUCCESS,96,96,0,0,96,96
s27,d0,frame_0004.jpg,SUCCESS,96,96,0,0,96,96
s27,d0,frame_0005.jpg,SUCCESS,96,96,0,0,96,96
s27,d0,frame_0006.jpg,SUCCESS,96,96,0,0,96,96
s27,d0,frame_0007.jpg,SUCCESS,96,96,0,0,96,96
s27,d0,frame_0008.jpg,SUCCESS,96,96,0,0,96,96
s27,d0,frame_0009.jpg,SUCCESS,96,96,0,0,96,96
s27,d0,frame_0010.jpg,SUCCESS,96,96,0,0,96,96
s27,d0,frame_0011.jpg,SUCCESS,96,96,0,0,96,96
s27,d0,frame_0012.jpg,SUCCESS,96,96,0,0,96,96
s27,d0,frame_0013.jpg,SUCCESS,96,96,0,0,96,96
s27,d0,frame_0014.jpg,SUCCESS,96,96,0,0,96,96
s27,d0,frame_0015.jpg,SUCCESS,96,96,0,0,96,96
s27,d0,frame_0016.jpg,SUCCESS,96,96,0,0,96,96
s27,d0,frame_0017.jpg,SUCCESS,96,96,0,0,96,96
s27,d0,frame_0018.jpg,SUCCESS,96,96,0,0,96,96
s27,d0,frame_0019.jpg,SUCCESS,96,96,0,0,96,96
s27,d0,frame_0020.jpg,SUCCESS,96,96,0,0,96,96
s27,d0,frame_0021.jpg,SUCCESS,96,96,0,0,96,96
s27,d0,frame_0022.jpg,SUCCESS,96,96,0,0,96,96
s27,d0,frame_0023.jpg,SUCCESS,96,96,0,0,96,96
s27,d0,frame_0024.jpg,SUCCESS,96,96,0,0,96,96
s27,d0,frame_0025.jpg,SUCCESS,96,96,0,0,96,96
s27,d1,frame_0001.jpg,SUCCESS,96,96,0,0,96,96
s27,d1,frame_0002.jpg,SUCCESS,96,96,0,0,96,96
s27,d1,frame_0003.jpg,SUCCESS,96,96,0,0,96,96
s27,d1,frame_0004.jpg,SUCCESS,96,96,0,0,96,96
s27,d1,frame_0005.jpg,SUCCESS,96,96,0,0,96,96
s27,d1,frame_0006.jpg,SUCCESS,96,96,0,0,96,96
s27,d1,frame_0007.jpg,SUCCESS,96,96,0,0,96,96
s27,d1,frame_0008.jpg,SUCCESS,96,96,0,0,96,96
s27,d1,frame_0009.jpg,SUCCESS,96,96,0,0,96,96
s27,d1,frame_0010.jpg,SUCCESS,96,96,0,0,96,96
s27,d1,frame_0011.jpg,SUCCESS,96,96,0,0,96,96
s27,d1,frame_0012.jpg,SUCCESS,96,96,0,0,96,96
s27,d1,frame_0013.jpg,SUCCESS,96,96,0,0,96,96
s27,d1,frame_0014.jpg,SUCCESS,96,96,0,0,96,96
s27,d1,frame_0015.jpg,SUCCESS,96,96,0,0,96,96
s27,d1,frame_0016.jpg,SUCCESS,96,96,0,0,96,96
s27,d1,frame_0017.jpg,SUCCESS,96,96,0,0,96,96
s27,d1,frame_0018.jpg,SUCCESS,96,96,0,0,96,96
s27,d1,frame_0019.jpg,SUCCESS,96,96,0,0,96,96
s27,d1,frame_0020.jpg,SUCCESS,96,96,0,0,96,96
s27,d1,frame_0021.jpg,SUCCESS,96,96,0,0,96,96
s27,d1,frame_0022.jpg,SUCCESS,96,96,0,0,96,96
s27,d1,frame_0023.jpg,SUCCESS,96,96,0,0,96,96
s27,d1,frame_0024.jpg,SUCCESS,96,96,0,0,96,96
s27,d1,frame_0025.jpg,SUCCESS,96,96,0,0,96,96
s27,d1,frame_0026.jpg,SUCCESS,96,96,0,0,96,96
s27,d1,frame_0027.jpg,SUCCESS,96,96,0,0,96,96
s27,d1,frame_0028.jpg,SUCCESS,96,96,0,0,96,96
s27,d1,frame_0029.jpg,SUCCESS,96,96,0,0,96,96
s27,d10,frame_0001.jpg,SUCCESS,96,96,0,0,96,96
s27,d10,frame_0002.jpg,SUCCESS,96,96,0,0,96,96
s27,d10,frame_0003.jpg,SUCCESS,96,96,0,0,96,96
s27,d10,frame_0004.jpg,SUCCESS,96,96,0,0,96,96
s27,d10,frame_0005.jpg,SUCCESS,96,96,0,0,96,96
s27,d10,frame_0006.jpg,SUCCESS,96,96,0,0,96,96
s27,d10,frame_0007.jpg,SUCCESS,96,96,0,0,96,96
s27,d10,frame_0008.jpg,SUCCESS,96,96,0,0,96,96
s27,d10,frame_0009.jpg,SUCCESS,96,96,0,0,96,96
s27,d10,frame_0010.jpg,SUCCESS,96,96,0,0,96,96
s27,d10,frame_0011.jpg,SUCCESS,96,96,0,0,96,96
s27,d10,frame_0012.jpg,SUCCESS,96,96,0,0,96,96
s27,d10,frame_0013.jpg,SUCCESS,96,96,0,0,96,96
s27,d10,frame_0014.jpg,SUCCESS,96,96,0,0,96,96
s27,d10,frame_0015.jpg,SUCCESS,96,96,0,0,96,96
s27,d10,frame_0016.jpg,SUCCESS,96,96,0,0,96,96
s27,d10,frame_0017.jpg,SUCCESS,96,96,0,0,96,96
s27,d10,frame_0018.jpg,SUCCESS,96,96,0,0,96,96
s27,d10,frame_0019.jpg,SUCCESS,96,96,0,0,96,96
s27,d10,frame_0020.jpg,SUCCESS,96,96,0,0,96,96
s27,d10,frame_0021.jpg,SUCCESS,96,96,0,0,96,96
s27,d10,frame_0022.jpg,SUCCESS,96,96,0,0,96,96
s27,d10,frame_0023.jpg,SUCCESS,96,96,0,0,96,96
s27,d10,frame_0024.jpg,SUCCESS,96,96,0,0,96,96
s27,d10,frame_0025.jpg,SUCCESS,96,96,0,0,96,96
s27,d10,frame_0026.jpg,SUCCESS,96,96,0,0,96,96
s27,d10,frame_0027.jpg,SUCCESS,96,96,0,0,96,96
s27,d10,frame_0028.jpg,SUCCESS,96,96,0,0,96,96
s27,d10,frame_0029.jpg,SUCCESS,96,96,0,0,96,96
s27,d2,frame_0001.jpg,SUCCESS,96,96,0,0,96,96
s27,d2,frame_0002.jpg,SUCCESS,96,96,0,0,96,96
s27,d2,frame_0003.jpg,SUCCESS,96,96,0,0,96,96
s27,d2,frame_0004.jpg,SUCCESS,96,96,0,0,96,96
s27,d2,frame_0005.jpg,SUCCESS,96,96,0,0,96,96
s27,d2,frame_0006.jpg,SUCCESS,96,96,0,0,96,96
s27,d2,frame_0007.jpg,SUCCESS,96,96,0,0,96,96
s27,d2,frame_0008.jpg,SUCCESS,96,96,0,0,96,96
s27,d2,frame_0009.jpg,SUCCESS,96,96,0,0,96,96
s27,d2,frame_0010.jpg,SUCCESS,96,96,0,0,96,96
s27,d2,frame_0011.jpg,SUCCESS,96,96,0,0,96,96
s27,d2,frame_0012.jpg,SUCCESS,96,96,0,0,96,96
s27,d2,frame_0013.jpg,SUCCESS,96,96,0,0,96,96
s27,d2,frame_0014.jpg,SUCCESS,96,96,0,0,96,96
s27,d2,frame_0015.jpg,SUCCESS,96,96,0,0,96,96
s27,d2,frame_0016.jpg,SUCCESS,96,96,0,0,96,96
s27,d2,frame_0017.jpg,SUCCESS,96,96,0,0,96,96
s27,d2,frame_0018.jpg,SUCCESS,96,96,0,0,96,96
s27,d2,frame_0019.jpg,SUCCESS,96,96,0,0,96,96
s27,d2,frame_0020.jpg,SUCCESS,96,96,0,0,96,96
s27,d2,frame_0021.jpg,SUCCESS,96,96,0,0,96,96
s27,d2,frame_0022.jpg,SUCCESS,96,96,0,0,96,96
s27,d2,frame_0023.jpg,SUCCESS,96,96,0,0,96,96
s27,d2,frame_0024.jpg,SUCCESS,96,96,0,0,96,96
s27,d2,frame_0025.jpg,SUCCESS,96,96,0,0,96,96
s27,d2,frame_0026.jpg,SUCCESS,96,96,0,0,96,96
s27,d2,frame_0027.jpg,SUCCESS,96,96,0,0,96,96
s27,d2,frame_0028.jpg,SUCCESS,96,96,0,0,96,96
s27,d2,frame_0029.jpg,SUCCESS,96,96,0,0,96,96
s27,d2,frame_0030.jpg,SUCCESS,96,96,0,0,96,96
s27,d2,frame_0031.jpg,SUCCESS,96,96,0,0,96,96
s27,d2,frame_0032.jpg,SUCCESS,96,96,0,0,96,96
s27,d2,frame_0033.jpg,SUCCESS,96,96,0,0,96,96
s27,d2,frame_0034.jpg,SUCCESS,96,96,0,0,96,96
s27,d2,frame_0035.jpg,SUCCESS,96,96,0,0,96,96
s27,d2,frame_0036.jpg,SUCCESS,96,96,0,0,96,96
s27,d2,frame_0037.jpg,SUCCESS,96,96,0,0,96,96
s27,d3,frame_0001.jpg,SUCCESS,96,96,0,0,96,96
s27,d3,frame_0002.jpg,SUCCESS,96,96,0,0,96,96
s27,d3,frame_0003.jpg,SUCCESS,96,96,0,0,96,96
s27,d3,frame_0004.jpg,SUCCESS,96,96,0,0,96,96
s27,d3,frame_0005.jpg,SUCCESS,96,96,0,0,96,96
s27,d3,frame_0006.jpg,SUCCESS,96,96,0,0,96,96
s27,d3,frame_0007.jpg,SUCCESS,96,96,0,0,96,96
s27,d3,frame_0008.jpg,SUCCESS,96,96,0,0,96,96
s27,d3,frame_0009.jpg,SUCCESS,96,96,0,0,96,96
s27,d3,frame_0010.jpg,SUCCESS,96,96,0,0,96,96
s27,d3,frame_0011.jpg,SUCCESS,96,96,0,0,96,96
s27,d3,frame_0012.jpg,SUCCESS,96,96,0,0,96,96
s27,d3,frame_0013.jpg,SUCCESS,96,96,0,0,96,96
s27,d3,frame_0014.jpg,SUCCESS,96,96,0,0,96,96
s27,d3,frame_0015.jpg,SUCCESS,96,96,0,0,96,96
s27,d3,frame_0016.jpg,SUCCESS,96,96,0,0,96,96
s27,d3,frame_0017.jpg,SUCCESS,96,96,0,0,96,96
s27,d3,frame_0018.jpg,SUCCESS,96,96,0,0,96,96
s27,d3,frame_0019.jpg,SUCCESS,96,96,0,0,96,96
s27,d3,frame_0020.jpg,SUCCESS,96,96,0,0,96,96
s27,d3,frame_0021.jpg,SUCCESS,96,96,0,0,96,96
s27,d3,frame_0022.jpg,SUCCESS,96,96,0,0,96,96
s27,d3,frame_0023.jpg,SUCCESS,96,96,0,0,96,96
s27,d3,frame_0024.jpg,SUCCESS,96,96,0,0,96,96
s27,d3,frame_0025.jpg,SUCCESS,96,96,0,0,96,96
s27,d3,frame_0026.jpg,SUCCESS,96,96,0,0,96,96
s27,d3,frame_0027.jpg,SUCCESS,96,96,0,0,96,96
s27,d3,frame_0028.jpg,SUCCESS,96,96,0,0,96,96
s27,d3,frame_0029.jpg,SUCCESS,96,96,0,0,96,96
s27,d4,frame_0001.jpg,SUCCESS,96,96,0,0,96,96
s27,d4,frame_0002.jpg,SUCCESS,96,96,0,0,96,96
s27,d4,frame_0003.jpg,SUCCESS,96,96,0,0,96,96
s27,d4,frame_0004.jpg,SUCCESS,96,96,0,0,96,96
s27,d4,frame_0005.jpg,SUCCESS,96,96,0,0,96,96
s27,d4,frame_0006.jpg,SUCCESS,96,96,0,0,96,96
s27,d4,frame_0007.jpg,SUCCESS,96,96,0,0,96,96
s27,d4,frame_0008.jpg,SUCCESS,96,96,0,0,96,96
s27,d4,frame_0009.jpg,SUCCESS,96,96,0,0,96,96
s27,d4,frame_0010.jpg,SUCCESS,96,96,0,0,96,96
s27,d4,frame_0011.jpg,SUCCESS,96,96,0,0,96,96
s27,d4,frame_0012.jpg,SUCCESS,96,96,0,0,96,96
s27,d4,frame_0013.jpg,SUCCESS,96,96,0,0,96,96
s27,d4,frame_0014.jpg,SUCCESS,96,96,0,0,96,96
s27,d4,frame_0015.jpg,SUCCESS,96,96,0,0,96,96
s27,d4,frame_0016.jpg,SUCCESS,96,96,0,0,96,96
s27,d4,frame_0017.jpg,SUCCESS,96,96,0,0,96,96
s27,d4,frame_0018.jpg,SUCCESS,96,96,0,0,96,96
s27,d4,frame_0019.jpg,SUCCESS,96,96,0,0,96,96
s27,d4,frame_0020.jpg,SUCCESS,96,96,0,0,96,96
s27,d4,frame_0021.jpg,SUCCESS,96,96,0,0,96,96
s27,d4,frame_0022.jpg,SUCCESS,96,96,0,0,96,96
s27,d4,frame_0023.jpg,SUCCESS,96,96,0,0,96,96
s27,d4,frame_0024.jpg,SUCCESS,96,96,0,0,96,96
s27,d4,frame_0025.jpg,SUCCESS,96,96,0,0,96,96
s27,d4,frame_0026.jpg,SUCCESS,96,96,0,0,96,96
s27,d4,frame_0027.jpg,SUCCESS,96,96,0,0,96,96
s27,d4,frame_0028.jpg,SUCCESS,96,96,0,0,96,96
s27,d4,frame_0029.jpg,SUCCESS,96,96,0,0,96,96
s27,d4,frame_0030.jpg,SUCCESS,96,96,0,0,96,96
s27,d4,frame_0031.jpg,SUCCESS,96,96,0,0,96,96
s27,d4,frame_0032.jpg,SUCCESS,96,96,0,0,96,96
s27,d4,frame_0033.jpg,SUCCESS,96,96,0,0,96,96
s27,d4,frame_0034.jpg,SUCCESS,96,96,0,0,96,96
s27,d4,frame_0035.jpg,SUCCESS,96,96,0,0,96,96
s27,d4,frame_0036.jpg,SUCCESS,96,96,0,0,96,96
s27,d4,frame_0037.jpg,SUCCESS,96,96,0,0,96,96
s27,d4,frame_0038.jpg,SUCCESS,96,96,0,0,96,96
s27,d5,frame_0001.jpg,SUCCESS,96,96,0,0,96,96
s27,d5,frame_0002.jpg,SUCCESS,96,96,0,0,96,96
s27,d5,frame_0003.jpg,SUCCESS,96,96,0,0,96,96
s27,d5,frame_0004.jpg,SUCCESS,96,96,0,0,96,96
s27,d5,frame_0005.jpg,SUCCESS,96,96,0,0,96,96
s27,d5,frame_0006.jpg,SUCCESS,96,96,0,0,96,96
s27,d5,frame_0007.jpg,SUCCESS,96,96,0,0,96,96
s27,d5,frame_0008.jpg,SUCCESS,96,96,0,0,96,96
s27,d5,frame_0009.jpg,SUCCESS,96,96,0,0,96,96
s27,d5,frame_0010.jpg,SUCCESS,96,96,0,0,96,96
s27,d5,frame_0011.jpg,SUCCESS,96,96,0,0,96,96
s27,d5,frame_0012.jpg,SUCCESS,96,96,0,0,96,96
s27,d5,frame_0013.jpg,SUCCESS,96,96,0,0,96,96
s27,d5,frame_0014.jpg,SUCCESS,96,96,0,0,96,96
s27,d5,frame_0015.jpg,SUCCESS,96,96,0,0,96,96
s27,d5,frame_0016.jpg,SUCCESS,96,96,0,0,96,96
s27,d5,frame_0017.jpg,SUCCESS,96,96,0,0,96,96
s27,d5,frame_0018.jpg,SUCCESS,96,96,0,0,96,96
s27,d5,frame_0019.jpg,SUCCESS,96,96,0,0,96,96
s27,d5,frame_0020.jpg,SUCCESS,96,96,0,0,96,96
s27,d5,frame_0021.jpg,SUCCESS,96,96,0,0,96,96
s27,d5,frame_0022.jpg,SUCCESS,96,96,0,0,96,96
s27,d5,frame_0023.jpg,SUCCESS,96,96,0,0,96,96
s27,d5,frame_0024.jpg,SUCCESS,96,96,0,0,96,96
s27,d5,frame_0025.jpg,SUCCESS,96,96,0,0,96,96
s27,d5,frame_0026.jpg,SUCCESS,96,96,0,0,96,96
s27,d5,frame_0027.jpg,SUCCESS,96,96,0,0,96,96
s27,d5,frame_0028.jpg,SUCCESS,96,96,0,0,96,96
s27,d5,frame_0029.jpg,SUCCESS,96,96,0,0,96,96
s27,d5,frame_0030.jpg,SUCCESS,96,96,0,0,96,96
s27,d5,frame_0031.jpg,SUCCESS,96,96,0,0,96,96
s27,d5,frame_0032.jpg,SUCCESS,96,96,0,0,96,96
s27,d6,frame_0001.jpg,SUCCESS,96,96,0,0,96,96
s27,d6,frame_0002.jpg,SUCCESS,96,96,0,0,96,96
s27,d6,frame_0003.jpg,SUCCESS,96,96,0,0,96,96
s27,d6,frame_0004.jpg,SUCCESS,96,96,0,0,96,96
s27,d6,frame_0005.jpg,SUCCESS,96,96,0,0,96,96
s27,d6,frame_0006.jpg,SUCCESS,96,96,0,0,96,96
s27,d6,frame_0007.jpg,SUCCESS,96,96,0,0,96,96
s27,d6,frame_0008.jpg,SUCCESS,96,96,0,0,96,96
s27,d6,frame_0009.jpg,SUCCESS,96,96,0,0,96,96
s27,d6,frame_0010.jpg,SUCCESS,96,96,0,0,96,96
s27,d6,frame_0011.jpg,SUCCESS,96,96,0,0,96,96
s27,d6,frame_0012.jpg,SUCCESS,96,96,0,0,96,96
s27,d6,frame_0013.jpg,SUCCESS,96,96,0,0,96,96
s27,d6,frame_0014.jpg,SUCCESS,96,96,0,0,96,96
s27,d6,frame_0015.jpg,SUCCESS,96,96,0,0,96,96
s27,d6,frame_0016.jpg,SUCCESS,96,96,0,0,96,96
s27,d6,frame_0017.jpg,SUCCESS,96,96,0,0,96,96
s27,d6,frame_0018.jpg,SUCCESS,96,96,0,0,96,96
s27,d6,frame_0019.jpg,SUCCESS,96,96,0,0,96,96
s27,d6,frame_0020.jpg,SUCCESS,96,96,0,0,96,96
s27,d6,frame_0021.jpg,SUCCESS,96,96,0,0,96,96
s27,d6,frame_0022.jpg,SUCCESS,96,96,0,0,96,96
s27,d6,frame_0023.jpg,SUCCESS,96,96,0,0,96,96
s27,d6,frame_0024.jpg,SUCCESS,96,96,0,0,96,96
s27,d6,frame_0025.jpg,SUCCESS,96,96,0,0,96,96
s27,d6,frame_0026.jpg,SUCCESS,96,96,0,0,96,96
s27,d6,frame_0027.jpg,SUCCESS,96,96,0,0,96,96
s27,d6,frame_0028.jpg,SUCCESS,96,96,0,0,96,96
s27,d6,frame_0029.jpg,SUCCESS,96,96,0,0,96,96
s27,d6,frame_0030.jpg,SUCCESS,96,96,0,0,96,96
s27,d6,frame_0031.jpg,SUCCESS,96,96,0,0,96,96
s27,d6,frame_0032.jpg,SUCCESS,96,96,0,0,96,96
s27,d6,frame_0033.jpg,SUCCESS,96,96,0,0,96,96
s27,d6,frame_0034.jpg,SUCCESS,96,96,0,0,96,96
s27,d6,frame_0035.jpg,SUCCESS,96,96,0,0,96,96
s27,d6,frame_0036.jpg,SUCCESS,96,96,0,0,96,96
s27,d6,frame_0037.jpg,SUCCESS,96,96,0,0,96,96
s27,d6,frame_0038.jpg,SUCCESS,96,96,0,0,96,96
s27,d7,frame_0001.jpg,SUCCESS,96,96,0,0,96,96
s27,d7,frame_0002.jpg,SUCCESS,96,96,0,0,96,96
s27,d7,frame_0003.jpg,SUCCESS,96,96,0,0,96,96
s27,d7,frame_0004.jpg,SUCCESS,96,96,0,0,96,96
s27,d7,frame_0005.jpg,SUCCESS,96,96,0,0,96,96
s27,d7,frame_0006.jpg,SUCCESS,96,96,0,0,96,96
s27,d7,frame_0007.jpg,SUCCESS,96,96,0,0,96,96
s27,d7,frame_0008.jpg,SUCCESS,96,96,0,0,96,96
s27,d7,frame_0009.jpg,SUCCESS,96,96,0,0,96,96
s27,d7,frame_0010.jpg,SUCCESS,96,96,0,0,96,96
s27,d7,frame_0011.jpg,SUCCESS,96,96,0,0,96,96
s27,d7,frame_0012.jpg,SUCCESS,96,96,0,0,96,96
s27,d7,frame_0013.jpg,SUCCESS,96,96,0,0,96,96
s27,d7,frame_0014.jpg,SUCCESS,96,96,0,0,96,96
s27,d7,frame_0015.jpg,SUCCESS,96,96,0,0,96,96
s27,d7,frame_0016.jpg,SUCCESS,96,96,0,0,96,96
s27,d7,frame_0017.jpg,SUCCESS,96,96,0,0,96,96
s27,d7,frame_0018.jpg,SUCCESS,96,96,0,0,96,96
s27,d7,frame_0019.jpg,SUCCESS,96,96,0,0,96,96
s27,d7,frame_0020.jpg,SUCCESS,96,96,0,0,96,96
s27,d7,frame_0021.jpg,SUCCESS,96,96,0,0,96,96
s27,d7,frame_0022.jpg,SUCCESS,96,96,0,0,96,96
s27,d7,frame_0023.jpg,SUCCESS,96,96,0,0,96,96
s27,d7,frame_0024.jpg,SUCCESS,96,96,0,0,96,96
s27,d7,frame_0025.jpg,SUCCESS,96,96,0,0,96,96
s27,d7,frame_0026.jpg,SUCCESS,96,96,0,0,96,96
s27,d7,frame_0027.jpg,SUCCESS,96,96,0,0,96,96
s27,d7,frame_0028.jpg,SUCCESS,96,96,0,0,96,96
s27,d7,frame_0029.jpg,SUCCESS,96,96,0,0,96,96
s27,d7,frame_0030.jpg,SUCCESS,96,96,0,0,96,96
s27,d7,frame_0031.jpg,SUCCESS,96,96,0,0,96,96
s27,d7,frame_0032.jpg,SUCCESS,96,96,0,0,96,96
s27,d7,frame_0033.jpg,SUCCESS,96,96,0,0,96,96
s27,d7,frame_0034.jpg,SUCCESS,96,96,0,0,96,96
s27,d7,frame_0035.jpg,SUCCESS,96,96,0,0,96,96
s27,d7,frame_0036.jpg,SUCCESS,96,96,0,0,96,96
s27,d7,frame_0037.jpg,SUCCESS,96,96,0,0,96,96
s27,d7,frame_0038.jpg,SUCCESS,96,96,0,0,96,96
s27,d7,frame_0039.jpg,SUCCESS,96,96,0,0,96,96
s27,d7,frame_0040.jpg,SUCCESS,96,96,0,0,96,96
s27,d7,frame_0041.jpg,SUCCESS,96,96,0,0,96,96
s27,d7,frame_0042.jpg,SUCCESS,96,96,0,0,96,96
s27,d7,frame_0043.jpg,SUCCESS,96,96,0,0,96,96
s27,d7,frame_0044.jpg,SUCCESS,96,96,0,0,96,96
s27,d7,frame_0045.jpg,SUCCESS,96,96,0,0,96,96
s27,d8,frame_0001.jpg,SUCCESS,96,96,0,0,96,96
s27,d8,frame_0002.jpg,SUCCESS,96,96,0,0,96,96
s27,d8,frame_0003.jpg,SUCCESS,96,96,0,0,96,96
s27,d8,frame_0004.jpg,SUCCESS,96,96,0,0,96,96
s27,d8,frame_0005.jpg,SUCCESS,96,96,0,0,96,96
s27,d8,frame_0006.jpg,SUCCESS,96,96,0,0,96,96
s27,d8,frame_0007.jpg,SUCCESS,96,96,0,0,96,96
s27,d8,frame_0008.jpg,SUCCESS,96,96,0,0,96,96
s27,d8,frame_0009.jpg,SUCCESS,96,96,0,0,96,96
s27,d8,frame_0010.jpg,SUCCESS,96,96,0,0,96,96
s27,d8,frame_0011.jpg,SUCCESS,96,96,0,0,96,96
s27,d8,frame_0012.jpg,SUCCESS,96,96,0,0,96,96
s27,d8,frame_0013.jpg,SUCCESS,96,96,0,0,96,96
s27,d8,frame_0014.jpg,SUCCESS,96,96,0,0,96,96
s27,d8,frame_0015.jpg,SUCCESS,96,96,0,0,96,96
s27,d8,frame_0016.jpg,SUCCESS,96,96,0,0,96,96
s27,d8,frame_0017.jpg,SUCCESS,96,96,0,0,96,96
s27,d8,frame_0018.jpg,SUCCESS,96,96,0,0,96,96
s27,d8,frame_0019.jpg,SUCCESS,96,96,0,0,96,96
s27,d8,frame_0020.jpg,SUCCESS,96,96,0,0,96,96
s27,d8,frame_0021.jpg,SUCCESS,96,96,0,0,96,96
s27,d8,frame_0022.jpg,SUCCESS,96,96,0,0,96,96
s27,d8,frame_0023.jpg,SUCCESS,96,96,0,0,96,96
s27,d8,frame_0024.jpg,SUCCESS,96,96,0,0,96,96
s27,d8,frame_0025.jpg,SUCCESS,96,96,0,0,96,96
s27,d8,frame_0026.jpg,SUCCESS,96,96,0,0,96,96
s27,d8,frame_0027.jpg,SUCCESS,96,96,0,0,96,96
s27,d8,frame_0028.jpg,SUCCESS,96,96,0,0,96,96
s27,d8,frame_0029.jpg,SUCCESS,96,96,0,0,96,96
s27,d8,frame_0030.jpg,SUCCESS,96,96,0,0,96,96
s27,d8,frame_0031.jpg,SUCCESS,96,96,0,0,96,96
s27,d8,frame_0032.jpg,SUCCESS,96,96,0,0,96,96
s27,d9,frame_0001.jpg,SUCCESS,96,96,0,0,96,96
s27,d9,frame_0002.jpg,SUCCESS,96,96,0,0,96,96
s27,d9,frame_0003.jpg,SUCCESS,96,96,0,0,96,96
s27,d9,frame_0004.jpg,SUCCESS,96,96,0,0,96,96
s27,d9,frame_0005.jpg,SUCCESS,96,96,0,0,96,96
s27,d9,frame_0006.jpg,SUCCESS,96,96,0,0,96,96
s27,d9,frame_0007.jpg,SUCCESS,96,96,0,0,96,96
s27,d9,frame_0008.jpg,SUCCESS,96,96,0,0,96,96
s27,d9,frame_0009.jpg,SUCCESS,96,96,0,0,96,96
s27,d9,frame_0010.jpg,SUCCESS,96,96,0,0,96,96
s27,d9,frame_0011.jpg,SUCCESS,96,96,0,0,96,96
s27,d9,frame_0012.jpg,SUCCESS,96,96,0,0,96,96
s27,d9,frame_0013.jpg,SUCCESS,96,96,0,0,96,96
s27,d9,frame_0014.jpg,SUCCESS,96,96,0,0,96,96
s27,d9,frame_0015.jpg,SUCCESS,96,96,0,0,96,96
s27,d9,frame_0016.jpg,SUCCESS,96,96,0,0,96,96
s27,d9,frame_0017.jpg,SUCCESS,96,96,0,0,96,96
s27,d9,frame_0018.jpg,SUCCESS,96,96,0,0,96,96
s27,d9,frame_0019.jpg,SUCCESS,96,96,0,0,96,96
s27,d9,frame_0020.jpg,SUCCESS,96,96,0,0,96,96
s27,d9,frame_0021.jpg,SUCCESS,96,96,0,0,96,96
s27,d9,frame_0022.jpg,SUCCESS,96,96,0,0,96,96
s27,d9,frame_0023.jpg,SUCCESS,96,96,0,0,96,96
s27,d9,frame_0024.jpg,SUCCESS,96,96,0,0,96,96
s27,d9,frame_0025.jpg,SUCCESS,96,96,0,0,96,96
s27,d9,frame_0026.jpg,SUCCESS,96,96,0,0,96,96
s27,d9,frame_0027.jpg,SUCCESS,96,96,0,0,96,96
s27,d9,frame_0028.jpg,SUCCESS,96,96,0,0,96,96
s27,d9,frame_0029.jpg,SUCCESS,96,96,0,0,96,96
s28,d0,frame_0001.jpg,SUCCESS,96,96,0,0,96,96
s28,d0,frame_0002.jpg,SUCCESS,96,96,0,0,96,96
s28,d0,frame_0003.jpg,SUCCESS,96,96,0,0,96,96
s28,d0,frame_0004.jpg,SUCCESS,96,96,0,0,96,96
s28,d0,frame_0005.jpg,SUCCESS,96,96,0,0,96,96
s28,d0,frame_0006.jpg,SUCCESS,96,96,0,0,96,96
s28,d0,frame_0007.jpg,SUCCESS,96,96,0,0,96,96
s28,d0,frame_0008.jpg,SUCCESS,96,96,0,0,96,96
s28,d0,frame_0009.jpg,SUCCESS,96,96,0,0,96,96
s28,d0,frame_0010.jpg,SUCCESS,96,96,0,0,96,96
s28,d0,frame_0011.jpg,SUCCESS,96,96,0,0,96,96
s28,d0,frame_0012.jpg,SUCCESS,96,96,0,0,96,96
s28,d0,frame_0013.jpg,SUCCESS,96,96,0,0,96,96
s28,d0,frame_0014.jpg,SUCCESS,96,96,0,0,96,96
s28,d0,frame_0015.jpg,SUCCESS,96,96,0,0,96,96
s28,d0,frame_0016.jpg,SUCCESS,96,96,0,0,96,96
s28,d0,frame_0017.jpg,SUCCESS,96,96,0,0,96,96
s28,d0,frame_0018.jpg,SUCCESS,96,96,0,0,96,96
s28,d0,frame_0019.jpg,SUCCESS,96,96,0,0,96,96
s28,d0,frame_0020.jpg,SUCCESS,96,96,0,0,96,96
s28,d0,frame_0021.jpg,SUCCESS,96,96,0,0,96,96
s28,d0,frame_0022.jpg,SUCCESS,96,96,0,0,96,96
s28,d0,frame_0023.jpg,SUCCESS,96,96,0,0,96,96
s28,d1,frame_0001.jpg,SUCCESS,96,96,0,0,96,96
s28,d1,frame_0002.jpg,SUCCESS,96,96,0,0,96,96
s28,d1,frame_0003.jpg,SUCCESS,96,96,0,0,96,96
s28,d1,frame_0004.jpg,SUCCESS,96,96,0,0,96,96
s28,d1,frame_0005.jpg,SUCCESS,96,96,0,0,96,96
s28,d1,frame_0006.jpg,SUCCESS,96,96,0,0,96,96
s28,d1,frame_0007.jpg,SUCCESS,96,96,0,0,96,96
s28,d1,frame_0008.jpg,SUCCESS,96,96,0,0,96,96
s28,d1,frame_0009.jpg,SUCCESS,96,96,0,0,96,96
s28,d1,frame_0010.jpg,SUCCESS,96,96,0,0,96,96
s28,d1,frame_0011.jpg,SUCCESS,96,96,0,0,96,96
s28,d1,frame_0012.jpg,SUCCESS,96,96,0,0,96,96
s28,d1,frame_0013.jpg,SUCCESS,96,96,0,0,96,96
s28,d1,frame_0014.jpg,SUCCESS,96,96,0,0,96,96
s28,d1,frame_0015.jpg,SUCCESS,96,96,0,0,96,96
s28,d1,frame_0016.jpg,SUCCESS,96,96,0,0,96,96
s28,d1,frame_0017.jpg,SUCCESS,96,96,0,0,96,96
s28,d1,frame_0018.jpg,SUCCESS,96,96,0,0,96,96
s28,d1,frame_0019.jpg,SUCCESS,96,96,0,0,96,96
s28,d1,frame_0020.jpg,SUCCESS,96,96,0,0,96,96
s28,d1,frame_0021.jpg,SUCCESS,96,96,0,0,96,96
s28,d1,frame_0022.jpg,SUCCESS,96,96,0,0,96,96
s28,d1,frame_0023.jpg,SUCCESS,96,96,0,0,96,96
s28,d1,frame_0024.jpg,SUCCESS,96,96,0,0,96,96
s28,d1,frame_0025.jpg,SUCCESS,96,96,0,0,96,96
s28,d1,frame_0026.jpg,SUCCESS,96,96,0,0,96,96
s28,d1,frame_0027.jpg,SUCCESS,96,96,0,0,96,96
s28,d1,frame_0028.jpg,SUCCESS,96,96,0,0,96,96
s28,d1,frame_0029.jpg,SUCCESS,96,96,0,0,96,96
s28,d1,frame_0030.jpg,SUCCESS,96,96,0,0,96,96
s28,d1,frame_0031.jpg,SUCCESS,96,96,0,0,96,96
s28,d1,frame_0032.jpg,SUCCESS,96,96,0,0,96,96
s28,d1,frame_0033.jpg,SUCCESS,96,96,0,0,96,96
s28,d1,frame_0034.jpg,SUCCESS,96,96,0,0,96,96
s28,d1,frame_0035.jpg,SUCCESS,96,96,0,0,96,96
s28,d10,frame_0001.jpg,SUCCESS,96,96,0,0,96,96
s28,d10,frame_0002.jpg,SUCCESS,96,96,0,0,96,96
s28,d10,frame_0003.jpg,SUCCESS,96,96,0,0,96,96
s28,d10,frame_0004.jpg,SUCCESS,96,96,0,0,96,96
s28,d10,frame_0005.jpg,SUCCESS,96,96,0,0,96,96
s28,d10,frame_0006.jpg,SUCCESS,96,96,0,0,96,96
s28,d10,frame_0007.jpg,SUCCESS,96,96,0,0,96,96
s28,d10,frame_0008.jpg,SUCCESS,96,96,0,0,96,96
s28,d10,frame_0009.jpg,SUCCESS,96,96,0,0,96,96
s28,d10,frame_0010.jpg,SUCCESS,96,96,0,0,96,96
s28,d10,frame_0011.jpg,SUCCESS,96,96,0,0,96,96
s28,d10,frame_0012.jpg,SUCCESS,96,96,0,0,96,96
s28,d10,frame_0013.jpg,SUCCESS,96,96,0,0,96,96
s28,d10,frame_0014.jpg,SUCCESS,96,96,0,0,96,96
s28,d10,frame_0015.jpg,SUCCESS,96,96,0,0,96,96
s28,d10,frame_0016.jpg,SUCCESS,96,96,0,0,96,96
s28,d10,frame_0017.jpg,SUCCESS,96,96,0,0,96,96
s28,d10,frame_0018.jpg,SUCCESS,96,96,0,0,96,96
s28,d10,frame_0019.jpg,SUCCESS,96,96,0,0,96,96
s28,d10,frame_0020.jpg,SUCCESS,96,96,0,0,96,96
s28,d10,frame_0021.jpg,SUCCESS,96,96,0,0,96,96
s28,d10,frame_0022.jpg,SUCCESS,96,96,0,0,96,96
s28,d10,frame_0023.jpg,SUCCESS,96,96,0,0,96,96
s28,d10,frame_0024.jpg,SUCCESS,96,96,0,0,96,96
s28,d10,frame_0025.jpg,SUCCESS,96,96,0,0,96,96
s28,d10,frame_0026.jpg,SUCCESS,96,96,0,0,96,96
s28,d10,frame_0027.jpg,SUCCESS,96,96,0,0,96,96
s28,d10,frame_0028.jpg,SUCCESS,96,96,0,0,96,96
s28,d10,frame_0029.jpg,SUCCESS,96,96,0,0,96,96
s28,d10,frame_0030.jpg,SUCCESS,96,96,0,0,96,96
s28,d10,frame_0031.jpg,SUCCESS,96,96,0,0,96,96
s28,d10,frame_0032.jpg,SUCCESS,96,96,0,0,96,96
s28,d10,frame_0033.jpg,SUCCESS,96,96,0,0,96,96
s28,d10,frame_0034.jpg,SUCCESS,96,96,0,0,96,96
s28,d10,frame_0035.jpg,SUCCESS,96,96,0,0,96,96
s28,d10,frame_0036.jpg,SUCCESS,96,96,0,0,96,96
s28,d10,frame_0037.jpg,SUCCESS,96,96,0,0,96,96
s28,d10,frame_0038.jpg,SUCCESS,96,96,0,0,96,96
s28,d2,frame_0001.jpg,SUCCESS,96,96,0,0,96,96
s28,d2,frame_0002.jpg,SUCCESS,96,96,0,0,96,96
s28,d2,frame_0003.jpg,SUCCESS,96,96,0,0,96,96
s28,d2,frame_0004.jpg,SUCCESS,96,96,0,0,96,96
s28,d2,frame_0005.jpg,SUCCESS,96,96,0,0,96,96
s28,d2,frame_0006.jpg,SUCCESS,96,96,0,0,96,96
s28,d2,frame_0007.jpg,SUCCESS,96,96,0,0,96,96
s28,d2,frame_0008.jpg,SUCCESS,96,96,0,0,96,96
s28,d2,frame_0009.jpg,SUCCESS,96,96,0,0,96,96
s28,d2,frame_0010.jpg,SUCCESS,96,96,0,0,96,96
s28,d2,frame_0011.jpg,SUCCESS,96,96,0,0,96,96
s28,d2,frame_0012.jpg,SUCCESS,96,96,0,0,96,96
s28,d2,frame_0013.jpg,SUCCESS,96,96,0,0,96,96
s28,d2,frame_0014.jpg,SUCCESS,96,96,0,0,96,96
s28,d2,frame_0015.jpg,SUCCESS,96,96,0,0,96,96
s28,d2,frame_0016.jpg,SUCCESS,96,96,0,0,96,96
s28,d2,frame_0017.jpg,SUCCESS,96,96,0,0,96,96
s28,d2,frame_0018.jpg,SUCCESS,96,96,0,0,96,96
s28,d2,frame_0019.jpg,SUCCESS,96,96,0,0,96,96
s28,d2,frame_0020.jpg,SUCCESS,96,96,0,0,96,96
s28,d2,frame_0021.jpg,SUCCESS,96,96,0,0,96,96
s28,d2,frame_0022.jpg,SUCCESS,96,96,0,0,96,96
s28,d2,frame_0023.jpg,SUCCESS,96,96,0,0,96,96
s28,d2,frame_0024.jpg,SUCCESS,96,96,0,0,96,96
s28,d2,frame_0025.jpg,SUCCESS,96,96,0,0,96,96
s28,d2,frame_0026.jpg,SUCCESS,96,96,0,0,96,96
s28,d2,frame_0027.jpg,SUCCESS,96,96,0,0,96,96
s28,d2,frame_0028.jpg,SUCCESS,96,96,0,0,96,96
s28,d2,frame_0029.jpg,SUCCESS,96,96,0,0,96,96
s28,d2,frame_0030.jpg,SUCCESS,96,96,0,0,96,96
s28,d2,frame_0031.jpg,SUCCESS,96,96,0,0,96,96
s28,d2,frame_0032.jpg,SUCCESS,96,96,0,0,96,96
s28,d2,frame_0033.jpg,SUCCESS,96,96,0,0,96,96
s28,d2,frame_0034.jpg,SUCCESS,96,96,0,0,96,96
s28,d2,frame_0035.jpg,SUCCESS,96,96,0,0,96,96
s28,d2,frame_0036.jpg,SUCCESS,96,96,0,0,96,96
s28,d2,frame_0037.jpg,SUCCESS,96,96,0,0,96,96
s28,d2,frame_0038.jpg,SUCCESS,96,96,0,0,96,96
s28,d2,frame_0039.jpg,SUCCESS,96,96,0,0,96,96
s28,d2,frame_0040.jpg,SUCCESS,96,96,0,0,96,96
s28,d2,frame_0041.jpg,SUCCESS,96,96,0,0,96,96
s28,d2,frame_0042.jpg,SUCCESS,96,96,0,0,96,96
s28,d2,frame_0043.jpg,SUCCESS,96,96,0,0,96,96
s28,d2,frame_0044.jpg,SUCCESS,96,96,0,0,96,96
s28,d2,frame_0045.jpg,SUCCESS,96,96,0,0,96,96
s28,d2,frame_0046.jpg,SUCCESS,96,96,0,0,96,96
s28,d2,frame_0047.jpg,SUCCESS,96,96,0,0,96,96
s28,d2,frame_0048.jpg,SUCCESS,96,96,0,0,96,96
s28,d2,frame_0049.jpg,SUCCESS,96,96,0,0,96,96
s28,d2,frame_0050.jpg,SUCCESS,96,96,0,0,96,96
s28,d2,frame_0051.jpg,SUCCESS,96,96,0,0,96,96
s28,d2,frame_0052.jpg,SUCCESS,96,96,0,0,96,96
s28,d2,frame_0053.jpg,SUCCESS,96,96,0,0,96,96
s28,d2,frame_0054.jpg,SUCCESS,96,96,0,0,96,96
s28,d2,frame_0055.jpg,SUCCESS,96,96,0,0,96,96
s28,d3,frame_0001.jpg,SUCCESS,96,96,0,0,96,96
s28,d3,frame_0002.jpg,SUCCESS,96,96,0,0,96,96
s28,d3,frame_0003.jpg,SUCCESS,96,96,0,0,96,96
s28,d3,frame_0004.jpg,SUCCESS,96,96,0,0,96,96
s28,d3,frame_0005.jpg,SUCCESS,96,96,0,0,96,96
s28,d3,frame_0006.jpg,SUCCESS,96,96,0,0,96,96
s28,d3,frame_0007.jpg,SUCCESS,96,96,0,0,96,96
s28,d3,frame_0008.jpg,SUCCESS,96,96,0,0,96,96
s28,d3,frame_0009.jpg,SUCCESS,96,96,0,0,96,96
s28,d3,frame_0010.jpg,SUCCESS,96,96,0,0,96,96
s28,d3,frame_0011.jpg,SUCCESS,96,96,0,0,96,96
s28,d3,frame_0012.jpg,SUCCESS,96,96,0,0,96,96
s28,d3,frame_0013.jpg,SUCCESS,96,96,0,0,96,96
s28,d3,frame_0014.jpg,SUCCESS,96,96,0,0,96,96
s28,d3,frame_0015.jpg,SUCCESS,96,96,0,0,96,96
s28,d3,frame_0016.jpg,SUCCESS,96,96,0,0,96,96
s28,d3,frame_0017.jpg,SUCCESS,96,96,0,0,96,96
s28,d3,frame_0018.jpg,SUCCESS,96,96,0,0,96,96
s28,d3,frame_0019.jpg,SUCCESS,96,96,0,0,96,96
s28,d3,frame_0020.jpg,SUCCESS,96,96,0,0,96,96
s28,d3,frame_0021.jpg,SUCCESS,96,96,0,0,96,96
s28,d3,frame_0022.jpg,SUCCESS,96,96,0,0,96,96
s28,d3,frame_0023.jpg,SUCCESS,96,96,0,0,96,96
s28,d3,frame_0024.jpg,SUCCESS,96,96,0,0,96,96
s28,d3,frame_0025.jpg,SUCCESS,96,96,0,0,96,96
s28,d3,frame_0026.jpg,SUCCESS,96,96,0,0,96,96
s28,d3,frame_0027.jpg,SUCCESS,96,96,0,0,96,96
s28,d3,frame_0028.jpg,SUCCESS,96,96,0,0,96,96
s28,d3,frame_0029.jpg,SUCCESS,96,96,0,0,96,96
s28,d3,frame_0030.jpg,SUCCESS,96,96,0,0,96,96
s28,d3,frame_0031.jpg,SUCCESS,96,96,0,0,96,96
s28,d3,frame_0032.jpg,SUCCESS,96,96,0,0,96,96
s28,d3,frame_0033.jpg,SUCCESS,96,96,0,0,96,96
s28,d3,frame_0034.jpg,SUCCESS,96,96,0,0,96,96
s28,d3,frame_0035.jpg,SUCCESS,96,96,0,0,96,96
s28,d4,frame_0001.jpg,SUCCESS,96,96,0,0,96,96
s28,d4,frame_0002.jpg,SUCCESS,96,96,0,0,96,96
s28,d4,frame_0003.jpg,SUCCESS,96,96,0,0,96,96
s28,d4,frame_0004.jpg,SUCCESS,96,96,0,0,96,96
s28,d4,frame_0005.jpg,SUCCESS,96,96,0,0,96,96
s28,d4,frame_0006.jpg,SUCCESS,96,96,0,0,96,96
s28,d4,frame_0007.jpg,SUCCESS,96,96,0,0,96,96
s28,d4,frame_0008.jpg,SUCCESS,96,96,0,0,96,96
s28,d4,frame_0009.jpg,SUCCESS,96,96,0,0,96,96
s28,d4,frame_0010.jpg,SUCCESS,96,96,0,0,96,96
s28,d4,frame_0011.jpg,SUCCESS,96,96,0,0,96,96
s28,d4,frame_0012.jpg,SUCCESS,96,96,0,0,96,96
s28,d4,frame_0013.jpg,SUCCESS,96,96,0,0,96,96
s28,d4,frame_0014.jpg,SUCCESS,96,96,0,0,96,96
s28,d4,frame_0015.jpg,SUCCESS,96,96,0,0,96,96
s28,d4,frame_0016.jpg,SUCCESS,96,96,0,0,96,96
s28,d4,frame_0017.jpg,SUCCESS,96,96,0,0,96,96
s28,d4,frame_0018.jpg,SUCCESS,96,96,0,0,96,96
s28,d4,frame_0019.jpg,SUCCESS,96,96,0,0,96,96
s28,d4,frame_0020.jpg,SUCCESS,96,96,0,0,96,96
s28,d4,frame_0021.jpg,SUCCESS,96,96,0,0,96,96
s28,d4,frame_0022.jpg,SUCCESS,96,96,0,0,96,96
s28,d4,frame_0023.jpg,SUCCESS,96,96,0,0,96,96
s28,d4,frame_0024.jpg,SUCCESS,96,96,0,0,96,96
s28,d4,frame_0025.jpg,SUCCESS,96,96,0,0,96,96
s28,d4,frame_0026.jpg,SUCCESS,96,96,0,0,96,96
s28,d4,frame_0027.jpg,SUCCESS,96,96,0,0,96,96
s28,d4,frame_0028.jpg,SUCCESS,96,96,0,0,96,96
s28,d4,frame_0029.jpg,SUCCESS,96,96,0,0,96,96
s28,d4,frame_0030.jpg,SUCCESS,96,96,0,0,96,96
s28,d4,frame_0031.jpg,SUCCESS,96,96,0,0,96,96
s28,d4,frame_0032.jpg,SUCCESS,96,96,0,0,96,96
s28,d4,frame_0033.jpg,SUCCESS,96,96,0,0,96,96
s28,d4,frame_0034.jpg,SUCCESS,96,96,0,0,96,96
s28,d4,frame_0035.jpg,SUCCESS,96,96,0,0,96,96
s28,d4,frame_0036.jpg,SUCCESS,96,96,0,0,96,96
s28,d4,frame_0037.jpg,SUCCESS,96,96,0,0,96,96
s28,d4,frame_0038.jpg,SUCCESS,96,96,0,0,96,96
s28,d4,frame_0039.jpg,SUCCESS,96,96,0,0,96,96
s28,d4,frame_0040.jpg,SUCCESS,96,96,0,0,96,96
s28,d4,frame_0041.jpg,SUCCESS,96,96,0,0,96,96
s28,d4,frame_0042.jpg,SUCCESS,96,96,0,0,96,96
s28,d4,frame_0043.jpg,SUCCESS,96,96,0,0,96,96
s28,d4,frame_0044.jpg,SUCCESS,96,96,0,0,96,96
s28,d5,frame_0001.jpg,SUCCESS,96,96,0,0,96,96
s28,d5,frame_0002.jpg,SUCCESS,96,96,0,0,96,96
s28,d5,frame_0003.jpg,SUCCESS,96,96,0,0,96,96
s28,d5,frame_0004.jpg,SUCCESS,96,96,0,0,96,96
s28,d5,frame_0005.jpg,SUCCESS,96,96,0,0,96,96
s28,d5,frame_0006.jpg,SUCCESS,96,96,0,0,96,96
s28,d5,frame_0007.jpg,SUCCESS,96,96,0,0,96,96
s28,d5,frame_0008.jpg,SUCCESS,96,96,0,0,96,96
s28,d5,frame_0009.jpg,SUCCESS,96,96,0,0,96,96
s28,d5,frame_0010.jpg,SUCCESS,96,96,0,0,96,96
s28,d5,frame_0011.jpg,SUCCESS,96,96,0,0,96,96
s28,d5,frame_0012.jpg,SUCCESS,96,96,0,0,96,96
s28,d5,frame_0013.jpg,SUCCESS,96,96,0,0,96,96
s28,d5,frame_0014.jpg,SUCCESS,96,96,0,0,96,96
s28,d5,frame_0015.jpg,SUCCESS,96,96,0,0,96,96
s28,d5,frame_0016.jpg,SUCCESS,96,96,0,0,96,96
s28,d5,frame_0017.jpg,SUCCESS,96,96,0,0,96,96
s28,d5,frame_0018.jpg,SUCCESS,96,96,0,0,96,96
s28,d5,frame_0019.jpg,SUCCESS,96,96,0,0,96,96
s28,d5,frame_0020.jpg,SUCCESS,96,96,0,0,96,96
s28,d5,frame_0021.jpg,SUCCESS,96,96,0,0,96,96
s28,d5,frame_0022.jpg,SUCCESS,96,96,0,0,96,96
s28,d5,frame_0023.jpg,SUCCESS,96,96,0,0,96,96
s28,d5,frame_0024.jpg,SUCCESS,96,96,0,0,96,96
s28,d5,frame_0025.jpg,SUCCESS,96,96,0,0,96,96
s28,d5,frame_0026.jpg,SUCCESS,96,96,0,0,96,96
s28,d5,frame_0027.jpg,SUCCESS,96,96,0,0,96,96
s28,d5,frame_0028.jpg,SUCCESS,96,96,0,0,96,96
s28,d5,frame_0029.jpg,SUCCESS,96,96,0,0,96,96
s28,d5,frame_0030.jpg,SUCCESS,96,96,0,0,96,96
s28,d5,frame_0031.jpg,SUCCESS,96,96,0,0,96,96
s28,d6,frame_0001.jpg,SUCCESS,96,96,0,0,96,96
s28,d6,frame_0002.jpg,SUCCESS,96,96,0,0,96,96
s28,d6,frame_0003.jpg,SUCCESS,96,96,0,0,96,96
s28,d6,frame_0004.jpg,SUCCESS,96,96,0,0,96,96
s28,d6,frame_0005.jpg,SUCCESS,96,96,0,0,96,96
s28,d6,frame_0006.jpg,SUCCESS,96,96,0,0,96,96
s28,d6,frame_0007.jpg,SUCCESS,96,96,0,0,96,96
s28,d6,frame_0008.jpg,SUCCESS,96,96,0,0,96,96
s28,d6,frame_0009.jpg,SUCCESS,96,96,0,0,96,96
s28,d6,frame_0010.jpg,SUCCESS,96,96,0,0,96,96
s28,d6,frame_0011.jpg,SUCCESS,96,96,0,0,96,96
s28,d6,frame_0012.jpg,SUCCESS,96,96,0,0,96,96
s28,d6,frame_0013.jpg,SUCCESS,96,96,0,0,96,96
s28,d6,frame_0014.jpg,SUCCESS,96,96,0,0,96,96
s28,d6,frame_0015.jpg,SUCCESS,96,96,0,0,96,96
s28,d6,frame_0016.jpg,SUCCESS,96,96,0,0,96,96
s28,d6,frame_0017.jpg,SUCCESS,96,96,0,0,96,96
s28,d6,frame_0018.jpg,SUCCESS,96,96,0,0,96,96
s28,d6,frame_0019.jpg,SUCCESS,96,96,0,0,96,96
s28,d6,frame_0020.jpg,SUCCESS,96,96,0,0,96,96
s28,d6,frame_0021.jpg,SUCCESS,96,96,0,0,96,96
s28,d7,frame_0001.jpg,SUCCESS,96,96,0,0,96,96
s28,d7,frame_0002.jpg,SUCCESS,96,96,0,0,96,96
s28,d7,frame_0003.jpg,SUCCESS,96,96,0,0,96,96
s28,d7,frame_0004.jpg,SUCCESS,96,96,0,0,96,96
s28,d7,frame_0005.jpg,SUCCESS,96,96,0,0,96,96
s28,d7,frame_0006.jpg,SUCCESS,96,96,0,0,96,96
s28,d7,frame_0007.jpg,SUCCESS,96,96,0,0,96,96
s28,d7,frame_0008.jpg,SUCCESS,96,96,0,0,96,96
s28,d7,frame_0009.jpg,SUCCESS,96,96,0,0,96,96
s28,d7,frame_0010.jpg,SUCCESS,96,96,0,0,96,96
s28,d7,frame_0011.jpg,SUCCESS,96,96,0,0,96,96
s28,d7,frame_0012.jpg,SUCCESS,96,96,0,0,96,96
s28,d7,frame_0013.jpg,SUCCESS,96,96,0,0,96,96
s28,d7,frame_0014.jpg,SUCCESS,96,96,0,0,96,96
s28,d7,frame_0015.jpg,SUCCESS,96,96,0,0,96,96
s28,d7,frame_0016.jpg,SUCCESS,96,96,0,0,96,96
s28,d7,frame_0017.jpg,SUCCESS,96,96,0,0,96,96
s28,d7,frame_0018.jpg,SUCCESS,96,96,0,0,96,96
s28,d7,frame_0019.jpg,SUCCESS,96,96,0,0,96,96
s28,d7,frame_0020.jpg,SUCCESS,96,96,0,0,96,96
s28,d7,frame_0021.jpg,SUCCESS,96,96,0,0,96,96
s28,d7,frame_0022.jpg,SUCCESS,96,96,0,0,96,96
s28,d7,frame_0023.jpg,SUCCESS,96,96,0,0,96,96
s28,d7,frame_0024.jpg,SUCCESS,96,96,0,0,96,96
s28,d7,frame_0025.jpg,SUCCESS,96,96,0,0,96,96
s28,d7,frame_0026.jpg,SUCCESS,96,96,0,0,96,96
s28,d7,frame_0027.jpg,SUCCESS,96,96,0,0,96,96
s28,d7,frame_0028.jpg,SUCCESS,96,96,0,0,96,96
s28,d7,frame_0029.jpg,SUCCESS,96,96,0,0,96,96
s28,d7,frame_0030.jpg,SUCCESS,96,96,0,0,96,96
s28,d7,frame_0031.jpg,SUCCESS,96,96,0,0,96,96
s28,d7,frame_0032.jpg,SUCCESS,96,96,0,0,96,96
s28,d7,frame_0033.jpg,SUCCESS,96,96,0,0,96,96
s28,d7,frame_0034.jpg,SUCCESS,96,96,0,0,96,96
s28,d7,frame_0035.jpg,SUCCESS,96,96,0,0,96,96
s28,d7,frame_0036.jpg,SUCCESS,96,96,0,0,96,96
s28,d7,frame_0037.jpg,SUCCESS,96,96,0,0,96,96
s28,d7,frame_0038.jpg,SUCCESS,96,96,0,0,96,96
s28,d7,frame_0039.jpg,SUCCESS,96,96,0,0,96,96
s28,d7,frame_0040.jpg,SUCCESS,96,96,0,0,96,96
s28,d7,frame_0041.jpg,SUCCESS,96,96,0,0,96,96
s28,d7,frame_0042.jpg,SUCCESS,96,96,0,0,96,96
s28,d8,frame_0001.jpg,SUCCESS,96,96,0,0,96,96
s28,d8,frame_0002.jpg,SUCCESS,96,96,0,0,96,96
s28,d8,frame_0003.jpg,SUCCESS,96,96,0,0,96,96
s28,d8,frame_0004.jpg,SUCCESS,96,96,0,0,96,96
s28,d8,frame_0005.jpg,SUCCESS,96,96,0,0,96,96
s28,d8,frame_0006.jpg,SUCCESS,96,96,0,0,96,96
s28,d8,frame_0007.jpg,SUCCESS,96,96,0,0,96,96
s28,d8,frame_0008.jpg,SUCCESS,96,96,0,0,96,96
s28,d8,frame_0009.jpg,SUCCESS,96,96,0,0,96,96
s28,d8,frame_0010.jpg,SUCCESS,96,96,0,0,96,96
s28,d8,frame_0011.jpg,SUCCESS,96,96,0,0,96,96
s28,d8,frame_0012.jpg,SUCCESS,96,96,0,0,96,96
s28,d8,frame_0013.jpg,SUCCESS,96,96,0,0,96,96
s28,d8,frame_0014.jpg,SUCCESS,96,96,0,0,96,96
s28,d8,frame_0015.jpg,SUCCESS,96,96,0,0,96,96
s28,d8,frame_0016.jpg,SUCCESS,96,96,0,0,96,96
s28,d8,frame_0017.jpg,SUCCESS,96,96,0,0,96,96
s28,d8,frame_0018.jpg,SUCCESS,96,96,0,0,96,96
s28,d8,frame_0019.jpg,SUCCESS,96,96,0,0,96,96
s28,d8,frame_0020.jpg,SUCCESS,96,96,0,0,96,96
s28,d8,frame_0021.jpg,SUCCESS,96,96,0,0,96,96
s28,d8,frame_0022.jpg,SUCCESS,96,96,0,0,96,96
s28,d8,frame_0023.jpg,SUCCESS,96,96,0,0,96,96
s28,d8,frame_0024.jpg,SUCCESS,96,96,0,0,96,96
s28,d8,frame_0025.jpg,SUCCESS,96,96,0,0,96,96
s28,d8,frame_0026.jpg,SUCCESS,96,96,0,0,96,96
s28,d8,frame_0027.jpg,SUCCESS,96,96,0,0,96,96
s28,d8,frame_0028.jpg,SUCCESS,96,96,0,0,96,96
s28,d8,frame_0029.jpg,SUCCESS,96,96,0,0,96,96
s28,d9,frame_0001.jpg,SUCCESS,96,96,0,0,96,96
s28,d9,frame_0002.jpg,SUCCESS,96,96,0,0,96,96
s28,d9,frame_0003.jpg,SUCCESS,96,96,0,0,96,96
s28,d9,frame_0004.jpg,SUCCESS,96,96,0,0,96,96
s28,d9,frame_0005.jpg,SUCCESS,96,96,0,0,96,96
s28,d9,frame_0006.jpg,SUCCESS,96,96,0,0,96,96
s28,d9,frame_0007.jpg,SUCCESS,96,96,0,0,96,96
s28,d9,frame_0008.jpg,SUCCESS,96,96,0,0,96,96
s28,d9,frame_0009.jpg,SUCCESS,96,96,0,0,96,96
s28,d9,frame_0010.jpg,SUCCESS,96,96,0,0,96,96
s28,d9,frame_0011.jpg,SUCCESS,96,96,0,0,96,96
s28,d9,frame_0012.jpg,SUCCESS,96,96,0,0,96,96
s28,d9,frame_0013.jpg,SUCCESS,96,96,0,0,96,96
s28,d9,frame_0014.jpg,SUCCESS,96,96,0,0,96,96
s28,d9,frame_0015.jpg,SUCCESS,96,96,0,0,96,96
s28,d9,frame_0016.jpg,SUCCESS,96,96,0,0,96,96
s28,d9,frame_0017.jpg,SUCCESS,96,96,0,0,96,96
s28,d9,frame_0018.jpg,SUCCESS,96,96,0,0,96,96
s28,d9,frame_0019.jpg,SUCCESS,96,96,0,0,96,96
s28,d9,frame_0020.jpg,SUCCESS,96,96,0,0,96,96
s28,d9,frame_0021.jpg,SUCCESS,96,96,0,0,96,96
s28,d9,frame_0022.jpg,SUCCESS,96,96,0,0,96,96
s28,d9,frame_0023.jpg,SUCCESS,96,96,0,0,96,96
s28,d9,frame_0024.jpg,SUCCESS,96,96,0,0,96,96
s28,d9,frame_0025.jpg,SUCCESS,96,96,0,0,96,96
s28,d9,frame_0026.jpg,SUCCESS,96,96,0,0,96,96
s28,d9,frame_0027.jpg,SUCCESS,96,96,0,0,96,96
s28,d9,frame_0028.jpg,SUCCESS,96,96,0,0,96,96
s28,d9,frame_0029.jpg,SUCCESS,96,96,0,0,96,96
s29,d0,frame_0001.jpg,SUCCESS,96,96,0,0,96,96
s29,d0,frame_0002.jpg,SUCCESS,96,96,0,0,96,96
s29,d0,frame_0003.jpg,SUCCESS,96,96,0,0,96,96
s29,d0,frame_0004.jpg,SUCCESS,96,96,0,0,96,96
s29,d0,frame_0005.jpg,SUCCESS,96,96,0,0,96,96
s29,d0,frame_0006.jpg,SUCCESS,96,96,0,0,96,96
s29,d0,frame_0007.jpg,SUCCESS,96,96,0,0,96,96
s29,d0,frame_0008.jpg,SUCCESS,96,96,0,0,96,96
s29,d0,frame_0009.jpg,SUCCESS,96,96,0,0,96,96
s29,d0,frame_0010.jpg,SUCCESS,96,96,0,0,96,96
s29,d0,frame_0011.jpg,SUCCESS,96,96,0,0,96,96
s29,d0,frame_0012.jpg,SUCCESS,96,96,0,0,96,96
s29,d0,frame_0013.jpg,SUCCESS,96,96,0,0,96,96
s29,d0,frame_0014.jpg,SUCCESS,96,96,0,0,96,96
s29,d0,frame_0015.jpg,SUCCESS,96,96,0,0,96,96
s29,d0,frame_0016.jpg,SUCCESS,96,96,0,0,96,96
s29,d0,frame_0017.jpg,SUCCESS,96,96,0,0,96,96
s29,d0,frame_0018.jpg,SUCCESS,96,96,0,0,96,96
s29,d0,frame_0019.jpg,SUCCESS,96,96,0,0,96,96
s29,d0,frame_0020.jpg,SUCCESS,96,96,0,0,96,96
s29,d0,frame_0021.jpg,SUCCESS,96,96,0,0,96,96
s29,d0,frame_0022.jpg,SUCCESS,96,96,0,0,96,96
s29,d0,frame_0023.jpg,SUCCESS,96,96,0,0,96,96
s29,d0,frame_0024.jpg,SUCCESS,96,96,0,0,96,96
s29,d0,frame_0025.jpg,SUCCESS,96,96,0,0,96,96
s29,d0,frame_0026.jpg,SUCCESS,96,96,0,0,96,96
s29,d0,frame_0027.jpg,SUCCESS,96,96,0,0,96,96
s29,d0,frame_0028.jpg,SUCCESS,96,96,0,0,96,96
s29,d0,frame_0029.jpg,SUCCESS,96,96,0,0,96,96
s29,d0,frame_0030.jpg,SUCCESS,96,96,0,0,96,96
s29,d0,frame_0031.jpg,SUCCESS,96,96,0,0,96,96
s29,d0,frame_0032.jpg,SUCCESS,96,96,0,0,96,96
s29,d0,frame_0033.jpg,SUCCESS,96,96,0,0,96,96
s29,d1,frame_0001.jpg,SUCCESS,96,96,0,0,96,96
s29,d1,frame_0002.jpg,SUCCESS,96,96,0,0,96,96
s29,d1,frame_0003.jpg,SUCCESS,96,96,0,0,96,96
s29,d1,frame_0004.jpg,SUCCESS,96,96,0,0,96,96
s29,d1,frame_0005.jpg,SUCCESS,96,96,0,0,96,96
s29,d1,frame_0006.jpg,SUCCESS,96,96,0,0,96,96
s29,d1,frame_0007.jpg,SUCCESS,96,96,0,0,96,96
s29,d1,frame_0008.jpg,SUCCESS,96,96,0,0,96,96
s29,d1,frame_0009.jpg,SUCCESS,96,96,0,0,96,96
s29,d1,frame_0010.jpg,SUCCESS,96,96,0,0,96,96
s29,d1,frame_0011.jpg,SUCCESS,96,96,0,0,96,96
s29,d1,frame_0012.jpg,SUCCESS,96,96,0,0,96,96
s29,d1,frame_0013.jpg,SUCCESS,96,96,0,0,96,96
s29,d1,frame_0014.jpg,SUCCESS,96,96,0,0,96,96
s29,d1,frame_0015.jpg,SUCCESS,96,96,0,0,96,96
s29,d1,frame_0016.jpg,SUCCESS,96,96,0,0,96,96
s29,d1,frame_0017.jpg,SUCCESS,96,96,0,0,96,96
s29,d1,frame_0018.jpg,SUCCESS,96,96,0,0,96,96
s29,d1,frame_0019.jpg,SUCCESS,96,96,0,0,96,96
s29,d1,frame_0020.jpg,SUCCESS,96,96,0,0,96,96
s29,d1,frame_0021.jpg,SUCCESS,96,96,0,0,96,96
s29,d1,frame_0022.jpg,SUCCESS,96,96,0,0,96,96
s29,d1,frame_0023.jpg,SUCCESS,96,96,0,0,96,96
s29,d1,frame_0024.jpg,SUCCESS,96,96,0,0,96,96
s29,d1,frame_0025.jpg,SUCCESS,96,96,0,0,96,96
s29,d1,frame_0026.jpg,SUCCESS,96,96,0,0,96,96
s29,d1,frame_0027.jpg,SUCCESS,96,96,0,0,96,96
s29,d1,frame_0028.jpg,SUCCESS,96,96,0,0,96,96
s29,d1,frame_0029.jpg,SUCCESS,96,96,0,0,96,96
s29,d1,frame_0030.jpg,SUCCESS,96,96,0,0,96,96
s29,d1,frame_0031.jpg,SUCCESS,96,96,0,0,96,96
s29,d1,frame_0032.jpg,SUCCESS,96,96,0,0,96,96
s29,d1,frame_0033.jpg,SUCCESS,96,96,0,0,96,96
s29,d1,frame_0034.jpg,SUCCESS,96,96,0,0,96,96
s29,d10,frame_0001.jpg,SUCCESS,96,96,0,0,96,96
s29,d10,frame_0002.jpg,SUCCESS,96,96,0,0,96,96
s29,d10,frame_0003.jpg,SUCCESS,96,96,0,0,96,96
s29,d10,frame_0004.jpg,SUCCESS,96,96,0,0,96,96
s29,d10,frame_0005.jpg,SUCCESS,96,96,0,0,96,96
s29,d10,frame_0006.jpg,SUCCESS,96,96,0,0,96,96
s29,d10,frame_0007.jpg,SUCCESS,96,96,0,0,96,96
s29,d10,frame_0008.jpg,SUCCESS,96,96,0,0,96,96
s29,d10,frame_0009.jpg,SUCCESS,96,96,0,0,96,96
s29,d10,frame_0010.jpg,SUCCESS,96,96,0,0,96,96
s29,d10,frame_0011.jpg,SUCCESS,96,96,0,0,96,96
s29,d10,frame_0012.jpg,SUCCESS,96,96,0,0,96,96
s29,d10,frame_0013.jpg,SUCCESS,96,96,0,0,96,96
s29,d10,frame_0014.jpg,SUCCESS,96,96,0,0,96,96
s29,d10,frame_0015.jpg,SUCCESS,96,96,0,0,96,96
s29,d10,frame_0016.jpg,SUCCESS,96,96,0,0,96,96
s29,d10,frame_0017.jpg,SUCCESS,96,96,0,0,96,96
s29,d10,frame_0018.jpg,SUCCESS,96,96,0,0,96,96
s29,d10,frame_0019.jpg,SUCCESS,96,96,0,0,96,96
s29,d10,frame_0020.jpg,SUCCESS,96,96,0,0,96,96
s29,d10,frame_0021.jpg,SUCCESS,96,96,0,0,96,96
s29,d10,frame_0022.jpg,SUCCESS,96,96,0,0,96,96
s29,d10,frame_0023.jpg,SUCCESS,96,96,0,0,96,96
s29,d10,frame_0024.jpg,SUCCESS,96,96,0,0,96,96
s29,d10,frame_0025.jpg,SUCCESS,96,96,0,0,96,96
s29,d10,frame_0026.jpg,SUCCESS,96,96,0,0,96,96
s29,d10,frame_0027.jpg,SUCCESS,96,96,0,0,96,96
s29,d10,frame_0028.jpg,SUCCESS,96,96,0,0,96,96
s29,d10,frame_0029.jpg,SUCCESS,96,96,0,0,96,96
s29,d10,frame_0030.jpg,SUCCESS,96,96,0,0,96,96
s29,d10,frame_0031.jpg,SUCCESS,96,96,0,0,96,96
s29,d10,frame_0032.jpg,SUCCESS,96,96,0,0,96,96
s29,d10,frame_0033.jpg,SUCCESS,96,96,0,0,96,96
s29,d10,frame_0034.jpg,SUCCESS,96,96,0,0,96,96
s29,d2,frame_0001.jpg,SUCCESS,96,96,0,0,96,96
s29,d2,frame_0002.jpg,SUCCESS,96,96,0,0,96,96
s29,d2,frame_0003.jpg,SUCCESS,96,96,0,0,96,96
s29,d2,frame_0004.jpg,SUCCESS,96,96,0,0,96,96
s29,d2,frame_0005.jpg,SUCCESS,96,96,0,0,96,96
s29,d2,frame_0006.jpg,SUCCESS,96,96,0,0,96,96
s29,d2,frame_0007.jpg,SUCCESS,96,96,0,0,96,96
s29,d2,frame_0008.jpg,SUCCESS,96,96,0,0,96,96
s29,d2,frame_0009.jpg,SUCCESS,96,96,0,0,96,96
s29,d2,frame_0010.jpg,SUCCESS,96,96,0,0,96,96
s29,d2,frame_0011.jpg,SUCCESS,96,96,0,0,96,96
s29,d2,frame_0012.jpg,SUCCESS,96,96,0,0,96,96
s29,d2,frame_0013.jpg,SUCCESS,96,96,0,0,96,96
s29,d2,frame_0014.jpg,SUCCESS,96,96,0,0,96,96
s29,d2,frame_0015.jpg,SUCCESS,96,96,0,0,96,96
s29,d2,frame_0016.jpg,SUCCESS,96,96,0,0,96,96
s29,d2,frame_0017.jpg,SUCCESS,96,96,0,0,96,96
s29,d2,frame_0018.jpg,SUCCESS,96,96,0,0,96,96
s29,d2,frame_0019.jpg,SUCCESS,96,96,0,0,96,96
s29,d2,frame_0020.jpg,SUCCESS,96,96,0,0,96,96
s29,d2,frame_0021.jpg,SUCCESS,96,96,0,0,96,96
s29,d2,frame_0022.jpg,SUCCESS,96,96,0,0,96,96
s29,d2,frame_0023.jpg,SUCCESS,96,96,0,0,96,96
s29,d2,frame_0024.jpg,SUCCESS,96,96,0,0,96,96
s29,d2,frame_0025.jpg,SUCCESS,96,96,0,0,96,96
s29,d2,frame_0026.jpg,SUCCESS,96,96,0,0,96,96
s29,d2,frame_0027.jpg,SUCCESS,96,96,0,0,96,96
s29,d2,frame_0028.jpg,SUCCESS,96,96,0,0,96,96
s29,d2,frame_0029.jpg,SUCCESS,96,96,0,0,96,96
s29,d2,frame_0030.jpg,SUCCESS,96,96,0,0,96,96
s29,d2,frame_0031.jpg,SUCCESS,96,96,0,0,96,96
s29,d2,frame_0032.jpg,SUCCESS,96,96,0,0,96,96
s29,d2,frame_0033.jpg,SUCCESS,96,96,0,0,96,96
s29,d2,frame_0034.jpg,SUCCESS,96,96,0,0,96,96
s29,d2,frame_0035.jpg,SUCCESS,96,96,0,0,96,96
s29,d2,frame_0036.jpg,SUCCESS,96,96,0,0,96,96
s29,d2,frame_0037.jpg,SUCCESS,96,96,0,0,96,96
s29,d3,frame_0001.jpg,SUCCESS,96,96,0,0,96,96
s29,d3,frame_0002.jpg,SUCCESS,96,96,0,0,96,96
s29,d3,frame_0003.jpg,SUCCESS,96,96,0,0,96,96
s29,d3,frame_0004.jpg,SUCCESS,96,96,0,0,96,96
s29,d3,frame_0005.jpg,SUCCESS,96,96,0,0,96,96
s29,d3,frame_0006.jpg,SUCCESS,96,96,0,0,96,96
s29,d3,frame_0007.jpg,SUCCESS,96,96,0,0,96,96
s29,d3,frame_0008.jpg,SUCCESS,96,96,0,0,96,96
s29,d3,frame_0009.jpg,SUCCESS,96,96,0,0,96,96
s29,d3,frame_0010.jpg,SUCCESS,96,96,0,0,96,96
s29,d3,frame_0011.jpg,SUCCESS,96,96,0,0,96,96
s29,d3,frame_0012.jpg,SUCCESS,96,96,0,0,96,96
s29,d3,frame_0013.jpg,SUCCESS,96,96,0,0,96,96
s29,d3,frame_0014.jpg,SUCCESS,96,96,0,0,96,96
s29,d3,frame_0015.jpg,SUCCESS,96,96,0,0,96,96
s29,d3,frame_0016.jpg,SUCCESS,96,96,0,0,96,96
s29,d3,frame_0017.jpg,SUCCESS,96,96,0,0,96,96
s29,d3,frame_0018.jpg,SUCCESS,96,96,0,0,96,96
s29,d3,frame_0019.jpg,SUCCESS,96,96,0,0,96,96
s29,d3,frame_0020.jpg,SUCCESS,96,96,0,0,96,96
s29,d3,frame_0021.jpg,SUCCESS,96,96,0,0,96,96
s29,d3,frame_0022.jpg,SUCCESS,96,96,0,0,96,96
s29,d3,frame_0023.jpg,SUCCESS,96,96,0,0,96,96
s29,d3,frame_0024.jpg,SUCCESS,96,96,0,0,96,96
s29,d3,frame_0025.jpg,SUCCESS,96,96,0,0,96,96
s29,d3,frame_0026.jpg,SUCCESS,96,96,0,0,96,96
s29,d3,frame_0027.jpg,SUCCESS,96,96,0,0,96,96
s29,d3,frame_0028.jpg,SUCCESS,96,96,0,0,96,96
s29,d3,frame_0029.jpg,SUCCESS,96,96,0,0,96,96
s29,d3,frame_0030.jpg,SUCCESS,96,96,0,0,96,96
s29,d3,frame_0031.jpg,SUCCESS,96,96,0,0,96,96
s29,d3,frame_0032.jpg,SUCCESS,96,96,0,0,96,96
s29,d3,frame_0033.jpg,SUCCESS,96,96,0,0,96,96
s29,d3,frame_0034.jpg,SUCCESS,96,96,0,0,96,96
s29,d4,frame_0001.jpg,SUCCESS,96,96,0,0,96,96
s29,d4,frame_0002.jpg,SUCCESS,96,96,0,0,96,96
s29,d4,frame_0003.jpg,SUCCESS,96,96,0,0,96,96
s29,d4,frame_0004.jpg,SUCCESS,96,96,0,0,96,96
s29,d4,frame_0005.jpg,SUCCESS,96,96,0,0,96,96
s29,d4,frame_0006.jpg,SUCCESS,96,96,0,0,96,96
s29,d4,frame_0007.jpg,SUCCESS,96,96,0,0,96,96
s29,d4,frame_0008.jpg,SUCCESS,96,96,0,0,96,96
s29,d4,frame_0009.jpg,SUCCESS,96,96,0,0,96,96
s29,d4,frame_0010.jpg,SUCCESS,96,96,0,0,96,96
s29,d4,frame_0011.jpg,SUCCESS,96,96,0,0,96,96
s29,d4,frame_0012.jpg,SUCCESS,96,96,0,0,96,96
s29,d4,frame_0013.jpg,SUCCESS,96,96,0,0,96,96
s29,d4,frame_0014.jpg,SUCCESS,96,96,0,0,96,96
s29,d4,frame_0015.jpg,SUCCESS,96,96,0,0,96,96
s29,d4,frame_0016.jpg,SUCCESS,96,96,0,0,96,96
s29,d4,frame_0017.jpg,SUCCESS,96,96,0,0,96,96
s29,d4,frame_0018.jpg,SUCCESS,96,96,0,0,96,96
s29,d4,frame_0019.jpg,SUCCESS,96,96,0,0,96,96
s29,d4,frame_0020.jpg,SUCCESS,96,96,0,0,96,96
s29,d4,frame_0021.jpg,SUCCESS,96,96,0,0,96,96
s29,d4,frame_0022.jpg,SUCCESS,96,96,0,0,96,96
s29,d4,frame_0023.jpg,SUCCESS,96,96,0,0,96,96
s29,d4,frame_0024.jpg,SUCCESS,96,96,0,0,96,96
s29,d4,frame_0025.jpg,SUCCESS,96,96,0,0,96,96
s29,d4,frame_0026.jpg,SUCCESS,96,96,0,0,96,96
s29,d4,frame_0027.jpg,SUCCESS,96,96,0,0,96,96
s29,d4,frame_0028.jpg,SUCCESS,96,96,0,0,96,96
s29,d4,frame_0029.jpg,SUCCESS,96,96,0,0,96,96
s29,d4,frame_0030.jpg,SUCCESS,96,96,0,0,96,96
s29,d4,frame_0031.jpg,SUCCESS,96,96,0,0,96,96
s29,d4,frame_0032.jpg,SUCCESS,96,96,0,0,96,96
s29,d5,frame_0001.jpg,SUCCESS,96,96,0,0,96,96
s29,d5,frame_0002.jpg,SUCCESS,96,96,0,0,96,96
s29,d5,frame_0003.jpg,SUCCESS,96,96,0,0,96,96
s29,d5,frame_0004.jpg,SUCCESS,96,96,0,0,96,96
s29,d5,frame_0005.jpg,SUCCESS,96,96,0,0,96,96
s29,d5,frame_0006.jpg,SUCCESS,96,96,0,0,96,96
s29,d5,frame_0007.jpg,SUCCESS,96,96,0,0,96,96
s29,d5,frame_0008.jpg,SUCCESS,96,96,0,0,96,96
s29,d5,frame_0009.jpg,SUCCESS,96,96,0,0,96,96
s29,d5,frame_0010.jpg,SUCCESS,96,96,0,0,96,96
s29,d5,frame_0011.jpg,SUCCESS,96,96,0,0,96,96
s29,d5,frame_0012.jpg,SUCCESS,96,96,0,0,96,96
s29,d5,frame_0013.jpg,SUCCESS,96,96,0,0,96,96
s29,d5,frame_0014.jpg,SUCCESS,96,96,0,0,96,96
s29,d5,frame_0015.jpg,SUCCESS,96,96,0,0,96,96
s29,d5,frame_0016.jpg,SUCCESS,96,96,0,0,96,96
s29,d5,frame_0017.jpg,SUCCESS,96,96,0,0,96,96
s29,d5,frame_0018.jpg,SUCCESS,96,96,0,0,96,96
s29,d5,frame_0019.jpg,SUCCESS,96,96,0,0,96,96
s29,d5,frame_0020.jpg,SUCCESS,96,96,0,0,96,96
s29,d5,frame_0021.jpg,SUCCESS,96,96,0,0,96,96
s29,d5,frame_0022.jpg,SUCCESS,96,96,0,0,96,96
s29,d5,frame_0023.jpg,SUCCESS,96,96,0,0,96,96
s29,d5,frame_0024.jpg,SUCCESS,96,96,0,0,96,96
s29,d5,frame_0025.jpg,SUCCESS,96,96,0,0,96,96
s29,d5,frame_0026.jpg,SUCCESS,96,96,0,0,96,96
s29,d5,frame_0027.jpg,SUCCESS,96,96,0,0,96,96
s29,d5,frame_0028.jpg,SUCCESS,96,96,0,0,96,96
s29,d5,frame_0029.jpg,SUCCESS,96,96,0,0,96,96
s29,d6,frame_0001.jpg,SUCCESS,96,96,0,0,96,96
s29,d6,frame_0002.jpg,SUCCESS,96,96,0,0,96,96
s29,d6,frame_0003.jpg,SUCCESS,96,96,0,0,96,96
s29,d6,frame_0004.jpg,SUCCESS,96,96,0,0,96,96
s29,d6,frame_0005.jpg,SUCCESS,96,96,0,0,96,96
s29,d6,frame_0006.jpg,SUCCESS,96,96,0,0,96,96
s29,d6,frame_0007.jpg,SUCCESS,96,96,0,0,96,96
s29,d6,frame_0008.jpg,SUCCESS,96,96,0,0,96,96
s29,d6,frame_0009.jpg,SUCCESS,96,96,0,0,96,96
s29,d6,frame_0010.jpg,SUCCESS,96,96,0,0,96,96
s29,d6,frame_0011.jpg,SUCCESS,96,96,0,0,96,96
s29,d6,frame_0012.jpg,SUCCESS,96,96,0,0,96,96
s29,d6,frame_0013.jpg,SUCCESS,96,96,0,0,96,96
s29,d6,frame_0014.jpg,SUCCESS,96,96,0,0,96,96
s29,d6,frame_0015.jpg,SUCCESS,96,96,0,0,96,96
s29,d6,frame_0016.jpg,SUCCESS,96,96,0,0,96,96
s29,d6,frame_0017.jpg,SUCCESS,96,96,0,0,96,96
s29,d6,frame_0018.jpg,SUCCESS,96,96,0,0,96,96
s29,d6,frame_0019.jpg,SUCCESS,96,96,0,0,96,96
s29,d6,frame_0020.jpg,SUCCESS,96,96,0,0,96,96
s29,d6,frame_0021.jpg,SUCCESS,96,96,0,0,96,96
s29,d6,frame_0022.jpg,SUCCESS,96,96,0,0,96,96
s29,d6,frame_0023.jpg,SUCCESS,96,96,0,0,96,96
s29,d6,frame_0024.jpg,SUCCESS,96,96,0,0,96,96
s29,d6,frame_0025.jpg,SUCCESS,96,96,0,0,96,96
s29,d6,frame_0026.jpg,SUCCESS,96,96,0,0,96,96
s29,d6,frame_0027.jpg,SUCCESS,96,96,0,0,96,96
s29,d6,frame_0028.jpg,SUCCESS,96,96,0,0,96,96
s29,d6,frame_0029.jpg,SUCCESS,96,96,0,0,96,96
s29,d6,frame_0030.jpg,SUCCESS,96,96,0,0,96,96
s29,d6,frame_0031.jpg,SUCCESS,96,96,0,0,96,96
s29,d6,frame_0032.jpg,SUCCESS,96,96,0,0,96,96
s29,d6,frame_0033.jpg,SUCCESS,96,96,0,0,96,96
s29,d6,frame_0034.jpg,SUCCESS,96,96,0,0,96,96
s29,d6,frame_0035.jpg,SUCCESS,96,96,0,0,96,96
s29,d7,frame_0001.jpg,SUCCESS,96,96,0,0,96,96
s29,d7,frame_0002.jpg,SUCCESS,96,96,0,0,96,96
s29,d7,frame_0003.jpg,SUCCESS,96,96,0,0,96,96
s29,d7,frame_0004.jpg,SUCCESS,96,96,0,0,96,96
s29,d7,frame_0005.jpg,SUCCESS,96,96,0,0,96,96
s29,d7,frame_0006.jpg,SUCCESS,96,96,0,0,96,96
s29,d7,frame_0007.jpg,SUCCESS,96,96,0,0,96,96
s29,d7,frame_0008.jpg,SUCCESS,96,96,0,0,96,96
s29,d7,frame_0009.jpg,SUCCESS,96,96,0,0,96,96
s29,d7,frame_0010.jpg,SUCCESS,96,96,0,0,96,96
s29,d7,frame_0011.jpg,SUCCESS,96,96,0,0,96,96
s29,d7,frame_0012.jpg,SUCCESS,96,96,0,0,96,96
s29,d7,frame_0013.jpg,SUCCESS,96,96,0,0,96,96
s29,d7,frame_0014.jpg,SUCCESS,96,96,0,0,96,96
s29,d7,frame_0015.jpg,SUCCESS,96,96,0,0,96,96
s29,d7,frame_0016.jpg,SUCCESS,96,96,0,0,96,96
s29,d7,frame_0017.jpg,SUCCESS,96,96,0,0,96,96
s29,d7,frame_0018.jpg,SUCCESS,96,96,0,0,96,96
s29,d7,frame_0019.jpg,SUCCESS,96,96,0,0,96,96
s29,d7,frame_0020.jpg,SUCCESS,96,96,0,0,96,96
s29,d7,frame_0021.jpg,SUCCESS,96,96,0,0,96,96
s29,d7,frame_0022.jpg,SUCCESS,96,96,0,0,96,96
s29,d7,frame_0023.jpg,SUCCESS,96,96,0,0,96,96
s29,d7,frame_0024.jpg,SUCCESS,96,96,0,0,96,96
s29,d7,frame_0025.jpg,SUCCESS,96,96,0,0,96,96
s29,d7,frame_0026.jpg,SUCCESS,96,96,0,0,96,96
s29,d7,frame_0027.jpg,SUCCESS,96,96,0,0,96,96
s29,d7,frame_0028.jpg,SUCCESS,96,96,0,0,96,96
s29,d7,frame_0029.jpg,SUCCESS,96,96,0,0,96,96
s29,d7,frame_0030.jpg,SUCCESS,96,96,0,0,96,96
s29,d7,frame_0031.jpg,SUCCESS,96,96,0,0,96,96
s29,d7,frame_0032.jpg,SUCCESS,96,96,0,0,96,96
s29,d7,frame_0033.jpg,SUCCESS,96,96,0,0,96,96
s29,d7,frame_0034.jpg,SUCCESS,96,96,0,0,96,96
s29,d8,frame_0001.jpg,SUCCESS,96,96,0,0,96,96
s29,d8,frame_0002.jpg,SUCCESS,96,96,0,0,96,96
s29,d8,frame_0003.jpg,SUCCESS,96,96,0,0,96,96
s29,d8,frame_0004.jpg,SUCCESS,96,96,0,0,96,96
s29,d8,frame_0005.jpg,SUCCESS,96,96,0,0,96,96
s29,d8,frame_0006.jpg,SUCCESS,96,96,0,0,96,96
s29,d8,frame_0007.jpg,SUCCESS,96,96,0,0,96,96
s29,d8,frame_0008.jpg,SUCCESS,96,96,0,0,96,96
s29,d8,frame_0009.jpg,SUCCESS,96,96,0,0,96,96
s29,d8,frame_0010.jpg,SUCCESS,96,96,0,0,96,96
s29,d8,frame_0011.jpg,SUCCESS,96,96,0,0,96,96
s29,d8,frame_0012.jpg,SUCCESS,96,96,0,0,96,96
s29,d8,frame_0013.jpg,SUCCESS,96,96,0,0,96,96
s29,d8,frame_0014.jpg,SUCCESS,96,96,0,0,96,96
s29,d8,frame_0015.jpg,SUCCESS,96,96,0,0,96,96
s29,d8,frame_0016.jpg,SUCCESS,96,96,0,0,96,96
s29,d8,frame_0017.jpg,SUCCESS,96,96,0,0,96,96
s29,d8,frame_0018.jpg,SUCCESS,96,96,0,0,96,96
s29,d8,frame_0019.jpg,SUCCESS,96,96,0,0,96,96
s29,d8,frame_0020.jpg,SUCCESS,96,96,0,0,96,96
s29,d8,frame_0021.jpg,SUCCESS,96,96,0,0,96,96
s29,d8,frame_0022.jpg,SUCCESS,96,96,0,0,96,96
s29,d8,frame_0023.jpg,SUCCESS,96,96,0,0,96,96
s29,d8,frame_0024.jpg,SUCCESS,96,96,0,0,96,96
s29,d8,frame_0025.jpg,SUCCESS,96,96,0,0,96,96
s29,d8,frame_0026.jpg,SUCCESS,96,96,0,0,96,96
s29,d8,frame_0027.jpg,SUCCESS,96,96,0,0,96,96
s29,d8,frame_0028.jpg,SUCCESS,96,96,0,0,96,96
s29,d8,frame_0029.jpg,SUCCESS,96,96,0,0,96,96
s29,d8,frame_0030.jpg,SUCCESS,96,96,0,0,96,96
s29,d8,frame_0031.jpg,SUCCESS,96,96,0,0,96,96
s29,d8,frame_0032.jpg,SUCCESS,96,96,0,0,96,96
s29,d8,frame_0033.jpg,SUCCESS,96,96,0,0,96,96
s29,d8,frame_0034.jpg,SUCCESS,96,96,0,0,96,96
s29,d8,frame_0035.jpg,SUCCESS,96,96,0,0,96,96
s29,d9,frame_0001.jpg,SUCCESS,96,96,0,0,96,96
s29,d9,frame_0002.jpg,SUCCESS,96,96,0,0,96,96
s29,d9,frame_0003.jpg,SUCCESS,96,96,0,0,96,96
s29,d9,frame_0004.jpg,SUCCESS,96,96,0,0,96,96
s29,d9,frame_0005.jpg,SUCCESS,96,96,0,0,96,96
s29,d9,frame_0006.jpg,SUCCESS,96,96,0,0,96,96
s29,d9,frame_0007.jpg,SUCCESS,96,96,0,0,96,96
s29,d9,frame_0008.jpg,SUCCESS,96,96,0,0,96,96
s29,d9,frame_0009.jpg,SUCCESS,96,96,0,0,96,96
s29,d9,frame_0010.jpg,SUCCESS,96,96,0,0,96,96
s29,d9,frame_0011.jpg,SUCCESS,96,96,0,0,96,96
s29,d9,frame_0012.jpg,SUCCESS,96,96,0,0,96,96
s29,d9,frame_0013.jpg,SUCCESS,96,96,0,0,96,96
s29,d9,frame_0014.jpg,SUCCESS,96,96,0,0,96,96
s29,d9,frame_0015.jpg,SUCCESS,96,96,0,0,96,96
s29,d9,frame_0016.jpg,SUCCESS,96,96,0,0,96,96
s29,d9,frame_0017.jpg,SUCCESS,96,96,0,0,96,96
s29,d9,frame_0018.jpg,SUCCESS,96,96,0,0,96,96
s29,d9,frame_0019.jpg,SUCCESS,96,96,0,0,96,96
s29,d9,frame_0020.jpg,SUCCESS,96,96,0,0,96,96
s29,d9,frame_0021.jpg,SUCCESS,96,96,0,0,96,96
s29,d9,frame_0022.jpg,SUCCESS,96,96,0,0,96,96
s29,d9,frame_0023.jpg,SUCCESS,96,96,0,0,96,96
s29,d9,frame_0024.jpg,SUCCESS,96,96,0,0,96,96
s29,d9,frame_0025.jpg,SUCCESS,96,96,0,0,96,96
s29,d9,frame_0026.jpg,SUCCESS,96,96,0,0,96,96
s29,d9,frame_0027.jpg,SUCCESS,96,96,0,0,96,96
s30,d0,frame_0001.jpg,SUCCESS,96,96,0,0,96,96
s30,d0,frame_0002.jpg,SUCCESS,96,96,0,0,96,96
s30,d0,frame_0003.jpg,SUCCESS,96,96,0,0,96,96
s30,d0,frame_0004.jpg,SUCCESS,96,96,0,0,96,96
s30,d0,frame_0005.jpg,SUCCESS,96,96,0,0,96,96
s30,d0,frame_0006.jpg,SUCCESS,96,96,0,0,96,96
s30,d0,frame_0007.jpg,SUCCESS,96,96,0,0,96,96
s30,d0,frame_0008.jpg,SUCCESS,96,96,0,0,96,96
s30,d0,frame_0009.jpg,SUCCESS,96,96,0,0,96,96
s30,d0,frame_0010.jpg,SUCCESS,96,96,0,0,96,96
s30,d0,frame_0011.jpg,SUCCESS,96,96,0,0,96,96
s30,d0,frame_0012.jpg,SUCCESS,96,96,0,0,96,96
s30,d0,frame_0013.jpg,SUCCESS,96,96,0,0,96,96
s30,d0,frame_0014.jpg,SUCCESS,96,96,0,0,96,96
s30,d0,frame_0015.jpg,SUCCESS,96,96,0,0,96,96
s30,d0,frame_0016.jpg,SUCCESS,96,96,0,0,96,96
s30,d0,frame_0017.jpg,SUCCESS,96,96,0,0,96,96
s30,d0,frame_0018.jpg,SUCCESS,96,96,0,0,96,96
s30,d0,frame_0019.jpg,SUCCESS,96,96,0,0,96,96
s30,d0,frame_0020.jpg,SUCCESS,96,96,0,0,96,96
s30,d0,frame_0021.jpg,SUCCESS,96,96,0,0,96,96
s30,d0,frame_0022.jpg,SUCCESS,96,96,0,0,96,96
s30,d0,frame_0023.jpg,SUCCESS,96,96,0,0,96,96
s30,d0,frame_0024.jpg,SUCCESS,96,96,0,0,96,96
s30,d0,frame_0025.jpg,SUCCESS,96,96,0,0,96,96
s30,d0,frame_0026.jpg,SUCCESS,96,96,0,0,96,96
s30,d0,frame_0027.jpg,SUCCESS,96,96,0,0,96,96
s30,d0,frame_0028.jpg,SUCCESS,96,96,0,0,96,96
s30,d0,frame_0029.jpg,SUCCESS,96,96,0,0,96,96
s30,d0,frame_0030.jpg,SUCCESS,96,96,0,0,96,96
s30,d0,frame_0031.jpg,SUCCESS,96,96,0,0,96,96
s30,d1,frame_0001.jpg,SUCCESS,96,96,0,0,96,96
s30,d1,frame_0002.jpg,SUCCESS,96,96,0,0,96,96
s30,d1,frame_0003.jpg,SUCCESS,96,96,0,0,96,96
s30,d1,frame_0004.jpg,SUCCESS,96,96,0,0,96,96
s30,d1,frame_0005.jpg,SUCCESS,96,96,0,0,96,96
s30,d1,frame_0006.jpg,SUCCESS,96,96,0,0,96,96
s30,d1,frame_0007.jpg,SUCCESS,96,96,0,0,96,96
s30,d1,frame_0008.jpg,SUCCESS,96,96,0,0,96,96
s30,d1,frame_0009.jpg,SUCCESS,96,96,0,0,96,96
s30,d1,frame_0010.jpg,SUCCESS,96,96,0,0,96,96
s30,d1,frame_0011.jpg,SUCCESS,96,96,0,0,96,96
s30,d1,frame_0012.jpg,SUCCESS,96,96,0,0,96,96
s30,d1,frame_0013.jpg,SUCCESS,96,96,0,0,96,96
s30,d1,frame_0014.jpg,SUCCESS,96,96,0,0,96,96
s30,d1,frame_0015.jpg,SUCCESS,96,96,0,0,96,96
s30,d1,frame_0016.jpg,SUCCESS,96,96,0,0,96,96
s30,d1,frame_0017.jpg,SUCCESS,96,96,0,0,96,96
s30,d1,frame_0018.jpg,SUCCESS,96,96,0,0,96,96
s30,d1,frame_0019.jpg,SUCCESS,96,96,0,0,96,96
s30,d1,frame_0020.jpg,SUCCESS,96,96,0,0,96,96
s30,d1,frame_0021.jpg,SUCCESS,96,96,0,0,96,96
s30,d1,frame_0022.jpg,SUCCESS,96,96,0,0,96,96
s30,d1,frame_0023.jpg,SUCCESS,96,96,0,0,96,96
s30,d1,frame_0024.jpg,SUCCESS,96,96,0,0,96,96
s30,d1,frame_0025.jpg,SUCCESS,96,96,0,0,96,96
s30,d1,frame_0026.jpg,SUCCESS,96,96,0,0,96,96
s30,d1,frame_0027.jpg,SUCCESS,96,96,0,0,96,96
s30,d1,frame_0028.jpg,SUCCESS,96,96,0,0,96,96
s30,d1,frame_0029.jpg,SUCCESS,96,96,0,0,96,96
s30,d1,frame_0030.jpg,SUCCESS,96,96,0,0,96,96
s30,d10,frame_0001.jpg,SUCCESS,96,96,0,0,96,96
s30,d10,frame_0002.jpg,SUCCESS,96,96,0,0,96,96
s30,d10,frame_0003.jpg,SUCCESS,96,96,0,0,96,96
s30,d10,frame_0004.jpg,SUCCESS,96,96,0,0,96,96
s30,d10,frame_0005.jpg,SUCCESS,96,96,0,0,96,96
s30,d10,frame_0006.jpg,SUCCESS,96,96,0,0,96,96
s30,d10,frame_0007.jpg,SUCCESS,96,96,0,0,96,96
s30,d10,frame_0008.jpg,SUCCESS,96,96,0,0,96,96
s30,d10,frame_0009.jpg,SUCCESS,96,96,0,0,96,96
s30,d10,frame_0010.jpg,SUCCESS,96,96,0,0,96,96
s30,d10,frame_0011.jpg,SUCCESS,96,96,0,0,96,96
s30,d10,frame_0012.jpg,SUCCESS,96,96,0,0,96,96
s30,d10,frame_0013.jpg,SUCCESS,96,96,0,0,96,96
s30,d10,frame_0014.jpg,SUCCESS,96,96,0,0,96,96
s30,d10,frame_0015.jpg,SUCCESS,96,96,0,0,96,96
s30,d10,frame_0016.jpg,SUCCESS,96,96,0,0,96,96
s30,d10,frame_0017.jpg,SUCCESS,96,96,0,0,96,96
s30,d10,frame_0018.jpg,SUCCESS,96,96,0,0,96,96
s30,d10,frame_0019.jpg,SUCCESS,96,96,0,0,96,96
s30,d10,frame_0020.jpg,SUCCESS,96,96,0,0,96,96
s30,d10,frame_0021.jpg,SUCCESS,96,96,0,0,96,96
s30,d10,frame_0022.jpg,SUCCESS,96,96,0,0,96,96
s30,d10,frame_0023.jpg,SUCCESS,96,96,0,0,96,96
s30,d2,frame_0001.jpg,SUCCESS,96,96,0,0,96,96
s30,d2,frame_0002.jpg,SUCCESS,96,96,0,0,96,96
s30,d2,frame_0003.jpg,SUCCESS,96,96,0,0,96,96
s30,d2,frame_0004.jpg,SUCCESS,96,96,0,0,96,96
s30,d2,frame_0005.jpg,SUCCESS,96,96,0,0,96,96
s30,d2,frame_0006.jpg,SUCCESS,96,96,0,0,96,96
s30,d2,frame_0007.jpg,SUCCESS,96,96,0,0,96,96
s30,d2,frame_0008.jpg,SUCCESS,96,96,0,0,96,96
s30,d2,frame_0009.jpg,SUCCESS,96,96,0,0,96,96
s30,d2,frame_0010.jpg,SUCCESS,96,96,0,0,96,96
s30,d2,frame_0011.jpg,SUCCESS,96,96,0,0,96,96
s30,d2,frame_0012.jpg,SUCCESS,96,96,0,0,96,96
s30,d2,frame_0013.jpg,SUCCESS,96,96,0,0,96,96
s30,d2,frame_0014.jpg,SUCCESS,96,96,0,0,96,96
s30,d2,frame_0015.jpg,SUCCESS,96,96,0,0,96,96
s30,d2,frame_0016.jpg,SUCCESS,96,96,0,0,96,96
s30,d2,frame_0017.jpg,SUCCESS,96,96,0,0,96,96
s30,d2,frame_0018.jpg,SUCCESS,96,96,0,0,96,96
s30,d2,frame_0019.jpg,SUCCESS,96,96,0,0,96,96
s30,d2,frame_0020.jpg,SUCCESS,96,96,0,0,96,96
s30,d2,frame_0021.jpg,SUCCESS,96,96,0,0,96,96
s30,d2,frame_0022.jpg,SUCCESS,96,96,0,0,96,96
s30,d2,frame_0023.jpg,SUCCESS,96,96,0,0,96,96
s30,d2,frame_0024.jpg,SUCCESS,96,96,0,0,96,96
s30,d2,frame_0025.jpg,SUCCESS,96,96,0,0,96,96
s30,d2,frame_0026.jpg,SUCCESS,96,96,0,0,96,96
s30,d2,frame_0027.jpg,SUCCESS,96,96,0,0,96,96
s30,d2,frame_0028.jpg,SUCCESS,96,96,0,0,96,96
s30,d2,frame_0029.jpg,SUCCESS,96,96,0,0,96,96
s30,d2,frame_0030.jpg,SUCCESS,96,96,0,0,96,96
s30,d2,frame_0031.jpg,SUCCESS,96,96,0,0,96,96
s30,d2,frame_0032.jpg,SUCCESS,96,96,0,0,96,96
s30,d2,frame_0033.jpg,SUCCESS,96,96,0,0,96,96
s30,d2,frame_0034.jpg,SUCCESS,96,96,0,0,96,96
s30,d2,frame_0035.jpg,SUCCESS,96,96,0,0,96,96
s30,d2,frame_0036.jpg,SUCCESS,96,96,0,0,96,96
s30,d2,frame_0037.jpg,SUCCESS,96,96,0,0,96,96
s30,d2,frame_0038.jpg,SUCCESS,96,96,0,0,96,96
s30,d2,frame_0039.jpg,SUCCESS,96,96,0,0,96,96
s30,d2,frame_0040.jpg,SUCCESS,96,96,0,0,96,96
s30,d2,frame_0041.jpg,SUCCESS,96,96,0,0,96,96
s30,d2,frame_0042.jpg,SUCCESS,96,96,0,0,96,96
s30,d2,frame_0043.jpg,SUCCESS,96,96,0,0,96,96
s30,d2,frame_0044.jpg,SUCCESS,96,96,0,0,96,96
s30,d2,frame_0045.jpg,SUCCESS,96,96,0,0,96,96
s30,d2,frame_0046.jpg,SUCCESS,96,96,0,0,96,96
s30,d2,frame_0047.jpg,SUCCESS,96,96,0,0,96,96
s30,d2,frame_0048.jpg,SUCCESS,96,96,0,0,96,96
s30,d2,frame_0049.jpg,SUCCESS,96,96,0,0,96,96
s30,d2,frame_0050.jpg,SUCCESS,96,96,0,0,96,96
s30,d2,frame_0051.jpg,SUCCESS,96,96,0,0,96,96
s30,d2,frame_0052.jpg,SUCCESS,96,96,0,0,96,96
s30,d2,frame_0053.jpg,SUCCESS,96,96,0,0,96,96
s30,d2,frame_0054.jpg,SUCCESS,96,96,0,0,96,96
s30,d3,frame_0001.jpg,SUCCESS,96,96,0,0,96,96
s30,d3,frame_0002.jpg,SUCCESS,96,96,0,0,96,96
s30,d3,frame_0003.jpg,SUCCESS,96,96,0,0,96,96
s30,d3,frame_0004.jpg,SUCCESS,96,96,0,0,96,96
s30,d3,frame_0005.jpg,SUCCESS,96,96,0,0,96,96
s30,d3,frame_0006.jpg,SUCCESS,96,96,0,0,96,96
s30,d3,frame_0007.jpg,SUCCESS,96,96,0,0,96,96
s30,d3,frame_0008.jpg,SUCCESS,96,96,0,0,96,96
s30,d3,frame_0009.jpg,SUCCESS,96,96,0,0,96,96
s30,d3,frame_0010.jpg,SUCCESS,96,96,0,0,96,96
s30,d3,frame_0011.jpg,SUCCESS,96,96,0,0,96,96
s30,d3,frame_0012.jpg,SUCCESS,96,96,0,0,96,96
s30,d3,frame_0013.jpg,SUCCESS,96,96,0,0,96,96
s30,d3,frame_0014.jpg,SUCCESS,96,96,0,0,96,96
s30,d3,frame_0015.jpg,SUCCESS,96,96,0,0,96,96
s30,d3,frame_0016.jpg,SUCCESS,96,96,0,0,96,96
s30,d3,frame_0017.jpg,SUCCESS,96,96,0,0,96,96
s30,d3,frame_0018.jpg,SUCCESS,96,96,0,0,96,96
s30,d3,frame_0019.jpg,SUCCESS,96,96,0,0,96,96
s30,d3,frame_0020.jpg,SUCCESS,96,96,0,0,96,96
s30,d3,frame_0021.jpg,SUCCESS,96,96,0,0,96,96
s30,d3,frame_0022.jpg,SUCCESS,96,96,0,0,96,96
s30,d3,frame_0023.jpg,SUCCESS,96,96,0,0,96,96
s30,d4,frame_0001.jpg,SUCCESS,96,96,0,0,96,96
s30,d4,frame_0002.jpg,SUCCESS,96,96,0,0,96,96
s30,d4,frame_0003.jpg,SUCCESS,96,96,0,0,96,96
s30,d4,frame_0004.jpg,SUCCESS,96,96,0,0,96,96
s30,d4,frame_0005.jpg,SUCCESS,96,96,0,0,96,96
s30,d4,frame_0006.jpg,SUCCESS,96,96,0,0,96,96
s30,d4,frame_0007.jpg,SUCCESS,96,96,0,0,96,96
s30,d4,frame_0008.jpg,SUCCESS,96,96,0,0,96,96
s30,d4,frame_0009.jpg,SUCCESS,96,96,0,0,96,96
s30,d4,frame_0010.jpg,SUCCESS,96,96,0,0,96,96
s30,d4,frame_0011.jpg,SUCCESS,96,96,0,0,96,96
s30,d4,frame_0012.jpg,SUCCESS,96,96,0,0,96,96
s30,d4,frame_0013.jpg,SUCCESS,96,96,0,0,96,96
s30,d4,frame_0014.jpg,SUCCESS,96,96,0,0,96,96
s30,d4,frame_0015.jpg,SUCCESS,96,96,0,0,96,96
s30,d4,frame_0016.jpg,SUCCESS,96,96,0,0,96,96
s30,d4,frame_0017.jpg,SUCCESS,96,96,0,0,96,96
s30,d4,frame_0018.jpg,SUCCESS,96,96,0,0,96,96
s30,d4,frame_0019.jpg,SUCCESS,96,96,0,0,96,96
s30,d4,frame_0020.jpg,SUCCESS,96,96,0,0,96,96
s30,d4,frame_0021.jpg,SUCCESS,96,96,0,0,96,96
s30,d4,frame_0022.jpg,SUCCESS,96,96,0,0,96,96
s30,d4,frame_0023.jpg,SUCCESS,96,96,0,0,96,96
s30,d4,frame_0024.jpg,SUCCESS,96,96,0,0,96,96
s30,d4,frame_0025.jpg,SUCCESS,96,96,0,0,96,96
s30,d4,frame_0026.jpg,SUCCESS,96,96,0,0,96,96
s30,d4,frame_0027.jpg,SUCCESS,96,96,0,0,96,96
s30,d4,frame_0028.jpg,SUCCESS,96,96,0,0,96,96
s30,d4,frame_0029.jpg,SUCCESS,96,96,0,0,96,96
s30,d4,frame_0030.jpg,SUCCESS,96,96,0,0,96,96
s30,d4,frame_0031.jpg,SUCCESS,96,96,0,0,96,96
s30,d4,frame_0032.jpg,SUCCESS,96,96,0,0,96,96
s30,d4,frame_0033.jpg,SUCCESS,96,96,0,0,96,96
s30,d4,frame_0034.jpg,SUCCESS,96,96,0,0,96,96
s30,d4,frame_0035.jpg,SUCCESS,96,96,0,0,96,96
s30,d4,frame_0036.jpg,SUCCESS,96,96,0,0,96,96
s30,d5,frame_0001.jpg,SUCCESS,96,96,0,0,96,96
s30,d5,frame_0002.jpg,SUCCESS,96,96,0,0,96,96
s30,d5,frame_0003.jpg,SUCCESS,96,96,0,0,96,96
s30,d5,frame_0004.jpg,SUCCESS,96,96,0,0,96,96
s30,d5,frame_0005.jpg,SUCCESS,96,96,0,0,96,96
s30,d5,frame_0006.jpg,SUCCESS,96,96,0,0,96,96
s30,d5,frame_0007.jpg,SUCCESS,96,96,0,0,96,96
s30,d5,frame_0008.jpg,SUCCESS,96,96,0,0,96,96
s30,d5,frame_0009.jpg,SUCCESS,96,96,0,0,96,96
s30,d5,frame_0010.jpg,SUCCESS,96,96,0,0,96,96
s30,d5,frame_0011.jpg,SUCCESS,96,96,0,0,96,96
s30,d5,frame_0012.jpg,SUCCESS,96,96,0,0,96,96
s30,d5,frame_0013.jpg,SUCCESS,96,96,0,0,96,96
s30,d5,frame_0014.jpg,SUCCESS,96,96,0,0,96,96
s30,d5,frame_0015.jpg,SUCCESS,96,96,0,0,96,96
s30,d5,frame_0016.jpg,SUCCESS,96,96,0,0,96,96
s30,d5,frame_0017.jpg,SUCCESS,96,96,0,0,96,96
s30,d5,frame_0018.jpg,SUCCESS,96,96,0,0,96,96
s30,d6,frame_0001.jpg,SUCCESS,96,96,0,0,96,96
s30,d6,frame_0002.jpg,SUCCESS,96,96,0,0,96,96
s30,d6,frame_0003.jpg,SUCCESS,96,96,0,0,96,96
s30,d6,frame_0004.jpg,SUCCESS,96,96,0,0,96,96
s30,d6,frame_0005.jpg,SUCCESS,96,96,0,0,96,96
s30,d6,frame_0006.jpg,SUCCESS,96,96,0,0,96,96
s30,d6,frame_0007.jpg,SUCCESS,96,96,0,0,96,96
s30,d6,frame_0008.jpg,SUCCESS,96,96,0,0,96,96
s30,d6,frame_0009.jpg,SUCCESS,96,96,0,0,96,96
s30,d6,frame_0010.jpg,SUCCESS,96,96,0,0,96,96
s30,d6,frame_0011.jpg,SUCCESS,96,96,0,0,96,96
s30,d6,frame_0012.jpg,SUCCESS,96,96,0,0,96,96
s30,d6,frame_0013.jpg,SUCCESS,96,96,0,0,96,96
s30,d6,frame_0014.jpg,SUCCESS,96,96,0,0,96,96
s30,d6,frame_0015.jpg,SUCCESS,96,96,0,0,96,96
s30,d6,frame_0016.jpg,SUCCESS,96,96,0,0,96,96
s30,d6,frame_0017.jpg,SUCCESS,96,96,0,0,96,96
s30,d6,frame_0018.jpg,SUCCESS,96,96,0,0,96,96
s30,d6,frame_0019.jpg,SUCCESS,96,96,0,0,96,96
s30,d6,frame_0020.jpg,SUCCESS,96,96,0,0,96,96
s30,d6,frame_0021.jpg,SUCCESS,96,96,0,0,96,96
s30,d6,frame_0022.jpg,SUCCESS,96,96,0,0,96,96
s30,d6,frame_0023.jpg,SUCCESS,96,96,0,0,96,96
s30,d7,frame_0001.jpg,SUCCESS,96,96,0,0,96,96
s30,d7,frame_0002.jpg,SUCCESS,96,96,0,0,96,96
s30,d7,frame_0003.jpg,SUCCESS,96,96,0,0,96,96
s30,d7,frame_0004.jpg,SUCCESS,96,96,0,0,96,96
s30,d7,frame_0005.jpg,SUCCESS,96,96,0,0,96,96
s30,d7,frame_0006.jpg,SUCCESS,96,96,0,0,96,96
s30,d7,frame_0007.jpg,SUCCESS,96,96,0,0,96,96
s30,d7,frame_0008.jpg,SUCCESS,96,96,0,0,96,96
s30,d7,frame_0009.jpg,SUCCESS,96,96,0,0,96,96
s30,d7,frame_0010.jpg,SUCCESS,96,96,0,0,96,96
s30,d7,frame_0011.jpg,SUCCESS,96,96,0,0,96,96
s30,d7,frame_0012.jpg,SUCCESS,96,96,0,0,96,96
s30,d7,frame_0013.jpg,SUCCESS,96,96,0,0,96,96
s30,d7,frame_0014.jpg,SUCCESS,96,96,0,0,96,96
s30,d7,frame_0015.jpg,SUCCESS,96,96,0,0,96,96
s30,d7,frame_0016.jpg,SUCCESS,96,96,0,0,96,96
s30,d7,frame_0017.jpg,SUCCESS,96,96,0,0,96,96
s30,d7,frame_0018.jpg,SUCCESS,96,96,0,0,96,96
s30,d7,frame_0019.jpg,SUCCESS,96,96,0,0,96,96
s30,d7,frame_0020.jpg,SUCCESS,96,96,0,0,96,96
s30,d7,frame_0021.jpg,SUCCESS,96,96,0,0,96,96
s30,d7,frame_0022.jpg,SUCCESS,96,96,0,0,96,96
s30,d7,frame_0023.jpg,SUCCESS,96,96,0,0,96,96
s30,d7,frame_0024.jpg,SUCCESS,96,96,0,0,96,96
s30,d7,frame_0025.jpg,SUCCESS,96,96,0,0,96,96
s30,d7,frame_0026.jpg,SUCCESS,96,96,0,0,96,96
s30,d7,frame_0027.jpg,SUCCESS,96,96,0,0,96,96
s30,d7,frame_0028.jpg,SUCCESS,96,96,0,0,96,96
s30,d7,frame_0029.jpg,SUCCESS,96,96,0,0,96,96
s30,d7,frame_0030.jpg,SUCCESS,96,96,0,0,96,96
s30,d7,frame_0031.jpg,SUCCESS,96,96,0,0,96,96
s30,d7,frame_0032.jpg,SUCCESS,96,96,0,0,96,96
s30,d7,frame_0033.jpg,SUCCESS,96,96,0,0,96,96
s30,d7,frame_0034.jpg,SUCCESS,96,96,0,0,96,96
s30,d7,frame_0035.jpg,SUCCESS,96,96,0,0,96,96
s30,d8,frame_0001.jpg,SUCCESS,96,96,0,0,96,96
s30,d8,frame_0002.jpg,SUCCESS,96,96,0,0,96,96
s30,d8,frame_0003.jpg,SUCCESS,96,96,0,0,96,96
s30,d8,frame_0004.jpg,SUCCESS,96,96,0,0,96,96
s30,d8,frame_0005.jpg,SUCCESS,96,96,0,0,96,96
s30,d8,frame_0006.jpg,SUCCESS,96,96,0,0,96,96
s30,d8,frame_0007.jpg,SUCCESS,96,96,0,0,96,96
s30,d8,frame_0008.jpg,SUCCESS,96,96,0,0,96,96
s30,d8,frame_0009.jpg,SUCCESS,96,96,0,0,96,96
s30,d8,frame_0010.jpg,SUCCESS,96,96,0,0,96,96
s30,d8,frame_0011.jpg,SUCCESS,96,96,0,0,96,96
s30,d8,frame_0012.jpg,SUCCESS,96,96,0,0,96,96
s30,d8,frame_0013.jpg,SUCCESS,96,96,0,0,96,96
s30,d8,frame_0014.jpg,SUCCESS,96,96,0,0,96,96
s30,d8,frame_0015.jpg,SUCCESS,96,96,0,0,96,96
s30,d8,frame_0016.jpg,SUCCESS,96,96,0,0,96,96
s30,d8,frame_0017.jpg,SUCCESS,96,96,0,0,96,96
s30,d8,frame_0018.jpg,SUCCESS,96,96,0,0,96,96
s30,d8,frame_0019.jpg,SUCCESS,96,96,0,0,96,96
s30,d8,frame_0020.jpg,SUCCESS,96,96,0,0,96,96
s30,d8,frame_0021.jpg,SUCCESS,96,96,0,0,96,96
s30,d8,frame_0022.jpg,SUCCESS,96,96,0,0,96,96
s30,d8,frame_0023.jpg,SUCCESS,96,96,0,0,96,96
s30,d8,frame_0024.jpg,SUCCESS,96,96,0,0,96,96
s30,d8,frame_0025.jpg,SUCCESS,96,96,0,0,96,96
s30,d8,frame_0026.jpg,SUCCESS,96,96,0,0,96,96
s30,d8,frame_0027.jpg,SUCCESS,96,96,0,0,96,96
s30,d8,frame_0028.jpg,SUCCESS,96,96,0,0,96,96
s30,d8,frame_0029.jpg,SUCCESS,96,96,0,0,96,96
s30,d8,frame_0030.jpg,SUCCESS,96,96,0,0,96,96
s30,d8,frame_0031.jpg,SUCCESS,96,96,0,0,96,96
s30,d8,frame_0032.jpg,SUCCESS,96,96,0,0,96,96
s30,d8,frame_0033.jpg,SUCCESS,96,96,0,0,96,96
s30,d8,frame_0034.jpg,SUCCESS,96,96,0,0,96,96
s30,d8,frame_0035.jpg,SUCCESS,96,96,0,0,96,96
s30,d8,frame_0036.jpg,SUCCESS,96,96,0,0,96,96
s30,d8,frame_0037.jpg,SUCCESS,96,96,0,0,96,96
s30,d9,frame_0001.jpg,SUCCESS,96,96,0,0,96,96
s30,d9,frame_0002.jpg,SUCCESS,96,96,0,0,96,96
s30,d9,frame_0003.jpg,SUCCESS,96,96,0,0,96,96
s30,d9,frame_0004.jpg,SUCCESS,96,96,0,0,96,96
s30,d9,frame_0005.jpg,SUCCESS,96,96,0,0,96,96
s30,d9,frame_0006.jpg,SUCCESS,96,96,0,0,96,96
s30,d9,frame_0007.jpg,SUCCESS,96,96,0,0,96,96
s30,d9,frame_0008.jpg,SUCCESS,96,96,0,0,96,96
s30,d9,frame_0009.jpg,SUCCESS,96,96,0,0,96,96
s30,d9,frame_0010.jpg,SUCCESS,96,96,0,0,96,96
s30,d9,frame_0011.jpg,SUCCESS,96,96,0,0,96,96
s30,d9,frame_0012.jpg,SUCCESS,96,96,0,0,96,96
s30,d9,frame_0013.jpg,SUCCESS,96,96,0,0,96,96
s30,d9,frame_0014.jpg,SUCCESS,96,96,0,0,96,96
s30,d9,frame_0015.jpg,SUCCESS,96,96,0,0,96,96
s30,d9,frame_0016.jpg,SUCCESS,96,96,0,0,96,96
s30,d9,frame_0017.jpg,SUCCESS,96,96,0,0,96,96
s30,d9,frame_0018.jpg,SUCCESS,96,96,0,0,96,96
s30,d9,frame_0019.jpg,SUCCESS,96,96,0,0,96,96
s30,d9,frame_0020.jpg,SUCCESS,96,96,0,0,96,96
s30,d9,frame_0021.jpg,SUCCESS,96,96,0,0,96,96
s30,d9,frame_0022.jpg,SUCCESS,96,96,0,0,96,96
s30,d9,frame_0023.jpg,SUCCESS,96,96,0,0,96,96
s30,d9,frame_0024.jpg,SUCCESS,96,96,0,0,96,96
s30,d9,frame_0025.jpg,SUCCESS,96,96,0,0,96,96
s30,d9,frame_0026.jpg,SUCCESS,96,96,0,0,96,96
s30,d9,frame_0027.jpg,SUCCESS,96,96,0,0,96,96
s30,d9,frame_0028.jpg,SUCCESS,96,96,0,0,96,96
s30,d9,frame_0029.jpg,SUCCESS,96,96,0,0,96,96
s30,d9,frame_0030.jpg,SUCCESS,96,96,0,0,96,96
s30,d9,frame_0031.jpg,SUCCESS,96,96,0,0,96,96
s30,d9,frame_0032.jpg,SUCCESS,96,96,0,0,96,96
s30,d9,frame_0033.jpg,SUCCESS,96,96,0,0,96,96
s30,d9,frame_0034.jpg,SUCCESS,96,96,0,0,96,96
