speaker,digit,frame,detected,x1,y1,x2,y2,crop_width,crop_height,error
s1,d0,frame_0001.jpg,True,285.0,713.0,466.0,802.0,181.0,89.0,
s1,d0,frame_0002.jpg,True,287.0,712.0,463.0,802.0,176.0,90.0,
s1,d0,frame_0003.jpg,True,286.0,710.0,462.0,807.0,176.0,97.0,
s1,d0,frame_0004.jpg,True,286.0,708.0,462.0,813.0,176.0,105.0,
s1,d0,frame_0005.jpg,True,286.0,707.0,461.0,820.0,175.0,113.0,
s1,d0,frame_0006.jpg,True,287.0,710.0,461.0,824.0,174.0,114.0,
s1,d0,frame_0007.jpg,True,286.0,713.0,460.0,822.0,174.0,109.0,
s1,d0,frame_0008.jpg,True,283.0,720.0,459.0,814.0,176.0,94.0,
s1,d0,frame_0009.jpg,True,283.0,728.0,457.0,802.0,174.0,74.0,
s1,d0,frame_0010.jpg,True,282.0,731.0,459.0,790.0,177.0,59.0,
s1,d0,frame_0011.jpg,True,284.0,732.0,459.0,782.0,175.0,50.0,
s1,d0,frame_0012.jpg,True,285.0,732.0,460.0,780.0,175.0,48.0,
s1,d0,frame_0013.jpg,True,285.0,732.0,462.0,779.0,177.0,47.0,
s1,d0,frame_0014.jpg,True,286.0,732.0,464.0,779.0,178.0,47.0,
s1,d0,frame_0015.jpg,True,287.0,733.0,462.0,779.0,175.0,46.0,
s1,d0,frame_0016.jpg,True,285.0,731.0,462.0,784.0,177.0,53.0,
s1,d0,frame_0017.jpg,True,285.0,721.0,461.0,813.0,176.0,92.0,
s1,d0,frame_0018.jpg,True,284.0,708.0,463.0,838.0,179.0,130.0,
s1,d0,frame_0019.jpg,True,285.0,703.0,463.0,845.0,178.0,142.0,
s1,d0,frame_0020.jpg,True,291.0,702.0,459.0,846.0,168.0,144.0,
s1,d0,frame_0021.jpg,True,296.0,702.0,456.0,839.0,160.0,137.0,
s1,d0,frame_0022.jpg,True,299.0,705.0,456.0,825.0,157.0,120.0,
s1,d0,frame_0023.jpg,True,298.0,706.0,456.0,816.0,158.0,110.0,
s1,d0,frame_0024.jpg,True,296.0,705.0,458.0,812.0,162.0,107.0,
s1,d0,frame_0025.jpg,True,294.0,707.0,457.0,808.0,163.0,101.0,
s1,d0,frame_0026.jpg,True,294.0,706.0,457.0,807.0,163.0,101.0,
s1,d0,frame_0027.jpg,True,293.0,705.0,457.0,805.0,164.0,100.0,
s1,d0,frame_0028.jpg,True,292.0,705.0,457.0,804.0,165.0,99.0,
s1,d0,frame_0029.jpg,True,291.0,704.0,459.0,800.0,168.0,96.0,
s1,d0,frame_0030.jpg,True,290.0,704.0,459.0,798.0,169.0,94.0,
s1,d0,frame_0031.jpg,True,290.0,704.0,457.0,796.0,167.0,92.0,
s1,d0,frame_0032.jpg,True,288.0,703.0,458.0,793.0,170.0,90.0,
s1,d0,frame_0033.jpg,True,289.0,704.0,458.0,789.0,169.0,85.0,
s1,d0,frame_0034.jpg,True,289.0,704.0,460.0,786.0,171.0,82.0,
s1,d0,frame_0035.jpg,True,290.0,703.0,461.0,782.0,171.0,79.0,
s1,d0,frame_0036.jpg,True,290.0,703.0,462.0,780.0,172.0,77.0,
s1,d0,frame_0037.jpg,True,290.0,702.0,463.0,779.0,173.0,77.0,
s1,d0,frame_0038.jpg,True,290.0,701.0,463.0,776.0,173.0,75.0,
s1,d0,frame_0039.jpg,True,290.0,700.0,464.0,775.0,174.0,75.0,
s1,d0,frame_0040.jpg,True,290.0,700.0,464.0,774.0,174.0,74.0,
s1,d1,frame_0001.jpg,True,280.0,687.0,461.0,769.0,181.0,82.0,
s1,d1,frame_0002.jpg,True,280.0,687.0,460.0,771.0,180.0,84.0,
s1,d1,frame_0003.jpg,True,282.0,687.0,459.0,775.0,177.0,88.0,
s1,d1,frame_0004.jpg,True,284.0,684.0,459.0,784.0,175.0,100.0,
s1,d1,frame_0005.jpg,True,281.0,684.0,459.0,788.0,178.0,104.0,
s1,d1,frame_0006.jpg,True,281.0,683.0,458.0,789.0,177.0,106.0,
s1,d1,frame_0007.jpg,True,280.0,684.0,458.0,791.0,178.0,107.0,
s1,d1,frame_0008.jpg,True,280.0,685.0,458.0,792.0,178.0,107.0,
s1,d1,frame_0009.jpg,True,282.0,687.0,458.0,793.0,176.0,106.0,
s1,d1,frame_0010.jpg,True,279.0,689.0,459.0,795.0,180.0,106.0,
s1,d1,frame_0011.jpg,True,279.0,690.0,459.0,798.0,180.0,108.0,
s1,d1,frame_0012.jpg,True,280.0,692.0,460.0,801.0,180.0,109.0,
s1,d1,frame_0013.jpg,True,281.0,693.0,460.0,807.0,179.0,114.0,
s1,d1,frame_0014.jpg,True,280.0,695.0,460.0,816.0,180.0,121.0,
s1,d1,frame_0015.jpg,True,280.0,697.0,459.0,821.0,179.0,124.0,
s1,d1,frame_0016.jpg,True,280.0,699.0,460.0,824.0,180.0,125.0,
s1,d1,frame_0017.jpg,True,280.0,701.0,461.0,823.0,181.0,122.0,
s1,d1,frame_0018.jpg,True,279.0,704.0,461.0,819.0,182.0,115.0,
s1,d1,frame_0019.jpg,True,278.0,704.0,463.0,814.0,185.0,110.0,
s1,d1,frame_0020.jpg,True,279.0,705.0,461.0,810.0,182.0,105.0,
s1,d1,frame_0021.jpg,True,280.0,705.0,461.0,808.0,181.0,103.0,
s1,d1,frame_0022.jpg,True,279.0,704.0,460.0,807.0,181.0,103.0,
s1,d1,frame_0023.jpg,True,279.0,704.0,460.0,805.0,181.0,101.0,
s1,d1,frame_0024.jpg,True,279.0,703.0,459.0,804.0,180.0,101.0,
s1,d1,frame_0025.jpg,True,280.0,704.0,457.0,802.0,177.0,98.0,
s1,d1,frame_0026.jpg,True,280.0,703.0,456.0,802.0,176.0,99.0,
s1,d1,frame_0027.jpg,True,279.0,704.0,456.0,801.0,177.0,97.0,
s1,d1,frame_0028.jpg,True,280.0,706.0,455.0,800.0,175.0,94.0,
s1,d1,frame_0029.jpg,True,280.0,705.0,453.0,799.0,173.0,94.0,
s1,d1,frame_0030.jpg,True,279.0,706.0,453.0,798.0,174.0,92.0,
s1,d1,frame_0031.jpg,True,278.0,708.0,454.0,796.0,176.0,88.0,
s1,d1,frame_0032.jpg,True,278.0,709.0,454.0,793.0,176.0,84.0,
s1,d1,frame_0033.jpg,True,278.0,710.0,453.0,790.0,175.0,80.0,
s1,d1,frame_0034.jpg,True,277.0,710.0,454.0,788.0,177.0,78.0,
s1,d1,frame_0035.jpg,True,277.0,709.0,455.0,785.0,178.0,76.0,
s1,d1,frame_0036.jpg,True,277.0,708.0,453.0,781.0,176.0,73.0,
s1,d1,frame_0037.jpg,True,277.0,706.0,454.0,777.0,177.0,71.0,
s1,d1,frame_0038.jpg,True,276.0,706.0,454.0,777.0,178.0,71.0,
s1,d1,frame_0039.jpg,True,276.0,706.0,454.0,776.0,178.0,70.0,
s1,d2,frame_0001.jpg,True,273.0,699.0,446.0,783.0,173.0,84.0,
s1,d2,frame_0002.jpg,True,272.0,699.0,447.0,785.0,175.0,86.0,
s1,d2,frame_0003.jpg,True,272.0,696.0,446.0,786.0,174.0,90.0,
s1,d2,frame_0004.jpg,True,274.0,692.0,446.0,791.0,172.0,99.0,
s1,d2,frame_0005.jpg,True,273.0,692.0,446.0,793.0,173.0,101.0,
s1,d2,frame_0006.jpg,True,271.0,691.0,447.0,796.0,176.0,105.0,
s1,d2,frame_0007.jpg,True,272.0,692.0,446.0,795.0,174.0,103.0,
s1,d2,frame_0008.jpg,True,271.0,691.0,448.0,795.0,177.0,104.0,
s1,d2,frame_0009.jpg,True,271.0,692.0,448.0,794.0,177.0,102.0,
s1,d2,frame_0010.jpg,True,272.0,693.0,448.0,795.0,176.0,102.0,
s1,d2,frame_0011.jpg,True,271.0,695.0,448.0,795.0,177.0,100.0,
s1,d2,frame_0012.jpg,True,271.0,694.0,447.0,802.0,176.0,108.0,
s1,d2,frame_0013.jpg,True,270.0,696.0,446.0,817.0,176.0,121.0,
s1,d2,frame_0014.jpg,True,271.0,696.0,444.0,826.0,173.0,130.0,
s1,d2,frame_0015.jpg,True,270.0,697.0,444.0,825.0,174.0,128.0,
s1,d2,frame_0016.jpg,True,271.0,699.0,444.0,821.0,173.0,122.0,
s1,d2,frame_0017.jpg,True,272.0,701.0,444.0,816.0,172.0,115.0,
s1,d2,frame_0018.jpg,True,273.0,704.0,444.0,809.0,171.0,105.0,
s1,d2,frame_0019.jpg,True,272.0,706.0,445.0,803.0,173.0,97.0,
s1,d2,frame_0020.jpg,True,273.0,707.0,445.0,799.0,172.0,92.0,
s1,d2,frame_0021.jpg,True,271.0,708.0,445.0,798.0,174.0,90.0,
s1,d2,frame_0022.jpg,True,270.0,706.0,445.0,795.0,175.0,89.0,
s1,d2,frame_0023.jpg,True,270.0,706.0,444.0,792.0,174.0,86.0,
s1,d2,frame_0024.jpg,True,268.0,704.0,445.0,790.0,177.0,86.0,
s1,d2,frame_0025.jpg,True,270.0,702.0,444.0,788.0,174.0,86.0,
s1,d2,frame_0026.jpg,True,268.0,702.0,444.0,786.0,176.0,84.0,
s1,d2,frame_0027.jpg,True,268.0,701.0,442.0,785.0,174.0,84.0,
s1,d2,frame_0028.jpg,True,266.0,699.0,442.0,784.0,176.0,85.0,
s1,d2,frame_0029.jpg,True,266.0,699.0,441.0,782.0,175.0,83.0,
s1,d2,frame_0030.jpg,True,265.0,700.0,440.0,780.0,175.0,80.0,
s1,d2,frame_0031.jpg,True,265.0,700.0,439.0,777.0,174.0,77.0,
s1,d2,frame_0032.jpg,True,264.0,701.0,439.0,776.0,175.0,75.0,
s1,d2,frame_0033.jpg,True,265.0,702.0,438.0,776.0,173.0,74.0,
s1,d2,frame_0034.jpg,True,264.0,700.0,439.0,776.0,175.0,76.0,
s1,d2,frame_0035.jpg,True,263.0,700.0,439.0,776.0,176.0,76.0,
s1,d2,frame_0036.jpg,True,262.0,700.0,438.0,775.0,176.0,75.0,
s1,d2,frame_0037.jpg,True,262.0,700.0,437.0,775.0,175.0,75.0,
s1,d2,frame_0038.jpg,True,261.0,700.0,437.0,773.0,176.0,73.0,
s1,d2,frame_0039.jpg,True,261.0,699.0,438.0,774.0,177.0,75.0,
s1,d2,frame_0040.jpg,True,261.0,699.0,438.0,773.0,177.0,74.0,
s1,d3,frame_0001.jpg,True,269.0,698.0,446.0,781.0,177.0,83.0,
s1,d3,frame_0002.jpg,True,269.0,698.0,446.0,780.0,177.0,82.0,
s1,d3,frame_0003.jpg,True,270.0,695.0,445.0,786.0,175.0,91.0,
s1,d3,frame_0004.jpg,True,270.0,691.0,446.0,793.0,176.0,102.0,
s1,d3,frame_0005.jpg,True,268.0,688.0,446.0,795.0,178.0,107.0,
s1,d3,frame_0006.jpg,True,267.0,688.0,448.0,796.0,181.0,108.0,
s1,d3,frame_0007.jpg,True,268.0,687.0,447.0,796.0,179.0,109.0,
s1,d3,frame_0008.jpg,True,267.0,688.0,446.0,801.0,179.0,113.0,
s1,d3,frame_0009.jpg,True,268.0,689.0,447.0,816.0,179.0,127.0,
s1,d3,frame_0010.jpg,True,267.0,687.0,445.0,829.0,178.0,142.0,
s1,d3,frame_0011.jpg,True,265.0,688.0,446.0,835.0,181.0,147.0,
s1,d3,frame_0012.jpg,True,264.0,690.0,446.0,836.0,182.0,146.0,
s1,d3,frame_0013.jpg,True,262.0,693.0,446.0,836.0,184.0,143.0,
s1,d3,frame_0014.jpg,True,262.0,696.0,444.0,836.0,182.0,140.0,
s1,d3,frame_0015.jpg,True,261.0,700.0,445.0,835.0,184.0,135.0,
s1,d3,frame_0016.jpg,True,264.0,707.0,445.0,831.0,181.0,124.0,
s1,d3,frame_0017.jpg,True,265.0,714.0,442.0,823.0,177.0,109.0,
s1,d3,frame_0018.jpg,True,265.0,721.0,444.0,809.0,179.0,88.0,
s1,d3,frame_0019.jpg,True,265.0,725.0,441.0,798.0,176.0,73.0,
s1,d3,frame_0020.jpg,True,265.0,724.0,441.0,797.0,176.0,73.0,
s1,d3,frame_0021.jpg,True,265.0,724.0,441.0,794.0,176.0,70.0,
s1,d3,frame_0022.jpg,True,265.0,722.0,442.0,793.0,177.0,71.0,
s1,d3,frame_0023.jpg,True,264.0,720.0,442.0,791.0,178.0,71.0,
s1,d3,frame_0024.jpg,True,264.0,719.0,442.0,789.0,178.0,70.0,
s1,d3,frame_0025.jpg,True,264.0,715.0,442.0,788.0,178.0,73.0,
s1,d3,frame_0026.jpg,True,263.0,713.0,441.0,785.0,178.0,72.0,
s1,d3,frame_0027.jpg,True,263.0,711.0,441.0,782.0,178.0,71.0,
s1,d3,frame_0028.jpg,True,262.0,710.0,440.0,781.0,178.0,71.0,
s1,d3,frame_0029.jpg,True,261.0,707.0,439.0,778.0,178.0,71.0,
s1,d3,frame_0030.jpg,True,261.0,704.0,439.0,773.0,178.0,69.0,
s1,d3,frame_0031.jpg,True,261.0,703.0,438.0,770.0,177.0,67.0,
s1,d3,frame_0032.jpg,True,258.0,700.0,438.0,769.0,180.0,69.0,
s1,d3,frame_0033.jpg,True,259.0,700.0,436.0,767.0,177.0,67.0,
s1,d3,frame_0034.jpg,True,259.0,699.0,437.0,767.0,178.0,68.0,
s1,d3,frame_0035.jpg,True,260.0,698.0,438.0,766.0,178.0,68.0,
s1,d3,frame_0036.jpg,True,259.0,697.0,438.0,765.0,179.0,68.0,
s1,d4,frame_0001.jpg,True,262.0,695.0,442.0,775.0,180.0,80.0,
s1,d4,frame_0002.jpg,True,263.0,695.0,442.0,778.0,179.0,83.0,
s1,d4,frame_0003.jpg,True,263.0,692.0,441.0,784.0,178.0,92.0,
s1,d4,frame_0004.jpg,True,264.0,686.0,440.0,794.0,176.0,108.0,
s1,d4,frame_0005.jpg,True,262.0,684.0,441.0,802.0,179.0,118.0,
s1,d4,frame_0006.jpg,True,260.0,684.0,441.0,809.0,181.0,125.0,
s1,d4,frame_0007.jpg,True,258.0,684.0,442.0,815.0,184.0,131.0,
s1,d4,frame_0008.jpg,True,257.0,684.0,442.0,818.0,185.0,134.0,
s1,d4,frame_0009.jpg,True,256.0,683.0,442.0,818.0,186.0,135.0,
s1,d4,frame_0010.jpg,True,256.0,685.0,443.0,814.0,187.0,129.0,
s1,d4,frame_0011.jpg,True,257.0,685.0,444.0,808.0,187.0,123.0,
s1,d4,frame_0012.jpg,True,257.0,685.0,443.0,804.0,186.0,119.0,
s1,d4,frame_0013.jpg,True,258.0,685.0,443.0,799.0,185.0,114.0,
s1,d4,frame_0014.jpg,True,259.0,685.0,444.0,795.0,185.0,110.0,
s1,d4,frame_0015.jpg,True,259.0,685.0,445.0,794.0,186.0,109.0,
s1,d4,frame_0016.jpg,True,259.0,686.0,445.0,792.0,186.0,106.0,
s1,d4,frame_0017.jpg,True,260.0,686.0,445.0,793.0,185.0,107.0,
s1,d4,frame_0018.jpg,True,261.0,687.0,447.0,793.0,186.0,106.0,
s1,d4,frame_0019.jpg,True,261.0,688.0,448.0,796.0,187.0,108.0,
s1,d4,frame_0020.jpg,True,261.0,687.0,448.0,798.0,187.0,111.0,
s1,d4,frame_0021.jpg,True,261.0,689.0,448.0,801.0,187.0,112.0,
s1,d4,frame_0022.jpg,True,260.0,690.0,449.0,805.0,189.0,115.0,
s1,d4,frame_0023.jpg,True,260.0,690.0,449.0,806.0,189.0,116.0,
s1,d4,frame_0024.jpg,True,260.0,691.0,449.0,806.0,189.0,115.0,
s1,d4,frame_0025.jpg,True,261.0,691.0,449.0,805.0,188.0,114.0,
s1,d4,frame_0026.jpg,True,261.0,689.0,449.0,805.0,188.0,116.0,
s1,d4,frame_0027.jpg,True,260.0,689.0,448.0,804.0,188.0,115.0,
s1,d4,frame_0028.jpg,True,260.0,689.0,448.0,803.0,188.0,114.0,
s1,d4,frame_0029.jpg,True,260.0,689.0,446.0,802.0,186.0,113.0,
s1,d4,frame_0030.jpg,True,259.0,689.0,446.0,801.0,187.0,112.0,
s1,d4,frame_0031.jpg,True,259.0,691.0,446.0,799.0,187.0,108.0,
s1,d4,frame_0032.jpg,True,259.0,692.0,444.0,796.0,185.0,104.0,
s1,d4,frame_0033.jpg,True,260.0,694.0,444.0,791.0,184.0,97.0,
s1,d4,frame_0034.jpg,True,262.0,696.0,444.0,789.0,182.0,93.0,
s1,d4,frame_0035.jpg,True,264.0,698.0,441.0,785.0,177.0,87.0,
s1,d4,frame_0036.jpg,True,263.0,703.0,441.0,781.0,178.0,78.0,
s1,d4,frame_0037.jpg,True,263.0,705.0,442.0,779.0,179.0,74.0,
s1,d4,frame_0038.jpg,True,263.0,704.0,441.0,777.0,178.0,73.0,
s1,d4,frame_0039.jpg,True,263.0,704.0,441.0,774.0,178.0,70.0,
s1,d4,frame_0040.jpg,True,263.0,703.0,441.0,773.0,178.0,70.0,
s1,d4,frame_0041.jpg,True,262.0,700.0,442.0,772.0,180.0,72.0,
s1,d4,frame_0042.jpg,True,261.0,700.0,441.0,769.0,180.0,69.0,
s1,d4,frame_0043.jpg,True,262.0,699.0,442.0,767.0,180.0,68.0,
s1,d4,frame_0044.jpg,True,262.0,698.0,443.0,766.0,181.0,68.0,
s1,d4,frame_0045.jpg,True,262.0,697.0,443.0,765.0,181.0,68.0,
s1,d4,frame_0046.jpg,True,262.0,696.0,442.0,763.0,180.0,67.0,
s1,d4,frame_0047.jpg,True,263.0,696.0,441.0,762.0,178.0,66.0,
s1,d4,frame_0048.jpg,True,262.0,695.0,442.0,762.0,180.0,67.0,
s1,d5,frame_0001.jpg,True,257.0,685.0,438.0,767.0,181.0,82.0,
s1,d5,frame_0002.jpg,True,257.0,684.0,438.0,767.0,181.0,83.0,
s1,d5,frame_0003.jpg,True,257.0,682.0,438.0,770.0,181.0,88.0,
s1,d5,frame_0004.jpg,True,260.0,674.0,435.0,783.0,175.0,109.0,
s1,d5,frame_0005.jpg,True,259.0,672.0,436.0,797.0,177.0,125.0,
s1,d5,frame_0006.jpg,True,258.0,669.0,432.0,804.0,174.0,135.0,
s1,d5,frame_0007.jpg,True,256.0,668.0,433.0,810.0,177.0,142.0,
s1,d5,frame_0008.jpg,True,254.0,668.0,433.0,814.0,179.0,146.0,
s1,d5,frame_0009.jpg,True,254.0,668.0,433.0,817.0,179.0,149.0,
s1,d5,frame_0010.jpg,True,253.0,668.0,433.0,817.0,180.0,149.0,
s1,d5,frame_0011.jpg,True,253.0,670.0,434.0,817.0,181.0,147.0,
s1,d5,frame_0012.jpg,True,253.0,671.0,434.0,818.0,181.0,147.0,
s1,d5,frame_0013.jpg,True,255.0,671.0,434.0,819.0,179.0,148.0,
s1,d5,frame_0014.jpg,True,255.0,672.0,435.0,822.0,180.0,150.0,
s1,d5,frame_0015.jpg,True,254.0,673.0,436.0,821.0,182.0,148.0,
s1,d5,frame_0016.jpg,True,253.0,673.0,435.0,822.0,182.0,149.0,
s1,d5,frame_0017.jpg,True,252.0,675.0,435.0,821.0,183.0,146.0,
s1,d5,frame_0018.jpg,True,252.0,675.0,434.0,821.0,182.0,146.0,
s1,d5,frame_0019.jpg,True,252.0,676.0,434.0,821.0,182.0,145.0,
s1,d5,frame_0020.jpg,True,251.0,675.0,434.0,821.0,183.0,146.0,
s1,d5,frame_0021.jpg,True,251.0,675.0,434.0,820.0,183.0,145.0,
s1,d5,frame_0022.jpg,True,252.0,674.0,434.0,818.0,182.0,144.0,
s1,d5,frame_0023.jpg,True,252.0,673.0,433.0,816.0,181.0,143.0,
s1,d5,frame_0024.jpg,True,251.0,671.0,434.0,812.0,183.0,141.0,
s1,d5,frame_0025.jpg,True,253.0,672.0,434.0,807.0,181.0,135.0,
s1,d5,frame_0026.jpg,True,254.0,674.0,435.0,800.0,181.0,126.0,
s1,d5,frame_0027.jpg,True,255.0,675.0,436.0,793.0,181.0,118.0,
s1,d5,frame_0028.jpg,True,256.0,679.0,435.0,786.0,179.0,107.0,
s1,d5,frame_0029.jpg,True,258.0,686.0,434.0,781.0,176.0,95.0,
s1,d5,frame_0030.jpg,True,258.0,689.0,430.0,780.0,172.0,91.0,
s1,d5,frame_0031.jpg,True,258.0,692.0,430.0,779.0,172.0,87.0,
s1,d5,frame_0032.jpg,True,257.0,697.0,430.0,774.0,173.0,77.0,
s1,d5,frame_0033.jpg,True,258.0,698.0,429.0,772.0,171.0,74.0,
s1,d5,frame_0034.jpg,True,257.0,699.0,430.0,767.0,173.0,68.0,
s1,d5,frame_0035.jpg,True,256.0,700.0,430.0,766.0,174.0,66.0,
s1,d5,frame_0036.jpg,True,257.0,703.0,431.0,761.0,174.0,58.0,
s1,d5,frame_0037.jpg,True,256.0,704.0,433.0,758.0,177.0,54.0,
s1,d5,frame_0038.jpg,True,256.0,705.0,434.0,755.0,178.0,50.0,
s1,d5,frame_0039.jpg,True,257.0,705.0,434.0,755.0,177.0,50.0,
s1,d5,frame_0040.jpg,True,257.0,706.0,433.0,752.0,176.0,46.0,
s1,d5,frame_0041.jpg,True,255.0,707.0,435.0,751.0,180.0,44.0,
s1,d5,frame_0042.jpg,True,256.0,707.0,436.0,751.0,180.0,44.0,
s1,d5,frame_0043.jpg,True,256.0,705.0,436.0,754.0,180.0,49.0,
s1,d5,frame_0044.jpg,True,256.0,703.0,433.0,756.0,177.0,53.0,
s1,d5,frame_0045.jpg,True,258.0,702.0,433.0,759.0,175.0,57.0,
s1,d5,frame_0046.jpg,True,257.0,699.0,431.0,761.0,174.0,62.0,
s1,d5,frame_0047.jpg,True,257.0,696.0,432.0,763.0,175.0,67.0,
s1,d5,frame_0048.jpg,True,257.0,695.0,432.0,763.0,175.0,68.0,
s1,d5,frame_0049.jpg,True,257.0,694.0,433.0,764.0,176.0,70.0,
s1,d5,frame_0050.jpg,True,254.0,692.0,433.0,764.0,179.0,72.0,
s1,d5,frame_0051.jpg,True,256.0,690.0,432.0,765.0,176.0,75.0,
s1,d5,frame_0052.jpg,True,255.0,690.0,433.0,765.0,178.0,75.0,
s1,d5,frame_0053.jpg,True,256.0,689.0,433.0,765.0,177.0,76.0,
s1,d5,frame_0054.jpg,True,255.0,687.0,432.0,762.0,177.0,75.0,
s1,d5,frame_0055.jpg,True,253.0,686.0,434.0,762.0,181.0,76.0,
s1,d6,frame_0001.jpg,True,261.0,678.0,438.0,763.0,177.0,85.0,
s1,d6,frame_0002.jpg,True,263.0,678.0,438.0,765.0,175.0,87.0,
s1,d6,frame_0003.jpg,True,264.0,674.0,436.0,769.0,172.0,95.0,
s1,d6,frame_0004.jpg,True,264.0,674.0,436.0,774.0,172.0,100.0,
s1,d6,frame_0005.jpg,True,267.0,671.0,437.0,786.0,170.0,115.0,
s1,d6,frame_0006.jpg,True,268.0,671.0,434.0,797.0,166.0,126.0,
s1,d6,frame_0007.jpg,True,268.0,669.0,433.0,803.0,165.0,134.0,
s1,d6,frame_0008.jpg,True,268.0,668.0,433.0,805.0,165.0,137.0,
s1,d6,frame_0009.jpg,True,270.0,668.0,431.0,805.0,161.0,137.0,
s1,d6,frame_0010.jpg,True,269.0,669.0,430.0,806.0,161.0,137.0,
s1,d6,frame_0011.jpg,True,270.0,671.0,430.0,805.0,160.0,134.0,
s1,d6,frame_0012.jpg,True,271.0,673.0,429.0,804.0,158.0,131.0,
s1,d6,frame_0013.jpg,True,270.0,674.0,431.0,804.0,161.0,130.0,
s1,d6,frame_0014.jpg,True,271.0,675.0,430.0,804.0,159.0,129.0,
s1,d6,frame_0015.jpg,True,271.0,677.0,431.0,803.0,160.0,126.0,
s1,d6,frame_0016.jpg,True,272.0,678.0,431.0,803.0,159.0,125.0,
s1,d6,frame_0017.jpg,True,272.0,677.0,433.0,804.0,161.0,127.0,
s1,d6,frame_0018.jpg,True,271.0,678.0,433.0,802.0,162.0,124.0,
s1,d6,frame_0019.jpg,True,270.0,679.0,434.0,801.0,164.0,122.0,
s1,d6,frame_0020.jpg,True,270.0,679.0,434.0,801.0,164.0,122.0,
s1,d6,frame_0021.jpg,True,270.0,678.0,436.0,800.0,166.0,122.0,
s1,d6,frame_0022.jpg,True,269.0,678.0,436.0,799.0,167.0,121.0,
s1,d6,frame_0023.jpg,True,270.0,678.0,437.0,797.0,167.0,119.0,
s1,d6,frame_0024.jpg,True,269.0,676.0,437.0,794.0,168.0,118.0,
s1,d6,frame_0025.jpg,True,268.0,676.0,437.0,791.0,169.0,115.0,
s1,d6,frame_0026.jpg,True,266.0,677.0,438.0,789.0,172.0,112.0,
s1,d6,frame_0027.jpg,True,266.0,679.0,440.0,785.0,174.0,106.0,
s1,d6,frame_0028.jpg,True,268.0,680.0,440.0,781.0,172.0,101.0,
s1,d6,frame_0029.jpg,True,270.0,680.0,441.0,776.0,171.0,96.0,
s1,d6,frame_0030.jpg,True,268.0,682.0,443.0,773.0,175.0,91.0,
s1,d6,frame_0031.jpg,True,269.0,685.0,444.0,771.0,175.0,86.0,
s1,d6,frame_0032.jpg,True,270.0,686.0,445.0,771.0,175.0,85.0,
s1,d6,frame_0033.jpg,True,270.0,687.0,449.0,770.0,179.0,83.0,
s1,d6,frame_0034.jpg,True,272.0,689.0,449.0,769.0,177.0,80.0,
s1,d6,frame_0035.jpg,True,274.0,689.0,450.0,768.0,176.0,79.0,
s1,d7,frame_0001.jpg,True,280.0,707.0,462.0,786.0,182.0,79.0,
s1,d7,frame_0002.jpg,True,280.0,706.0,461.0,787.0,181.0,81.0,
s1,d7,frame_0003.jpg,True,280.0,706.0,461.0,789.0,181.0,83.0,
s1,d7,frame_0004.jpg,True,281.0,705.0,459.0,795.0,178.0,90.0,
s1,d7,frame_0005.jpg,True,283.0,696.0,458.0,810.0,175.0,114.0,
s1,d7,frame_0006.jpg,True,280.0,697.0,462.0,816.0,182.0,119.0,
s1,d7,frame_0007.jpg,True,279.0,696.0,464.0,817.0,185.0,121.0,
s1,d7,frame_0008.jpg,True,279.0,697.0,464.0,814.0,185.0,117.0,
s1,d7,frame_0009.jpg,True,279.0,698.0,465.0,811.0,186.0,113.0,
s1,d7,frame_0010.jpg,True,278.0,697.0,467.0,807.0,189.0,110.0,
s1,d7,frame_0011.jpg,True,278.0,698.0,467.0,806.0,189.0,108.0,
s1,d7,frame_0012.jpg,True,277.0,697.0,466.0,806.0,189.0,109.0,
s1,d7,frame_0013.jpg,True,276.0,698.0,466.0,808.0,190.0,110.0,
s1,d7,frame_0014.jpg,True,277.0,699.0,464.0,808.0,187.0,109.0,
s1,d7,frame_0015.jpg,True,276.0,700.0,464.0,809.0,188.0,109.0,
s1,d7,frame_0016.jpg,True,276.0,700.0,463.0,810.0,187.0,110.0,
s1,d7,frame_0017.jpg,True,276.0,703.0,463.0,813.0,187.0,110.0,
s1,d7,frame_0018.jpg,True,275.0,705.0,462.0,816.0,187.0,111.0,
s1,d7,frame_0019.jpg,True,275.0,706.0,460.0,816.0,185.0,110.0,
s1,d7,frame_0020.jpg,True,273.0,707.0,459.0,817.0,186.0,110.0,
s1,d7,frame_0021.jpg,True,273.0,708.0,459.0,817.0,186.0,109.0,
s1,d7,frame_0022.jpg,True,272.0,708.0,459.0,817.0,187.0,109.0,
s1,d7,frame_0023.jpg,True,272.0,708.0,459.0,817.0,187.0,109.0,
s1,d7,frame_0024.jpg,True,271.0,708.0,458.0,815.0,187.0,107.0,
s1,d7,frame_0025.jpg,True,269.0,707.0,457.0,814.0,188.0,107.0,
s1,d7,frame_0026.jpg,True,269.0,708.0,456.0,814.0,187.0,106.0,
s1,d7,frame_0027.jpg,True,269.0,708.0,456.0,813.0,187.0,105.0,
s1,d7,frame_0028.jpg,True,269.0,707.0,455.0,812.0,186.0,105.0,
s1,d7,frame_0029.jpg,True,269.0,707.0,453.0,811.0,184.0,104.0,
s1,d7,frame_0030.jpg,True,269.0,708.0,453.0,810.0,184.0,102.0,
s1,d7,frame_0031.jpg,True,269.0,710.0,452.0,809.0,183.0,99.0,
s1,d7,frame_0032.jpg,True,270.0,712.0,451.0,807.0,181.0,95.0,
s1,d7,frame_0033.jpg,True,273.0,715.0,449.0,805.0,176.0,90.0,
s1,d7,frame_0034.jpg,True,273.0,719.0,448.0,804.0,175.0,85.0,
s1,d7,frame_0035.jpg,True,271.0,725.0,447.0,802.0,176.0,77.0,
s1,d7,frame_0036.jpg,True,271.0,726.0,446.0,801.0,175.0,75.0,
s1,d7,frame_0037.jpg,True,270.0,727.0,445.0,798.0,175.0,71.0,
s1,d7,frame_0038.jpg,True,270.0,726.0,445.0,799.0,175.0,73.0,
s1,d7,frame_0039.jpg,True,270.0,726.0,446.0,797.0,176.0,71.0,
s1,d7,frame_0040.jpg,True,272.0,725.0,445.0,796.0,173.0,71.0,
s1,d7,frame_0041.jpg,True,270.0,724.0,448.0,795.0,178.0,71.0,
s1,d8,frame_0001.jpg,True,270.0,717.0,447.0,794.0,177.0,77.0,
s1,d8,frame_0002.jpg,True,270.0,717.0,446.0,795.0,176.0,78.0,
s1,d8,frame_0003.jpg,True,270.0,719.0,446.0,797.0,176.0,78.0,
s1,d8,frame_0004.jpg,True,269.0,719.0,446.0,799.0,177.0,80.0,
s1,d8,frame_0005.jpg,True,269.0,722.0,446.0,801.0,177.0,79.0,
s1,d8,frame_0006.jpg,True,270.0,726.0,444.0,802.0,174.0,76.0,
s1,d8,frame_0007.jpg,True,268.0,728.0,444.0,803.0,176.0,75.0,
s1,d8,frame_0008.jpg,True,269.0,730.0,443.0,801.0,174.0,71.0,
s1,d8,frame_0009.jpg,True,268.0,732.0,444.0,806.0,176.0,74.0,
s1,d8,frame_0010.jpg,True,268.0,733.0,443.0,807.0,175.0,74.0,
s1,d8,frame_0011.jpg,True,267.0,736.0,442.0,809.0,175.0,73.0,
s1,d8,frame_0012.jpg,True,267.0,737.0,440.0,811.0,173.0,74.0,
s1,d8,frame_0013.jpg,True,265.0,736.0,443.0,815.0,178.0,79.0,
s1,d8,frame_0014.jpg,True,266.0,731.0,440.0,822.0,174.0,91.0,
s1,d8,frame_0015.jpg,True,265.0,719.0,443.0,838.0,178.0,119.0,
s1,d8,frame_0016.jpg,True,262.0,718.0,446.0,845.0,184.0,127.0,
s1,d8,frame_0017.jpg,True,260.0,716.0,445.0,846.0,185.0,130.0,
s1,d8,frame_0018.jpg,True,259.0,716.0,444.0,846.0,185.0,130.0,
s1,d8,frame_0019.jpg,True,259.0,716.0,443.0,845.0,184.0,129.0,
s1,d8,frame_0020.jpg,True,260.0,717.0,443.0,840.0,183.0,123.0,
s1,d8,frame_0021.jpg,True,260.0,715.0,443.0,838.0,183.0,123.0,
s1,d8,frame_0022.jpg,True,258.0,717.0,444.0,832.0,186.0,115.0,
s1,d8,frame_0023.jpg,True,258.0,716.0,442.0,826.0,184.0,110.0,
s1,d8,frame_0024.jpg,True,258.0,716.0,441.0,823.0,183.0,107.0,
s1,d8,frame_0025.jpg,True,257.0,715.0,441.0,821.0,184.0,106.0,
s1,d8,frame_0026.jpg,True,256.0,715.0,440.0,820.0,184.0,105.0,
s1,d8,frame_0027.jpg,True,257.0,715.0,440.0,819.0,183.0,104.0,
s1,d8,frame_0028.jpg,True,256.0,714.0,439.0,819.0,183.0,105.0,
s1,d8,frame_0029.jpg,True,257.0,714.0,439.0,817.0,182.0,103.0,
s1,d8,frame_0030.jpg,True,260.0,714.0,440.0,817.0,180.0,103.0,
s1,d8,frame_0031.jpg,True,260.0,714.0,441.0,816.0,181.0,102.0,
s1,d8,frame_0032.jpg,True,261.0,715.0,441.0,815.0,180.0,100.0,
s1,d8,frame_0033.jpg,True,263.0,717.0,440.0,813.0,177.0,96.0,
s1,d8,frame_0034.jpg,True,263.0,717.0,440.0,810.0,177.0,93.0,
s1,d8,frame_0035.jpg,True,265.0,718.0,442.0,808.0,177.0,90.0,
s1,d8,frame_0036.jpg,True,266.0,719.0,444.0,805.0,178.0,86.0,
s1,d8,frame_0037.jpg,True,265.0,721.0,445.0,802.0,180.0,81.0,
s1,d8,frame_0038.jpg,True,266.0,721.0,446.0,800.0,180.0,79.0,
s1,d8,frame_0039.jpg,True,268.0,722.0,447.0,800.0,179.0,78.0,
s1,d8,frame_0040.jpg,True,270.0,721.0,447.0,798.0,177.0,77.0,
s1,d8,frame_0041.jpg,True,270.0,721.0,448.0,797.0,178.0,76.0,
s1,d8,frame_0042.jpg,True,272.0,721.0,450.0,797.0,178.0,76.0,
s1,d9,frame_0001.jpg,True,268.0,712.0,448.0,793.0,180.0,81.0,
s1,d9,frame_0002.jpg,True,268.0,711.0,447.0,794.0,179.0,83.0,
s1,d9,frame_0003.jpg,True,268.0,710.0,446.0,795.0,178.0,85.0,
s1,d9,frame_0004.jpg,True,268.0,703.0,446.0,802.0,178.0,99.0,
s1,d9,frame_0005.jpg,True,266.0,697.0,446.0,806.0,180.0,109.0,
s1,d9,frame_0006.jpg,True,266.0,696.0,445.0,810.0,179.0,114.0,
s1,d9,frame_0007.jpg,True,267.0,695.0,444.0,812.0,177.0,117.0,
s1,d9,frame_0008.jpg,True,265.0,695.0,443.0,813.0,178.0,118.0,
s1,d9,frame_0009.jpg,True,264.0,696.0,445.0,816.0,181.0,120.0,
s1,d9,frame_0010.jpg,True,265.0,695.0,446.0,817.0,181.0,122.0,
s1,d9,frame_0011.jpg,True,265.0,696.0,446.0,825.0,181.0,129.0,
s1,d9,frame_0012.jpg,True,265.0,696.0,446.0,837.0,181.0,141.0,
s1,d9,frame_0013.jpg,True,265.0,697.0,444.0,846.0,179.0,149.0,
s1,d9,frame_0014.jpg,True,267.0,699.0,441.0,850.0,174.0,151.0,
s1,d9,frame_0015.jpg,True,269.0,701.0,435.0,851.0,166.0,150.0,
s1,d9,frame_0016.jpg,True,275.0,708.0,430.0,844.0,155.0,136.0,
s1,d9,frame_0017.jpg,True,277.0,712.0,430.0,836.0,153.0,124.0,
s1,d9,frame_0018.jpg,True,275.0,715.0,430.0,825.0,155.0,110.0,
s1,d9,frame_0019.jpg,True,273.0,717.0,433.0,818.0,160.0,101.0,
s1,d9,frame_0020.jpg,True,272.0,716.0,433.0,816.0,161.0,100.0,
s1,d9,frame_0021.jpg,True,272.0,717.0,433.0,814.0,161.0,97.0,
s1,d9,frame_0022.jpg,True,271.0,717.0,432.0,813.0,161.0,96.0,
s1,d9,frame_0023.jpg,True,272.0,715.0,432.0,811.0,160.0,96.0,
s1,d9,frame_0024.jpg,True,270.0,713.0,432.0,808.0,162.0,95.0,
s1,d9,frame_0025.jpg,True,267.0,712.0,432.0,806.0,165.0,94.0,
s1,d9,frame_0026.jpg,True,267.0,712.0,434.0,802.0,167.0,90.0,
s1,d9,frame_0027.jpg,True,266.0,713.0,435.0,798.0,169.0,85.0,
s1,d9,frame_0028.jpg,True,266.0,713.0,435.0,798.0,169.0,85.0,
s1,d9,frame_0029.jpg,True,266.0,713.0,437.0,796.0,171.0,83.0,
s1,d9,frame_0030.jpg,True,267.0,712.0,438.0,796.0,171.0,84.0,
s1,d9,frame_0031.jpg,True,268.0,712.0,439.0,795.0,171.0,83.0,
s1,d9,frame_0032.jpg,True,268.0,713.0,440.0,795.0,172.0,82.0,
s1,d9,frame_0033.jpg,True,270.0,713.0,441.0,794.0,171.0,81.0,
s1,d9,frame_0034.jpg,True,270.0,714.0,441.0,793.0,171.0,79.0,
s1,d9,frame_0035.jpg,True,270.0,714.0,441.0,793.0,171.0,79.0,
s1,d9,frame_0036.jpg,True,270.0,712.0,442.0,792.0,172.0,80.0,
s1,d10,frame_0001.jpg,True,271.0,704.0,450.0,783.0,179.0,79.0,
s1,d10,frame_0002.jpg,True,270.0,703.0,450.0,784.0,180.0,81.0,
s1,d10,frame_0003.jpg,True,270.0,703.0,450.0,785.0,180.0,82.0,
s1,d10,frame_0004.jpg,True,269.0,702.0,449.0,785.0,180.0,83.0,
s1,d10,frame_0005.jpg,True,268.0,701.0,449.0,790.0,181.0,89.0,
s1,d10,frame_0006.jpg,True,268.0,696.0,446.0,798.0,178.0,102.0,
s1,d10,frame_0007.jpg,True,268.0,694.0,446.0,802.0,178.0,108.0,
s1,d10,frame_0008.jpg,True,265.0,693.0,447.0,806.0,182.0,113.0,
s1,d10,frame_0009.jpg,True,264.0,692.0,447.0,807.0,183.0,115.0,
s1,d10,frame_0010.jpg,True,263.0,692.0,447.0,808.0,184.0,116.0,
s1,d10,frame_0011.jpg,True,260.0,692.0,448.0,809.0,188.0,117.0,
s1,d10,frame_0012.jpg,True,259.0,691.0,447.0,812.0,188.0,121.0,
s1,d10,frame_0013.jpg,True,258.0,692.0,445.0,815.0,187.0,123.0,
s1,d10,frame_0014.jpg,True,259.0,699.0,445.0,813.0,186.0,114.0,
s1,d10,frame_0015.jpg,True,262.0,709.0,444.0,804.0,182.0,95.0,
s1,d10,frame_0016.jpg,True,261.0,716.0,443.0,796.0,182.0,80.0,
s1,d10,frame_0017.jpg,True,262.0,720.0,442.0,796.0,180.0,76.0,
s1,d10,frame_0018.jpg,True,262.0,720.0,440.0,797.0,178.0,77.0,
s1,d10,frame_0019.jpg,True,261.0,721.0,440.0,796.0,179.0,75.0,
s1,d10,frame_0020.jpg,True,260.0,721.0,440.0,796.0,180.0,75.0,
s1,d10,frame_0021.jpg,True,260.0,720.0,439.0,796.0,179.0,76.0,
s1,d10,frame_0022.jpg,True,260.0,720.0,438.0,794.0,178.0,74.0,
s1,d10,frame_0023.jpg,True,259.0,719.0,437.0,793.0,178.0,74.0,
s1,d10,frame_0024.jpg,True,259.0,718.0,437.0,793.0,178.0,75.0,
s1,d10,frame_0025.jpg,True,259.0,718.0,437.0,792.0,178.0,74.0,
s1,d10,frame_0026.jpg,True,259.0,718.0,437.0,793.0,178.0,75.0,
s1,d10,frame_0027.jpg,True,259.0,717.0,437.0,792.0,178.0,75.0,
s1,d10,frame_0028.jpg,True,260.0,717.0,437.0,792.0,177.0,75.0,
s1,d10,frame_0029.jpg,True,259.0,718.0,437.0,792.0,178.0,74.0,
s1,d10,frame_0030.jpg,True,258.0,717.0,438.0,793.0,180.0,76.0,
s2,d0,frame_0001.jpg,True,288.0,635.0,426.0,694.0,138.0,59.0,
s2,d0,frame_0002.jpg,True,290.0,637.0,427.0,697.0,137.0,60.0,
s2,d0,frame_0003.jpg,True,290.0,638.0,429.0,707.0,139.0,69.0,
s2,d0,frame_0004.jpg,True,291.0,637.0,430.0,722.0,139.0,85.0,
s2,d0,frame_0005.jpg,True,293.0,634.0,433.0,737.0,140.0,103.0,
s2,d0,frame_0006.jpg,True,294.0,633.0,433.0,744.0,139.0,111.0,
s2,d0,frame_0007.jpg,True,295.0,632.0,431.0,742.0,136.0,110.0,
s2,d0,frame_0008.jpg,True,294.0,630.0,429.0,736.0,135.0,106.0,
s2,d0,frame_0009.jpg,True,295.0,628.0,427.0,732.0,132.0,104.0,
s2,d0,frame_0010.jpg,True,296.0,629.0,423.0,725.0,127.0,96.0,
s2,d0,frame_0011.jpg,True,297.0,630.0,422.0,720.0,125.0,90.0,
s2,d0,frame_0012.jpg,True,298.0,631.0,422.0,716.0,124.0,85.0,
s2,d0,frame_0013.jpg,True,299.0,631.0,421.0,715.0,122.0,84.0,
s2,d0,frame_0014.jpg,True,299.0,631.0,422.0,713.0,123.0,82.0,
s2,d0,frame_0015.jpg,True,299.0,632.0,423.0,712.0,124.0,80.0,
s2,d0,frame_0016.jpg,True,300.0,631.0,424.0,712.0,124.0,81.0,
s2,d0,frame_0017.jpg,True,299.0,632.0,424.0,711.0,125.0,79.0,
s2,d0,frame_0018.jpg,True,299.0,633.0,425.0,708.0,126.0,75.0,
s2,d0,frame_0019.jpg,True,298.0,633.0,425.0,708.0,127.0,75.0,
s2,d0,frame_0020.jpg,True,296.0,634.0,426.0,707.0,130.0,73.0,
s2,d0,frame_0021.jpg,True,295.0,636.0,426.0,706.0,131.0,70.0,
s2,d0,frame_0022.jpg,True,294.0,637.0,426.0,704.0,132.0,67.0,
s2,d0,frame_0023.jpg,True,294.0,638.0,426.0,705.0,132.0,67.0,
s2,d1,frame_0001.jpg,True,295.0,652.0,427.0,717.0,132.0,65.0,
s2,d1,frame_0002.jpg,True,294.0,652.0,427.0,717.0,133.0,65.0,
s2,d1,frame_0003.jpg,True,294.0,652.0,426.0,721.0,132.0,69.0,
s2,d1,frame_0004.jpg,True,295.0,648.0,426.0,733.0,131.0,85.0,
s2,d1,frame_0005.jpg,True,292.0,647.0,425.0,741.0,133.0,94.0,
s2,d1,frame_0006.jpg,True,290.0,645.0,425.0,742.0,135.0,97.0,
s2,d1,frame_0007.jpg,True,289.0,643.0,426.0,742.0,137.0,99.0,
s2,d1,frame_0008.jpg,True,287.0,640.0,428.0,738.0,141.0,98.0,
s2,d1,frame_0009.jpg,True,285.0,639.0,428.0,736.0,143.0,97.0,
s2,d1,frame_0010.jpg,True,283.0,637.0,431.0,731.0,148.0,94.0,
s2,d1,frame_0011.jpg,True,282.0,637.0,432.0,726.0,150.0,89.0,
s2,d1,frame_0012.jpg,True,281.0,635.0,435.0,723.0,154.0,88.0,
s2,d1,frame_0013.jpg,True,282.0,636.0,437.0,720.0,155.0,84.0,
s2,d1,frame_0014.jpg,True,281.0,638.0,437.0,720.0,156.0,82.0,
s2,d1,frame_0015.jpg,True,281.0,639.0,437.0,722.0,156.0,83.0,
s2,d1,frame_0016.jpg,True,282.0,641.0,435.0,725.0,153.0,84.0,
s2,d1,frame_0017.jpg,True,283.0,641.0,435.0,732.0,152.0,91.0,
s2,d1,frame_0018.jpg,True,285.0,641.0,433.0,737.0,148.0,96.0,
s2,d1,frame_0019.jpg,True,287.0,642.0,429.0,744.0,142.0,102.0,
s2,d1,frame_0020.jpg,True,290.0,643.0,428.0,744.0,138.0,101.0,
s2,d1,frame_0021.jpg,True,290.0,642.0,427.0,742.0,137.0,100.0,
s2,d1,frame_0022.jpg,True,290.0,641.0,426.0,740.0,136.0,99.0,
s2,d1,frame_0023.jpg,True,290.0,641.0,425.0,736.0,135.0,95.0,
s2,d1,frame_0024.jpg,True,291.0,641.0,425.0,734.0,134.0,93.0,
s2,d1,frame_0025.jpg,True,291.0,640.0,424.0,733.0,133.0,93.0,
s2,d1,frame_0026.jpg,True,290.0,640.0,424.0,731.0,134.0,91.0,
s2,d1,frame_0027.jpg,True,291.0,640.0,424.0,729.0,133.0,89.0,
s2,d1,frame_0028.jpg,True,290.0,641.0,424.0,727.0,134.0,86.0,
s2,d1,frame_0029.jpg,True,291.0,641.0,423.0,724.0,132.0,83.0,
s2,d1,frame_0030.jpg,True,291.0,641.0,423.0,723.0,132.0,82.0,
s2,d1,frame_0031.jpg,True,291.0,642.0,423.0,721.0,132.0,79.0,
s2,d1,frame_0032.jpg,True,290.0,642.0,422.0,720.0,132.0,78.0,
s2,d1,frame_0033.jpg,True,291.0,642.0,422.0,721.0,131.0,79.0,
s2,d1,frame_0034.jpg,True,291.0,643.0,422.0,721.0,131.0,78.0,
s2,d1,frame_0035.jpg,True,290.0,645.0,422.0,720.0,132.0,75.0,
s2,d1,frame_0036.jpg,True,291.0,646.0,422.0,719.0,131.0,73.0,
s2,d1,frame_0037.jpg,True,291.0,648.0,424.0,716.0,133.0,68.0,
s2,d1,frame_0038.jpg,True,292.0,650.0,424.0,716.0,132.0,66.0,
s2,d1,frame_0039.jpg,True,291.0,651.0,424.0,714.0,133.0,63.0,
s2,d1,frame_0040.jpg,True,291.0,651.0,424.0,714.0,133.0,63.0,
s2,d1,frame_0041.jpg,True,291.0,651.0,424.0,714.0,133.0,63.0,
s2,d1,frame_0042.jpg,True,291.0,652.0,424.0,715.0,133.0,63.0,
s2,d1,frame_0043.jpg,True,292.0,651.0,423.0,716.0,131.0,65.0,
s2,d2,frame_0001.jpg,True,292.0,657.0,424.0,721.0,132.0,64.0,
s2,d2,frame_0002.jpg,True,293.0,659.0,424.0,723.0,131.0,64.0,
s2,d2,frame_0003.jpg,True,294.0,659.0,423.0,729.0,129.0,70.0,
s2,d2,frame_0004.jpg,True,293.0,659.0,425.0,742.0,132.0,83.0,
s2,d2,frame_0005.jpg,True,292.0,658.0,426.0,746.0,134.0,88.0,
s2,d2,frame_0006.jpg,True,292.0,658.0,427.0,746.0,135.0,88.0,
s2,d2,frame_0007.jpg,True,292.0,657.0,429.0,746.0,137.0,89.0,
s2,d2,frame_0008.jpg,True,290.0,656.0,429.0,742.0,139.0,86.0,
s2,d2,frame_0009.jpg,True,290.0,655.0,430.0,739.0,140.0,84.0,
s2,d2,frame_0010.jpg,True,289.0,655.0,431.0,739.0,142.0,84.0,
s2,d2,frame_0011.jpg,True,289.0,656.0,431.0,739.0,142.0,83.0,
s2,d2,frame_0012.jpg,True,289.0,657.0,429.0,743.0,140.0,86.0,
s2,d2,frame_0013.jpg,True,291.0,655.0,427.0,752.0,136.0,97.0,
s2,d2,frame_0014.jpg,True,292.0,656.0,427.0,760.0,135.0,104.0,
s2,d2,frame_0015.jpg,True,294.0,656.0,425.0,764.0,131.0,108.0,
s2,d2,frame_0016.jpg,True,295.0,656.0,422.0,765.0,127.0,109.0,
s2,d2,frame_0017.jpg,True,296.0,656.0,421.0,763.0,125.0,107.0,
s2,d2,frame_0018.jpg,True,296.0,658.0,421.0,761.0,125.0,103.0,
s2,d2,frame_0019.jpg,True,297.0,661.0,419.0,760.0,122.0,99.0,
s2,d2,frame_0020.jpg,True,297.0,662.0,418.0,756.0,121.0,94.0,
s2,d2,frame_0021.jpg,True,299.0,664.0,417.0,751.0,118.0,87.0,
s2,d2,frame_0022.jpg,True,298.0,665.0,417.0,748.0,119.0,83.0,
s2,d2,frame_0023.jpg,True,298.0,666.0,417.0,747.0,119.0,81.0,
s2,d2,frame_0024.jpg,True,297.0,666.0,418.0,745.0,121.0,79.0,
s2,d2,frame_0025.jpg,True,295.0,665.0,419.0,745.0,124.0,80.0,
s2,d2,frame_0026.jpg,True,294.0,664.0,419.0,743.0,125.0,79.0,
s2,d2,frame_0027.jpg,True,293.0,664.0,419.0,741.0,126.0,77.0,
s2,d2,frame_0028.jpg,True,292.0,664.0,421.0,740.0,129.0,76.0,
s2,d2,frame_0029.jpg,True,292.0,666.0,420.0,738.0,128.0,72.0,
s2,d2,frame_0030.jpg,True,291.0,668.0,421.0,737.0,130.0,69.0,
s2,d2,frame_0031.jpg,True,292.0,669.0,422.0,735.0,130.0,66.0,
s2,d2,frame_0032.jpg,True,292.0,670.0,422.0,736.0,130.0,66.0,
s2,d3,frame_0001.jpg,True,300.0,659.0,430.0,720.0,130.0,61.0,
s2,d3,frame_0002.jpg,True,301.0,659.0,430.0,724.0,129.0,65.0,
s2,d3,frame_0003.jpg,True,302.0,660.0,429.0,727.0,127.0,67.0,
s2,d3,frame_0004.jpg,True,301.0,658.0,431.0,738.0,130.0,80.0,
s2,d3,frame_0005.jpg,True,301.0,657.0,432.0,742.0,131.0,85.0,
s2,d3,frame_0006.jpg,True,301.0,655.0,433.0,742.0,132.0,87.0,
s2,d3,frame_0007.jpg,True,301.0,654.0,435.0,741.0,134.0,87.0,
s2,d3,frame_0008.jpg,True,301.0,653.0,437.0,740.0,136.0,87.0,
s2,d3,frame_0009.jpg,True,300.0,651.0,439.0,740.0,139.0,89.0,
s2,d3,frame_0010.jpg,True,299.0,652.0,441.0,740.0,142.0,88.0,
s2,d3,frame_0011.jpg,True,299.0,654.0,443.0,741.0,144.0,87.0,
s2,d3,frame_0012.jpg,True,299.0,656.0,444.0,745.0,145.0,89.0,
s2,d3,frame_0013.jpg,True,299.0,659.0,443.0,755.0,144.0,96.0,
s2,d3,frame_0014.jpg,True,300.0,661.0,443.0,764.0,143.0,103.0,
s2,d3,frame_0015.jpg,True,302.0,662.0,441.0,771.0,139.0,109.0,
s2,d3,frame_0016.jpg,True,301.0,663.0,439.0,772.0,138.0,109.0,
s2,d3,frame_0017.jpg,True,301.0,662.0,437.0,773.0,136.0,111.0,
s2,d3,frame_0018.jpg,True,301.0,662.0,436.0,771.0,135.0,109.0,
s2,d3,frame_0019.jpg,True,301.0,663.0,436.0,770.0,135.0,107.0,
s2,d3,frame_0020.jpg,True,301.0,663.0,435.0,765.0,134.0,102.0,
s2,d3,frame_0021.jpg,True,302.0,665.0,434.0,759.0,132.0,94.0,
s2,d3,frame_0022.jpg,True,302.0,669.0,434.0,750.0,132.0,81.0,
s2,d3,frame_0023.jpg,True,302.0,671.0,434.0,740.0,132.0,69.0,
s2,d3,frame_0024.jpg,True,301.0,672.0,433.0,735.0,132.0,63.0,
s2,d3,frame_0025.jpg,True,301.0,671.0,433.0,732.0,132.0,61.0,
s2,d3,frame_0026.jpg,True,300.0,670.0,433.0,732.0,133.0,62.0,
s2,d3,frame_0027.jpg,True,300.0,670.0,433.0,731.0,133.0,61.0,
s2,d3,frame_0028.jpg,True,298.0,670.0,433.0,730.0,135.0,60.0,
s2,d4,frame_0001.jpg,True,294.0,676.0,425.0,738.0,131.0,62.0,
s2,d4,frame_0002.jpg,True,295.0,676.0,426.0,739.0,131.0,63.0,
s2,d4,frame_0003.jpg,True,295.0,676.0,426.0,742.0,131.0,66.0,
s2,d4,frame_0004.jpg,True,295.0,673.0,425.0,748.0,130.0,75.0,
s2,d4,frame_0005.jpg,True,294.0,670.0,427.0,754.0,133.0,84.0,
s2,d4,frame_0006.jpg,True,293.0,668.0,428.0,755.0,135.0,87.0,
s2,d4,frame_0007.jpg,True,292.0,666.0,430.0,754.0,138.0,88.0,
s2,d4,frame_0008.jpg,True,291.0,666.0,433.0,752.0,142.0,86.0,
s2,d4,frame_0009.jpg,True,290.0,665.0,435.0,751.0,145.0,86.0,
s2,d4,frame_0010.jpg,True,290.0,664.0,437.0,751.0,147.0,87.0,
s2,d4,frame_0011.jpg,True,290.0,665.0,440.0,749.0,150.0,84.0,
s2,d4,frame_0012.jpg,True,291.0,665.0,442.0,750.0,151.0,85.0,
s2,d4,frame_0013.jpg,True,289.0,668.0,442.0,749.0,153.0,81.0,
s2,d4,frame_0014.jpg,True,290.0,668.0,443.0,750.0,153.0,82.0,
s2,d4,frame_0015.jpg,True,291.0,669.0,444.0,752.0,153.0,83.0,
s2,d4,frame_0016.jpg,True,292.0,669.0,445.0,755.0,153.0,86.0,
s2,d4,frame_0017.jpg,True,292.0,670.0,445.0,759.0,153.0,89.0,
s2,d4,frame_0018.jpg,True,292.0,672.0,445.0,761.0,153.0,89.0,
s2,d4,frame_0019.jpg,True,292.0,672.0,443.0,759.0,151.0,87.0,
s2,d4,frame_0020.jpg,True,291.0,672.0,442.0,760.0,151.0,88.0,
s2,d4,frame_0021.jpg,True,291.0,672.0,443.0,758.0,152.0,86.0,
s2,d4,frame_0022.jpg,True,290.0,672.0,442.0,758.0,152.0,86.0,
s2,d4,frame_0023.jpg,True,291.0,671.0,441.0,759.0,150.0,88.0,
s2,d4,frame_0024.jpg,True,291.0,672.0,440.0,760.0,149.0,88.0,
s2,d4,frame_0025.jpg,True,292.0,671.0,439.0,760.0,147.0,89.0,
s2,d4,frame_0026.jpg,True,292.0,672.0,439.0,760.0,147.0,88.0,
s2,d4,frame_0027.jpg,True,291.0,671.0,438.0,758.0,147.0,87.0,
s2,d4,frame_0028.jpg,True,292.0,670.0,436.0,757.0,144.0,87.0,
s2,d4,frame_0029.jpg,True,292.0,670.0,434.0,757.0,142.0,87.0,
s2,d4,frame_0030.jpg,True,293.0,670.0,434.0,754.0,141.0,84.0,
s2,d4,frame_0031.jpg,True,292.0,670.0,432.0,753.0,140.0,83.0,
s2,d4,frame_0032.jpg,True,293.0,670.0,430.0,754.0,137.0,84.0,
s2,d4,frame_0033.jpg,True,294.0,670.0,428.0,752.0,134.0,82.0,
s2,d4,frame_0034.jpg,True,294.0,670.0,427.0,751.0,133.0,81.0,
s2,d4,frame_0035.jpg,True,294.0,671.0,427.0,749.0,133.0,78.0,
s2,d4,frame_0036.jpg,True,295.0,671.0,426.0,748.0,131.0,77.0,
s2,d4,frame_0037.jpg,True,294.0,671.0,426.0,744.0,132.0,73.0,
s2,d4,frame_0038.jpg,True,295.0,672.0,426.0,740.0,131.0,68.0,
s2,d4,frame_0039.jpg,True,294.0,673.0,426.0,739.0,132.0,66.0,
s2,d4,frame_0040.jpg,True,296.0,674.0,427.0,738.0,131.0,64.0,
s2,d4,frame_0041.jpg,True,296.0,675.0,428.0,738.0,132.0,63.0,
s2,d4,frame_0042.jpg,True,296.0,676.0,428.0,737.0,132.0,61.0,
s2,d4,frame_0043.jpg,True,297.0,676.0,428.0,738.0,131.0,62.0,
s2,d4,frame_0044.jpg,True,297.0,676.0,428.0,739.0,131.0,63.0,
s2,d5,frame_0001.jpg,True,302.0,676.0,432.0,739.0,130.0,63.0,
s2,d5,frame_0002.jpg,True,303.0,676.0,431.0,740.0,128.0,64.0,
s2,d5,frame_0003.jpg,True,303.0,675.0,431.0,741.0,128.0,66.0,
s2,d5,frame_0004.jpg,True,303.0,674.0,431.0,749.0,128.0,75.0,
s2,d5,frame_0005.jpg,True,302.0,673.0,432.0,761.0,130.0,88.0,
s2,d5,frame_0006.jpg,True,302.0,673.0,432.0,768.0,130.0,95.0,
s2,d5,frame_0007.jpg,True,303.0,672.0,433.0,773.0,130.0,101.0,
s2,d5,frame_0008.jpg,True,302.0,672.0,435.0,777.0,133.0,105.0,
s2,d5,frame_0009.jpg,True,303.0,672.0,435.0,777.0,132.0,105.0,
s2,d5,frame_0010.jpg,True,302.0,673.0,436.0,780.0,134.0,107.0,
s2,d5,frame_0011.jpg,True,303.0,673.0,438.0,781.0,135.0,108.0,
s2,d5,frame_0012.jpg,True,303.0,674.0,438.0,781.0,135.0,107.0,
s2,d5,frame_0013.jpg,True,304.0,676.0,439.0,784.0,135.0,108.0,
s2,d5,frame_0014.jpg,True,304.0,677.0,440.0,786.0,136.0,109.0,
s2,d5,frame_0015.jpg,True,304.0,678.0,441.0,788.0,137.0,110.0,
s2,d5,frame_0016.jpg,True,303.0,679.0,440.0,789.0,137.0,110.0,
s2,d5,frame_0017.jpg,True,304.0,680.0,440.0,791.0,136.0,111.0,
s2,d5,frame_0018.jpg,True,304.0,681.0,440.0,790.0,136.0,109.0,
s2,d5,frame_0019.jpg,True,304.0,680.0,441.0,790.0,137.0,110.0,
s2,d5,frame_0020.jpg,True,305.0,680.0,441.0,790.0,136.0,110.0,
s2,d5,frame_0021.jpg,True,304.0,680.0,441.0,788.0,137.0,108.0,
s2,d5,frame_0022.jpg,True,304.0,680.0,440.0,785.0,136.0,105.0,
s2,d5,frame_0023.jpg,True,304.0,679.0,440.0,783.0,136.0,104.0,
s2,d5,frame_0024.jpg,True,305.0,679.0,441.0,779.0,136.0,100.0,
s2,d5,frame_0025.jpg,True,306.0,679.0,441.0,774.0,135.0,95.0,
s2,d5,frame_0026.jpg,True,307.0,679.0,438.0,769.0,131.0,90.0,
s2,d5,frame_0027.jpg,True,306.0,679.0,439.0,764.0,133.0,85.0,
s2,d5,frame_0028.jpg,True,307.0,678.0,438.0,760.0,131.0,82.0,
s2,d5,frame_0029.jpg,True,306.0,679.0,438.0,757.0,132.0,78.0,
s2,d5,frame_0030.jpg,True,307.0,680.0,439.0,753.0,132.0,73.0,
s2,d5,frame_0031.jpg,True,308.0,680.0,438.0,751.0,130.0,71.0,
s2,d5,frame_0032.jpg,True,307.0,680.0,438.0,748.0,131.0,68.0,
s2,d5,frame_0033.jpg,True,307.0,681.0,438.0,746.0,131.0,65.0,
s2,d5,frame_0034.jpg,True,307.0,681.0,438.0,745.0,131.0,64.0,
s2,d5,frame_0035.jpg,True,308.0,682.0,439.0,744.0,131.0,62.0,
s2,d5,frame_0036.jpg,True,308.0,683.0,439.0,745.0,131.0,62.0,
s2,d5,frame_0037.jpg,True,308.0,683.0,439.0,745.0,131.0,62.0,
s2,d6,frame_0001.jpg,True,310.0,691.0,438.0,755.0,128.0,64.0,
s2,d6,frame_0002.jpg,True,310.0,691.0,438.0,754.0,128.0,63.0,
s2,d6,frame_0003.jpg,True,312.0,691.0,437.0,757.0,125.0,66.0,
s2,d6,frame_0004.jpg,True,312.0,690.0,435.0,770.0,123.0,80.0,
s2,d6,frame_0005.jpg,True,311.0,689.0,436.0,777.0,125.0,88.0,
s2,d6,frame_0006.jpg,True,310.0,689.0,435.0,780.0,125.0,91.0,
s2,d6,frame_0007.jpg,True,311.0,689.0,433.0,783.0,122.0,94.0,
s2,d6,frame_0008.jpg,True,311.0,687.0,432.0,783.0,121.0,96.0,
s2,d6,frame_0009.jpg,True,312.0,687.0,431.0,784.0,119.0,97.0,
s2,d6,frame_0010.jpg,True,313.0,688.0,429.0,784.0,116.0,96.0,
s2,d6,frame_0011.jpg,True,315.0,689.0,427.0,784.0,112.0,95.0,
s2,d6,frame_0012.jpg,True,316.0,691.0,424.0,784.0,108.0,93.0,
s2,d6,frame_0013.jpg,True,318.0,692.0,422.0,783.0,104.0,91.0,
s2,d6,frame_0014.jpg,True,319.0,693.0,421.0,783.0,102.0,90.0,
s2,d6,frame_0015.jpg,True,320.0,695.0,423.0,784.0,103.0,89.0,
s2,d6,frame_0016.jpg,True,320.0,697.0,424.0,784.0,104.0,87.0,
s2,d6,frame_0017.jpg,True,321.0,699.0,426.0,783.0,105.0,84.0,
s2,d6,frame_0018.jpg,True,322.0,699.0,428.0,784.0,106.0,85.0,
s2,d6,frame_0019.jpg,True,322.0,700.0,429.0,784.0,107.0,84.0,
s2,d6,frame_0020.jpg,True,322.0,700.0,431.0,784.0,109.0,84.0,
s2,d6,frame_0021.jpg,True,321.0,699.0,432.0,783.0,111.0,84.0,
s2,d6,frame_0022.jpg,True,321.0,697.0,433.0,782.0,112.0,85.0,
s2,d6,frame_0023.jpg,True,321.0,696.0,433.0,782.0,112.0,86.0,
s2,d6,frame_0024.jpg,True,320.0,695.0,434.0,782.0,114.0,87.0,
s2,d6,frame_0025.jpg,True,319.0,693.0,435.0,781.0,116.0,88.0,
s2,d6,frame_0026.jpg,True,318.0,692.0,435.0,779.0,117.0,87.0,
s2,d6,frame_0027.jpg,True,317.0,692.0,436.0,778.0,119.0,86.0,
s2,d6,frame_0028.jpg,True,316.0,691.0,437.0,777.0,121.0,86.0,
s2,d6,frame_0029.jpg,True,315.0,691.0,437.0,777.0,122.0,86.0,
s2,d6,frame_0030.jpg,True,315.0,691.0,438.0,773.0,123.0,82.0,
s2,d6,frame_0031.jpg,True,314.0,690.0,438.0,769.0,124.0,79.0,
s2,d6,frame_0032.jpg,True,313.0,690.0,438.0,767.0,125.0,77.0,
s2,d6,frame_0033.jpg,True,314.0,692.0,438.0,765.0,124.0,73.0,
s2,d6,frame_0034.jpg,True,313.0,693.0,439.0,763.0,126.0,70.0,
s2,d6,frame_0035.jpg,True,314.0,694.0,440.0,762.0,126.0,68.0,
s2,d6,frame_0036.jpg,True,313.0,696.0,441.0,762.0,128.0,66.0,
s2,d6,frame_0037.jpg,True,314.0,697.0,442.0,762.0,128.0,65.0,
s2,d6,frame_0038.jpg,True,315.0,699.0,443.0,764.0,128.0,65.0,
s2,d6,frame_0039.jpg,True,315.0,700.0,443.0,764.0,128.0,64.0,
s2,d6,frame_0040.jpg,True,315.0,701.0,443.0,765.0,128.0,64.0,
s2,d7,frame_0001.jpg,True,322.0,704.0,448.0,767.0,126.0,63.0,
s2,d7,frame_0002.jpg,True,322.0,704.0,448.0,768.0,126.0,64.0,
s2,d7,frame_0003.jpg,True,323.0,704.0,448.0,770.0,125.0,66.0,
s2,d7,frame_0004.jpg,True,322.0,705.0,447.0,775.0,125.0,70.0,
s2,d7,frame_0005.jpg,True,322.0,704.0,447.0,783.0,125.0,79.0,
s2,d7,frame_0006.jpg,True,321.0,703.0,447.0,784.0,126.0,81.0,
s2,d7,frame_0007.jpg,True,320.0,702.0,447.0,785.0,127.0,83.0,
s2,d7,frame_0008.jpg,True,319.0,701.0,447.0,787.0,128.0,86.0,
s2,d7,frame_0009.jpg,True,319.0,701.0,448.0,787.0,129.0,86.0,
s2,d7,frame_0010.jpg,True,318.0,701.0,448.0,789.0,130.0,88.0,
s2,d7,frame_0011.jpg,True,317.0,701.0,449.0,788.0,132.0,87.0,
s2,d7,frame_0012.jpg,True,316.0,701.0,450.0,786.0,134.0,85.0,
s2,d7,frame_0013.jpg,True,316.0,701.0,449.0,784.0,133.0,83.0,
s2,d7,frame_0014.jpg,True,316.0,700.0,448.0,782.0,132.0,82.0,
s2,d7,frame_0015.jpg,True,317.0,698.0,447.0,783.0,130.0,85.0,
s2,d7,frame_0016.jpg,True,317.0,697.0,446.0,785.0,129.0,88.0,
s2,d7,frame_0017.jpg,True,318.0,695.0,446.0,787.0,128.0,92.0,
s2,d7,frame_0018.jpg,True,318.0,696.0,447.0,787.0,129.0,91.0,
s2,d7,frame_0019.jpg,True,318.0,697.0,448.0,788.0,130.0,91.0,
s2,d7,frame_0020.jpg,True,318.0,699.0,450.0,789.0,132.0,90.0,
s2,d7,frame_0021.jpg,True,317.0,701.0,451.0,791.0,134.0,90.0,
s2,d7,frame_0022.jpg,True,316.0,700.0,452.0,790.0,136.0,90.0,
s2,d7,frame_0023.jpg,True,317.0,701.0,452.0,788.0,135.0,87.0,
s2,d7,frame_0024.jpg,True,316.0,701.0,452.0,787.0,136.0,86.0,
s2,d7,frame_0025.jpg,True,317.0,702.0,452.0,787.0,135.0,85.0,
s2,d7,frame_0026.jpg,True,317.0,703.0,452.0,786.0,135.0,83.0,
s2,d7,frame_0027.jpg,True,317.0,703.0,451.0,787.0,134.0,84.0,
s2,d7,frame_0028.jpg,True,317.0,703.0,451.0,788.0,134.0,85.0,
s2,d7,frame_0029.jpg,True,317.0,704.0,451.0,788.0,134.0,84.0,
s2,d7,frame_0030.jpg,True,318.0,704.0,450.0,789.0,132.0,85.0,
s2,d7,frame_0031.jpg,True,318.0,705.0,449.0,789.0,131.0,84.0,
s2,d7,frame_0032.jpg,True,317.0,705.0,449.0,789.0,132.0,84.0,
s2,d7,frame_0033.jpg,True,317.0,706.0,448.0,790.0,131.0,84.0,
s2,d7,frame_0034.jpg,True,317.0,707.0,447.0,790.0,130.0,83.0,
s2,d7,frame_0035.jpg,True,317.0,707.0,447.0,790.0,130.0,83.0,
s2,d7,frame_0036.jpg,True,316.0,707.0,446.0,788.0,130.0,81.0,
s2,d7,frame_0037.jpg,True,317.0,707.0,445.0,785.0,128.0,78.0,
s2,d7,frame_0038.jpg,True,317.0,707.0,444.0,784.0,127.0,77.0,
s2,d7,frame_0039.jpg,True,316.0,707.0,443.0,781.0,127.0,74.0,
s2,d7,frame_0040.jpg,True,316.0,708.0,443.0,780.0,127.0,72.0,
s2,d7,frame_0041.jpg,True,315.0,710.0,444.0,778.0,129.0,68.0,
s2,d7,frame_0042.jpg,True,316.0,711.0,444.0,776.0,128.0,65.0,
s2,d7,frame_0043.jpg,True,316.0,712.0,445.0,775.0,129.0,63.0,
s2,d7,frame_0044.jpg,True,318.0,712.0,445.0,774.0,127.0,62.0,
s2,d7,frame_0045.jpg,True,317.0,713.0,446.0,775.0,129.0,62.0,
s2,d7,frame_0046.jpg,True,318.0,713.0,446.0,775.0,128.0,62.0,
s2,d8,frame_0001.jpg,True,319.0,708.0,448.0,767.0,129.0,59.0,
s2,d8,frame_0002.jpg,True,319.0,708.0,448.0,768.0,129.0,60.0,
s2,d8,frame_0003.jpg,True,320.0,710.0,448.0,770.0,128.0,60.0,
s2,d8,frame_0004.jpg,True,321.0,715.0,449.0,772.0,128.0,57.0,
s2,d8,frame_0005.jpg,True,321.0,718.0,450.0,772.0,129.0,54.0,
s2,d8,frame_0006.jpg,True,321.0,718.0,450.0,771.0,129.0,53.0,
s2,d8,frame_0007.jpg,True,321.0,717.0,450.0,770.0,129.0,53.0,
s2,d8,frame_0008.jpg,True,320.0,718.0,450.0,771.0,130.0,53.0,
s2,d8,frame_0009.jpg,True,320.0,719.0,452.0,774.0,132.0,55.0,
s2,d8,frame_0010.jpg,True,320.0,719.0,453.0,786.0,133.0,67.0,
s2,d8,frame_0011.jpg,True,319.0,718.0,456.0,796.0,137.0,78.0,
s2,d8,frame_0012.jpg,True,317.0,715.0,458.0,803.0,141.0,88.0,
s2,d8,frame_0013.jpg,True,316.0,715.0,460.0,806.0,144.0,91.0,
s2,d8,frame_0014.jpg,True,315.0,717.0,459.0,808.0,144.0,91.0,
s2,d8,frame_0015.jpg,True,316.0,719.0,459.0,809.0,143.0,90.0,
s2,d8,frame_0016.jpg,True,315.0,719.0,459.0,809.0,144.0,90.0,
s2,d8,frame_0017.jpg,True,315.0,721.0,458.0,808.0,143.0,87.0,
s2,d8,frame_0018.jpg,True,315.0,720.0,459.0,805.0,144.0,85.0,
s2,d8,frame_0019.jpg,True,316.0,720.0,456.0,802.0,140.0,82.0,
s2,d8,frame_0020.jpg,True,317.0,720.0,454.0,800.0,137.0,80.0,
s2,d8,frame_0021.jpg,True,317.0,720.0,454.0,799.0,137.0,79.0,
s2,d8,frame_0022.jpg,True,317.0,719.0,452.0,800.0,135.0,81.0,
s2,d8,frame_0023.jpg,True,318.0,719.0,451.0,800.0,133.0,81.0,
s2,d8,frame_0024.jpg,True,318.0,719.0,450.0,801.0,132.0,82.0,
s2,d8,frame_0025.jpg,True,319.0,719.0,449.0,801.0,130.0,82.0,
s2,d8,frame_0026.jpg,True,319.0,719.0,448.0,802.0,129.0,83.0,
s2,d8,frame_0027.jpg,True,319.0,719.0,448.0,802.0,129.0,83.0,
s2,d8,frame_0028.jpg,True,318.0,721.0,448.0,801.0,130.0,80.0,
s2,d8,frame_0029.jpg,True,317.0,722.0,447.0,801.0,130.0,79.0,
s2,d8,frame_0030.jpg,True,317.0,723.0,447.0,800.0,130.0,77.0,
s2,d8,frame_0031.jpg,True,318.0,724.0,446.0,799.0,128.0,75.0,
s2,d8,frame_0032.jpg,True,317.0,725.0,446.0,795.0,129.0,70.0,
s2,d8,frame_0033.jpg,True,318.0,726.0,447.0,791.0,129.0,65.0,
s2,d8,frame_0034.jpg,True,318.0,726.0,448.0,789.0,130.0,63.0,
s2,d8,frame_0035.jpg,True,317.0,727.0,448.0,789.0,131.0,62.0,
s2,d8,frame_0036.jpg,True,316.0,727.0,447.0,788.0,131.0,61.0,
s2,d8,frame_0037.jpg,True,316.0,727.0,447.0,788.0,131.0,61.0,
s2,d8,frame_0038.jpg,True,317.0,726.0,447.0,787.0,130.0,61.0,
s2,d8,frame_0039.jpg,True,317.0,726.0,447.0,787.0,130.0,61.0,
s2,d9,frame_0001.jpg,True,316.0,731.0,445.0,793.0,129.0,62.0,
s2,d9,frame_0002.jpg,True,316.0,730.0,445.0,792.0,129.0,62.0,
s2,d9,frame_0003.jpg,True,317.0,729.0,445.0,795.0,128.0,66.0,
s2,d9,frame_0004.jpg,True,317.0,727.0,444.0,802.0,127.0,75.0,
s2,d9,frame_0005.jpg,True,317.0,726.0,444.0,809.0,127.0,83.0,
s2,d9,frame_0006.jpg,True,317.0,724.0,444.0,811.0,127.0,87.0,
s2,d9,frame_0007.jpg,True,316.0,722.0,445.0,812.0,129.0,90.0,
s2,d9,frame_0008.jpg,True,316.0,719.0,444.0,813.0,128.0,94.0,
s2,d9,frame_0009.jpg,True,316.0,717.0,444.0,815.0,128.0,98.0,
s2,d9,frame_0010.jpg,True,318.0,717.0,443.0,818.0,125.0,101.0,
s2,d9,frame_0011.jpg,True,320.0,719.0,442.0,821.0,122.0,102.0,
s2,d9,frame_0012.jpg,True,321.0,719.0,441.0,821.0,120.0,102.0,
s2,d9,frame_0013.jpg,True,322.0,722.0,439.0,819.0,117.0,97.0,
s2,d9,frame_0014.jpg,True,324.0,724.0,436.0,816.0,112.0,92.0,
s2,d9,frame_0015.jpg,True,326.0,727.0,437.0,811.0,111.0,84.0,
s2,d9,frame_0016.jpg,True,325.0,726.0,435.0,808.0,110.0,82.0,
s2,d9,frame_0017.jpg,True,324.0,726.0,436.0,806.0,112.0,80.0,
s2,d9,frame_0018.jpg,True,324.0,726.0,436.0,804.0,112.0,78.0,
s2,d9,frame_0019.jpg,True,323.0,725.0,435.0,804.0,112.0,79.0,
s2,d9,frame_0020.jpg,True,322.0,725.0,436.0,804.0,114.0,79.0,
s2,d9,frame_0021.jpg,True,320.0,725.0,435.0,804.0,115.0,79.0,
s2,d9,frame_0022.jpg,True,320.0,724.0,435.0,802.0,115.0,78.0,
s2,d9,frame_0023.jpg,True,320.0,722.0,436.0,801.0,116.0,79.0,
s2,d9,frame_0024.jpg,True,319.0,723.0,435.0,801.0,116.0,78.0,
s2,d9,frame_0025.jpg,True,318.0,721.0,436.0,799.0,118.0,78.0,
s2,d9,frame_0026.jpg,True,317.0,721.0,436.0,798.0,119.0,77.0,
s2,d9,frame_0027.jpg,True,316.0,721.0,437.0,795.0,121.0,74.0,
s2,d9,frame_0028.jpg,True,314.0,721.0,438.0,794.0,124.0,73.0,
s2,d9,frame_0029.jpg,True,314.0,722.0,439.0,791.0,125.0,69.0,
s2,d9,frame_0030.jpg,True,314.0,722.0,440.0,790.0,126.0,68.0,
s2,d9,frame_0031.jpg,True,314.0,723.0,440.0,788.0,126.0,65.0,
s2,d9,frame_0032.jpg,True,314.0,724.0,442.0,788.0,128.0,64.0,
s2,d10,frame_0001.jpg,True,322.0,727.0,446.0,790.0,124.0,63.0,
s2,d10,frame_0002.jpg,True,320.0,728.0,447.0,790.0,127.0,62.0,
s2,d10,frame_0003.jpg,True,321.0,728.0,447.0,794.0,126.0,66.0,
s2,d10,frame_0004.jpg,True,320.0,727.0,447.0,802.0,127.0,75.0,
s2,d10,frame_0005.jpg,True,319.0,728.0,449.0,810.0,130.0,82.0,
s2,d10,frame_0006.jpg,True,318.0,728.0,450.0,812.0,132.0,84.0,
s2,d10,frame_0007.jpg,True,315.0,726.0,451.0,811.0,136.0,85.0,
s2,d10,frame_0008.jpg,True,314.0,724.0,451.0,810.0,137.0,86.0,
s2,d10,frame_0009.jpg,True,314.0,724.0,451.0,808.0,137.0,84.0,
s2,d10,frame_0010.jpg,True,313.0,724.0,450.0,809.0,137.0,85.0,
s2,d10,frame_0011.jpg,True,311.0,725.0,450.0,811.0,139.0,86.0,
s2,d10,frame_0012.jpg,True,313.0,727.0,448.0,813.0,135.0,86.0,
s2,d10,frame_0013.jpg,True,314.0,732.0,447.0,808.0,133.0,76.0,
s2,d10,frame_0014.jpg,True,314.0,735.0,448.0,799.0,134.0,64.0,
s2,d10,frame_0015.jpg,True,315.0,738.0,448.0,795.0,133.0,57.0,
s2,d10,frame_0016.jpg,True,314.0,738.0,447.0,793.0,133.0,55.0,
s2,d10,frame_0017.jpg,True,314.0,738.0,446.0,793.0,132.0,55.0,
s2,d10,frame_0018.jpg,True,314.0,736.0,445.0,792.0,131.0,56.0,
s2,d10,frame_0019.jpg,True,312.0,734.0,444.0,790.0,132.0,56.0,
s2,d10,frame_0020.jpg,True,312.0,734.0,444.0,789.0,132.0,55.0,
s2,d10,frame_0021.jpg,True,310.0,732.0,443.0,788.0,133.0,56.0,
s2,d10,frame_0022.jpg,True,310.0,731.0,441.0,786.0,131.0,55.0,
s2,d10,frame_0023.jpg,True,308.0,729.0,441.0,785.0,133.0,56.0,
s2,d10,frame_0024.jpg,True,307.0,728.0,440.0,784.0,133.0,56.0,
s2,d10,frame_0025.jpg,True,308.0,728.0,439.0,783.0,131.0,55.0,
s3,d0,frame_0001.jpg,True,278.0,640.0,441.0,715.0,163.0,75.0,
s3,d0,frame_0002.jpg,True,279.0,640.0,443.0,715.0,164.0,75.0,
s3,d0,frame_0003.jpg,True,277.0,639.0,439.0,715.0,162.0,76.0,
s3,d0,frame_0004.jpg,True,275.0,638.0,436.0,716.0,161.0,78.0,
s3,d0,frame_0005.jpg,True,277.0,637.0,438.0,714.0,161.0,77.0,
s3,d0,frame_0006.jpg,True,278.0,635.0,437.0,712.0,159.0,77.0,
s3,d0,frame_0007.jpg,True,276.0,633.0,434.0,714.0,158.0,81.0,
s3,d0,frame_0008.jpg,True,277.0,629.0,437.0,721.0,160.0,92.0,
s3,d0,frame_0009.jpg,True,276.0,627.0,439.0,724.0,163.0,97.0,
s3,d0,frame_0010.jpg,True,276.0,627.0,438.0,724.0,162.0,97.0,
s3,d0,frame_0011.jpg,True,274.0,628.0,436.0,726.0,162.0,98.0,
s3,d0,frame_0012.jpg,True,274.0,629.0,435.0,727.0,161.0,98.0,
s3,d0,frame_0013.jpg,True,278.0,634.0,437.0,727.0,159.0,93.0,
s3,d0,frame_0014.jpg,True,281.0,644.0,436.0,724.0,155.0,80.0,
s3,d0,frame_0015.jpg,True,282.0,651.0,433.0,718.0,151.0,67.0,
s3,d0,frame_0016.jpg,True,282.0,654.0,435.0,719.0,153.0,65.0,
s3,d0,frame_0017.jpg,True,282.0,656.0,437.0,720.0,155.0,64.0,
s3,d0,frame_0018.jpg,True,280.0,657.0,436.0,718.0,156.0,61.0,
s3,d0,frame_0019.jpg,True,278.0,657.0,435.0,718.0,157.0,61.0,
s3,d0,frame_0020.jpg,True,278.0,656.0,434.0,718.0,156.0,62.0,
s3,d0,frame_0021.jpg,True,275.0,647.0,435.0,730.0,160.0,83.0,
s3,d0,frame_0022.jpg,True,269.0,634.0,435.0,752.0,166.0,118.0,
s3,d0,frame_0023.jpg,True,266.0,630.0,438.0,756.0,172.0,126.0,
s3,d0,frame_0024.jpg,True,264.0,627.0,439.0,758.0,175.0,131.0,
s3,d0,frame_0025.jpg,True,263.0,626.0,439.0,758.0,176.0,132.0,
s3,d0,frame_0026.jpg,True,263.0,625.0,433.0,755.0,170.0,130.0,
s3,d0,frame_0027.jpg,True,273.0,629.0,426.0,751.0,153.0,122.0,
s3,d0,frame_0028.jpg,True,281.0,632.0,424.0,744.0,143.0,112.0,
s3,d0,frame_0029.jpg,True,285.0,634.0,422.0,737.0,137.0,103.0,
s3,d0,frame_0030.jpg,True,287.0,634.0,420.0,735.0,133.0,101.0,
s3,d0,frame_0031.jpg,True,287.0,633.0,422.0,735.0,135.0,102.0,
s3,d0,frame_0032.jpg,True,287.0,633.0,421.0,731.0,134.0,98.0,
s3,d0,frame_0033.jpg,True,287.0,633.0,422.0,731.0,135.0,98.0,
s3,d0,frame_0034.jpg,True,285.0,633.0,421.0,729.0,136.0,96.0,
s3,d0,frame_0035.jpg,True,285.0,633.0,423.0,728.0,138.0,95.0,
s3,d0,frame_0036.jpg,True,286.0,633.0,422.0,727.0,136.0,94.0,
s3,d0,frame_0037.jpg,True,283.0,631.0,422.0,725.0,139.0,94.0,
s3,d0,frame_0038.jpg,True,281.0,631.0,422.0,723.0,141.0,92.0,
s3,d0,frame_0039.jpg,True,283.0,631.0,423.0,721.0,140.0,90.0,
s3,d0,frame_0040.jpg,True,281.0,628.0,424.0,718.0,143.0,90.0,
s3,d0,frame_0041.jpg,True,278.0,627.0,425.0,715.0,147.0,88.0,
s3,d0,frame_0042.jpg,True,278.0,626.0,425.0,712.0,147.0,86.0,
s3,d0,frame_0043.jpg,True,276.0,625.0,428.0,711.0,152.0,86.0,
s3,d0,frame_0044.jpg,True,274.0,624.0,428.0,709.0,154.0,85.0,
s3,d0,frame_0045.jpg,True,273.0,625.0,428.0,708.0,155.0,83.0,
s3,d0,frame_0046.jpg,True,273.0,626.0,429.0,707.0,156.0,81.0,
s3,d0,frame_0047.jpg,True,274.0,628.0,430.0,706.0,156.0,78.0,
s3,d0,frame_0048.jpg,True,275.0,629.0,430.0,704.0,155.0,75.0,
s3,d0,frame_0049.jpg,True,276.0,628.0,432.0,703.0,156.0,75.0,
s3,d0,frame_0050.jpg,True,279.0,629.0,434.0,703.0,155.0,74.0,
s3,d0,frame_0051.jpg,True,278.0,630.0,434.0,704.0,156.0,74.0,
s3,d0,frame_0052.jpg,True,279.0,631.0,434.0,704.0,155.0,73.0,
s3,d0,frame_0053.jpg,True,279.0,632.0,435.0,706.0,156.0,74.0,
s3,d0,frame_0054.jpg,True,279.0,632.0,435.0,706.0,156.0,74.0,
s3,d0,frame_0055.jpg,True,279.0,633.0,436.0,707.0,157.0,74.0,
s3,d0,frame_0056.jpg,True,279.0,633.0,435.0,707.0,156.0,74.0,
s3,d0,frame_0057.jpg,True,278.0,632.0,435.0,707.0,157.0,75.0,
s3,d0,frame_0058.jpg,True,278.0,632.0,435.0,707.0,157.0,75.0,
s3,d0,frame_0059.jpg,True,276.0,632.0,435.0,707.0,159.0,75.0,
s3,d0,frame_0060.jpg,True,276.0,632.0,434.0,707.0,158.0,75.0,
s3,d0,frame_0061.jpg,True,276.0,632.0,434.0,707.0,158.0,75.0,
s3,d0,frame_0062.jpg,True,276.0,632.0,434.0,707.0,158.0,75.0,
s3,d0,frame_0063.jpg,True,277.0,632.0,433.0,707.0,156.0,75.0,
s3,d0,frame_0064.jpg,True,277.0,633.0,433.0,707.0,156.0,74.0,
s3,d0,frame_0065.jpg,True,277.0,633.0,434.0,707.0,157.0,74.0,
s3,d0,frame_0066.jpg,True,277.0,633.0,434.0,708.0,157.0,75.0,
s3,d1,frame_0001.jpg,True,292.0,638.0,453.0,715.0,161.0,77.0,
s3,d1,frame_0002.jpg,True,292.0,638.0,453.0,715.0,161.0,77.0,
s3,d1,frame_0003.jpg,True,292.0,638.0,453.0,715.0,161.0,77.0,
s3,d1,frame_0004.jpg,True,291.0,638.0,454.0,715.0,163.0,77.0,
s3,d1,frame_0005.jpg,True,291.0,639.0,454.0,717.0,163.0,78.0,
s3,d1,frame_0006.jpg,True,291.0,637.0,454.0,724.0,163.0,87.0,
s3,d1,frame_0007.jpg,True,292.0,634.0,455.0,728.0,163.0,94.0,
s3,d1,frame_0008.jpg,True,291.0,634.0,454.0,731.0,163.0,97.0,
s3,d1,frame_0009.jpg,True,290.0,632.0,454.0,732.0,164.0,100.0,
s3,d1,frame_0010.jpg,True,290.0,631.0,455.0,733.0,165.0,102.0,
s3,d1,frame_0011.jpg,True,290.0,631.0,455.0,734.0,165.0,103.0,
s3,d1,frame_0012.jpg,True,290.0,630.0,456.0,735.0,166.0,105.0,
s3,d1,frame_0013.jpg,True,290.0,630.0,456.0,731.0,166.0,101.0,
s3,d1,frame_0014.jpg,True,290.0,630.0,456.0,728.0,166.0,98.0,
s3,d1,frame_0015.jpg,True,290.0,630.0,456.0,726.0,166.0,96.0,
s3,d1,frame_0016.jpg,True,290.0,630.0,455.0,725.0,165.0,95.0,
s3,d1,frame_0017.jpg,True,290.0,630.0,455.0,724.0,165.0,94.0,
s3,d1,frame_0018.jpg,True,290.0,631.0,454.0,724.0,164.0,93.0,
s3,d1,frame_0019.jpg,True,290.0,631.0,453.0,725.0,163.0,94.0,
s3,d1,frame_0020.jpg,True,289.0,631.0,453.0,725.0,164.0,94.0,
s3,d1,frame_0021.jpg,True,288.0,631.0,453.0,724.0,165.0,93.0,
s3,d1,frame_0022.jpg,True,289.0,631.0,452.0,724.0,163.0,93.0,
s3,d1,frame_0023.jpg,True,289.0,631.0,451.0,723.0,162.0,92.0,
s3,d1,frame_0024.jpg,True,288.0,632.0,451.0,720.0,163.0,88.0,
s3,d1,frame_0025.jpg,True,288.0,633.0,450.0,719.0,162.0,86.0,
s3,d1,frame_0026.jpg,True,289.0,634.0,450.0,717.0,161.0,83.0,
s3,d1,frame_0027.jpg,True,290.0,635.0,449.0,715.0,159.0,80.0,
s3,d1,frame_0028.jpg,True,291.0,636.0,450.0,713.0,159.0,77.0,
s3,d1,frame_0029.jpg,True,292.0,636.0,450.0,713.0,158.0,77.0,
s3,d1,frame_0030.jpg,True,294.0,637.0,450.0,712.0,156.0,75.0,
s3,d1,frame_0031.jpg,True,295.0,637.0,450.0,712.0,155.0,75.0,
s3,d2,frame_0001.jpg,True,275.0,639.0,437.0,715.0,162.0,76.0,
s3,d2,frame_0002.jpg,True,275.0,640.0,437.0,716.0,162.0,76.0,
s3,d2,frame_0003.jpg,True,276.0,641.0,437.0,718.0,161.0,77.0,
s3,d2,frame_0004.jpg,True,276.0,641.0,436.0,719.0,160.0,78.0,
s3,d2,frame_0005.jpg,True,275.0,640.0,437.0,723.0,162.0,83.0,
s3,d2,frame_0006.jpg,True,276.0,638.0,438.0,727.0,162.0,89.0,
s3,d2,frame_0007.jpg,True,276.0,637.0,438.0,728.0,162.0,91.0,
s3,d2,frame_0008.jpg,True,275.0,636.0,437.0,729.0,162.0,93.0,
s3,d2,frame_0009.jpg,True,275.0,635.0,436.0,729.0,161.0,94.0,
s3,d2,frame_0010.jpg,True,274.0,634.0,437.0,727.0,163.0,93.0,
s3,d2,frame_0011.jpg,True,273.0,633.0,437.0,725.0,164.0,92.0,
s3,d2,frame_0012.jpg,True,273.0,632.0,437.0,725.0,164.0,93.0,
s3,d2,frame_0013.jpg,True,275.0,631.0,434.0,732.0,159.0,101.0,
s3,d2,frame_0014.jpg,True,276.0,632.0,431.0,744.0,155.0,112.0,
s3,d2,frame_0015.jpg,True,277.0,631.0,429.0,751.0,152.0,120.0,
s3,d2,frame_0016.jpg,True,278.0,630.0,429.0,752.0,151.0,122.0,
s3,d2,frame_0017.jpg,True,278.0,629.0,430.0,751.0,152.0,122.0,
s3,d2,frame_0018.jpg,True,277.0,630.0,433.0,743.0,156.0,113.0,
s3,d2,frame_0019.jpg,True,276.0,631.0,435.0,734.0,159.0,103.0,
s3,d2,frame_0020.jpg,True,275.0,632.0,437.0,725.0,162.0,93.0,
s3,d2,frame_0021.jpg,True,276.0,633.0,437.0,722.0,161.0,89.0,
s3,d2,frame_0022.jpg,True,276.0,633.0,437.0,720.0,161.0,87.0,
s3,d2,frame_0023.jpg,True,276.0,632.0,438.0,720.0,162.0,88.0,
s3,d2,frame_0024.jpg,True,276.0,632.0,438.0,720.0,162.0,88.0,
s3,d2,frame_0025.jpg,True,276.0,632.0,439.0,721.0,163.0,89.0,
s3,d2,frame_0026.jpg,True,275.0,632.0,439.0,720.0,164.0,88.0,
s3,d2,frame_0027.jpg,True,275.0,633.0,439.0,718.0,164.0,85.0,
s3,d2,frame_0028.jpg,True,275.0,633.0,438.0,715.0,163.0,82.0,
s3,d2,frame_0029.jpg,True,275.0,633.0,438.0,712.0,163.0,79.0,
s3,d2,frame_0030.jpg,True,276.0,634.0,437.0,710.0,161.0,76.0,
s3,d2,frame_0031.jpg,True,278.0,634.0,437.0,710.0,159.0,76.0,
s3,d2,frame_0032.jpg,True,278.0,634.0,437.0,709.0,159.0,75.0,
s3,d3,frame_0001.jpg,True,271.0,665.0,439.0,743.0,168.0,78.0,
s3,d3,frame_0002.jpg,True,271.0,665.0,439.0,743.0,168.0,78.0,
s3,d3,frame_0003.jpg,True,271.0,665.0,439.0,743.0,168.0,78.0,
s3,d3,frame_0004.jpg,True,271.0,665.0,439.0,745.0,168.0,80.0,
s3,d3,frame_0005.jpg,True,272.0,663.0,440.0,754.0,168.0,91.0,
s3,d3,frame_0006.jpg,True,273.0,662.0,440.0,758.0,167.0,96.0,
s3,d3,frame_0007.jpg,True,272.0,661.0,440.0,762.0,168.0,101.0,
s3,d3,frame_0008.jpg,True,272.0,661.0,441.0,764.0,169.0,103.0,
s3,d3,frame_0009.jpg,True,271.0,661.0,442.0,766.0,171.0,105.0,
s3,d3,frame_0010.jpg,True,269.0,662.0,442.0,776.0,173.0,114.0,
s3,d3,frame_0011.jpg,True,271.0,663.0,442.0,788.0,171.0,125.0,
s3,d3,frame_0012.jpg,True,273.0,665.0,440.0,801.0,167.0,136.0,
s3,d3,frame_0013.jpg,True,271.0,666.0,440.0,806.0,169.0,140.0,
s3,d3,frame_0014.jpg,True,268.0,666.0,440.0,808.0,172.0,142.0,
s3,d3,frame_0015.jpg,True,268.0,665.0,440.0,805.0,172.0,140.0,
s3,d3,frame_0016.jpg,True,268.0,670.0,440.0,794.0,172.0,124.0,
s3,d3,frame_0017.jpg,True,268.0,677.0,435.0,777.0,167.0,100.0,
s3,d3,frame_0018.jpg,True,276.0,687.0,429.0,754.0,153.0,67.0,
s3,d3,frame_0019.jpg,True,274.0,683.0,436.0,751.0,162.0,68.0,
s3,d3,frame_0020.jpg,True,275.0,678.0,436.0,748.0,161.0,70.0,
s3,d3,frame_0021.jpg,True,275.0,673.0,437.0,743.0,162.0,70.0,
s3,d3,frame_0022.jpg,True,278.0,671.0,436.0,741.0,158.0,70.0,
s3,d3,frame_0023.jpg,True,276.0,670.0,438.0,740.0,162.0,70.0,
s3,d4,frame_0001.jpg,True,277.0,636.0,439.0,713.0,162.0,77.0,
s3,d4,frame_0002.jpg,True,277.0,636.0,439.0,713.0,162.0,77.0,
s3,d4,frame_0003.jpg,True,277.0,636.0,439.0,713.0,162.0,77.0,
s3,d4,frame_0004.jpg,True,277.0,635.0,439.0,714.0,162.0,79.0,
s3,d4,frame_0005.jpg,True,275.0,636.0,438.0,719.0,163.0,83.0,
s3,d4,frame_0006.jpg,True,276.0,635.0,439.0,724.0,163.0,89.0,
s3,d4,frame_0007.jpg,True,274.0,634.0,439.0,728.0,165.0,94.0,
s3,d4,frame_0008.jpg,True,274.0,633.0,440.0,730.0,166.0,97.0,
s3,d4,frame_0009.jpg,True,273.0,632.0,440.0,732.0,167.0,100.0,
s3,d4,frame_0010.jpg,True,272.0,632.0,440.0,732.0,168.0,100.0,
s3,d4,frame_0011.jpg,True,272.0,632.0,440.0,731.0,168.0,99.0,
s3,d4,frame_0012.jpg,True,273.0,632.0,439.0,729.0,166.0,97.0,
s3,d4,frame_0013.jpg,True,273.0,632.0,439.0,727.0,166.0,95.0,
s3,d4,frame_0014.jpg,True,274.0,632.0,438.0,725.0,164.0,93.0,
s3,d4,frame_0015.jpg,True,274.0,631.0,439.0,725.0,165.0,94.0,
s3,d4,frame_0016.jpg,True,274.0,631.0,439.0,725.0,165.0,94.0,
s3,d4,frame_0017.jpg,True,273.0,631.0,440.0,724.0,167.0,93.0,
s3,d4,frame_0018.jpg,True,273.0,630.0,440.0,725.0,167.0,95.0,
s3,d4,frame_0019.jpg,True,272.0,629.0,440.0,727.0,168.0,98.0,
s3,d4,frame_0020.jpg,True,272.0,629.0,439.0,728.0,167.0,99.0,
s3,d4,frame_0021.jpg,True,272.0,628.0,439.0,728.0,167.0,100.0,
s3,d4,frame_0022.jpg,True,271.0,627.0,439.0,727.0,168.0,100.0,
s3,d4,frame_0023.jpg,True,271.0,628.0,439.0,727.0,168.0,99.0,
s3,d4,frame_0024.jpg,True,272.0,628.0,439.0,727.0,167.0,99.0,
s3,d4,frame_0025.jpg,True,271.0,628.0,439.0,727.0,168.0,99.0,
s3,d4,frame_0026.jpg,True,271.0,628.0,439.0,726.0,168.0,98.0,
s3,d4,frame_0027.jpg,True,272.0,629.0,438.0,725.0,166.0,96.0,
s3,d4,frame_0028.jpg,True,273.0,629.0,438.0,723.0,165.0,94.0,
s3,d4,frame_0029.jpg,True,273.0,630.0,438.0,723.0,165.0,93.0,
s3,d4,frame_0030.jpg,True,273.0,630.0,438.0,722.0,165.0,92.0,
s3,d4,frame_0031.jpg,True,273.0,631.0,437.0,720.0,164.0,89.0,
s3,d4,frame_0032.jpg,True,273.0,632.0,437.0,718.0,164.0,86.0,
s3,d4,frame_0033.jpg,True,273.0,633.0,437.0,715.0,164.0,82.0,
s3,d4,frame_0034.jpg,True,273.0,633.0,437.0,714.0,164.0,81.0,
s3,d4,frame_0035.jpg,True,274.0,634.0,436.0,713.0,162.0,79.0,
s3,d4,frame_0036.jpg,True,274.0,634.0,436.0,711.0,162.0,77.0,
s3,d4,frame_0037.jpg,True,274.0,633.0,436.0,711.0,162.0,78.0,
s3,d5,frame_0001.jpg,True,295.0,638.0,454.0,713.0,159.0,75.0,
s3,d5,frame_0002.jpg,True,295.0,638.0,454.0,713.0,159.0,75.0,
s3,d5,frame_0003.jpg,True,295.0,638.0,454.0,713.0,159.0,75.0,
s3,d5,frame_0004.jpg,True,294.0,639.0,454.0,716.0,160.0,77.0,
s3,d5,frame_0005.jpg,True,294.0,638.0,454.0,727.0,160.0,89.0,
s3,d5,frame_0006.jpg,True,294.0,636.0,456.0,747.0,162.0,111.0,
s3,d5,frame_0007.jpg,True,295.0,636.0,456.0,760.0,161.0,124.0,
s3,d5,frame_0008.jpg,True,295.0,636.0,456.0,771.0,161.0,135.0,
s3,d5,frame_0009.jpg,True,294.0,637.0,455.0,776.0,161.0,139.0,
s3,d5,frame_0010.jpg,True,294.0,636.0,455.0,779.0,161.0,143.0,
s3,d5,frame_0011.jpg,True,293.0,637.0,455.0,781.0,162.0,144.0,
s3,d5,frame_0012.jpg,True,293.0,636.0,455.0,782.0,162.0,146.0,
s3,d5,frame_0013.jpg,True,292.0,636.0,455.0,782.0,163.0,146.0,
s3,d5,frame_0014.jpg,True,292.0,636.0,455.0,782.0,163.0,146.0,
s3,d5,frame_0015.jpg,True,291.0,635.0,457.0,781.0,166.0,146.0,
s3,d5,frame_0016.jpg,True,292.0,635.0,456.0,779.0,164.0,144.0,
s3,d5,frame_0017.jpg,True,292.0,634.0,457.0,776.0,165.0,142.0,
s3,d5,frame_0018.jpg,True,292.0,634.0,457.0,774.0,165.0,140.0,
s3,d5,frame_0019.jpg,True,293.0,634.0,458.0,772.0,165.0,138.0,
s3,d5,frame_0020.jpg,True,294.0,633.0,458.0,769.0,164.0,136.0,
s3,d5,frame_0021.jpg,True,294.0,633.0,459.0,762.0,165.0,129.0,
s3,d5,frame_0022.jpg,True,295.0,632.0,459.0,758.0,164.0,126.0,
s3,d5,frame_0023.jpg,True,295.0,633.0,460.0,748.0,165.0,115.0,
s3,d5,frame_0024.jpg,True,295.0,633.0,461.0,739.0,166.0,106.0,
s3,d5,frame_0025.jpg,True,295.0,636.0,459.0,728.0,164.0,92.0,
s3,d5,frame_0026.jpg,True,295.0,639.0,456.0,721.0,161.0,82.0,
s3,d5,frame_0027.jpg,True,298.0,640.0,456.0,717.0,158.0,77.0,
s3,d5,frame_0028.jpg,True,298.0,639.0,455.0,715.0,157.0,76.0,
s3,d5,frame_0029.jpg,True,299.0,639.0,455.0,714.0,156.0,75.0,
s3,d5,frame_0030.jpg,True,299.0,639.0,455.0,714.0,156.0,75.0,
s3,d5,frame_0031.jpg,True,299.0,639.0,456.0,714.0,157.0,75.0,
s3,d6,frame_0001.jpg,True,253.0,471.0,408.0,551.0,155.0,80.0,
s3,d6,frame_0002.jpg,True,256.0,471.0,404.0,561.0,148.0,90.0,
s3,d6,frame_0003.jpg,True,257.0,471.0,404.0,562.0,147.0,91.0,
s3,d6,frame_0004.jpg,True,260.0,468.0,396.0,572.0,136.0,104.0,
s3,d6,frame_0005.jpg,True,260.0,467.0,396.0,573.0,136.0,106.0,
s3,d6,frame_0006.jpg,True,257.0,469.0,392.0,576.0,135.0,107.0,
s3,d6,frame_0007.jpg,True,257.0,469.0,392.0,576.0,135.0,107.0,
s3,d6,frame_0008.jpg,True,257.0,469.0,388.0,576.0,131.0,107.0,
s3,d6,frame_0009.jpg,True,257.0,468.0,388.0,576.0,131.0,108.0,
s3,d6,frame_0010.jpg,True,254.0,468.0,387.0,578.0,133.0,110.0,
s3,d6,frame_0011.jpg,True,253.0,468.0,387.0,578.0,134.0,110.0,
s3,d6,frame_0012.jpg,True,252.0,471.0,387.0,577.0,135.0,106.0,
s3,d6,frame_0013.jpg,True,252.0,471.0,387.0,577.0,135.0,106.0,
s3,d6,frame_0014.jpg,True,249.0,474.0,390.0,572.0,141.0,98.0,
s3,d6,frame_0015.jpg,True,249.0,474.0,390.0,572.0,141.0,98.0,
s3,d6,frame_0016.jpg,True,248.0,476.0,391.0,569.0,143.0,93.0,
s3,d6,frame_0017.jpg,True,248.0,476.0,391.0,569.0,143.0,93.0,
s3,d6,frame_0018.jpg,True,245.0,477.0,392.0,566.0,147.0,89.0,
s3,d6,frame_0019.jpg,True,245.0,477.0,392.0,566.0,147.0,89.0,
s3,d6,frame_0020.jpg,True,244.0,476.0,392.0,564.0,148.0,88.0,
s3,d6,frame_0021.jpg,True,244.0,476.0,392.0,564.0,148.0,88.0,
s3,d6,frame_0022.jpg,True,242.0,479.0,394.0,558.0,152.0,79.0,
s3,d6,frame_0023.jpg,True,242.0,480.0,394.0,558.0,152.0,78.0,
s3,d6,frame_0024.jpg,True,240.0,481.0,397.0,554.0,157.0,73.0,
s3,d6,frame_0025.jpg,True,240.0,481.0,397.0,555.0,157.0,74.0,
s3,d6,frame_0026.jpg,True,241.0,477.0,398.0,553.0,157.0,76.0,
s3,d6,frame_0027.jpg,True,241.0,477.0,398.0,553.0,157.0,76.0,
s3,d6,frame_0028.jpg,True,243.0,477.0,399.0,552.0,156.0,75.0,
s3,d6,frame_0029.jpg,True,243.0,477.0,399.0,552.0,156.0,75.0,
s3,d6,frame_0030.jpg,True,245.0,477.0,400.0,552.0,155.0,75.0,
s3,d7,frame_0001.jpg,True,274.0,634.0,438.0,713.0,164.0,79.0,
s3,d7,frame_0002.jpg,True,274.0,634.0,438.0,713.0,164.0,79.0,
s3,d7,frame_0003.jpg,True,274.0,633.0,438.0,713.0,164.0,80.0,
s3,d7,frame_0004.jpg,True,274.0,634.0,437.0,713.0,163.0,79.0,
s3,d7,frame_0005.jpg,True,275.0,634.0,438.0,716.0,163.0,82.0,
s3,d7,frame_0006.jpg,True,276.0,633.0,437.0,720.0,161.0,87.0,
s3,d7,frame_0007.jpg,True,276.0,632.0,438.0,723.0,162.0,91.0,
s3,d7,frame_0008.jpg,True,277.0,631.0,438.0,726.0,161.0,95.0,
s3,d7,frame_0009.jpg,True,276.0,630.0,439.0,728.0,163.0,98.0,
s3,d7,frame_0010.jpg,True,275.0,629.0,439.0,729.0,164.0,100.0,
s3,d7,frame_0011.jpg,True,275.0,628.0,440.0,729.0,165.0,101.0,
s3,d7,frame_0012.jpg,True,275.0,627.0,440.0,731.0,165.0,104.0,
s3,d7,frame_0013.jpg,True,275.0,627.0,440.0,733.0,165.0,106.0,
s3,d7,frame_0014.jpg,True,275.0,627.0,440.0,735.0,165.0,108.0,
s3,d7,frame_0015.jpg,True,275.0,627.0,441.0,737.0,166.0,110.0,
s3,d7,frame_0016.jpg,True,275.0,627.0,441.0,741.0,166.0,114.0,
s3,d7,frame_0017.jpg,True,275.0,628.0,442.0,743.0,167.0,115.0,
s3,d7,frame_0018.jpg,True,275.0,628.0,442.0,744.0,167.0,116.0,
s3,d7,frame_0019.jpg,True,274.0,629.0,443.0,743.0,169.0,114.0,
s3,d7,frame_0020.jpg,True,274.0,629.0,443.0,743.0,169.0,114.0,
s3,d7,frame_0021.jpg,True,275.0,629.0,443.0,742.0,168.0,113.0,
s3,d7,frame_0022.jpg,True,274.0,629.0,442.0,739.0,168.0,110.0,
s3,d7,frame_0023.jpg,True,274.0,629.0,442.0,737.0,168.0,108.0,
s3,d7,frame_0024.jpg,True,275.0,628.0,442.0,735.0,167.0,107.0,
s3,d7,frame_0025.jpg,True,275.0,629.0,441.0,734.0,166.0,105.0,
s3,d7,frame_0026.jpg,True,275.0,629.0,442.0,733.0,167.0,104.0,
s3,d7,frame_0027.jpg,True,275.0,629.0,441.0,732.0,166.0,103.0,
s3,d7,frame_0028.jpg,True,274.0,630.0,441.0,729.0,167.0,99.0,
s3,d7,frame_0029.jpg,True,275.0,632.0,440.0,725.0,165.0,93.0,
s3,d7,frame_0030.jpg,True,275.0,635.0,438.0,720.0,163.0,85.0,
s3,d7,frame_0031.jpg,True,278.0,636.0,437.0,716.0,159.0,80.0,
s3,d7,frame_0032.jpg,True,280.0,637.0,436.0,713.0,156.0,76.0,
s3,d7,frame_0033.jpg,True,280.0,638.0,436.0,713.0,156.0,75.0,
s3,d7,frame_0034.jpg,True,281.0,638.0,437.0,711.0,156.0,73.0,
s3,d7,frame_0035.jpg,True,281.0,639.0,437.0,709.0,156.0,70.0,
s3,d7,frame_0036.jpg,True,281.0,638.0,436.0,708.0,155.0,70.0,
s3,d8,frame_0001.jpg,True,285.0,656.0,437.0,720.0,152.0,64.0,
s3,d8,frame_0002.jpg,True,286.0,656.0,436.0,720.0,150.0,64.0,
s3,d8,frame_0003.jpg,True,285.0,656.0,436.0,720.0,151.0,64.0,
s3,d8,frame_0004.jpg,True,286.0,655.0,437.0,718.0,151.0,63.0,
s3,d8,frame_0005.jpg,True,283.0,648.0,437.0,722.0,154.0,74.0,
s3,d8,frame_0006.jpg,True,280.0,640.0,441.0,741.0,161.0,101.0,
s3,d8,frame_0007.jpg,True,276.0,636.0,442.0,753.0,166.0,117.0,
s3,d8,frame_0008.jpg,True,276.0,634.0,443.0,754.0,167.0,120.0,
s3,d8,frame_0009.jpg,True,274.0,633.0,443.0,750.0,169.0,117.0,
s3,d8,frame_0010.jpg,True,274.0,633.0,443.0,745.0,169.0,112.0,
s3,d8,frame_0011.jpg,True,275.0,632.0,444.0,738.0,169.0,106.0,
s3,d8,frame_0012.jpg,True,277.0,630.0,445.0,732.0,168.0,102.0,
s3,d8,frame_0013.jpg,True,278.0,629.0,446.0,728.0,168.0,99.0,
s3,d8,frame_0014.jpg,True,278.0,629.0,447.0,727.0,169.0,98.0,
s3,d8,frame_0015.jpg,True,279.0,629.0,446.0,727.0,167.0,98.0,
s3,d8,frame_0016.jpg,True,279.0,629.0,446.0,728.0,167.0,99.0,
s3,d8,frame_0017.jpg,True,279.0,630.0,445.0,727.0,166.0,97.0,
s3,d8,frame_0018.jpg,True,280.0,631.0,445.0,724.0,165.0,93.0,
s3,d8,frame_0019.jpg,True,280.0,633.0,444.0,721.0,164.0,88.0,
s3,d8,frame_0020.jpg,True,280.0,633.0,443.0,717.0,163.0,84.0,
s3,d8,frame_0021.jpg,True,281.0,632.0,442.0,714.0,161.0,82.0,
s3,d8,frame_0022.jpg,True,282.0,632.0,442.0,713.0,160.0,81.0,
s3,d8,frame_0023.jpg,True,282.0,633.0,442.0,711.0,160.0,78.0,
s3,d8,frame_0024.jpg,True,282.0,633.0,442.0,710.0,160.0,77.0,
s3,d8,frame_0025.jpg,True,283.0,634.0,441.0,710.0,158.0,76.0,
s3,d9,frame_0001.jpg,True,263.0,635.0,426.0,709.0,163.0,74.0,
s3,d9,frame_0002.jpg,True,263.0,635.0,426.0,709.0,163.0,74.0,
s3,d9,frame_0003.jpg,True,263.0,635.0,426.0,709.0,163.0,74.0,
s3,d9,frame_0004.jpg,True,263.0,636.0,426.0,711.0,163.0,75.0,
s3,d9,frame_0005.jpg,True,263.0,636.0,426.0,711.0,163.0,75.0,
s3,d9,frame_0006.jpg,True,262.0,636.0,426.0,712.0,164.0,76.0,
s3,d9,frame_0007.jpg,True,263.0,636.0,426.0,714.0,163.0,78.0,
s3,d9,frame_0008.jpg,True,264.0,635.0,426.0,720.0,162.0,85.0,
s3,d9,frame_0009.jpg,True,263.0,635.0,427.0,729.0,164.0,94.0,
s3,d9,frame_0010.jpg,True,263.0,634.0,427.0,734.0,164.0,100.0,
s3,d9,frame_0011.jpg,True,263.0,635.0,427.0,741.0,164.0,106.0,
s3,d9,frame_0012.jpg,True,262.0,634.0,426.0,750.0,164.0,116.0,
s3,d9,frame_0013.jpg,True,262.0,631.0,426.0,757.0,164.0,126.0,
s3,d9,frame_0014.jpg,True,261.0,633.0,425.0,762.0,164.0,129.0,
s3,d9,frame_0015.jpg,True,260.0,632.0,425.0,762.0,165.0,130.0,
s3,d9,frame_0016.jpg,True,260.0,630.0,424.0,761.0,164.0,131.0,
s3,d9,frame_0017.jpg,True,264.0,629.0,421.0,756.0,157.0,127.0,
s3,d9,frame_0018.jpg,True,266.0,634.0,416.0,748.0,150.0,114.0,
s3,d9,frame_0019.jpg,True,272.0,635.0,413.0,741.0,141.0,106.0,
s3,d9,frame_0020.jpg,True,276.0,633.0,414.0,734.0,138.0,101.0,
s3,d9,frame_0021.jpg,True,275.0,632.0,414.0,729.0,139.0,97.0,
s3,d9,frame_0022.jpg,True,275.0,631.0,415.0,726.0,140.0,95.0,
s3,d9,frame_0023.jpg,True,274.0,630.0,416.0,725.0,142.0,95.0,
s3,d9,frame_0024.jpg,True,274.0,629.0,415.0,723.0,141.0,94.0,
s3,d9,frame_0025.jpg,True,273.0,629.0,416.0,720.0,143.0,91.0,
s3,d9,frame_0026.jpg,True,272.0,628.0,416.0,719.0,144.0,91.0,
s3,d9,frame_0027.jpg,True,270.0,629.0,415.0,718.0,145.0,89.0,
s3,d9,frame_0028.jpg,True,269.0,629.0,416.0,716.0,147.0,87.0,
s3,d9,frame_0029.jpg,True,270.0,630.0,415.0,714.0,145.0,84.0,
s3,d9,frame_0030.jpg,True,269.0,629.0,417.0,710.0,148.0,81.0,
s3,d9,frame_0031.jpg,True,268.0,630.0,418.0,709.0,150.0,79.0,
s3,d9,frame_0032.jpg,True,267.0,631.0,418.0,707.0,151.0,76.0,
s3,d9,frame_0033.jpg,True,268.0,631.0,418.0,707.0,150.0,76.0,
s3,d9,frame_0034.jpg,True,268.0,631.0,419.0,707.0,151.0,76.0,
s3,d9,frame_0035.jpg,True,270.0,632.0,419.0,705.0,149.0,73.0,
s3,d9,frame_0036.jpg,True,269.0,632.0,420.0,705.0,151.0,73.0,
s3,d9,frame_0037.jpg,True,270.0,632.0,420.0,705.0,150.0,73.0,
s3,d9,frame_0038.jpg,True,270.0,632.0,421.0,705.0,151.0,73.0,
s3,d9,frame_0039.jpg,True,270.0,632.0,421.0,704.0,151.0,72.0,
s3,d9,frame_0040.jpg,True,270.0,632.0,422.0,704.0,152.0,72.0,
s3,d9,frame_0041.jpg,True,270.0,632.0,422.0,705.0,152.0,73.0,
s3,d9,frame_0042.jpg,True,270.0,631.0,422.0,704.0,152.0,73.0,
s3,d9,frame_0043.jpg,True,269.0,631.0,423.0,704.0,154.0,73.0,
s3,d9,frame_0044.jpg,True,270.0,630.0,422.0,704.0,152.0,74.0,
s3,d10,frame_0001.jpg,True,278.0,629.0,436.0,707.0,158.0,78.0,
s3,d10,frame_0002.jpg,True,278.0,629.0,437.0,707.0,159.0,78.0,
s3,d10,frame_0003.jpg,True,278.0,629.0,437.0,707.0,159.0,78.0,
s3,d10,frame_0004.jpg,True,278.0,630.0,436.0,708.0,158.0,78.0,
s3,d10,frame_0005.jpg,True,276.0,632.0,437.0,712.0,161.0,80.0,
s3,d10,frame_0006.jpg,True,278.0,630.0,439.0,723.0,161.0,93.0,
s3,d10,frame_0007.jpg,True,277.0,629.0,439.0,727.0,162.0,98.0,
s3,d10,frame_0008.jpg,True,276.0,628.0,440.0,728.0,164.0,100.0,
s3,d10,frame_0009.jpg,True,275.0,627.0,441.0,728.0,166.0,101.0,
s3,d10,frame_0010.jpg,True,275.0,626.0,441.0,728.0,166.0,102.0,
s3,d10,frame_0011.jpg,True,275.0,627.0,441.0,728.0,166.0,101.0,
s3,d10,frame_0012.jpg,True,274.0,628.0,440.0,730.0,166.0,102.0,
s3,d10,frame_0013.jpg,True,272.0,633.0,441.0,730.0,169.0,97.0,
s3,d10,frame_0014.jpg,True,277.0,644.0,436.0,716.0,159.0,72.0,
s3,d10,frame_0015.jpg,True,277.0,642.0,440.0,714.0,163.0,72.0,
s3,d10,frame_0016.jpg,True,278.0,639.0,438.0,708.0,160.0,69.0,
s3,d10,frame_0017.jpg,True,278.0,637.0,436.0,705.0,158.0,68.0,
s3,d10,frame_0018.jpg,True,278.0,638.0,435.0,703.0,157.0,65.0,
s3,d10,frame_0019.jpg,True,278.0,638.0,435.0,703.0,157.0,65.0,
s3,d10,frame_0020.jpg,True,279.0,637.0,435.0,703.0,156.0,66.0,
s3,d10,frame_0021.jpg,True,279.0,636.0,434.0,704.0,155.0,68.0,
s3,d10,frame_0022.jpg,True,278.0,636.0,433.0,703.0,155.0,67.0,
s4,d0,frame_0001.jpg,True,264.0,729.0,440.0,810.0,176.0,81.0,
s4,d0,frame_0002.jpg,True,264.0,729.0,439.0,814.0,175.0,85.0,
s4,d0,frame_0003.jpg,True,266.0,725.0,440.0,829.0,174.0,104.0,
s4,d0,frame_0004.jpg,True,264.0,721.0,440.0,835.0,176.0,114.0,
s4,d0,frame_0005.jpg,True,264.0,721.0,439.0,839.0,175.0,118.0,
s4,d0,frame_0006.jpg,True,264.0,721.0,440.0,841.0,176.0,120.0,
s4,d0,frame_0007.jpg,True,265.0,721.0,442.0,839.0,177.0,118.0,
s4,d0,frame_0008.jpg,True,265.0,723.0,442.0,836.0,177.0,113.0,
s4,d0,frame_0009.jpg,True,265.0,722.0,443.0,831.0,178.0,109.0,
s4,d0,frame_0010.jpg,True,267.0,722.0,443.0,822.0,176.0,100.0,
s4,d0,frame_0011.jpg,True,268.0,720.0,443.0,813.0,175.0,93.0,
s4,d0,frame_0012.jpg,True,269.0,719.0,442.0,809.0,173.0,90.0,
s4,d0,frame_0013.jpg,True,268.0,719.0,443.0,807.0,175.0,88.0,
s4,d0,frame_0014.jpg,True,270.0,718.0,444.0,808.0,174.0,90.0,
s4,d0,frame_0015.jpg,True,269.0,717.0,444.0,807.0,175.0,90.0,
s4,d0,frame_0016.jpg,True,269.0,716.0,444.0,808.0,175.0,92.0,
s4,d0,frame_0017.jpg,True,269.0,716.0,444.0,809.0,175.0,93.0,
s4,d0,frame_0018.jpg,True,269.0,717.0,444.0,813.0,175.0,96.0,
s4,d0,frame_0019.jpg,True,268.0,718.0,444.0,816.0,176.0,98.0,
s4,d0,frame_0020.jpg,True,267.0,718.0,444.0,822.0,177.0,104.0,
s4,d0,frame_0021.jpg,True,265.0,719.0,443.0,823.0,178.0,104.0,
s4,d0,frame_0022.jpg,True,265.0,720.0,444.0,823.0,179.0,103.0,
s4,d0,frame_0023.jpg,True,265.0,721.0,443.0,824.0,178.0,103.0,
s4,d0,frame_0024.jpg,True,265.0,720.0,444.0,822.0,179.0,102.0,
s4,d0,frame_0025.jpg,True,266.0,721.0,446.0,821.0,180.0,100.0,
s4,d0,frame_0026.jpg,True,266.0,720.0,445.0,821.0,179.0,101.0,
s4,d0,frame_0027.jpg,True,266.0,720.0,444.0,819.0,178.0,99.0,
s4,d0,frame_0028.jpg,True,264.0,721.0,444.0,816.0,180.0,95.0,
s4,d0,frame_0029.jpg,True,265.0,723.0,443.0,816.0,178.0,93.0,
s4,d0,frame_0030.jpg,True,264.0,723.0,443.0,814.0,179.0,91.0,
s4,d0,frame_0031.jpg,True,265.0,724.0,442.0,814.0,177.0,90.0,
s4,d1,frame_0001.jpg,True,264.0,724.0,441.0,815.0,177.0,91.0,
s4,d1,frame_0002.jpg,True,265.0,724.0,440.0,815.0,175.0,91.0,
s4,d1,frame_0003.jpg,True,265.0,725.0,440.0,815.0,175.0,90.0,
s4,d1,frame_0004.jpg,True,265.0,725.0,441.0,816.0,176.0,91.0,
s4,d1,frame_0005.jpg,True,264.0,726.0,441.0,816.0,177.0,90.0,
s4,d1,frame_0006.jpg,True,266.0,726.0,442.0,818.0,176.0,92.0,
s4,d1,frame_0007.jpg,True,264.0,725.0,443.0,819.0,179.0,94.0,
s4,d1,frame_0008.jpg,True,264.0,725.0,442.0,821.0,178.0,96.0,
s4,d1,frame_0009.jpg,True,265.0,726.0,442.0,822.0,177.0,96.0,
s4,d1,frame_0010.jpg,True,264.0,726.0,443.0,822.0,179.0,96.0,
s4,d1,frame_0011.jpg,True,265.0,726.0,443.0,824.0,178.0,98.0,
s4,d1,frame_0012.jpg,True,266.0,728.0,443.0,825.0,177.0,97.0,
s4,d1,frame_0013.jpg,True,265.0,726.0,443.0,826.0,178.0,100.0,
s4,d1,frame_0014.jpg,True,265.0,727.0,443.0,826.0,178.0,99.0,
s4,d1,frame_0015.jpg,True,266.0,728.0,442.0,826.0,176.0,98.0,
s4,d1,frame_0016.jpg,True,263.0,725.0,441.0,826.0,178.0,101.0,
s4,d1,frame_0017.jpg,True,263.0,726.0,441.0,826.0,178.0,100.0,
s4,d1,frame_0018.jpg,True,263.0,725.0,441.0,829.0,178.0,104.0,
s4,d1,frame_0019.jpg,True,262.0,726.0,439.0,827.0,177.0,101.0,
s4,d1,frame_0020.jpg,True,262.0,725.0,438.0,829.0,176.0,104.0,
s4,d1,frame_0021.jpg,True,262.0,725.0,438.0,829.0,176.0,104.0,
s4,d1,frame_0022.jpg,True,263.0,725.0,438.0,829.0,175.0,104.0,
s4,d1,frame_0023.jpg,True,262.0,725.0,438.0,830.0,176.0,105.0,
s4,d1,frame_0024.jpg,True,261.0,725.0,438.0,829.0,177.0,104.0,
s4,d1,frame_0025.jpg,True,261.0,725.0,437.0,828.0,176.0,103.0,
s4,d1,frame_0026.jpg,True,261.0,726.0,437.0,829.0,176.0,103.0,
s4,d1,frame_0027.jpg,True,261.0,727.0,437.0,828.0,176.0,101.0,
s4,d1,frame_0028.jpg,True,262.0,728.0,436.0,828.0,174.0,100.0,
s4,d1,frame_0029.jpg,True,260.0,729.0,436.0,828.0,176.0,99.0,
s4,d1,frame_0030.jpg,True,262.0,728.0,434.0,825.0,172.0,97.0,
s4,d1,frame_0031.jpg,True,261.0,730.0,434.0,817.0,173.0,87.0,
s4,d1,frame_0032.jpg,True,262.0,732.0,436.0,812.0,174.0,80.0,
s4,d1,frame_0033.jpg,True,262.0,733.0,435.0,808.0,173.0,75.0,
s4,d1,frame_0034.jpg,True,262.0,732.0,435.0,806.0,173.0,74.0,
s4,d1,frame_0035.jpg,True,262.0,732.0,436.0,806.0,174.0,74.0,
s4,d1,frame_0036.jpg,True,263.0,732.0,435.0,806.0,172.0,74.0,
s4,d1,frame_0037.jpg,True,263.0,732.0,436.0,807.0,173.0,75.0,
s4,d2,frame_0001.jpg,True,261.0,735.0,434.0,821.0,173.0,86.0,
s4,d2,frame_0002.jpg,True,261.0,734.0,434.0,828.0,173.0,94.0,
s4,d2,frame_0003.jpg,True,260.0,731.0,437.0,835.0,177.0,104.0,
s4,d2,frame_0004.jpg,True,261.0,732.0,436.0,835.0,175.0,103.0,
s4,d2,frame_0005.jpg,True,261.0,731.0,438.0,835.0,177.0,104.0,
s4,d2,frame_0006.jpg,True,261.0,731.0,438.0,831.0,177.0,100.0,
s4,d2,frame_0007.jpg,True,260.0,730.0,439.0,831.0,179.0,101.0,
s4,d2,frame_0008.jpg,True,260.0,729.0,440.0,830.0,180.0,101.0,
s4,d2,frame_0009.jpg,True,259.0,727.0,441.0,830.0,182.0,103.0,
s4,d2,frame_0010.jpg,True,259.0,726.0,443.0,830.0,184.0,104.0,
s4,d2,frame_0011.jpg,True,260.0,726.0,443.0,833.0,183.0,107.0,
s4,d2,frame_0012.jpg,True,262.0,727.0,442.0,840.0,180.0,113.0,
s4,d2,frame_0013.jpg,True,262.0,727.0,444.0,847.0,182.0,120.0,
s4,d2,frame_0014.jpg,True,264.0,724.0,442.0,853.0,178.0,129.0,
s4,d2,frame_0015.jpg,True,264.0,723.0,442.0,851.0,178.0,128.0,
s4,d2,frame_0016.jpg,True,267.0,722.0,438.0,845.0,171.0,123.0,
s4,d2,frame_0017.jpg,True,271.0,721.0,433.0,839.0,162.0,118.0,
s4,d2,frame_0018.jpg,True,271.0,720.0,433.0,830.0,162.0,110.0,
s4,d2,frame_0019.jpg,True,273.0,719.0,432.0,825.0,159.0,106.0,
s4,d2,frame_0020.jpg,True,273.0,720.0,433.0,825.0,160.0,105.0,
s4,d2,frame_0021.jpg,True,273.0,719.0,433.0,828.0,160.0,109.0,
s4,d2,frame_0022.jpg,True,271.0,718.0,436.0,830.0,165.0,112.0,
s4,d2,frame_0023.jpg,True,270.0,717.0,440.0,835.0,170.0,118.0,
s4,d2,frame_0024.jpg,True,270.0,718.0,441.0,835.0,171.0,117.0,
s4,d2,frame_0025.jpg,True,270.0,719.0,443.0,834.0,173.0,115.0,
s4,d2,frame_0026.jpg,True,269.0,720.0,444.0,833.0,175.0,113.0,
s4,d2,frame_0027.jpg,True,269.0,723.0,443.0,834.0,174.0,111.0,
s4,d2,frame_0028.jpg,True,268.0,724.0,443.0,831.0,175.0,107.0,
s4,d2,frame_0029.jpg,True,267.0,725.0,443.0,830.0,176.0,105.0,
s4,d2,frame_0030.jpg,True,269.0,726.0,444.0,827.0,175.0,101.0,
s4,d2,frame_0031.jpg,True,270.0,728.0,444.0,822.0,174.0,94.0,
s4,d2,frame_0032.jpg,True,270.0,727.0,444.0,818.0,174.0,91.0,
s4,d2,frame_0033.jpg,True,270.0,727.0,444.0,814.0,174.0,87.0,
s4,d2,frame_0034.jpg,True,271.0,728.0,443.0,808.0,172.0,80.0,
s4,d2,frame_0035.jpg,True,271.0,727.0,443.0,807.0,172.0,80.0,
s4,d2,frame_0036.jpg,True,270.0,726.0,444.0,807.0,174.0,81.0,
s4,d2,frame_0037.jpg,True,271.0,726.0,443.0,807.0,172.0,81.0,
s4,d2,frame_0038.jpg,True,271.0,727.0,443.0,807.0,172.0,80.0,
s4,d3,frame_0001.jpg,True,271.0,730.0,444.0,816.0,173.0,86.0,
s4,d3,frame_0002.jpg,True,270.0,729.0,445.0,818.0,175.0,89.0,
s4,d3,frame_0003.jpg,True,269.0,728.0,446.0,824.0,177.0,96.0,
s4,d3,frame_0004.jpg,True,267.0,726.0,446.0,824.0,179.0,98.0,
s4,d3,frame_0005.jpg,True,266.0,728.0,446.0,827.0,180.0,99.0,
s4,d3,frame_0006.jpg,True,266.0,728.0,447.0,830.0,181.0,102.0,
s4,d3,frame_0007.jpg,True,265.0,728.0,448.0,830.0,183.0,102.0,
s4,d3,frame_0008.jpg,True,265.0,728.0,448.0,829.0,183.0,101.0,
s4,d3,frame_0009.jpg,True,264.0,727.0,447.0,827.0,183.0,100.0,
s4,d3,frame_0010.jpg,True,263.0,728.0,448.0,829.0,185.0,101.0,
s4,d3,frame_0011.jpg,True,261.0,726.0,446.0,836.0,185.0,110.0,
s4,d3,frame_0012.jpg,True,259.0,724.0,446.0,846.0,187.0,122.0,
s4,d3,frame_0013.jpg,True,259.0,722.0,445.0,852.0,186.0,130.0,
s4,d3,frame_0014.jpg,True,258.0,723.0,443.0,855.0,185.0,132.0,
s4,d3,frame_0015.jpg,True,258.0,724.0,443.0,857.0,185.0,133.0,
s4,d3,frame_0016.jpg,True,258.0,724.0,444.0,858.0,186.0,134.0,
s4,d3,frame_0017.jpg,True,259.0,724.0,443.0,857.0,184.0,133.0,
s4,d3,frame_0018.jpg,True,259.0,724.0,444.0,859.0,185.0,135.0,
s4,d3,frame_0019.jpg,True,259.0,727.0,443.0,857.0,184.0,130.0,
s4,d3,frame_0020.jpg,True,261.0,733.0,444.0,851.0,183.0,118.0,
s4,d3,frame_0021.jpg,True,267.0,740.0,439.0,827.0,172.0,87.0,
s4,d3,frame_0022.jpg,True,268.0,744.0,437.0,817.0,169.0,73.0,
s4,d3,frame_0023.jpg,True,268.0,744.0,436.0,815.0,168.0,71.0,
s4,d3,frame_0024.jpg,True,268.0,743.0,436.0,816.0,168.0,73.0,
s4,d3,frame_0025.jpg,True,268.0,743.0,435.0,816.0,167.0,73.0,
s4,d3,frame_0026.jpg,True,267.0,741.0,436.0,816.0,169.0,75.0,
s4,d3,frame_0027.jpg,True,267.0,740.0,437.0,815.0,170.0,75.0,
s4,d3,frame_0028.jpg,True,268.0,739.0,437.0,814.0,169.0,75.0,
s4,d3,frame_0029.jpg,True,268.0,737.0,437.0,812.0,169.0,75.0,
s4,d3,frame_0030.jpg,True,268.0,736.0,438.0,811.0,170.0,75.0,
s4,d3,frame_0031.jpg,True,269.0,736.0,437.0,810.0,168.0,74.0,
s4,d3,frame_0032.jpg,True,268.0,735.0,438.0,811.0,170.0,76.0,
s4,d3,frame_0033.jpg,True,270.0,736.0,439.0,810.0,169.0,74.0,
s4,d3,frame_0034.jpg,True,269.0,736.0,440.0,810.0,171.0,74.0,
s4,d3,frame_0035.jpg,True,269.0,736.0,441.0,809.0,172.0,73.0,
s4,d4,frame_0001.jpg,True,265.0,738.0,444.0,823.0,179.0,85.0,
s4,d4,frame_0002.jpg,True,265.0,737.0,443.0,827.0,178.0,90.0,
s4,d4,frame_0003.jpg,True,263.0,732.0,444.0,832.0,181.0,100.0,
s4,d4,frame_0004.jpg,True,263.0,733.0,446.0,833.0,183.0,100.0,
s4,d4,frame_0005.jpg,True,263.0,733.0,446.0,833.0,183.0,100.0,
s4,d4,frame_0006.jpg,True,262.0,732.0,447.0,833.0,185.0,101.0,
s4,d4,frame_0007.jpg,True,261.0,731.0,450.0,832.0,189.0,101.0,
s4,d4,frame_0008.jpg,True,260.0,731.0,453.0,832.0,193.0,101.0,
s4,d4,frame_0009.jpg,True,260.0,731.0,452.0,832.0,192.0,101.0,
s4,d4,frame_0010.jpg,True,259.0,731.0,454.0,834.0,195.0,103.0,
s4,d4,frame_0011.jpg,True,258.0,731.0,455.0,835.0,197.0,104.0,
s4,d4,frame_0012.jpg,True,258.0,731.0,456.0,836.0,198.0,105.0,
s4,d4,frame_0013.jpg,True,258.0,731.0,456.0,838.0,198.0,107.0,
s4,d4,frame_0014.jpg,True,258.0,732.0,457.0,839.0,199.0,107.0,
s4,d4,frame_0015.jpg,True,258.0,733.0,457.0,839.0,199.0,106.0,
s4,d4,frame_0016.jpg,True,257.0,734.0,458.0,842.0,201.0,108.0,
s4,d4,frame_0017.jpg,True,258.0,735.0,456.0,844.0,198.0,109.0,
s4,d4,frame_0018.jpg,True,258.0,736.0,455.0,843.0,197.0,107.0,
s4,d4,frame_0019.jpg,True,258.0,735.0,455.0,843.0,197.0,108.0,
s4,d4,frame_0020.jpg,True,259.0,735.0,454.0,843.0,195.0,108.0,
s4,d4,frame_0021.jpg,True,259.0,735.0,453.0,843.0,194.0,108.0,
s4,d4,frame_0022.jpg,True,258.0,734.0,451.0,844.0,193.0,110.0,
s4,d4,frame_0023.jpg,True,258.0,734.0,451.0,844.0,193.0,110.0,
s4,d4,frame_0024.jpg,True,260.0,733.0,450.0,845.0,190.0,112.0,
s4,d4,frame_0025.jpg,True,261.0,735.0,447.0,842.0,186.0,107.0,
s4,d4,frame_0026.jpg,True,262.0,734.0,447.0,840.0,185.0,106.0,
s4,d4,frame_0027.jpg,True,262.0,737.0,447.0,839.0,185.0,102.0,
s4,d4,frame_0028.jpg,True,264.0,737.0,447.0,836.0,183.0,99.0,
s4,d4,frame_0029.jpg,True,267.0,739.0,445.0,833.0,178.0,94.0,
s4,d4,frame_0030.jpg,True,269.0,741.0,445.0,828.0,176.0,87.0,
s4,d4,frame_0031.jpg,True,270.0,743.0,444.0,825.0,174.0,82.0,
s4,d4,frame_0032.jpg,True,270.0,744.0,444.0,825.0,174.0,81.0,
s4,d4,frame_0033.jpg,True,270.0,745.0,443.0,824.0,173.0,79.0,
s4,d4,frame_0034.jpg,True,270.0,746.0,444.0,824.0,174.0,78.0,
s4,d4,frame_0035.jpg,True,271.0,745.0,442.0,824.0,171.0,79.0,
s4,d4,frame_0036.jpg,True,270.0,745.0,442.0,825.0,172.0,80.0,
s4,d5,frame_0001.jpg,True,264.0,739.0,438.0,830.0,174.0,91.0,
s4,d5,frame_0002.jpg,True,265.0,740.0,438.0,831.0,173.0,91.0,
s4,d5,frame_0003.jpg,True,265.0,740.0,439.0,831.0,174.0,91.0,
s4,d5,frame_0004.jpg,True,265.0,738.0,438.0,833.0,173.0,95.0,
s4,d5,frame_0005.jpg,True,264.0,738.0,439.0,834.0,175.0,96.0,
s4,d5,frame_0006.jpg,True,264.0,738.0,439.0,836.0,175.0,98.0,
s4,d5,frame_0007.jpg,True,265.0,738.0,439.0,837.0,174.0,99.0,
s4,d5,frame_0008.jpg,True,265.0,736.0,439.0,842.0,174.0,106.0,
s4,d5,frame_0009.jpg,True,265.0,737.0,441.0,846.0,176.0,109.0,
s4,d5,frame_0010.jpg,True,264.0,736.0,442.0,851.0,178.0,115.0,
s4,d5,frame_0011.jpg,True,265.0,735.0,442.0,858.0,177.0,123.0,
s4,d5,frame_0012.jpg,True,264.0,734.0,444.0,862.0,180.0,128.0,
s4,d5,frame_0013.jpg,True,263.0,733.0,445.0,866.0,182.0,133.0,
s4,d5,frame_0014.jpg,True,263.0,732.0,446.0,866.0,183.0,134.0,
s4,d5,frame_0015.jpg,True,264.0,733.0,447.0,869.0,183.0,136.0,
s4,d5,frame_0016.jpg,True,264.0,733.0,448.0,869.0,184.0,136.0,
s4,d5,frame_0017.jpg,True,264.0,734.0,449.0,868.0,185.0,134.0,
s4,d5,frame_0018.jpg,True,265.0,734.0,449.0,869.0,184.0,135.0,
s4,d5,frame_0019.jpg,True,266.0,734.0,450.0,869.0,184.0,135.0,
s4,d5,frame_0020.jpg,True,266.0,734.0,451.0,869.0,185.0,135.0,
s4,d5,frame_0021.jpg,True,267.0,734.0,450.0,868.0,183.0,134.0,
s4,d5,frame_0022.jpg,True,268.0,736.0,451.0,868.0,183.0,132.0,
s4,d5,frame_0023.jpg,True,268.0,735.0,451.0,868.0,183.0,133.0,
s4,d5,frame_0024.jpg,True,269.0,735.0,452.0,869.0,183.0,134.0,
s4,d5,frame_0025.jpg,True,269.0,735.0,452.0,868.0,183.0,133.0,
s4,d5,frame_0026.jpg,True,268.0,735.0,451.0,867.0,183.0,132.0,
s4,d5,frame_0027.jpg,True,269.0,734.0,450.0,865.0,181.0,131.0,
s4,d5,frame_0028.jpg,True,270.0,733.0,450.0,863.0,180.0,130.0,
s4,d5,frame_0029.jpg,True,267.0,733.0,450.0,858.0,183.0,125.0,
s4,d5,frame_0030.jpg,True,269.0,734.0,449.0,853.0,180.0,119.0,
s4,d5,frame_0031.jpg,True,269.0,735.0,448.0,846.0,179.0,111.0,
s4,d5,frame_0032.jpg,True,269.0,735.0,450.0,841.0,181.0,106.0,
s4,d5,frame_0033.jpg,True,271.0,736.0,448.0,836.0,177.0,100.0,
s4,d5,frame_0034.jpg,True,272.0,736.0,448.0,832.0,176.0,96.0,
s4,d5,frame_0035.jpg,True,273.0,736.0,447.0,826.0,174.0,90.0,
s4,d5,frame_0036.jpg,True,273.0,737.0,448.0,820.0,175.0,83.0,
s4,d5,frame_0037.jpg,True,274.0,737.0,448.0,817.0,174.0,80.0,
s4,d5,frame_0038.jpg,True,273.0,736.0,448.0,815.0,175.0,79.0,
s4,d5,frame_0039.jpg,True,274.0,736.0,448.0,814.0,174.0,78.0,
s4,d5,frame_0040.jpg,True,275.0,736.0,449.0,814.0,174.0,78.0,
s4,d5,frame_0041.jpg,True,275.0,736.0,449.0,814.0,174.0,78.0,
s4,d6,frame_0001.jpg,True,285.0,742.0,461.0,826.0,176.0,84.0,
s4,d6,frame_0002.jpg,True,285.0,742.0,461.0,828.0,176.0,86.0,
s4,d6,frame_0003.jpg,True,287.0,739.0,459.0,835.0,172.0,96.0,
s4,d6,frame_0004.jpg,True,286.0,737.0,461.0,839.0,175.0,102.0,
s4,d6,frame_0005.jpg,True,286.0,737.0,461.0,839.0,175.0,102.0,
s4,d6,frame_0006.jpg,True,287.0,737.0,461.0,839.0,174.0,102.0,
s4,d6,frame_0007.jpg,True,289.0,734.0,462.0,840.0,173.0,106.0,
s4,d6,frame_0008.jpg,True,289.0,734.0,462.0,841.0,173.0,107.0,
s4,d6,frame_0009.jpg,True,290.0,733.0,463.0,841.0,173.0,108.0,
s4,d6,frame_0010.jpg,True,290.0,734.0,461.0,840.0,171.0,106.0,
s4,d6,frame_0011.jpg,True,291.0,734.0,460.0,840.0,169.0,106.0,
s4,d6,frame_0012.jpg,True,291.0,734.0,460.0,841.0,169.0,107.0,
s4,d6,frame_0013.jpg,True,290.0,733.0,461.0,841.0,171.0,108.0,
s4,d6,frame_0014.jpg,True,292.0,733.0,460.0,838.0,168.0,105.0,
s4,d6,frame_0015.jpg,True,292.0,733.0,461.0,839.0,169.0,106.0,
s4,d6,frame_0016.jpg,True,291.0,734.0,461.0,841.0,170.0,107.0,
s4,d6,frame_0017.jpg,True,289.0,736.0,461.0,843.0,172.0,107.0,
s4,d6,frame_0018.jpg,True,289.0,735.0,460.0,845.0,171.0,110.0,
s4,d6,frame_0019.jpg,True,286.0,737.0,457.0,844.0,171.0,107.0,
s4,d6,frame_0020.jpg,True,286.0,737.0,457.0,844.0,171.0,107.0,
s4,d6,frame_0021.jpg,True,285.0,737.0,457.0,842.0,172.0,105.0,
s4,d6,frame_0022.jpg,True,285.0,737.0,457.0,842.0,172.0,105.0,
s4,d6,frame_0023.jpg,True,284.0,736.0,458.0,842.0,174.0,106.0,
s4,d6,frame_0024.jpg,True,284.0,735.0,458.0,840.0,174.0,105.0,
s4,d6,frame_0025.jpg,True,284.0,735.0,457.0,839.0,173.0,104.0,
s4,d6,frame_0026.jpg,True,283.0,734.0,457.0,838.0,174.0,104.0,
s4,d6,frame_0027.jpg,True,285.0,733.0,457.0,836.0,172.0,103.0,
s4,d6,frame_0028.jpg,True,284.0,733.0,458.0,836.0,174.0,103.0,
s4,d6,frame_0029.jpg,True,284.0,734.0,458.0,835.0,174.0,101.0,
s4,d6,frame_0030.jpg,True,285.0,735.0,457.0,833.0,172.0,98.0,
s4,d6,frame_0031.jpg,True,285.0,737.0,458.0,832.0,173.0,95.0,
s4,d6,frame_0032.jpg,True,286.0,739.0,457.0,829.0,171.0,90.0,
s4,d6,frame_0033.jpg,True,287.0,741.0,459.0,824.0,172.0,83.0,
s4,d6,frame_0034.jpg,True,287.0,741.0,458.0,823.0,171.0,82.0,
s4,d6,frame_0035.jpg,True,287.0,742.0,457.0,823.0,170.0,81.0,
s4,d6,frame_0036.jpg,True,286.0,743.0,457.0,823.0,171.0,80.0,
s4,d6,frame_0037.jpg,True,284.0,743.0,457.0,823.0,173.0,80.0,
s4,d6,frame_0038.jpg,True,285.0,744.0,457.0,824.0,172.0,80.0,
s4,d7,frame_0001.jpg,True,282.0,749.0,457.0,832.0,175.0,83.0,
s4,d7,frame_0002.jpg,True,281.0,749.0,457.0,834.0,176.0,85.0,
s4,d7,frame_0003.jpg,True,281.0,748.0,455.0,843.0,174.0,95.0,
s4,d7,frame_0004.jpg,True,279.0,747.0,459.0,844.0,180.0,97.0,
s4,d7,frame_0005.jpg,True,278.0,746.0,460.0,845.0,182.0,99.0,
s4,d7,frame_0006.jpg,True,278.0,743.0,463.0,845.0,185.0,102.0,
s4,d7,frame_0007.jpg,True,278.0,742.0,465.0,844.0,187.0,102.0,
s4,d7,frame_0008.jpg,True,277.0,741.0,469.0,843.0,192.0,102.0,
s4,d7,frame_0009.jpg,True,276.0,741.0,472.0,845.0,196.0,104.0,
s4,d7,frame_0010.jpg,True,277.0,740.0,473.0,847.0,196.0,107.0,
s4,d7,frame_0011.jpg,True,276.0,741.0,476.0,849.0,200.0,108.0,
s4,d7,frame_0012.jpg,True,276.0,740.0,475.0,850.0,199.0,110.0,
s4,d7,frame_0013.jpg,True,276.0,740.0,475.0,850.0,199.0,110.0,
s4,d7,frame_0014.jpg,True,277.0,740.0,475.0,850.0,198.0,110.0,
s4,d7,frame_0015.jpg,True,278.0,740.0,473.0,849.0,195.0,109.0,
s4,d7,frame_0016.jpg,True,279.0,740.0,473.0,848.0,194.0,108.0,
s4,d7,frame_0017.jpg,True,278.0,740.0,470.0,848.0,192.0,108.0,
s4,d7,frame_0018.jpg,True,278.0,740.0,469.0,849.0,191.0,109.0,
s4,d7,frame_0019.jpg,True,279.0,739.0,469.0,848.0,190.0,109.0,
s4,d7,frame_0020.jpg,True,282.0,739.0,468.0,845.0,186.0,106.0,
s4,d7,frame_0021.jpg,True,283.0,740.0,466.0,843.0,183.0,103.0,
s4,d7,frame_0022.jpg,True,283.0,740.0,467.0,842.0,184.0,102.0,
s4,d7,frame_0023.jpg,True,284.0,740.0,468.0,841.0,184.0,101.0,
s4,d7,frame_0024.jpg,True,284.0,740.0,468.0,841.0,184.0,101.0,
s4,d7,frame_0025.jpg,True,285.0,741.0,468.0,840.0,183.0,99.0,
s4,d7,frame_0026.jpg,True,286.0,741.0,468.0,838.0,182.0,97.0,
s4,d7,frame_0027.jpg,True,290.0,745.0,466.0,832.0,176.0,87.0,
s4,d7,frame_0028.jpg,True,290.0,747.0,467.0,829.0,177.0,82.0,
s4,d7,frame_0029.jpg,True,291.0,747.0,467.0,825.0,176.0,78.0,
s4,d7,frame_0030.jpg,True,290.0,748.0,466.0,824.0,176.0,76.0,
s4,d7,frame_0031.jpg,True,291.0,748.0,466.0,825.0,175.0,77.0,
s4,d7,frame_0032.jpg,True,290.0,748.0,466.0,826.0,176.0,78.0,
s4,d7,frame_0033.jpg,True,290.0,749.0,466.0,827.0,176.0,78.0,
s4,d8,frame_0001.jpg,True,288.0,759.0,462.0,834.0,174.0,75.0,
s4,d8,frame_0002.jpg,True,288.0,760.0,465.0,843.0,177.0,83.0,
s4,d8,frame_0003.jpg,True,289.0,753.0,467.0,857.0,178.0,104.0,
s4,d8,frame_0004.jpg,True,287.0,750.0,468.0,863.0,181.0,113.0,
s4,d8,frame_0005.jpg,True,287.0,749.0,467.0,863.0,180.0,114.0,
s4,d8,frame_0006.jpg,True,288.0,748.0,470.0,862.0,182.0,114.0,
s4,d8,frame_0007.jpg,True,288.0,745.0,470.0,858.0,182.0,113.0,
s4,d8,frame_0008.jpg,True,288.0,746.0,470.0,857.0,182.0,111.0,
s4,d8,frame_0009.jpg,True,287.0,747.0,469.0,857.0,182.0,110.0,
s4,d8,frame_0010.jpg,True,287.0,746.0,469.0,857.0,182.0,111.0,
s4,d8,frame_0011.jpg,True,287.0,747.0,469.0,856.0,182.0,109.0,
s4,d8,frame_0012.jpg,True,285.0,747.0,468.0,854.0,183.0,107.0,
s4,d8,frame_0013.jpg,True,285.0,748.0,467.0,853.0,182.0,105.0,
s4,d8,frame_0014.jpg,True,285.0,748.0,467.0,853.0,182.0,105.0,
s4,d8,frame_0015.jpg,True,284.0,748.0,466.0,853.0,182.0,105.0,
s4,d8,frame_0016.jpg,True,284.0,747.0,466.0,854.0,182.0,107.0,
s4,d8,frame_0017.jpg,True,284.0,747.0,466.0,853.0,182.0,106.0,
s4,d8,frame_0018.jpg,True,283.0,748.0,466.0,854.0,183.0,106.0,
s4,d8,frame_0019.jpg,True,283.0,747.0,467.0,852.0,184.0,105.0,
s4,d8,frame_0020.jpg,True,283.0,748.0,465.0,853.0,182.0,105.0,
s4,d8,frame_0021.jpg,True,284.0,748.0,466.0,851.0,182.0,103.0,
s4,d8,frame_0022.jpg,True,283.0,747.0,466.0,851.0,183.0,104.0,
s4,d8,frame_0023.jpg,True,284.0,749.0,466.0,853.0,182.0,104.0,
s4,d8,frame_0024.jpg,True,285.0,750.0,465.0,853.0,180.0,103.0,
s4,d8,frame_0025.jpg,True,285.0,751.0,467.0,853.0,182.0,102.0,
s4,d8,frame_0026.jpg,True,284.0,749.0,468.0,853.0,184.0,104.0,
s4,d8,frame_0027.jpg,True,285.0,750.0,469.0,852.0,184.0,102.0,
s4,d8,frame_0028.jpg,True,286.0,750.0,468.0,851.0,182.0,101.0,
s4,d8,frame_0029.jpg,True,286.0,750.0,467.0,850.0,181.0,100.0,
s4,d8,frame_0030.jpg,True,286.0,750.0,467.0,847.0,181.0,97.0,
s4,d8,frame_0031.jpg,True,286.0,749.0,467.0,844.0,181.0,95.0,
s4,d8,frame_0032.jpg,True,288.0,751.0,465.0,838.0,177.0,87.0,
s4,d8,frame_0033.jpg,True,289.0,751.0,465.0,834.0,176.0,83.0,
s4,d8,frame_0034.jpg,True,289.0,751.0,465.0,832.0,176.0,81.0,
s4,d8,frame_0035.jpg,True,290.0,751.0,465.0,833.0,175.0,82.0,
s4,d8,frame_0036.jpg,True,290.0,751.0,465.0,832.0,175.0,81.0,
s4,d8,frame_0037.jpg,True,291.0,751.0,466.0,832.0,175.0,81.0,
s4,d8,frame_0038.jpg,True,291.0,751.0,465.0,833.0,174.0,82.0,
s4,d9,frame_0001.jpg,True,290.0,752.0,462.0,835.0,172.0,83.0,
s4,d9,frame_0002.jpg,True,290.0,751.0,463.0,835.0,173.0,84.0,
s4,d9,frame_0003.jpg,True,289.0,751.0,463.0,835.0,174.0,84.0,
s4,d9,frame_0004.jpg,True,290.0,752.0,463.0,837.0,173.0,85.0,
s4,d9,frame_0005.jpg,True,289.0,752.0,463.0,838.0,174.0,86.0,
s4,d9,frame_0006.jpg,True,288.0,751.0,463.0,841.0,175.0,90.0,
s4,d9,frame_0007.jpg,True,285.0,748.0,462.0,849.0,177.0,101.0,
s4,d9,frame_0008.jpg,True,284.0,749.0,462.0,851.0,178.0,102.0,
s4,d9,frame_0009.jpg,True,285.0,751.0,462.0,853.0,177.0,102.0,
s4,d9,frame_0010.jpg,True,285.0,749.0,463.0,858.0,178.0,109.0,
s4,d9,frame_0011.jpg,True,284.0,748.0,465.0,860.0,181.0,112.0,
s4,d9,frame_0012.jpg,True,284.0,747.0,465.0,863.0,181.0,116.0,
s4,d9,frame_0013.jpg,True,285.0,748.0,465.0,866.0,180.0,118.0,
s4,d9,frame_0014.jpg,True,285.0,748.0,465.0,869.0,180.0,121.0,
s4,d9,frame_0015.jpg,True,285.0,747.0,465.0,868.0,180.0,121.0,
s4,d9,frame_0016.jpg,True,285.0,747.0,464.0,870.0,179.0,123.0,
s4,d9,frame_0017.jpg,True,286.0,749.0,464.0,869.0,178.0,120.0,
s4,d9,frame_0018.jpg,True,287.0,750.0,464.0,865.0,177.0,115.0,
s4,d9,frame_0019.jpg,True,288.0,749.0,463.0,859.0,175.0,110.0,
s4,d9,frame_0020.jpg,True,288.0,750.0,462.0,853.0,174.0,103.0,
s4,d9,frame_0021.jpg,True,290.0,751.0,460.0,847.0,170.0,96.0,
s4,d9,frame_0022.jpg,True,291.0,752.0,459.0,847.0,168.0,95.0,
s4,d9,frame_0023.jpg,True,291.0,752.0,459.0,847.0,168.0,95.0,
s4,d9,frame_0024.jpg,True,291.0,752.0,459.0,847.0,168.0,95.0,
s4,d9,frame_0025.jpg,True,291.0,752.0,458.0,847.0,167.0,95.0,
s4,d9,frame_0026.jpg,True,290.0,753.0,460.0,849.0,170.0,96.0,
s4,d9,frame_0027.jpg,True,289.0,754.0,459.0,849.0,170.0,95.0,
s4,d9,frame_0028.jpg,True,288.0,753.0,462.0,848.0,174.0,95.0,
s4,d9,frame_0029.jpg,True,289.0,753.0,462.0,847.0,173.0,94.0,
s4,d9,frame_0030.jpg,True,290.0,754.0,462.0,846.0,172.0,92.0,
s4,d9,frame_0031.jpg,True,289.0,754.0,463.0,847.0,174.0,93.0,
s4,d9,frame_0032.jpg,True,290.0,755.0,465.0,848.0,175.0,93.0,
s4,d9,frame_0033.jpg,True,290.0,754.0,465.0,846.0,175.0,92.0,
s4,d9,frame_0034.jpg,True,290.0,754.0,465.0,843.0,175.0,89.0,
s4,d9,frame_0035.jpg,True,291.0,755.0,466.0,841.0,175.0,86.0,
s4,d9,frame_0036.jpg,True,291.0,756.0,466.0,839.0,175.0,83.0,
s4,d9,frame_0037.jpg,True,291.0,757.0,466.0,839.0,175.0,82.0,
s4,d9,frame_0038.jpg,True,290.0,757.0,466.0,838.0,176.0,81.0,
s4,d9,frame_0039.jpg,True,291.0,757.0,466.0,838.0,175.0,81.0,
s4,d9,frame_0040.jpg,True,291.0,758.0,466.0,838.0,175.0,80.0,
s4,d9,frame_0041.jpg,True,291.0,758.0,466.0,838.0,175.0,80.0,
s4,d9,frame_0042.jpg,True,291.0,758.0,466.0,839.0,175.0,81.0,
s4,d9,frame_0043.jpg,True,292.0,758.0,465.0,839.0,173.0,81.0,
s4,d9,frame_0044.jpg,True,291.0,757.0,465.0,839.0,174.0,82.0,
s4,d9,frame_0045.jpg,True,292.0,759.0,465.0,839.0,173.0,80.0,
s4,d9,frame_0046.jpg,True,292.0,759.0,465.0,840.0,173.0,81.0,
s4,d9,frame_0047.jpg,True,291.0,760.0,467.0,840.0,176.0,80.0,
s4,d9,frame_0048.jpg,True,291.0,760.0,467.0,841.0,176.0,81.0,
s4,d9,frame_0049.jpg,True,291.0,758.0,465.0,841.0,174.0,83.0,
s4,d9,frame_0050.jpg,True,292.0,758.0,465.0,840.0,173.0,82.0,
s4,d9,frame_0051.jpg,True,290.0,757.0,466.0,839.0,176.0,82.0,
s4,d9,frame_0052.jpg,True,290.0,757.0,466.0,839.0,176.0,82.0,
s4,d9,frame_0053.jpg,True,290.0,756.0,466.0,839.0,176.0,83.0,
s4,d9,frame_0054.jpg,True,290.0,756.0,466.0,839.0,176.0,83.0,
s4,d10,frame_0001.jpg,True,291.0,756.0,466.0,843.0,175.0,87.0,
s4,d10,frame_0002.jpg,True,291.0,756.0,466.0,844.0,175.0,88.0,
s4,d10,frame_0003.jpg,True,291.0,755.0,467.0,844.0,176.0,89.0,
s4,d10,frame_0004.jpg,True,292.0,755.0,466.0,844.0,174.0,89.0,
s4,d10,frame_0005.jpg,True,291.0,755.0,467.0,845.0,176.0,90.0,
s4,d10,frame_0006.jpg,True,292.0,756.0,467.0,846.0,175.0,90.0,
s4,d10,frame_0007.jpg,True,293.0,756.0,467.0,850.0,174.0,94.0,
s4,d10,frame_0008.jpg,True,291.0,754.0,468.0,853.0,177.0,99.0,
s4,d10,frame_0009.jpg,True,292.0,754.0,468.0,853.0,176.0,99.0,
s4,d10,frame_0010.jpg,True,293.0,752.0,469.0,855.0,176.0,103.0,
s4,d10,frame_0011.jpg,True,292.0,753.0,471.0,857.0,179.0,104.0,
s4,d10,frame_0012.jpg,True,293.0,753.0,473.0,858.0,180.0,105.0,
s4,d10,frame_0013.jpg,True,293.0,760.0,473.0,859.0,180.0,99.0,
s4,d10,frame_0014.jpg,True,294.0,768.0,474.0,849.0,180.0,81.0,
s4,d10,frame_0015.jpg,True,295.0,772.0,474.0,844.0,179.0,72.0,
s4,d10,frame_0016.jpg,True,295.0,773.0,473.0,843.0,178.0,70.0,
s4,d10,frame_0017.jpg,True,295.0,773.0,472.0,843.0,177.0,70.0,
s4,d10,frame_0018.jpg,True,295.0,772.0,471.0,843.0,176.0,71.0,
s4,d10,frame_0019.jpg,True,294.0,772.0,472.0,843.0,178.0,71.0,
s4,d10,frame_0020.jpg,True,294.0,771.0,472.0,844.0,178.0,73.0,
s4,d10,frame_0021.jpg,True,293.0,771.0,472.0,844.0,179.0,73.0,
s4,d10,frame_0022.jpg,True,294.0,771.0,469.0,844.0,175.0,73.0,
s4,d10,frame_0023.jpg,True,293.0,769.0,470.0,844.0,177.0,75.0,
s4,d10,frame_0024.jpg,True,293.0,767.0,469.0,846.0,176.0,79.0,
s4,d10,frame_0025.jpg,True,292.0,764.0,469.0,848.0,177.0,84.0,
s4,d10,frame_0026.jpg,True,292.0,764.0,469.0,848.0,177.0,84.0,
s4,d10,frame_0027.jpg,True,293.0,765.0,469.0,847.0,176.0,82.0,
s4,d10,frame_0028.jpg,True,292.0,766.0,468.0,843.0,176.0,77.0,
s4,d10,frame_0029.jpg,True,291.0,766.0,468.0,841.0,177.0,75.0,
s4,d10,frame_0030.jpg,True,291.0,765.0,467.0,840.0,176.0,75.0,
s4,d10,frame_0031.jpg,True,291.0,766.0,466.0,839.0,175.0,73.0,
s4,d10,frame_0032.jpg,True,291.0,767.0,466.0,839.0,175.0,72.0,
s4,d10,frame_0033.jpg,True,292.0,765.0,466.0,837.0,174.0,72.0,
s4,d10,frame_0034.jpg,True,292.0,766.0,465.0,838.0,173.0,72.0,
s4,d10,frame_0035.jpg,True,291.0,767.0,466.0,838.0,175.0,71.0,
s4,d10,frame_0036.jpg,True,292.0,766.0,465.0,837.0,173.0,71.0,
s4,d10,frame_0037.jpg,True,291.0,766.0,466.0,837.0,175.0,71.0,
s4,d10,frame_0038.jpg,True,292.0,766.0,466.0,836.0,174.0,70.0,
s4,d10,frame_0039.jpg,True,292.0,765.0,466.0,835.0,174.0,70.0,
s4,d10,frame_0040.jpg,True,292.0,766.0,466.0,835.0,174.0,69.0,
s4,d10,frame_0041.jpg,True,292.0,766.0,466.0,835.0,174.0,69.0,
s4,d10,frame_0042.jpg,True,291.0,766.0,466.0,834.0,175.0,68.0,
s4,d10,frame_0043.jpg,True,292.0,766.0,465.0,834.0,173.0,68.0,
s4,d10,frame_0044.jpg,True,292.0,766.0,466.0,834.0,174.0,68.0,
s4,d10,frame_0045.jpg,True,293.0,766.0,465.0,834.0,172.0,68.0,
s4,d10,frame_0046.jpg,True,292.0,766.0,465.0,833.0,173.0,67.0,
s4,d10,frame_0047.jpg,True,292.0,766.0,465.0,832.0,173.0,66.0,
s4,d10,frame_0048.jpg,True,291.0,765.0,465.0,832.0,174.0,67.0,
s4,d10,frame_0049.jpg,True,291.0,764.0,464.0,832.0,173.0,68.0,
s4,d10,frame_0050.jpg,True,290.0,764.0,464.0,831.0,174.0,67.0,
s4,d10,frame_0051.jpg,True,290.0,763.0,463.0,831.0,173.0,68.0,
s4,d10,frame_0052.jpg,True,289.0,762.0,463.0,830.0,174.0,68.0,
s4,d10,frame_0053.jpg,True,289.0,762.0,463.0,831.0,174.0,69.0,
s4,d10,frame_0054.jpg,True,289.0,762.0,461.0,830.0,172.0,68.0,
s4,d10,frame_0055.jpg,True,289.0,762.0,462.0,830.0,173.0,68.0,
s4,d10,frame_0056.jpg,True,289.0,762.0,462.0,831.0,173.0,69.0,
s5,d0,frame_0001.jpg,True,288.0,637.0,444.0,727.0,156.0,90.0,
s5,d0,frame_0002.jpg,True,287.0,637.0,445.0,731.0,158.0,94.0,
s5,d0,frame_0003.jpg,True,290.0,634.0,445.0,741.0,155.0,107.0,
s5,d0,frame_0004.jpg,True,293.0,633.0,445.0,746.0,152.0,113.0,
s5,d0,frame_0005.jpg,True,291.0,633.0,445.0,747.0,154.0,114.0,
s5,d0,frame_0006.jpg,True,291.0,633.0,445.0,745.0,154.0,112.0,
s5,d0,frame_0007.jpg,True,290.0,634.0,446.0,742.0,156.0,108.0,
s5,d0,frame_0008.jpg,True,291.0,633.0,445.0,738.0,154.0,105.0,
s5,d0,frame_0009.jpg,True,290.0,633.0,445.0,735.0,155.0,102.0,
s5,d0,frame_0010.jpg,True,291.0,632.0,445.0,732.0,154.0,100.0,
s5,d0,frame_0011.jpg,True,290.0,631.0,446.0,731.0,156.0,100.0,
s5,d0,frame_0012.jpg,True,291.0,630.0,446.0,732.0,155.0,102.0,
s5,d0,frame_0013.jpg,True,291.0,629.0,446.0,730.0,155.0,101.0,
s5,d0,frame_0014.jpg,True,290.0,629.0,447.0,729.0,157.0,100.0,
s5,d0,frame_0015.jpg,True,290.0,628.0,447.0,728.0,157.0,100.0,
s5,d0,frame_0016.jpg,True,291.0,627.0,446.0,727.0,155.0,100.0,
s5,d0,frame_0017.jpg,True,290.0,627.0,446.0,726.0,156.0,99.0,
s5,d0,frame_0018.jpg,True,290.0,626.0,447.0,725.0,157.0,99.0,
s5,d0,frame_0019.jpg,True,292.0,626.0,447.0,725.0,155.0,99.0,
s5,d0,frame_0020.jpg,True,292.0,626.0,447.0,725.0,155.0,99.0,
s5,d0,frame_0021.jpg,True,292.0,626.0,449.0,725.0,157.0,99.0,
s5,d0,frame_0022.jpg,True,292.0,626.0,449.0,725.0,157.0,99.0,
s5,d1,frame_0001.jpg,True,292.0,626.0,452.0,729.0,160.0,103.0,
s5,d1,frame_0002.jpg,True,292.0,628.0,450.0,729.0,158.0,101.0,
s5,d1,frame_0003.jpg,True,290.0,628.0,449.0,730.0,159.0,102.0,
s5,d1,frame_0004.jpg,True,289.0,629.0,448.0,731.0,159.0,102.0,
s5,d1,frame_0005.jpg,True,288.0,629.0,449.0,732.0,161.0,103.0,
s5,d1,frame_0006.jpg,True,286.0,630.0,447.0,734.0,161.0,104.0,
s5,d1,frame_0007.jpg,True,285.0,629.0,446.0,733.0,161.0,104.0,
s5,d1,frame_0008.jpg,True,285.0,629.0,445.0,734.0,160.0,105.0,
s5,d1,frame_0009.jpg,True,286.0,629.0,445.0,736.0,159.0,107.0,
s5,d1,frame_0010.jpg,True,286.0,628.0,445.0,736.0,159.0,108.0,
s5,d1,frame_0011.jpg,True,287.0,627.0,444.0,738.0,157.0,111.0,
s5,d1,frame_0012.jpg,True,286.0,626.0,445.0,740.0,159.0,114.0,
s5,d1,frame_0013.jpg,True,287.0,626.0,445.0,742.0,158.0,116.0,
s5,d1,frame_0014.jpg,True,288.0,625.0,446.0,741.0,158.0,116.0,
s5,d1,frame_0015.jpg,True,289.0,625.0,447.0,741.0,158.0,116.0,
s5,d1,frame_0016.jpg,True,290.0,624.0,448.0,741.0,158.0,117.0,
s5,d1,frame_0017.jpg,True,290.0,624.0,448.0,742.0,158.0,118.0,
s5,d1,frame_0018.jpg,True,291.0,624.0,447.0,740.0,156.0,116.0,
s5,d1,frame_0019.jpg,True,292.0,625.0,449.0,741.0,157.0,116.0,
s5,d1,frame_0020.jpg,True,292.0,624.0,450.0,741.0,158.0,117.0,
s5,d1,frame_0021.jpg,True,291.0,625.0,450.0,742.0,159.0,117.0,
s5,d1,frame_0022.jpg,True,291.0,626.0,450.0,740.0,159.0,114.0,
s5,d1,frame_0023.jpg,True,291.0,625.0,450.0,740.0,159.0,115.0,
s5,d1,frame_0024.jpg,True,290.0,625.0,451.0,738.0,161.0,113.0,
s5,d1,frame_0025.jpg,True,291.0,624.0,449.0,735.0,158.0,111.0,
s5,d1,frame_0026.jpg,True,291.0,623.0,449.0,733.0,158.0,110.0,
s5,d1,frame_0027.jpg,True,291.0,622.0,449.0,730.0,158.0,108.0,
s5,d1,frame_0028.jpg,True,291.0,621.0,450.0,729.0,159.0,108.0,
s5,d1,frame_0029.jpg,True,291.0,620.0,450.0,727.0,159.0,107.0,
s5,d1,frame_0030.jpg,True,292.0,620.0,450.0,726.0,158.0,106.0,
s5,d1,frame_0031.jpg,True,293.0,620.0,449.0,724.0,156.0,104.0,
s5,d1,frame_0032.jpg,True,293.0,623.0,450.0,723.0,157.0,100.0,
s5,d1,frame_0033.jpg,True,292.0,624.0,452.0,722.0,160.0,98.0,
s5,d1,frame_0034.jpg,True,291.0,625.0,453.0,722.0,162.0,97.0,
s5,d1,frame_0035.jpg,True,293.0,625.0,453.0,720.0,160.0,95.0,
s5,d1,frame_0036.jpg,True,292.0,625.0,454.0,720.0,162.0,95.0,
s5,d1,frame_0037.jpg,True,293.0,626.0,454.0,718.0,161.0,92.0,
s5,d1,frame_0038.jpg,True,292.0,627.0,454.0,718.0,162.0,91.0,
s5,d1,frame_0039.jpg,True,293.0,628.0,453.0,717.0,160.0,89.0,
s5,d1,frame_0040.jpg,True,293.0,628.0,454.0,718.0,161.0,90.0,
s5,d2,frame_0001.jpg,True,286.0,634.0,444.0,730.0,158.0,96.0,
s5,d2,frame_0002.jpg,True,288.0,631.0,443.0,734.0,155.0,103.0,
s5,d2,frame_0003.jpg,True,289.0,629.0,443.0,736.0,154.0,107.0,
s5,d2,frame_0004.jpg,True,287.0,629.0,445.0,736.0,158.0,107.0,
s5,d2,frame_0005.jpg,True,288.0,628.0,446.0,737.0,158.0,109.0,
s5,d2,frame_0006.jpg,True,290.0,629.0,446.0,737.0,156.0,108.0,
s5,d2,frame_0007.jpg,True,290.0,628.0,446.0,739.0,156.0,111.0,
s5,d2,frame_0008.jpg,True,290.0,630.0,445.0,743.0,155.0,113.0,
s5,d2,frame_0009.jpg,True,291.0,632.0,444.0,746.0,153.0,114.0,
s5,d2,frame_0010.jpg,True,292.0,632.0,443.0,749.0,151.0,117.0,
s5,d2,frame_0011.jpg,True,295.0,634.0,444.0,744.0,149.0,110.0,
s5,d2,frame_0012.jpg,True,294.0,634.0,445.0,743.0,151.0,109.0,
s5,d2,frame_0013.jpg,True,293.0,635.0,444.0,740.0,151.0,105.0,
s5,d2,frame_0014.jpg,True,293.0,637.0,445.0,738.0,152.0,101.0,
s5,d2,frame_0015.jpg,True,293.0,637.0,444.0,738.0,151.0,101.0,
s5,d2,frame_0016.jpg,True,293.0,637.0,443.0,740.0,150.0,103.0,
s5,d2,frame_0017.jpg,True,293.0,637.0,443.0,739.0,150.0,102.0,
s5,d2,frame_0018.jpg,True,291.0,637.0,444.0,736.0,153.0,99.0,
s5,d2,frame_0019.jpg,True,291.0,636.0,444.0,734.0,153.0,98.0,
s5,d2,frame_0020.jpg,True,289.0,636.0,445.0,732.0,156.0,96.0,
s5,d2,frame_0021.jpg,True,289.0,635.0,445.0,731.0,156.0,96.0,
s5,d2,frame_0022.jpg,True,289.0,635.0,445.0,731.0,156.0,96.0,
s5,d2,frame_0023.jpg,True,289.0,636.0,445.0,730.0,156.0,94.0,
s5,d2,frame_0024.jpg,True,289.0,636.0,444.0,731.0,155.0,95.0,
s5,d2,frame_0025.jpg,True,288.0,637.0,445.0,731.0,157.0,94.0,
s5,d2,frame_0026.jpg,True,288.0,638.0,444.0,731.0,156.0,93.0,
s5,d2,frame_0027.jpg,True,287.0,638.0,444.0,731.0,157.0,93.0,
s5,d2,frame_0028.jpg,True,287.0,637.0,445.0,731.0,158.0,94.0,
s5,d2,frame_0029.jpg,True,286.0,636.0,444.0,731.0,158.0,95.0,
s5,d2,frame_0030.jpg,True,287.0,637.0,443.0,730.0,156.0,93.0,
s5,d2,frame_0031.jpg,True,286.0,636.0,444.0,730.0,158.0,94.0,
s5,d3,frame_0001.jpg,True,302.0,648.0,459.0,735.0,157.0,87.0,
s5,d3,frame_0002.jpg,True,302.0,648.0,460.0,735.0,158.0,87.0,
s5,d3,frame_0003.jpg,True,302.0,647.0,460.0,736.0,158.0,89.0,
s5,d3,frame_0004.jpg,True,303.0,645.0,460.0,743.0,157.0,98.0,
s5,d3,frame_0005.jpg,True,303.0,643.0,461.0,748.0,158.0,105.0,
s5,d3,frame_0006.jpg,True,303.0,643.0,462.0,749.0,159.0,106.0,
s5,d3,frame_0007.jpg,True,302.0,642.0,462.0,747.0,160.0,105.0,
s5,d3,frame_0008.jpg,True,303.0,643.0,462.0,748.0,159.0,105.0,
s5,d3,frame_0009.jpg,True,302.0,643.0,461.0,750.0,159.0,107.0,
s5,d3,frame_0010.jpg,True,302.0,643.0,462.0,753.0,160.0,110.0,
s5,d3,frame_0011.jpg,True,303.0,643.0,462.0,756.0,159.0,113.0,
s5,d3,frame_0012.jpg,True,304.0,644.0,462.0,758.0,158.0,114.0,
s5,d3,frame_0013.jpg,True,305.0,644.0,462.0,758.0,157.0,114.0,
s5,d3,frame_0014.jpg,True,305.0,644.0,461.0,759.0,156.0,115.0,
s5,d3,frame_0015.jpg,True,304.0,644.0,461.0,761.0,157.0,117.0,
s5,d3,frame_0016.jpg,True,305.0,647.0,459.0,759.0,154.0,112.0,
s5,d3,frame_0017.jpg,True,304.0,651.0,460.0,748.0,156.0,97.0,
s5,d3,frame_0018.jpg,True,303.0,655.0,458.0,738.0,155.0,83.0,
s5,d3,frame_0019.jpg,True,304.0,656.0,458.0,735.0,154.0,79.0,
s5,d3,frame_0020.jpg,True,303.0,656.0,459.0,737.0,156.0,81.0,
s5,d3,frame_0021.jpg,True,303.0,656.0,458.0,737.0,155.0,81.0,
s5,d3,frame_0022.jpg,True,303.0,656.0,459.0,737.0,156.0,81.0,
s5,d3,frame_0023.jpg,True,303.0,657.0,459.0,738.0,156.0,81.0,
s5,d3,frame_0024.jpg,True,301.0,658.0,459.0,738.0,158.0,80.0,
s5,d4,frame_0001.jpg,True,300.0,646.0,461.0,730.0,161.0,84.0,
s5,d4,frame_0002.jpg,True,302.0,645.0,460.0,735.0,158.0,90.0,
s5,d4,frame_0003.jpg,True,304.0,643.0,460.0,744.0,156.0,101.0,
s5,d4,frame_0004.jpg,True,304.0,644.0,461.0,748.0,157.0,104.0,
s5,d4,frame_0005.jpg,True,305.0,645.0,461.0,748.0,156.0,103.0,
s5,d4,frame_0006.jpg,True,306.0,645.0,461.0,750.0,155.0,105.0,
s5,d4,frame_0007.jpg,True,306.0,645.0,462.0,752.0,156.0,107.0,
s5,d4,frame_0008.jpg,True,305.0,645.0,462.0,754.0,157.0,109.0,
s5,d4,frame_0009.jpg,True,303.0,644.0,463.0,756.0,160.0,112.0,
s5,d4,frame_0010.jpg,True,303.0,644.0,463.0,756.0,160.0,112.0,
s5,d4,frame_0011.jpg,True,304.0,643.0,463.0,757.0,159.0,114.0,
s5,d4,frame_0012.jpg,True,303.0,643.0,462.0,758.0,159.0,115.0,
s5,d4,frame_0013.jpg,True,302.0,644.0,463.0,761.0,161.0,117.0,
s5,d4,frame_0014.jpg,True,301.0,644.0,463.0,762.0,162.0,118.0,
s5,d4,frame_0015.jpg,True,302.0,643.0,463.0,764.0,161.0,121.0,
s5,d4,frame_0016.jpg,True,300.0,644.0,461.0,765.0,161.0,121.0,
s5,d4,frame_0017.jpg,True,300.0,644.0,461.0,765.0,161.0,121.0,
s5,d4,frame_0018.jpg,True,301.0,644.0,460.0,765.0,159.0,121.0,
s5,d4,frame_0019.jpg,True,300.0,644.0,460.0,765.0,160.0,121.0,
s5,d4,frame_0020.jpg,True,300.0,644.0,459.0,765.0,159.0,121.0,
s5,d4,frame_0021.jpg,True,299.0,645.0,460.0,764.0,161.0,119.0,
s5,d4,frame_0022.jpg,True,299.0,645.0,460.0,764.0,161.0,119.0,
s5,d4,frame_0023.jpg,True,300.0,646.0,459.0,762.0,159.0,116.0,
s5,d4,frame_0024.jpg,True,300.0,648.0,458.0,760.0,158.0,112.0,
s5,d4,frame_0025.jpg,True,299.0,647.0,459.0,761.0,160.0,114.0,
s5,d4,frame_0026.jpg,True,300.0,647.0,458.0,760.0,158.0,113.0,
s5,d4,frame_0027.jpg,True,300.0,648.0,458.0,759.0,158.0,111.0,
s5,d4,frame_0028.jpg,True,300.0,648.0,459.0,757.0,159.0,109.0,
s5,d4,frame_0029.jpg,True,300.0,648.0,458.0,756.0,158.0,108.0,
s5,d4,frame_0030.jpg,True,300.0,648.0,458.0,756.0,158.0,108.0,
s5,d4,frame_0031.jpg,True,300.0,648.0,458.0,755.0,158.0,107.0,
s5,d4,frame_0032.jpg,True,299.0,648.0,458.0,755.0,159.0,107.0,
s5,d4,frame_0033.jpg,True,299.0,648.0,457.0,755.0,158.0,107.0,
s5,d4,frame_0034.jpg,True,298.0,650.0,457.0,754.0,159.0,104.0,
s5,d4,frame_0035.jpg,True,299.0,650.0,457.0,754.0,158.0,104.0,
s5,d4,frame_0036.jpg,True,298.0,650.0,457.0,755.0,159.0,105.0,
s5,d4,frame_0037.jpg,True,298.0,650.0,457.0,754.0,159.0,104.0,
s5,d4,frame_0038.jpg,True,299.0,649.0,457.0,752.0,158.0,103.0,
s5,d4,frame_0039.jpg,True,299.0,650.0,457.0,752.0,158.0,102.0,
s5,d4,frame_0040.jpg,True,300.0,650.0,457.0,752.0,157.0,102.0,
s5,d4,frame_0041.jpg,True,300.0,649.0,457.0,751.0,157.0,102.0,
s5,d4,frame_0042.jpg,True,299.0,648.0,458.0,751.0,159.0,103.0,
s5,d4,frame_0043.jpg,True,300.0,648.0,458.0,751.0,158.0,103.0,
s5,d4,frame_0044.jpg,True,300.0,649.0,459.0,751.0,159.0,102.0,
s5,d4,frame_0045.jpg,True,301.0,648.0,458.0,751.0,157.0,103.0,
s5,d4,frame_0046.jpg,True,300.0,647.0,459.0,751.0,159.0,104.0,
s5,d4,frame_0047.jpg,True,299.0,648.0,458.0,751.0,159.0,103.0,
s5,d5,frame_0001.jpg,True,300.0,648.0,458.0,751.0,158.0,103.0,
s5,d5,frame_0002.jpg,True,300.0,648.0,459.0,752.0,159.0,104.0,
s5,d5,frame_0003.jpg,True,300.0,648.0,459.0,752.0,159.0,104.0,
s5,d5,frame_0004.jpg,True,300.0,649.0,458.0,751.0,158.0,102.0,
s5,d5,frame_0005.jpg,True,299.0,649.0,457.0,752.0,158.0,103.0,
s5,d5,frame_0006.jpg,True,299.0,650.0,458.0,753.0,159.0,103.0,
s5,d5,frame_0007.jpg,True,300.0,650.0,457.0,754.0,157.0,104.0,
s5,d5,frame_0008.jpg,True,300.0,649.0,457.0,755.0,157.0,106.0,
s5,d5,frame_0009.jpg,True,300.0,648.0,457.0,755.0,157.0,107.0,
s5,d5,frame_0010.jpg,True,301.0,649.0,457.0,757.0,156.0,108.0,
s5,d5,frame_0011.jpg,True,301.0,650.0,457.0,758.0,156.0,108.0,
s5,d5,frame_0012.jpg,True,301.0,651.0,457.0,762.0,156.0,111.0,
s5,d5,frame_0013.jpg,True,301.0,651.0,458.0,766.0,157.0,115.0,
s5,d5,frame_0014.jpg,True,302.0,651.0,460.0,768.0,158.0,117.0,
s5,d5,frame_0015.jpg,True,302.0,652.0,460.0,771.0,158.0,119.0,
s5,d5,frame_0016.jpg,True,303.0,652.0,459.0,772.0,156.0,120.0,
s5,d5,frame_0017.jpg,True,304.0,653.0,459.0,771.0,155.0,118.0,
s5,d5,frame_0018.jpg,True,303.0,654.0,459.0,774.0,156.0,120.0,
s5,d5,frame_0019.jpg,True,302.0,655.0,459.0,774.0,157.0,119.0,
s5,d5,frame_0020.jpg,True,303.0,654.0,458.0,775.0,155.0,121.0,
s5,d5,frame_0021.jpg,True,302.0,653.0,458.0,773.0,156.0,120.0,
s5,d5,frame_0022.jpg,True,302.0,654.0,457.0,772.0,155.0,118.0,
s5,d5,frame_0023.jpg,True,301.0,654.0,456.0,770.0,155.0,116.0,
s5,d5,frame_0024.jpg,True,300.0,653.0,456.0,769.0,156.0,116.0,
s5,d5,frame_0025.jpg,True,301.0,654.0,455.0,768.0,154.0,114.0,
s5,d5,frame_0026.jpg,True,300.0,654.0,455.0,766.0,155.0,112.0,
s5,d5,frame_0027.jpg,True,299.0,654.0,455.0,764.0,156.0,110.0,
s5,d5,frame_0028.jpg,True,299.0,654.0,454.0,763.0,155.0,109.0,
s5,d5,frame_0029.jpg,True,299.0,655.0,453.0,759.0,154.0,104.0,
s5,d5,frame_0030.jpg,True,297.0,655.0,453.0,757.0,156.0,102.0,
s5,d5,frame_0031.jpg,True,299.0,656.0,453.0,756.0,154.0,100.0,
s5,d5,frame_0032.jpg,True,296.0,660.0,454.0,752.0,158.0,92.0,
s5,d5,frame_0033.jpg,True,296.0,662.0,454.0,750.0,158.0,88.0,
s5,d5,frame_0034.jpg,True,296.0,664.0,454.0,750.0,158.0,86.0,
s5,d5,frame_0035.jpg,True,295.0,665.0,454.0,751.0,159.0,86.0,
s5,d5,frame_0036.jpg,True,295.0,665.0,454.0,751.0,159.0,86.0,
s5,d5,frame_0037.jpg,True,295.0,665.0,453.0,752.0,158.0,87.0,
s5,d5,frame_0038.jpg,True,295.0,667.0,453.0,752.0,158.0,85.0,
s5,d6,frame_0001.jpg,True,301.0,665.0,461.0,752.0,160.0,87.0,
s5,d6,frame_0002.jpg,True,301.0,664.0,462.0,753.0,161.0,89.0,
s5,d6,frame_0003.jpg,True,303.0,664.0,461.0,754.0,158.0,90.0,
s5,d6,frame_0004.jpg,True,302.0,663.0,461.0,755.0,159.0,92.0,
s5,d6,frame_0005.jpg,True,303.0,662.0,460.0,758.0,157.0,96.0,
s5,d6,frame_0006.jpg,True,303.0,660.0,461.0,760.0,158.0,100.0,
s5,d6,frame_0007.jpg,True,304.0,660.0,461.0,760.0,157.0,100.0,
s5,d6,frame_0008.jpg,True,304.0,660.0,461.0,761.0,157.0,101.0,
s5,d6,frame_0009.jpg,True,304.0,659.0,461.0,763.0,157.0,104.0,
s5,d6,frame_0010.jpg,True,304.0,658.0,461.0,763.0,157.0,105.0,
s5,d6,frame_0011.jpg,True,306.0,658.0,460.0,764.0,154.0,106.0,
s5,d6,frame_0012.jpg,True,306.0,658.0,460.0,763.0,154.0,105.0,
s5,d6,frame_0013.jpg,True,306.0,659.0,460.0,764.0,154.0,105.0,
s5,d6,frame_0014.jpg,True,306.0,658.0,460.0,764.0,154.0,106.0,
s5,d6,frame_0015.jpg,True,306.0,658.0,460.0,763.0,154.0,105.0,
s5,d6,frame_0016.jpg,True,306.0,656.0,459.0,764.0,153.0,108.0,
s5,d6,frame_0017.jpg,True,305.0,655.0,458.0,764.0,153.0,109.0,
s5,d6,frame_0018.jpg,True,304.0,653.0,457.0,763.0,153.0,110.0,
s5,d6,frame_0019.jpg,True,303.0,652.0,458.0,763.0,155.0,111.0,
s5,d6,frame_0020.jpg,True,303.0,653.0,457.0,761.0,154.0,108.0,
s5,d6,frame_0021.jpg,True,303.0,653.0,459.0,762.0,156.0,109.0,
s5,d6,frame_0022.jpg,True,303.0,652.0,458.0,761.0,155.0,109.0,
s5,d6,frame_0023.jpg,True,303.0,653.0,459.0,761.0,156.0,108.0,
s5,d6,frame_0024.jpg,True,303.0,653.0,459.0,758.0,156.0,105.0,
s5,d6,frame_0025.jpg,True,302.0,653.0,459.0,758.0,157.0,105.0,
s5,d6,frame_0026.jpg,True,303.0,654.0,459.0,757.0,156.0,103.0,
s5,d6,frame_0027.jpg,True,303.0,654.0,459.0,756.0,156.0,102.0,
s5,d6,frame_0028.jpg,True,303.0,656.0,460.0,754.0,157.0,98.0,
s5,d6,frame_0029.jpg,True,303.0,657.0,460.0,755.0,157.0,98.0,
s5,d6,frame_0030.jpg,True,303.0,658.0,461.0,753.0,158.0,95.0,
s5,d6,frame_0031.jpg,True,303.0,660.0,461.0,752.0,158.0,92.0,
s5,d6,frame_0032.jpg,True,304.0,661.0,461.0,751.0,157.0,90.0,
s5,d6,frame_0033.jpg,True,304.0,663.0,461.0,750.0,157.0,87.0,
s5,d6,frame_0034.jpg,True,305.0,664.0,461.0,749.0,156.0,85.0,
s5,d6,frame_0035.jpg,True,306.0,665.0,462.0,748.0,156.0,83.0,
s5,d6,frame_0036.jpg,True,306.0,665.0,463.0,749.0,157.0,84.0,
s5,d7,frame_0001.jpg,True,303.0,664.0,457.0,755.0,154.0,91.0,
s5,d7,frame_0002.jpg,True,303.0,662.0,458.0,759.0,155.0,97.0,
s5,d7,frame_0003.jpg,True,304.0,661.0,460.0,763.0,156.0,102.0,
s5,d7,frame_0004.jpg,True,304.0,661.0,461.0,766.0,157.0,105.0,
s5,d7,frame_0005.jpg,True,305.0,661.0,460.0,765.0,155.0,104.0,
s5,d7,frame_0006.jpg,True,305.0,661.0,462.0,767.0,157.0,106.0,
s5,d7,frame_0007.jpg,True,304.0,662.0,461.0,767.0,157.0,105.0,
s5,d7,frame_0008.jpg,True,305.0,662.0,460.0,767.0,155.0,105.0,
s5,d7,frame_0009.jpg,True,305.0,663.0,461.0,770.0,156.0,107.0,
s5,d7,frame_0010.jpg,True,304.0,664.0,461.0,773.0,157.0,109.0,
s5,d7,frame_0011.jpg,True,304.0,664.0,460.0,775.0,156.0,111.0,
s5,d7,frame_0012.jpg,True,303.0,665.0,460.0,777.0,157.0,112.0,
s5,d7,frame_0013.jpg,True,303.0,665.0,460.0,778.0,157.0,113.0,
s5,d7,frame_0014.jpg,True,303.0,666.0,460.0,777.0,157.0,111.0,
s5,d7,frame_0015.jpg,True,303.0,666.0,459.0,776.0,156.0,110.0,
s5,d7,frame_0016.jpg,True,302.0,666.0,459.0,775.0,157.0,109.0,
s5,d7,frame_0017.jpg,True,301.0,665.0,459.0,774.0,158.0,109.0,
s5,d7,frame_0018.jpg,True,302.0,665.0,459.0,774.0,157.0,109.0,
s5,d7,frame_0019.jpg,True,304.0,666.0,458.0,774.0,154.0,108.0,
s5,d7,frame_0020.jpg,True,303.0,667.0,458.0,774.0,155.0,107.0,
s5,d7,frame_0021.jpg,True,304.0,667.0,459.0,773.0,155.0,106.0,
s5,d7,frame_0022.jpg,True,303.0,668.0,458.0,772.0,155.0,104.0,
s5,d7,frame_0023.jpg,True,303.0,667.0,458.0,773.0,155.0,106.0,
s5,d7,frame_0024.jpg,True,302.0,667.0,458.0,771.0,156.0,104.0,
s5,d7,frame_0025.jpg,True,303.0,667.0,457.0,770.0,154.0,103.0,
s5,d7,frame_0026.jpg,True,303.0,666.0,458.0,768.0,155.0,102.0,
s5,d7,frame_0027.jpg,True,301.0,668.0,457.0,768.0,156.0,100.0,
s5,d7,frame_0028.jpg,True,302.0,668.0,457.0,764.0,155.0,96.0,
s5,d7,frame_0029.jpg,True,301.0,669.0,457.0,763.0,156.0,94.0,
s5,d7,frame_0030.jpg,True,301.0,668.0,457.0,763.0,156.0,95.0,
s5,d7,frame_0031.jpg,True,302.0,669.0,456.0,760.0,154.0,91.0,
s5,d7,frame_0032.jpg,True,302.0,670.0,456.0,759.0,154.0,89.0,
s5,d7,frame_0033.jpg,True,301.0,671.0,456.0,758.0,155.0,87.0,
s5,d7,frame_0034.jpg,True,302.0,670.0,458.0,757.0,156.0,87.0,
s5,d7,frame_0035.jpg,True,303.0,671.0,458.0,757.0,155.0,86.0,
s5,d7,frame_0036.jpg,True,302.0,672.0,458.0,757.0,156.0,85.0,
s5,d8,frame_0001.jpg,True,303.0,672.0,461.0,762.0,158.0,90.0,
s5,d8,frame_0002.jpg,True,304.0,675.0,461.0,763.0,157.0,88.0,
s5,d8,frame_0003.jpg,True,304.0,676.0,462.0,768.0,158.0,92.0,
s5,d8,frame_0004.jpg,True,306.0,675.0,463.0,776.0,157.0,101.0,
s5,d8,frame_0005.jpg,True,307.0,674.0,462.0,783.0,155.0,109.0,
s5,d8,frame_0006.jpg,True,306.0,673.0,462.0,784.0,156.0,111.0,
s5,d8,frame_0007.jpg,True,305.0,672.0,462.0,784.0,157.0,112.0,
s5,d8,frame_0008.jpg,True,304.0,673.0,460.0,783.0,156.0,110.0,
s5,d8,frame_0009.jpg,True,303.0,674.0,459.0,783.0,156.0,109.0,
s5,d8,frame_0010.jpg,True,303.0,672.0,457.0,781.0,154.0,109.0,
s5,d8,frame_0011.jpg,True,303.0,673.0,457.0,780.0,154.0,107.0,
s5,d8,frame_0012.jpg,True,304.0,672.0,459.0,780.0,155.0,108.0,
s5,d8,frame_0013.jpg,True,303.0,672.0,458.0,780.0,155.0,108.0,
s5,d8,frame_0014.jpg,True,303.0,672.0,458.0,779.0,155.0,107.0,
s5,d8,frame_0015.jpg,True,303.0,672.0,458.0,778.0,155.0,106.0,
s5,d8,frame_0016.jpg,True,302.0,672.0,458.0,776.0,156.0,104.0,
s5,d8,frame_0017.jpg,True,301.0,671.0,458.0,776.0,157.0,105.0,
s5,d8,frame_0018.jpg,True,301.0,672.0,458.0,773.0,157.0,101.0,
s5,d8,frame_0019.jpg,True,301.0,672.0,459.0,773.0,158.0,101.0,
s5,d8,frame_0020.jpg,True,301.0,672.0,458.0,773.0,157.0,101.0,
s5,d8,frame_0021.jpg,True,302.0,673.0,459.0,771.0,157.0,98.0,
s5,d8,frame_0022.jpg,True,301.0,673.0,457.0,771.0,156.0,98.0,
s5,d8,frame_0023.jpg,True,300.0,673.0,458.0,771.0,158.0,98.0,
s5,d8,frame_0024.jpg,True,302.0,673.0,458.0,769.0,156.0,96.0,
s5,d8,frame_0025.jpg,True,302.0,673.0,458.0,768.0,156.0,95.0,
s5,d8,frame_0026.jpg,True,302.0,673.0,458.0,767.0,156.0,94.0,
s5,d8,frame_0027.jpg,True,302.0,673.0,457.0,765.0,155.0,92.0,
s5,d8,frame_0028.jpg,True,302.0,673.0,458.0,765.0,156.0,92.0,
s5,d8,frame_0029.jpg,True,302.0,673.0,458.0,765.0,156.0,92.0,
s5,d8,frame_0030.jpg,True,302.0,673.0,458.0,765.0,156.0,92.0,
s5,d8,frame_0031.jpg,True,303.0,674.0,458.0,765.0,155.0,91.0,
s5,d9,frame_0001.jpg,True,304.0,673.0,459.0,766.0,155.0,93.0,
s5,d9,frame_0002.jpg,True,303.0,672.0,461.0,766.0,158.0,94.0,
s5,d9,frame_0003.jpg,True,302.0,672.0,461.0,766.0,159.0,94.0,
s5,d9,frame_0004.jpg,True,303.0,671.0,460.0,766.0,157.0,95.0,
s5,d9,frame_0005.jpg,True,303.0,671.0,460.0,766.0,157.0,95.0,
s5,d9,frame_0006.jpg,True,304.0,670.0,461.0,768.0,157.0,98.0,
s5,d9,frame_0007.jpg,True,305.0,671.0,462.0,768.0,157.0,97.0,
s5,d9,frame_0008.jpg,True,307.0,670.0,461.0,769.0,154.0,99.0,
s5,d9,frame_0009.jpg,True,306.0,670.0,462.0,773.0,156.0,103.0,
s5,d9,frame_0010.jpg,True,308.0,671.0,461.0,777.0,153.0,106.0,
s5,d9,frame_0011.jpg,True,309.0,671.0,461.0,781.0,152.0,110.0,
s5,d9,frame_0012.jpg,True,309.0,671.0,461.0,783.0,152.0,112.0,
s5,d9,frame_0013.jpg,True,307.0,672.0,462.0,786.0,155.0,114.0,
s5,d9,frame_0014.jpg,True,308.0,672.0,461.0,785.0,153.0,113.0,
s5,d9,frame_0015.jpg,True,309.0,673.0,459.0,782.0,150.0,109.0,
s5,d9,frame_0016.jpg,True,308.0,674.0,460.0,780.0,152.0,106.0,
s5,d9,frame_0017.jpg,True,307.0,674.0,458.0,778.0,151.0,104.0,
s5,d9,frame_0018.jpg,True,306.0,674.0,458.0,777.0,152.0,103.0,
s5,d9,frame_0019.jpg,True,307.0,675.0,458.0,776.0,151.0,101.0,
s5,d9,frame_0020.jpg,True,306.0,676.0,458.0,775.0,152.0,99.0,
s5,d9,frame_0021.jpg,True,306.0,676.0,459.0,775.0,153.0,99.0,
s5,d9,frame_0022.jpg,True,305.0,676.0,458.0,775.0,153.0,99.0,
s5,d9,frame_0023.jpg,True,304.0,676.0,458.0,773.0,154.0,97.0,
s5,d9,frame_0024.jpg,True,303.0,677.0,458.0,774.0,155.0,97.0,
s5,d9,frame_0025.jpg,True,304.0,677.0,458.0,772.0,154.0,95.0,
s5,d9,frame_0026.jpg,True,302.0,677.0,458.0,772.0,156.0,95.0,
s5,d9,frame_0027.jpg,True,301.0,677.0,458.0,770.0,157.0,93.0,
s5,d9,frame_0028.jpg,True,302.0,677.0,457.0,771.0,155.0,94.0,
s5,d9,frame_0029.jpg,True,302.0,678.0,457.0,772.0,155.0,94.0,
s5,d9,frame_0030.jpg,True,301.0,677.0,457.0,771.0,156.0,94.0,
s5,d9,frame_0031.jpg,True,301.0,679.0,457.0,770.0,156.0,91.0,
s5,d9,frame_0032.jpg,True,302.0,678.0,456.0,769.0,154.0,91.0,
s5,d9,frame_0033.jpg,True,301.0,680.0,455.0,769.0,154.0,89.0,
s5,d10,frame_0001.jpg,True,302.0,681.0,459.0,770.0,157.0,89.0,
s5,d10,frame_0002.jpg,True,302.0,681.0,460.0,771.0,158.0,90.0,
s5,d10,frame_0003.jpg,True,305.0,680.0,459.0,771.0,154.0,91.0,
s5,d10,frame_0004.jpg,True,304.0,678.0,459.0,775.0,155.0,97.0,
s5,d10,frame_0005.jpg,True,304.0,676.0,461.0,776.0,157.0,100.0,
s5,d10,frame_0006.jpg,True,304.0,676.0,462.0,780.0,158.0,104.0,
s5,d10,frame_0007.jpg,True,304.0,677.0,462.0,781.0,158.0,104.0,
s5,d10,frame_0008.jpg,True,304.0,676.0,461.0,784.0,157.0,108.0,
s5,d10,frame_0009.jpg,True,303.0,676.0,461.0,784.0,158.0,108.0,
s5,d10,frame_0010.jpg,True,304.0,677.0,461.0,785.0,157.0,108.0,
s5,d10,frame_0011.jpg,True,303.0,676.0,462.0,785.0,159.0,109.0,
s5,d10,frame_0012.jpg,True,302.0,676.0,461.0,785.0,159.0,109.0,
s5,d10,frame_0013.jpg,True,303.0,676.0,462.0,786.0,159.0,110.0,
s5,d10,frame_0014.jpg,True,303.0,677.0,462.0,788.0,159.0,111.0,
s5,d10,frame_0015.jpg,True,305.0,677.0,462.0,789.0,157.0,112.0,
s5,d10,frame_0016.jpg,True,306.0,678.0,463.0,788.0,157.0,110.0,
s5,d10,frame_0017.jpg,True,307.0,680.0,461.0,784.0,154.0,104.0,
s5,d10,frame_0018.jpg,True,307.0,683.0,462.0,774.0,155.0,91.0,
s5,d10,frame_0019.jpg,True,304.0,684.0,461.0,769.0,157.0,85.0,
s5,d10,frame_0020.jpg,True,304.0,684.0,461.0,768.0,157.0,84.0,
s5,d10,frame_0021.jpg,True,304.0,684.0,461.0,768.0,157.0,84.0,
s5,d10,frame_0022.jpg,True,303.0,684.0,460.0,768.0,157.0,84.0,
s5,d10,frame_0023.jpg,True,302.0,684.0,461.0,769.0,159.0,85.0,
s5,d10,frame_0024.jpg,True,301.0,683.0,461.0,770.0,160.0,87.0,
s5,d10,frame_0025.jpg,True,301.0,682.0,460.0,770.0,159.0,88.0,
s5,d10,frame_0026.jpg,True,301.0,681.0,459.0,771.0,158.0,90.0,
s5,d10,frame_0027.jpg,True,300.0,680.0,459.0,772.0,159.0,92.0,
s5,d10,frame_0028.jpg,True,301.0,680.0,457.0,773.0,156.0,93.0,
s6,d0,frame_0001.jpg,True,296.0,669.0,437.0,751.0,141.0,82.0,
s6,d0,frame_0002.jpg,True,294.0,668.0,436.0,753.0,142.0,85.0,
s6,d0,frame_0003.jpg,True,294.0,667.0,436.0,755.0,142.0,88.0,
s6,d0,frame_0004.jpg,True,294.0,668.0,434.0,756.0,140.0,88.0,
s6,d0,frame_0005.jpg,True,293.0,668.0,435.0,755.0,142.0,87.0,
s6,d0,frame_0006.jpg,True,294.0,673.0,433.0,751.0,139.0,78.0,
s6,d0,frame_0007.jpg,True,293.0,677.0,432.0,749.0,139.0,72.0,
s6,d0,frame_0008.jpg,True,293.0,681.0,432.0,748.0,139.0,67.0,
s6,d0,frame_0009.jpg,True,292.0,682.0,432.0,745.0,140.0,63.0,
s6,d0,frame_0010.jpg,True,292.0,682.0,432.0,741.0,140.0,59.0,
s6,d0,frame_0011.jpg,True,291.0,682.0,432.0,739.0,141.0,57.0,
s6,d0,frame_0012.jpg,True,291.0,681.0,433.0,739.0,142.0,58.0,
s6,d0,frame_0013.jpg,True,291.0,680.0,435.0,736.0,144.0,56.0,
s6,d0,frame_0014.jpg,True,291.0,679.0,434.0,735.0,143.0,56.0,
s6,d0,frame_0015.jpg,True,291.0,678.0,434.0,741.0,143.0,63.0,
s6,d0,frame_0016.jpg,True,291.0,674.0,435.0,757.0,144.0,83.0,
s6,d0,frame_0017.jpg,True,288.0,665.0,438.0,769.0,150.0,104.0,
s6,d0,frame_0018.jpg,True,290.0,659.0,438.0,775.0,148.0,116.0,
s6,d0,frame_0019.jpg,True,291.0,660.0,436.0,774.0,145.0,114.0,
s6,d0,frame_0020.jpg,True,293.0,660.0,434.0,771.0,141.0,111.0,
s6,d0,frame_0021.jpg,True,295.0,661.0,430.0,765.0,135.0,104.0,
s6,d0,frame_0022.jpg,True,297.0,662.0,430.0,761.0,133.0,99.0,
s6,d0,frame_0023.jpg,True,298.0,662.0,431.0,756.0,133.0,94.0,
s6,d0,frame_0024.jpg,True,298.0,663.0,431.0,754.0,133.0,91.0,
s6,d0,frame_0025.jpg,True,297.0,664.0,430.0,753.0,133.0,89.0,
s6,d0,frame_0026.jpg,True,296.0,664.0,430.0,751.0,134.0,87.0,
s6,d0,frame_0027.jpg,True,295.0,664.0,430.0,750.0,135.0,86.0,
s6,d0,frame_0028.jpg,True,295.0,664.0,429.0,749.0,134.0,85.0,
s6,d0,frame_0029.jpg,True,295.0,663.0,431.0,750.0,136.0,87.0,
s6,d0,frame_0030.jpg,True,293.0,664.0,431.0,748.0,138.0,84.0,
s6,d0,frame_0031.jpg,True,293.0,664.0,430.0,749.0,137.0,85.0,
s6,d0,frame_0032.jpg,True,292.0,664.0,431.0,748.0,139.0,84.0,
s6,d0,frame_0033.jpg,True,290.0,664.0,431.0,747.0,141.0,83.0,
s6,d0,frame_0034.jpg,True,288.0,667.0,432.0,745.0,144.0,78.0,
s6,d0,frame_0035.jpg,True,287.0,669.0,431.0,744.0,144.0,75.0,
s6,d0,frame_0036.jpg,True,287.0,669.0,431.0,742.0,144.0,73.0,
s6,d0,frame_0037.jpg,True,286.0,670.0,432.0,742.0,146.0,72.0,
s6,d0,frame_0038.jpg,True,288.0,670.0,433.0,742.0,145.0,72.0,
s6,d0,frame_0039.jpg,True,289.0,670.0,433.0,742.0,144.0,72.0,
s6,d1,frame_0001.jpg,True,294.0,671.0,438.0,752.0,144.0,81.0,
s6,d1,frame_0002.jpg,True,294.0,671.0,439.0,755.0,145.0,84.0,
s6,d1,frame_0003.jpg,True,294.0,670.0,439.0,757.0,145.0,87.0,
s6,d1,frame_0004.jpg,True,293.0,670.0,438.0,759.0,145.0,89.0,
s6,d1,frame_0005.jpg,True,292.0,669.0,436.0,763.0,144.0,94.0,
s6,d1,frame_0006.jpg,True,292.0,668.0,436.0,764.0,144.0,96.0,
s6,d1,frame_0007.jpg,True,291.0,668.0,437.0,763.0,146.0,95.0,
s6,d1,frame_0008.jpg,True,289.0,667.0,436.0,762.0,147.0,95.0,
s6,d1,frame_0009.jpg,True,289.0,666.0,436.0,762.0,147.0,96.0,
s6,d1,frame_0010.jpg,True,288.0,666.0,435.0,762.0,147.0,96.0,
s6,d1,frame_0011.jpg,True,289.0,665.0,435.0,762.0,146.0,97.0,
s6,d1,frame_0012.jpg,True,289.0,662.0,435.0,764.0,146.0,102.0,
s6,d1,frame_0013.jpg,True,289.0,658.0,434.0,770.0,145.0,112.0,
s6,d1,frame_0014.jpg,True,290.0,656.0,436.0,776.0,146.0,120.0,
s6,d1,frame_0015.jpg,True,291.0,656.0,436.0,776.0,145.0,120.0,
s6,d1,frame_0016.jpg,True,292.0,657.0,436.0,774.0,144.0,117.0,
s6,d1,frame_0017.jpg,True,293.0,655.0,436.0,771.0,143.0,116.0,
s6,d1,frame_0018.jpg,True,293.0,655.0,437.0,767.0,144.0,112.0,
s6,d1,frame_0019.jpg,True,293.0,655.0,437.0,764.0,144.0,109.0,
s6,d1,frame_0020.jpg,True,294.0,655.0,438.0,761.0,144.0,106.0,
s6,d1,frame_0021.jpg,True,295.0,656.0,438.0,759.0,143.0,103.0,
s6,d1,frame_0022.jpg,True,295.0,657.0,438.0,755.0,143.0,98.0,
s6,d1,frame_0023.jpg,True,295.0,657.0,439.0,753.0,144.0,96.0,
s6,d1,frame_0024.jpg,True,294.0,657.0,440.0,752.0,146.0,95.0,
s6,d1,frame_0025.jpg,True,295.0,658.0,440.0,751.0,145.0,93.0,
s6,d1,frame_0026.jpg,True,296.0,658.0,440.0,751.0,144.0,93.0,
s6,d1,frame_0027.jpg,True,295.0,659.0,442.0,750.0,147.0,91.0,
s6,d1,frame_0028.jpg,True,295.0,660.0,442.0,748.0,147.0,88.0,
s6,d1,frame_0029.jpg,True,297.0,660.0,442.0,747.0,145.0,87.0,
s6,d1,frame_0030.jpg,True,297.0,662.0,443.0,748.0,146.0,86.0,
s6,d1,frame_0031.jpg,True,298.0,663.0,442.0,747.0,144.0,84.0,
s6,d1,frame_0032.jpg,True,298.0,664.0,443.0,748.0,145.0,84.0,
s6,d1,frame_0033.jpg,True,299.0,665.0,443.0,748.0,144.0,83.0,
s6,d1,frame_0034.jpg,True,300.0,667.0,443.0,748.0,143.0,81.0,
s6,d1,frame_0035.jpg,True,302.0,668.0,443.0,747.0,141.0,79.0,
s6,d1,frame_0036.jpg,True,302.0,668.0,444.0,746.0,142.0,78.0,
s6,d1,frame_0037.jpg,True,302.0,668.0,445.0,746.0,143.0,78.0,
s6,d2,frame_0001.jpg,True,302.0,670.0,439.0,747.0,137.0,77.0,
s6,d2,frame_0002.jpg,True,303.0,671.0,440.0,749.0,137.0,78.0,
s6,d2,frame_0003.jpg,True,304.0,672.0,442.0,752.0,138.0,80.0,
s6,d2,frame_0004.jpg,True,304.0,672.0,440.0,758.0,136.0,86.0,
s6,d2,frame_0005.jpg,True,305.0,672.0,441.0,761.0,136.0,89.0,
s6,d2,frame_0006.jpg,True,304.0,671.0,442.0,762.0,138.0,91.0,
s6,d2,frame_0007.jpg,True,305.0,673.0,443.0,763.0,138.0,90.0,
s6,d2,frame_0008.jpg,True,304.0,673.0,443.0,763.0,139.0,90.0,
s6,d2,frame_0009.jpg,True,305.0,674.0,445.0,764.0,140.0,90.0,
s6,d2,frame_0010.jpg,True,305.0,676.0,445.0,767.0,140.0,91.0,
s6,d2,frame_0011.jpg,True,305.0,678.0,444.0,768.0,139.0,90.0,
s6,d2,frame_0012.jpg,True,303.0,679.0,445.0,772.0,142.0,93.0,
s6,d2,frame_0013.jpg,True,304.0,680.0,443.0,786.0,139.0,106.0,
s6,d2,frame_0014.jpg,True,306.0,682.0,441.0,791.0,135.0,109.0,
s6,d2,frame_0015.jpg,True,309.0,686.0,438.0,789.0,129.0,103.0,
s6,d2,frame_0016.jpg,True,310.0,688.0,438.0,786.0,128.0,98.0,
s6,d2,frame_0017.jpg,True,311.0,690.0,439.0,783.0,128.0,93.0,
s6,d2,frame_0018.jpg,True,310.0,694.0,439.0,779.0,129.0,85.0,
s6,d2,frame_0019.jpg,True,310.0,695.0,439.0,779.0,129.0,84.0,
s6,d2,frame_0020.jpg,True,309.0,696.0,441.0,780.0,132.0,84.0,
s6,d2,frame_0021.jpg,True,309.0,695.0,441.0,779.0,132.0,84.0,
s6,d2,frame_0022.jpg,True,310.0,696.0,442.0,778.0,132.0,82.0,
s6,d2,frame_0023.jpg,True,311.0,693.0,443.0,779.0,132.0,86.0,
s6,d2,frame_0024.jpg,True,310.0,694.0,445.0,778.0,135.0,84.0,
s6,d2,frame_0025.jpg,True,311.0,695.0,446.0,778.0,135.0,83.0,
s6,d2,frame_0026.jpg,True,310.0,695.0,448.0,778.0,138.0,83.0,
s6,d2,frame_0027.jpg,True,311.0,695.0,449.0,778.0,138.0,83.0,
s6,d2,frame_0028.jpg,True,311.0,695.0,450.0,778.0,139.0,83.0,
s6,d2,frame_0029.jpg,True,310.0,695.0,453.0,779.0,143.0,84.0,
s6,d2,frame_0030.jpg,True,313.0,696.0,454.0,777.0,141.0,81.0,
s6,d2,frame_0031.jpg,True,313.0,695.0,454.0,776.0,141.0,81.0,
s6,d2,frame_0032.jpg,True,313.0,697.0,456.0,773.0,143.0,76.0,
s6,d2,frame_0033.jpg,True,313.0,698.0,456.0,771.0,143.0,73.0,
s6,d2,frame_0034.jpg,True,313.0,698.0,457.0,770.0,144.0,72.0,
s6,d2,frame_0035.jpg,True,313.0,697.0,455.0,769.0,142.0,72.0,
s6,d2,frame_0036.jpg,True,312.0,696.0,457.0,770.0,145.0,74.0,
s6,d2,frame_0037.jpg,True,312.0,695.0,456.0,769.0,144.0,74.0,
s6,d2,frame_0038.jpg,True,312.0,694.0,456.0,769.0,144.0,75.0,
s6,d2,frame_0039.jpg,True,311.0,694.0,455.0,769.0,144.0,75.0,
s6,d2,frame_0040.jpg,True,311.0,694.0,455.0,769.0,144.0,75.0,
s6,d2,frame_0041.jpg,True,311.0,695.0,453.0,769.0,142.0,74.0,
s6,d2,frame_0042.jpg,True,310.0,695.0,454.0,769.0,144.0,74.0,
s6,d3,frame_0001.jpg,True,291.0,714.0,437.0,790.0,146.0,76.0,
s6,d3,frame_0002.jpg,True,291.0,713.0,438.0,789.0,147.0,76.0,
s6,d3,frame_0003.jpg,True,293.0,711.0,438.0,791.0,145.0,80.0,
s6,d3,frame_0004.jpg,True,294.0,709.0,440.0,795.0,146.0,86.0,
s6,d3,frame_0005.jpg,True,295.0,707.0,440.0,797.0,145.0,90.0,
s6,d3,frame_0006.jpg,True,295.0,704.0,441.0,798.0,146.0,94.0,
s6,d3,frame_0007.jpg,True,296.0,703.0,442.0,796.0,146.0,93.0,
s6,d3,frame_0008.jpg,True,296.0,701.0,443.0,795.0,147.0,94.0,
s6,d3,frame_0009.jpg,True,297.0,701.0,443.0,793.0,146.0,92.0,
s6,d3,frame_0010.jpg,True,297.0,699.0,444.0,793.0,147.0,94.0,
s6,d3,frame_0011.jpg,True,298.0,698.0,445.0,792.0,147.0,94.0,
s6,d3,frame_0012.jpg,True,297.0,699.0,445.0,792.0,148.0,93.0,
s6,d3,frame_0013.jpg,True,297.0,698.0,446.0,793.0,149.0,95.0,
s6,d3,frame_0014.jpg,True,299.0,698.0,445.0,798.0,146.0,100.0,
s6,d3,frame_0015.jpg,True,297.0,699.0,446.0,805.0,149.0,106.0,
s6,d3,frame_0016.jpg,True,299.0,699.0,444.0,808.0,145.0,109.0,
s6,d3,frame_0017.jpg,True,298.0,698.0,443.0,808.0,145.0,110.0,
s6,d3,frame_0018.jpg,True,297.0,699.0,442.0,801.0,145.0,102.0,
s6,d3,frame_0019.jpg,True,296.0,704.0,441.0,793.0,145.0,89.0,
s6,d3,frame_0020.jpg,True,296.0,706.0,441.0,782.0,145.0,76.0,
s6,d3,frame_0021.jpg,True,294.0,707.0,442.0,778.0,148.0,71.0,
s6,d3,frame_0022.jpg,True,294.0,706.0,440.0,775.0,146.0,69.0,
s6,d3,frame_0023.jpg,True,294.0,705.0,440.0,774.0,146.0,69.0,
s6,d3,frame_0024.jpg,True,293.0,704.0,440.0,772.0,147.0,68.0,
s6,d3,frame_0025.jpg,True,293.0,702.0,440.0,770.0,147.0,68.0,
s6,d3,frame_0026.jpg,True,292.0,701.0,441.0,770.0,149.0,69.0,
s6,d3,frame_0027.jpg,True,292.0,700.0,439.0,769.0,147.0,69.0,
s6,d3,frame_0028.jpg,True,292.0,699.0,439.0,768.0,147.0,69.0,
s6,d3,frame_0029.jpg,True,291.0,699.0,439.0,769.0,148.0,70.0,
s6,d3,frame_0030.jpg,True,291.0,699.0,439.0,769.0,148.0,70.0,
s6,d3,frame_0031.jpg,True,290.0,698.0,438.0,769.0,148.0,71.0,
s6,d3,frame_0032.jpg,True,290.0,697.0,436.0,769.0,146.0,72.0,
s6,d3,frame_0033.jpg,True,291.0,698.0,437.0,770.0,146.0,72.0,
s6,d3,frame_0034.jpg,True,291.0,697.0,437.0,771.0,146.0,74.0,
s6,d3,frame_0035.jpg,True,291.0,698.0,437.0,772.0,146.0,74.0,
s6,d3,frame_0036.jpg,True,290.0,698.0,437.0,773.0,147.0,75.0,
s6,d3,frame_0037.jpg,True,291.0,698.0,437.0,774.0,146.0,76.0,
s6,d3,frame_0038.jpg,True,291.0,698.0,438.0,775.0,147.0,77.0,
s6,d3,frame_0039.jpg,True,291.0,700.0,438.0,776.0,147.0,76.0,
s6,d3,frame_0040.jpg,True,291.0,700.0,438.0,776.0,147.0,76.0,
s6,d4,frame_0001.jpg,True,303.0,710.0,450.0,786.0,147.0,76.0,
s6,d4,frame_0002.jpg,True,303.0,708.0,450.0,786.0,147.0,78.0,
s6,d4,frame_0003.jpg,True,302.0,708.0,451.0,787.0,149.0,79.0,
s6,d4,frame_0004.jpg,True,304.0,706.0,451.0,790.0,147.0,84.0,
s6,d4,frame_0005.jpg,True,304.0,705.0,450.0,793.0,146.0,88.0,
s6,d4,frame_0006.jpg,True,304.0,702.0,451.0,793.0,147.0,91.0,
s6,d4,frame_0007.jpg,True,303.0,699.0,451.0,794.0,148.0,95.0,
s6,d4,frame_0008.jpg,True,302.0,697.0,451.0,792.0,149.0,95.0,
s6,d4,frame_0009.jpg,True,301.0,695.0,451.0,790.0,150.0,95.0,
s6,d4,frame_0010.jpg,True,300.0,694.0,452.0,789.0,152.0,95.0,
s6,d4,frame_0011.jpg,True,301.0,692.0,452.0,787.0,151.0,95.0,
s6,d4,frame_0012.jpg,True,300.0,691.0,451.0,786.0,151.0,95.0,
s6,d4,frame_0013.jpg,True,299.0,690.0,451.0,785.0,152.0,95.0,
s6,d4,frame_0014.jpg,True,299.0,690.0,450.0,785.0,151.0,95.0,
s6,d4,frame_0015.jpg,True,299.0,689.0,449.0,785.0,150.0,96.0,
s6,d4,frame_0016.jpg,True,298.0,689.0,449.0,786.0,151.0,97.0,
s6,d4,frame_0017.jpg,True,298.0,690.0,449.0,789.0,151.0,99.0,
s6,d4,frame_0018.jpg,True,297.0,689.0,447.0,792.0,150.0,103.0,
s6,d4,frame_0019.jpg,True,296.0,691.0,446.0,792.0,150.0,101.0,
s6,d4,frame_0020.jpg,True,296.0,692.0,447.0,793.0,151.0,101.0,
s6,d4,frame_0021.jpg,True,297.0,694.0,445.0,793.0,148.0,99.0,
s6,d4,frame_0022.jpg,True,296.0,694.0,444.0,791.0,148.0,97.0,
s6,d4,frame_0023.jpg,True,295.0,694.0,445.0,790.0,150.0,96.0,
s6,d4,frame_0024.jpg,True,296.0,696.0,443.0,788.0,147.0,92.0,
s6,d4,frame_0025.jpg,True,296.0,696.0,443.0,788.0,147.0,92.0,
s6,d4,frame_0026.jpg,True,297.0,697.0,442.0,785.0,145.0,88.0,
s6,d4,frame_0027.jpg,True,296.0,698.0,442.0,783.0,146.0,85.0,
s6,d4,frame_0028.jpg,True,297.0,699.0,442.0,781.0,145.0,82.0,
s6,d4,frame_0029.jpg,True,297.0,698.0,442.0,781.0,145.0,83.0,
s6,d4,frame_0030.jpg,True,296.0,699.0,442.0,781.0,146.0,82.0,
s6,d4,frame_0031.jpg,True,298.0,699.0,441.0,781.0,143.0,82.0,
s6,d4,frame_0032.jpg,True,298.0,699.0,442.0,780.0,144.0,81.0,
s6,d4,frame_0033.jpg,True,299.0,700.0,441.0,780.0,142.0,80.0,
s6,d4,frame_0034.jpg,True,298.0,702.0,440.0,778.0,142.0,76.0,
s6,d4,frame_0035.jpg,True,297.0,702.0,438.0,778.0,141.0,76.0,
s6,d4,frame_0036.jpg,True,297.0,703.0,438.0,779.0,141.0,76.0,
s6,d4,frame_0037.jpg,True,295.0,703.0,438.0,778.0,143.0,75.0,
s6,d4,frame_0038.jpg,True,294.0,703.0,438.0,778.0,144.0,75.0,
s6,d4,frame_0039.jpg,True,294.0,703.0,437.0,779.0,143.0,76.0,
s6,d4,frame_0040.jpg,True,294.0,703.0,437.0,779.0,143.0,76.0,
s6,d4,frame_0041.jpg,True,295.0,704.0,435.0,780.0,140.0,76.0,
s6,d4,frame_0042.jpg,True,294.0,706.0,436.0,781.0,142.0,75.0,
s6,d5,frame_0001.jpg,True,598.0,394.0,688.0,446.0,90.0,52.0,
s6,d5,frame_0002.jpg,True,597.0,394.0,688.0,446.0,91.0,52.0,
s6,d5,frame_0003.jpg,True,597.0,394.0,688.0,446.0,91.0,52.0,
s6,d5,frame_0004.jpg,True,598.0,394.0,687.0,446.0,89.0,52.0,
s6,d5,frame_0005.jpg,True,598.0,394.0,687.0,446.0,89.0,52.0,
s6,d5,frame_0006.jpg,True,598.0,393.0,687.0,448.0,89.0,55.0,
s6,d5,frame_0007.jpg,True,597.0,393.0,688.0,448.0,91.0,55.0,
s6,d5,frame_0008.jpg,True,597.0,392.0,689.0,449.0,92.0,57.0,
s6,d5,frame_0009.jpg,True,597.0,391.0,689.0,451.0,92.0,60.0,
s6,d5,frame_0010.jpg,True,597.0,391.0,689.0,453.0,92.0,62.0,
s6,d5,frame_0011.jpg,True,597.0,390.0,688.0,455.0,91.0,65.0,
s6,d5,frame_0012.jpg,True,597.0,390.0,689.0,457.0,92.0,67.0,
s6,d5,frame_0013.jpg,True,598.0,390.0,688.0,459.0,90.0,69.0,
s6,d5,frame_0014.jpg,True,597.0,390.0,689.0,461.0,92.0,71.0,
s6,d5,frame_0015.jpg,True,596.0,389.0,689.0,461.0,93.0,72.0,
s6,d5,frame_0016.jpg,True,596.0,390.0,688.0,462.0,92.0,72.0,
s6,d5,frame_0017.jpg,True,596.0,390.0,688.0,463.0,92.0,73.0,
s6,d5,frame_0018.jpg,True,596.0,390.0,689.0,464.0,93.0,74.0,
s6,d5,frame_0019.jpg,True,596.0,391.0,689.0,466.0,93.0,75.0,
s6,d5,frame_0020.jpg,True,596.0,392.0,689.0,466.0,93.0,74.0,
s6,d5,frame_0021.jpg,True,595.0,392.0,690.0,466.0,95.0,74.0,
s6,d5,frame_0022.jpg,True,595.0,393.0,689.0,466.0,94.0,73.0,
s6,d5,frame_0023.jpg,True,595.0,393.0,688.0,465.0,93.0,72.0,
s6,d5,frame_0024.jpg,True,595.0,393.0,689.0,464.0,94.0,71.0,
s6,d5,frame_0025.jpg,True,596.0,393.0,689.0,464.0,93.0,71.0,
s6,d5,frame_0026.jpg,True,596.0,393.0,689.0,464.0,93.0,71.0,
s6,d5,frame_0027.jpg,True,596.0,393.0,689.0,464.0,93.0,71.0,
s6,d5,frame_0028.jpg,True,596.0,393.0,689.0,464.0,93.0,71.0,
s6,d5,frame_0029.jpg,True,595.0,393.0,686.0,457.0,91.0,64.0,
s6,d5,frame_0030.jpg,True,595.0,394.0,686.0,456.0,91.0,62.0,
s6,d5,frame_0031.jpg,True,594.0,394.0,687.0,455.0,93.0,61.0,
s6,d5,frame_0032.jpg,True,594.0,394.0,685.0,454.0,91.0,60.0,
s6,d5,frame_0033.jpg,True,594.0,394.0,685.0,453.0,91.0,59.0,
s6,d5,frame_0034.jpg,True,594.0,395.0,684.0,452.0,90.0,57.0,
s6,d5,frame_0035.jpg,True,593.0,395.0,685.0,451.0,92.0,56.0,
s6,d5,frame_0036.jpg,True,593.0,395.0,684.0,451.0,91.0,56.0,
s6,d5,frame_0037.jpg,True,593.0,395.0,685.0,451.0,92.0,56.0,
s6,d5,frame_0038.jpg,True,593.0,395.0,685.0,450.0,92.0,55.0,
s6,d5,frame_0039.jpg,True,593.0,396.0,684.0,450.0,91.0,54.0,
s6,d5,frame_0040.jpg,True,592.0,397.0,684.0,450.0,92.0,53.0,
s6,d5,frame_0041.jpg,True,593.0,398.0,684.0,450.0,91.0,52.0,
s6,d5,frame_0042.jpg,True,593.0,399.0,683.0,450.0,90.0,51.0,
s6,d6,frame_0001.jpg,True,307.0,721.0,458.0,798.0,151.0,77.0,
s6,d6,frame_0002.jpg,True,310.0,714.0,451.0,789.0,141.0,75.0,
s6,d6,frame_0003.jpg,True,312.0,715.0,452.0,788.0,140.0,73.0,
s6,d6,frame_0004.jpg,True,317.0,713.0,459.0,788.0,142.0,75.0,
s6,d6,frame_0005.jpg,True,317.0,712.0,460.0,787.0,143.0,75.0,
s6,d6,frame_0006.jpg,True,319.0,713.0,460.0,786.0,141.0,73.0,
s6,d6,frame_0007.jpg,True,320.0,712.0,461.0,786.0,141.0,74.0,
s6,d6,frame_0008.jpg,True,320.0,711.0,463.0,787.0,143.0,76.0,
s6,d6,frame_0009.jpg,True,320.0,711.0,462.0,787.0,142.0,76.0,
s6,d6,frame_0010.jpg,True,320.0,712.0,462.0,787.0,142.0,75.0,
s6,d6,frame_0011.jpg,True,320.0,713.0,461.0,787.0,141.0,74.0,
s6,d6,frame_0012.jpg,True,308.0,713.0,455.0,789.0,147.0,76.0,
s6,d6,frame_0013.jpg,True,303.0,712.0,445.0,789.0,142.0,77.0,
s6,d6,frame_0014.jpg,True,303.0,711.0,445.0,787.0,142.0,76.0,
s6,d6,frame_0015.jpg,True,304.0,711.0,444.0,790.0,140.0,79.0,
s6,d6,frame_0016.jpg,True,305.0,710.0,443.0,797.0,138.0,87.0,
s6,d6,frame_0017.jpg,True,306.0,710.0,441.0,801.0,135.0,91.0,
s6,d6,frame_0018.jpg,True,305.0,706.0,439.0,804.0,134.0,98.0,
s6,d6,frame_0019.jpg,True,305.0,704.0,436.0,807.0,131.0,103.0,
s6,d6,frame_0020.jpg,True,305.0,704.0,435.0,808.0,130.0,104.0,
s6,d6,frame_0021.jpg,True,305.0,703.0,432.0,807.0,127.0,104.0,
s6,d6,frame_0022.jpg,True,304.0,701.0,429.0,807.0,125.0,106.0,
s6,d6,frame_0023.jpg,True,305.0,700.0,428.0,807.0,123.0,107.0,
s6,d6,frame_0024.jpg,True,307.0,702.0,426.0,806.0,119.0,104.0,
s6,d6,frame_0025.jpg,True,309.0,705.0,425.0,810.0,116.0,105.0,
s6,d6,frame_0026.jpg,True,309.0,709.0,425.0,811.0,116.0,102.0,
s6,d6,frame_0027.jpg,True,310.0,708.0,424.0,810.0,114.0,102.0,
s6,d6,frame_0028.jpg,True,310.0,710.0,424.0,809.0,114.0,99.0,
s6,d6,frame_0029.jpg,True,310.0,713.0,423.0,811.0,113.0,98.0,
s6,d6,frame_0030.jpg,True,311.0,709.0,426.0,803.0,115.0,94.0,
s6,d6,frame_0031.jpg,True,310.0,709.0,427.0,802.0,117.0,93.0,
s6,d6,frame_0032.jpg,True,308.0,708.0,427.0,802.0,119.0,94.0,
s6,d6,frame_0033.jpg,True,309.0,707.0,428.0,800.0,119.0,93.0,
s6,d6,frame_0034.jpg,True,307.0,707.0,428.0,798.0,121.0,91.0,
s6,d6,frame_0035.jpg,True,304.0,708.0,429.0,795.0,125.0,87.0,
s6,d6,frame_0036.jpg,True,302.0,707.0,432.0,792.0,130.0,85.0,
s6,d6,frame_0037.jpg,True,299.0,706.0,436.0,788.0,137.0,82.0,
s6,d6,frame_0038.jpg,True,299.0,703.0,439.0,782.0,140.0,79.0,
s6,d6,frame_0039.jpg,True,300.0,703.0,440.0,780.0,140.0,77.0,
s6,d6,frame_0040.jpg,True,299.0,704.0,441.0,777.0,142.0,73.0,
s6,d6,frame_0041.jpg,True,301.0,704.0,441.0,775.0,140.0,71.0,
s6,d6,frame_0042.jpg,True,300.0,703.0,442.0,774.0,142.0,71.0,
s6,d6,frame_0043.jpg,True,301.0,703.0,444.0,774.0,143.0,71.0,
s6,d6,frame_0044.jpg,True,302.0,703.0,445.0,774.0,143.0,71.0,
s6,d6,frame_0045.jpg,True,303.0,702.0,444.0,774.0,141.0,72.0,
s6,d6,frame_0046.jpg,True,304.0,701.0,445.0,774.0,141.0,73.0,
s6,d6,frame_0047.jpg,True,306.0,700.0,445.0,775.0,139.0,75.0,
s6,d7,frame_0001.jpg,True,300.0,711.0,444.0,788.0,144.0,77.0,
s6,d7,frame_0002.jpg,True,299.0,711.0,444.0,789.0,145.0,78.0,
s6,d7,frame_0003.jpg,True,298.0,712.0,443.0,790.0,145.0,78.0,
s6,d7,frame_0004.jpg,True,299.0,712.0,444.0,791.0,145.0,79.0,
s6,d7,frame_0005.jpg,True,299.0,710.0,444.0,795.0,145.0,85.0,
s6,d7,frame_0006.jpg,True,299.0,710.0,443.0,799.0,144.0,89.0,
s6,d7,frame_0007.jpg,True,299.0,709.0,445.0,801.0,146.0,92.0,
s6,d7,frame_0008.jpg,True,299.0,708.0,446.0,802.0,147.0,94.0,
s6,d7,frame_0009.jpg,True,299.0,707.0,447.0,803.0,148.0,96.0,
s6,d7,frame_0010.jpg,True,300.0,707.0,447.0,804.0,147.0,97.0,
s6,d7,frame_0011.jpg,True,299.0,708.0,447.0,804.0,148.0,96.0,
s6,d7,frame_0012.jpg,True,299.0,708.0,447.0,803.0,148.0,95.0,
s6,d7,frame_0013.jpg,True,299.0,709.0,447.0,804.0,148.0,95.0,
s6,d7,frame_0014.jpg,True,299.0,709.0,448.0,803.0,149.0,94.0,
s6,d7,frame_0015.jpg,True,299.0,709.0,448.0,804.0,149.0,95.0,
s6,d7,frame_0016.jpg,True,299.0,709.0,449.0,805.0,150.0,96.0,
s6,d7,frame_0017.jpg,True,299.0,709.0,448.0,804.0,149.0,95.0,
s6,d7,frame_0018.jpg,True,300.0,710.0,447.0,805.0,147.0,95.0,
s6,d7,frame_0019.jpg,True,300.0,708.0,448.0,807.0,148.0,99.0,
s6,d7,frame_0020.jpg,True,300.0,710.0,449.0,809.0,149.0,99.0,
s6,d7,frame_0021.jpg,True,301.0,711.0,449.0,808.0,148.0,97.0,
s6,d7,frame_0022.jpg,True,301.0,710.0,449.0,807.0,148.0,97.0,
s6,d7,frame_0023.jpg,True,302.0,711.0,448.0,806.0,146.0,95.0,
s6,d7,frame_0024.jpg,True,303.0,711.0,449.0,805.0,146.0,94.0,
s6,d7,frame_0025.jpg,True,302.0,711.0,449.0,804.0,147.0,93.0,
s6,d7,frame_0026.jpg,True,303.0,711.0,448.0,803.0,145.0,92.0,
s6,d7,frame_0027.jpg,True,303.0,712.0,449.0,802.0,146.0,90.0,
s6,d7,frame_0028.jpg,True,302.0,711.0,449.0,800.0,147.0,89.0,
s6,d7,frame_0029.jpg,True,303.0,712.0,450.0,800.0,147.0,88.0,
s6,d7,frame_0030.jpg,True,303.0,712.0,449.0,799.0,146.0,87.0,
s6,d7,frame_0031.jpg,True,302.0,713.0,448.0,798.0,146.0,85.0,
s6,d7,frame_0032.jpg,True,303.0,715.0,447.0,797.0,144.0,82.0,
s6,d7,frame_0033.jpg,True,304.0,717.0,447.0,795.0,143.0,78.0,
s6,d7,frame_0034.jpg,True,304.0,718.0,446.0,794.0,142.0,76.0,
s6,d7,frame_0035.jpg,True,304.0,718.0,444.0,794.0,140.0,76.0,
s6,d7,frame_0036.jpg,True,307.0,720.0,443.0,794.0,136.0,74.0,
s6,d7,frame_0037.jpg,True,306.0,720.0,444.0,795.0,138.0,75.0,
s6,d7,frame_0038.jpg,True,306.0,720.0,444.0,796.0,138.0,76.0,
s6,d7,frame_0039.jpg,True,304.0,720.0,443.0,796.0,139.0,76.0,
s6,d8,frame_0001.jpg,True,311.0,740.0,455.0,818.0,144.0,78.0,
s6,d8,frame_0002.jpg,True,311.0,741.0,454.0,818.0,143.0,77.0,
s6,d8,frame_0003.jpg,True,311.0,741.0,454.0,819.0,143.0,78.0,
s6,d8,frame_0004.jpg,True,312.0,742.0,453.0,820.0,141.0,78.0,
s6,d8,frame_0005.jpg,True,312.0,743.0,455.0,820.0,143.0,77.0,
s6,d8,frame_0006.jpg,True,314.0,743.0,454.0,821.0,140.0,78.0,
s6,d8,frame_0007.jpg,True,314.0,744.0,454.0,822.0,140.0,78.0,
s6,d8,frame_0008.jpg,True,315.0,745.0,454.0,823.0,139.0,78.0,
s6,d8,frame_0009.jpg,True,315.0,745.0,455.0,823.0,140.0,78.0,
s6,d8,frame_0010.jpg,True,315.0,747.0,453.0,822.0,138.0,75.0,
s6,d8,frame_0011.jpg,True,316.0,749.0,453.0,821.0,137.0,72.0,
s6,d8,frame_0012.jpg,True,313.0,750.0,451.0,822.0,138.0,72.0,
s6,d8,frame_0013.jpg,True,315.0,753.0,451.0,821.0,136.0,68.0,
s6,d8,frame_0014.jpg,True,314.0,756.0,451.0,821.0,137.0,65.0,
s6,d8,frame_0015.jpg,True,315.0,758.0,452.0,821.0,137.0,63.0,
s6,d8,frame_0016.jpg,True,315.0,758.0,453.0,822.0,138.0,64.0,
s6,d8,frame_0017.jpg,True,312.0,754.0,453.0,828.0,141.0,74.0,
s6,d8,frame_0018.jpg,True,312.0,749.0,455.0,836.0,143.0,87.0,
s6,d8,frame_0019.jpg,True,311.0,748.0,455.0,837.0,144.0,89.0,
s6,d8,frame_0020.jpg,True,311.0,746.0,457.0,836.0,146.0,90.0,
s6,d8,frame_0021.jpg,True,310.0,745.0,458.0,832.0,148.0,87.0,
s6,d8,frame_0022.jpg,True,313.0,745.0,457.0,829.0,144.0,84.0,
s6,d8,frame_0023.jpg,True,316.0,742.0,457.0,826.0,141.0,84.0,
s6,d8,frame_0024.jpg,True,318.0,741.0,459.0,826.0,141.0,85.0,
s6,d8,frame_0025.jpg,True,317.0,741.0,460.0,824.0,143.0,83.0,
s6,d8,frame_0026.jpg,True,318.0,741.0,460.0,824.0,142.0,83.0,
s6,d8,frame_0027.jpg,True,318.0,741.0,459.0,822.0,141.0,81.0,
s6,d8,frame_0028.jpg,True,318.0,741.0,459.0,821.0,141.0,80.0,
s6,d8,frame_0029.jpg,True,318.0,742.0,460.0,819.0,142.0,77.0,
s6,d8,frame_0030.jpg,True,319.0,741.0,460.0,818.0,141.0,77.0,
s6,d8,frame_0031.jpg,True,320.0,742.0,461.0,818.0,141.0,76.0,
s6,d8,frame_0032.jpg,True,320.0,742.0,460.0,817.0,140.0,75.0,
s6,d8,frame_0033.jpg,True,322.0,743.0,461.0,819.0,139.0,76.0,
s6,d8,frame_0034.jpg,True,324.0,744.0,461.0,819.0,137.0,75.0,
s6,d8,frame_0035.jpg,True,324.0,745.0,460.0,818.0,136.0,73.0,
s6,d8,frame_0036.jpg,True,326.0,746.0,460.0,819.0,134.0,73.0,
s6,d8,frame_0037.jpg,True,326.0,746.0,461.0,819.0,135.0,73.0,
s6,d8,frame_0038.jpg,True,326.0,744.0,461.0,820.0,135.0,76.0,
s6,d8,frame_0039.jpg,True,326.0,744.0,462.0,821.0,136.0,77.0,
s6,d8,frame_0040.jpg,True,326.0,745.0,463.0,822.0,137.0,77.0,
s6,d8,frame_0041.jpg,True,325.0,746.0,463.0,822.0,138.0,76.0,
s6,d9,frame_0001.jpg,True,323.0,748.0,462.0,824.0,139.0,76.0,
s6,d9,frame_0002.jpg,True,323.0,748.0,462.0,824.0,139.0,76.0,
s6,d9,frame_0003.jpg,True,323.0,748.0,461.0,824.0,138.0,76.0,
s6,d9,frame_0004.jpg,True,322.0,747.0,461.0,823.0,139.0,76.0,
s6,d9,frame_0005.jpg,True,321.0,747.0,460.0,824.0,139.0,77.0,
s6,d9,frame_0006.jpg,True,319.0,747.0,460.0,822.0,141.0,75.0,
s6,d9,frame_0007.jpg,True,320.0,747.0,460.0,821.0,140.0,74.0,
s6,d9,frame_0008.jpg,True,318.0,747.0,458.0,821.0,140.0,74.0,
s6,d9,frame_0009.jpg,True,317.0,747.0,456.0,822.0,139.0,75.0,
s6,d9,frame_0010.jpg,True,316.0,746.0,454.0,826.0,138.0,80.0,
s6,d9,frame_0011.jpg,True,317.0,744.0,455.0,830.0,138.0,86.0,
s6,d9,frame_0012.jpg,True,315.0,744.0,455.0,833.0,140.0,89.0,
s6,d9,frame_0013.jpg,True,316.0,747.0,453.0,835.0,137.0,88.0,
s6,d9,frame_0014.jpg,True,315.0,746.0,454.0,836.0,139.0,90.0,
s6,d9,frame_0015.jpg,True,315.0,745.0,455.0,838.0,140.0,93.0,
s6,d9,frame_0016.jpg,True,315.0,745.0,454.0,841.0,139.0,96.0,
s6,d9,frame_0017.jpg,True,316.0,744.0,454.0,846.0,138.0,102.0,
s6,d9,frame_0018.jpg,True,317.0,743.0,453.0,852.0,136.0,109.0,
s6,d9,frame_0019.jpg,True,317.0,743.0,452.0,856.0,135.0,113.0,
s6,d9,frame_0020.jpg,True,319.0,744.0,449.0,853.0,130.0,109.0,
s6,d9,frame_0021.jpg,True,323.0,745.0,445.0,843.0,122.0,98.0,
s6,d9,frame_0022.jpg,True,325.0,749.0,446.0,838.0,121.0,89.0,
s6,d9,frame_0023.jpg,True,326.0,751.0,447.0,837.0,121.0,86.0,
s6,d9,frame_0024.jpg,True,326.0,750.0,447.0,835.0,121.0,85.0,
s6,d9,frame_0025.jpg,True,325.0,750.0,447.0,835.0,122.0,85.0,
s6,d9,frame_0026.jpg,True,324.0,752.0,447.0,834.0,123.0,82.0,
s6,d9,frame_0027.jpg,True,321.0,751.0,449.0,833.0,128.0,82.0,
s6,d9,frame_0028.jpg,True,320.0,750.0,450.0,831.0,130.0,81.0,
s6,d9,frame_0029.jpg,True,318.0,749.0,450.0,829.0,132.0,80.0,
s6,d9,frame_0030.jpg,True,316.0,748.0,451.0,827.0,135.0,79.0,
s6,d9,frame_0031.jpg,True,316.0,748.0,452.0,825.0,136.0,77.0,
s6,d9,frame_0032.jpg,True,317.0,750.0,453.0,824.0,136.0,74.0,
s6,d9,frame_0033.jpg,True,315.0,750.0,453.0,823.0,138.0,73.0,
s6,d9,frame_0034.jpg,True,316.0,749.0,452.0,822.0,136.0,73.0,
s6,d9,frame_0035.jpg,True,318.0,750.0,453.0,822.0,135.0,72.0,
s6,d9,frame_0036.jpg,True,318.0,750.0,453.0,823.0,135.0,73.0,
s6,d9,frame_0037.jpg,True,317.0,751.0,453.0,823.0,136.0,72.0,
s6,d9,frame_0038.jpg,True,317.0,751.0,453.0,823.0,136.0,72.0,
s6,d9,frame_0039.jpg,True,317.0,751.0,454.0,823.0,137.0,72.0,
s6,d9,frame_0040.jpg,True,317.0,751.0,454.0,823.0,137.0,72.0,
s6,d9,frame_0041.jpg,True,317.0,751.0,454.0,824.0,137.0,73.0,
s6,d9,frame_0042.jpg,True,317.0,753.0,455.0,825.0,138.0,72.0,
s6,d10,frame_0001.jpg,True,318.0,757.0,453.0,826.0,135.0,69.0,
s6,d10,frame_0002.jpg,True,318.0,756.0,453.0,825.0,135.0,69.0,
s6,d10,frame_0003.jpg,True,318.0,756.0,453.0,825.0,135.0,69.0,
s6,d10,frame_0004.jpg,True,317.0,755.0,452.0,825.0,135.0,70.0,
s6,d10,frame_0005.jpg,True,317.0,755.0,452.0,825.0,135.0,70.0,
s6,d10,frame_0006.jpg,True,316.0,754.0,453.0,825.0,137.0,71.0,
s6,d10,frame_0007.jpg,True,315.0,752.0,454.0,827.0,139.0,75.0,
s6,d10,frame_0008.jpg,True,315.0,749.0,454.0,830.0,139.0,81.0,
s6,d10,frame_0009.jpg,True,315.0,748.0,452.0,835.0,137.0,87.0,
s6,d10,frame_0010.jpg,True,313.0,746.0,451.0,836.0,138.0,90.0,
s6,d10,frame_0011.jpg,True,312.0,745.0,451.0,835.0,139.0,90.0,
s6,d10,frame_0012.jpg,True,312.0,744.0,451.0,836.0,139.0,92.0,
s6,d10,frame_0013.jpg,True,311.0,744.0,450.0,835.0,139.0,91.0,
s6,d10,frame_0014.jpg,True,311.0,743.0,450.0,836.0,139.0,93.0,
s6,d10,frame_0015.jpg,True,311.0,743.0,449.0,837.0,138.0,94.0,
s6,d10,frame_0016.jpg,True,311.0,743.0,448.0,838.0,137.0,95.0,
s6,d10,frame_0017.jpg,True,310.0,744.0,447.0,841.0,137.0,97.0,
s6,d10,frame_0018.jpg,True,312.0,749.0,448.0,842.0,136.0,93.0,
s6,d10,frame_0019.jpg,True,310.0,761.0,446.0,831.0,136.0,70.0,
s6,d10,frame_0020.jpg,True,309.0,764.0,448.0,827.0,139.0,63.0,
s6,d10,frame_0021.jpg,True,310.0,763.0,447.0,826.0,137.0,63.0,
s6,d10,frame_0022.jpg,True,308.0,763.0,447.0,827.0,139.0,64.0,
s6,d10,frame_0023.jpg,True,307.0,762.0,447.0,827.0,140.0,65.0,
s6,d10,frame_0024.jpg,True,307.0,762.0,446.0,826.0,139.0,64.0,
s6,d10,frame_0025.jpg,True,307.0,763.0,446.0,825.0,139.0,62.0,
s6,d10,frame_0026.jpg,True,308.0,760.0,446.0,824.0,138.0,64.0,
s6,d10,frame_0027.jpg,True,308.0,760.0,446.0,823.0,138.0,63.0,
s6,d10,frame_0028.jpg,True,307.0,758.0,446.0,823.0,139.0,65.0,
s6,d10,frame_0029.jpg,True,307.0,758.0,446.0,822.0,139.0,64.0,
s6,d10,frame_0030.jpg,True,308.0,757.0,446.0,822.0,138.0,65.0,
s6,d10,frame_0031.jpg,True,308.0,757.0,446.0,822.0,138.0,65.0,
s6,d10,frame_0032.jpg,True,309.0,756.0,446.0,824.0,137.0,68.0,
s6,d10,frame_0033.jpg,True,310.0,757.0,446.0,824.0,136.0,67.0,
s6,d10,frame_0034.jpg,True,310.0,757.0,447.0,824.0,137.0,67.0,
s6,d10,frame_0035.jpg,True,310.0,757.0,447.0,824.0,137.0,67.0,
s6,d10,frame_0036.jpg,True,309.0,757.0,448.0,823.0,139.0,66.0,
s6,d10,frame_0037.jpg,True,310.0,756.0,447.0,825.0,137.0,69.0,
s6,d10,frame_0038.jpg,True,309.0,757.0,448.0,826.0,139.0,69.0,
s6,d10,frame_0039.jpg,True,310.0,757.0,448.0,826.0,138.0,69.0,
s6,d10,frame_0040.jpg,True,310.0,757.0,448.0,827.0,138.0,70.0,
s6,d10,frame_0041.jpg,True,310.0,758.0,449.0,829.0,139.0,71.0,
s6,d10,frame_0042.jpg,True,311.0,757.0,449.0,831.0,138.0,74.0,
s7,d0,frame_0001.jpg,True,275.0,734.0,441.0,821.0,166.0,87.0,
s7,d0,frame_0002.jpg,True,275.0,734.0,443.0,821.0,168.0,87.0,
s7,d0,frame_0003.jpg,True,274.0,734.0,443.0,819.0,169.0,85.0,
s7,d0,frame_0004.jpg,True,274.0,733.0,444.0,818.0,170.0,85.0,
s7,d0,frame_0005.jpg,True,274.0,734.0,443.0,818.0,169.0,84.0,
s7,d0,frame_0006.jpg,True,273.0,733.0,444.0,818.0,171.0,85.0,
s7,d0,frame_0007.jpg,True,273.0,734.0,443.0,819.0,170.0,85.0,
s7,d0,frame_0008.jpg,True,271.0,734.0,442.0,825.0,171.0,91.0,
s7,d0,frame_0009.jpg,True,270.0,732.0,445.0,841.0,175.0,109.0,
s7,d0,frame_0010.jpg,True,266.0,727.0,442.0,850.0,176.0,123.0,
s7,d0,frame_0011.jpg,True,266.0,724.0,441.0,850.0,175.0,126.0,
s7,d0,frame_0012.jpg,True,266.0,724.0,442.0,848.0,176.0,124.0,
s7,d0,frame_0013.jpg,True,267.0,722.0,441.0,845.0,174.0,123.0,
s7,d0,frame_0014.jpg,True,272.0,724.0,440.0,839.0,168.0,115.0,
s7,d0,frame_0015.jpg,True,273.0,725.0,439.0,835.0,166.0,110.0,
s7,d0,frame_0016.jpg,True,274.0,729.0,438.0,830.0,164.0,101.0,
s7,d0,frame_0017.jpg,True,276.0,727.0,438.0,828.0,162.0,101.0,
s7,d0,frame_0018.jpg,True,277.0,727.0,439.0,824.0,162.0,97.0,
s7,d0,frame_0019.jpg,True,277.0,726.0,440.0,821.0,163.0,95.0,
s7,d0,frame_0020.jpg,True,276.0,726.0,441.0,821.0,165.0,95.0,
s7,d0,frame_0021.jpg,True,277.0,725.0,441.0,818.0,164.0,93.0,
s7,d0,frame_0022.jpg,True,277.0,723.0,442.0,818.0,165.0,95.0,
s7,d0,frame_0023.jpg,True,276.0,722.0,443.0,815.0,167.0,93.0,
s7,d0,frame_0024.jpg,True,276.0,721.0,444.0,813.0,168.0,92.0,
s7,d0,frame_0025.jpg,True,278.0,720.0,446.0,811.0,168.0,91.0,
s7,d0,frame_0026.jpg,True,277.0,720.0,446.0,811.0,169.0,91.0,
s7,d0,frame_0027.jpg,True,278.0,720.0,445.0,810.0,167.0,90.0,
s7,d0,frame_0028.jpg,True,277.0,719.0,446.0,809.0,169.0,90.0,
s7,d0,frame_0029.jpg,True,277.0,719.0,447.0,808.0,170.0,89.0,
s7,d0,frame_0030.jpg,True,276.0,719.0,448.0,808.0,172.0,89.0,
s7,d0,frame_0031.jpg,True,277.0,718.0,447.0,808.0,170.0,90.0,
s7,d1,frame_0001.jpg,True,268.0,714.0,441.0,804.0,173.0,90.0,
s7,d1,frame_0002.jpg,True,267.0,714.0,440.0,805.0,173.0,91.0,
s7,d1,frame_0003.jpg,True,267.0,713.0,439.0,805.0,172.0,92.0,
s7,d1,frame_0004.jpg,True,267.0,711.0,440.0,807.0,173.0,96.0,
s7,d1,frame_0005.jpg,True,268.0,709.0,438.0,807.0,170.0,98.0,
s7,d1,frame_0006.jpg,True,267.0,707.0,438.0,810.0,171.0,103.0,
s7,d1,frame_0007.jpg,True,266.0,706.0,438.0,813.0,172.0,107.0,
s7,d1,frame_0008.jpg,True,268.0,704.0,439.0,815.0,171.0,111.0,
s7,d1,frame_0009.jpg,True,267.0,704.0,439.0,818.0,172.0,114.0,
s7,d1,frame_0010.jpg,True,267.0,704.0,439.0,820.0,172.0,116.0,
s7,d1,frame_0011.jpg,True,265.0,705.0,439.0,823.0,174.0,118.0,
s7,d1,frame_0012.jpg,True,264.0,704.0,438.0,824.0,174.0,120.0,
s7,d1,frame_0013.jpg,True,265.0,703.0,438.0,823.0,173.0,120.0,
s7,d1,frame_0014.jpg,True,265.0,702.0,437.0,822.0,172.0,120.0,
s7,d1,frame_0015.jpg,True,262.0,702.0,437.0,820.0,175.0,118.0,
s7,d1,frame_0016.jpg,True,262.0,701.0,437.0,817.0,175.0,116.0,
s7,d1,frame_0017.jpg,True,262.0,703.0,436.0,816.0,174.0,113.0,
s7,d1,frame_0018.jpg,True,261.0,703.0,436.0,814.0,175.0,111.0,
s7,d1,frame_0019.jpg,True,260.0,703.0,434.0,812.0,174.0,109.0,
s7,d1,frame_0020.jpg,True,258.0,704.0,433.0,812.0,175.0,108.0,
s7,d1,frame_0021.jpg,True,257.0,705.0,433.0,810.0,176.0,105.0,
s7,d1,frame_0022.jpg,True,258.0,706.0,433.0,810.0,175.0,104.0,
s7,d1,frame_0023.jpg,True,257.0,709.0,433.0,807.0,176.0,98.0,
s7,d1,frame_0024.jpg,True,257.0,710.0,433.0,805.0,176.0,95.0,
s7,d1,frame_0025.jpg,True,258.0,709.0,433.0,799.0,175.0,90.0,
s7,d1,frame_0026.jpg,True,258.0,709.0,435.0,797.0,177.0,88.0,
s7,d1,frame_0027.jpg,True,257.0,708.0,433.0,796.0,176.0,88.0,
s7,d1,frame_0028.jpg,True,258.0,709.0,434.0,797.0,176.0,88.0,
s7,d1,frame_0029.jpg,True,258.0,708.0,432.0,796.0,174.0,88.0,
s7,d1,frame_0030.jpg,True,258.0,709.0,433.0,795.0,175.0,86.0,
s7,d1,frame_0031.jpg,True,259.0,708.0,434.0,795.0,175.0,87.0,
s7,d1,frame_0032.jpg,True,259.0,707.0,433.0,795.0,174.0,88.0,
s7,d1,frame_0033.jpg,True,260.0,706.0,434.0,794.0,174.0,88.0,
s7,d1,frame_0034.jpg,True,260.0,706.0,435.0,793.0,175.0,87.0,
s7,d1,frame_0035.jpg,True,261.0,705.0,435.0,794.0,174.0,89.0,
s7,d1,frame_0036.jpg,True,261.0,705.0,434.0,794.0,173.0,89.0,
s7,d1,frame_0037.jpg,True,262.0,705.0,435.0,792.0,173.0,87.0,
s7,d1,frame_0038.jpg,True,261.0,704.0,434.0,793.0,173.0,89.0,
s7,d1,frame_0039.jpg,True,262.0,704.0,436.0,793.0,174.0,89.0,
s7,d2,frame_0001.jpg,True,262.0,708.0,435.0,795.0,173.0,87.0,
s7,d2,frame_0002.jpg,True,263.0,707.0,434.0,795.0,171.0,88.0,
s7,d2,frame_0003.jpg,True,262.0,708.0,435.0,797.0,173.0,89.0,
s7,d2,frame_0004.jpg,True,261.0,707.0,436.0,801.0,175.0,94.0,
s7,d2,frame_0005.jpg,True,262.0,707.0,435.0,806.0,173.0,99.0,
s7,d2,frame_0006.jpg,True,261.0,704.0,435.0,813.0,174.0,109.0,
s7,d2,frame_0007.jpg,True,262.0,705.0,436.0,815.0,174.0,110.0,
s7,d2,frame_0008.jpg,True,261.0,704.0,438.0,816.0,177.0,112.0,
s7,d2,frame_0009.jpg,True,260.0,704.0,438.0,816.0,178.0,112.0,
s7,d2,frame_0010.jpg,True,260.0,703.0,436.0,815.0,176.0,112.0,
s7,d2,frame_0011.jpg,True,258.0,703.0,437.0,817.0,179.0,114.0,
s7,d2,frame_0012.jpg,True,257.0,702.0,435.0,832.0,178.0,130.0,
s7,d2,frame_0013.jpg,True,258.0,701.0,434.0,841.0,176.0,140.0,
s7,d2,frame_0014.jpg,True,260.0,705.0,429.0,840.0,169.0,135.0,
s7,d2,frame_0015.jpg,True,263.0,710.0,427.0,838.0,164.0,128.0,
s7,d2,frame_0016.jpg,True,267.0,717.0,425.0,831.0,158.0,114.0,
s7,d2,frame_0017.jpg,True,270.0,718.0,426.0,823.0,156.0,105.0,
s7,d2,frame_0018.jpg,True,270.0,717.0,425.0,820.0,155.0,103.0,
s7,d2,frame_0019.jpg,True,269.0,714.0,427.0,818.0,158.0,104.0,
s7,d2,frame_0020.jpg,True,270.0,711.0,431.0,814.0,161.0,103.0,
s7,d2,frame_0021.jpg,True,268.0,710.0,431.0,809.0,163.0,99.0,
s7,d2,frame_0022.jpg,True,266.0,708.0,432.0,806.0,166.0,98.0,
s7,d2,frame_0023.jpg,True,266.0,706.0,434.0,803.0,168.0,97.0,
s7,d2,frame_0024.jpg,True,265.0,705.0,434.0,801.0,169.0,96.0,
s7,d2,frame_0025.jpg,True,265.0,704.0,433.0,800.0,168.0,96.0,
s7,d2,frame_0026.jpg,True,264.0,704.0,434.0,799.0,170.0,95.0,
s7,d2,frame_0027.jpg,True,264.0,703.0,433.0,799.0,169.0,96.0,
s7,d2,frame_0028.jpg,True,263.0,703.0,435.0,796.0,172.0,93.0,
s7,d2,frame_0029.jpg,True,264.0,704.0,436.0,797.0,172.0,93.0,
s7,d2,frame_0030.jpg,True,263.0,703.0,436.0,794.0,173.0,91.0,
s7,d2,frame_0031.jpg,True,265.0,704.0,436.0,793.0,171.0,89.0,
s7,d2,frame_0032.jpg,True,266.0,705.0,436.0,792.0,170.0,87.0,
s7,d2,frame_0033.jpg,True,267.0,703.0,436.0,791.0,169.0,88.0,
s7,d2,frame_0034.jpg,True,267.0,702.0,438.0,791.0,171.0,89.0,
s7,d2,frame_0035.jpg,True,266.0,701.0,436.0,790.0,170.0,89.0,
s7,d2,frame_0036.jpg,True,266.0,700.0,436.0,790.0,170.0,90.0,
s7,d2,frame_0037.jpg,True,267.0,699.0,437.0,789.0,170.0,90.0,
s7,d2,frame_0038.jpg,True,266.0,698.0,438.0,787.0,172.0,89.0,
s7,d2,frame_0039.jpg,True,267.0,698.0,437.0,786.0,170.0,88.0,
s7,d2,frame_0040.jpg,True,267.0,698.0,437.0,786.0,170.0,88.0,
s7,d2,frame_0041.jpg,True,268.0,697.0,438.0,785.0,170.0,88.0,
s7,d2,frame_0042.jpg,True,267.0,697.0,438.0,787.0,171.0,90.0,
s7,d3,frame_0001.jpg,True,245.0,695.0,420.0,786.0,175.0,91.0,
s7,d3,frame_0002.jpg,True,245.0,694.0,419.0,788.0,174.0,94.0,
s7,d3,frame_0003.jpg,True,243.0,694.0,418.0,789.0,175.0,95.0,
s7,d3,frame_0004.jpg,True,243.0,693.0,418.0,795.0,175.0,102.0,
s7,d3,frame_0005.jpg,True,242.0,691.0,418.0,798.0,176.0,107.0,
s7,d3,frame_0006.jpg,True,242.0,690.0,419.0,798.0,177.0,108.0,
s7,d3,frame_0007.jpg,True,243.0,689.0,419.0,798.0,176.0,109.0,
s7,d3,frame_0008.jpg,True,242.0,688.0,420.0,797.0,178.0,109.0,
s7,d3,frame_0009.jpg,True,242.0,687.0,420.0,798.0,178.0,111.0,
s7,d3,frame_0010.jpg,True,241.0,687.0,421.0,798.0,180.0,111.0,
s7,d3,frame_0011.jpg,True,240.0,686.0,422.0,800.0,182.0,114.0,
s7,d3,frame_0012.jpg,True,241.0,687.0,419.0,810.0,178.0,123.0,
s7,d3,frame_0013.jpg,True,241.0,685.0,418.0,819.0,177.0,134.0,
s7,d3,frame_0014.jpg,True,242.0,685.0,419.0,821.0,177.0,136.0,
s7,d3,frame_0015.jpg,True,243.0,685.0,420.0,816.0,177.0,131.0,
s7,d3,frame_0016.jpg,True,244.0,686.0,421.0,813.0,177.0,127.0,
s7,d3,frame_0017.jpg,True,242.0,686.0,420.0,811.0,178.0,125.0,
s7,d3,frame_0018.jpg,True,244.0,687.0,420.0,806.0,176.0,119.0,
s7,d3,frame_0019.jpg,True,249.0,691.0,421.0,797.0,172.0,106.0,
s7,d3,frame_0020.jpg,True,248.0,695.0,419.0,788.0,171.0,93.0,
s7,d3,frame_0021.jpg,True,250.0,695.0,419.0,784.0,169.0,89.0,
s7,d3,frame_0022.jpg,True,250.0,695.0,420.0,783.0,170.0,88.0,
s7,d3,frame_0023.jpg,True,250.0,696.0,422.0,783.0,172.0,87.0,
s7,d3,frame_0024.jpg,True,251.0,696.0,421.0,783.0,170.0,87.0,
s7,d3,frame_0025.jpg,True,250.0,696.0,421.0,783.0,171.0,87.0,
s7,d3,frame_0026.jpg,True,251.0,697.0,421.0,783.0,170.0,86.0,
s7,d3,frame_0027.jpg,True,251.0,694.0,422.0,785.0,171.0,91.0,
s7,d3,frame_0028.jpg,True,251.0,697.0,425.0,784.0,174.0,87.0,
s7,d3,frame_0029.jpg,True,252.0,696.0,425.0,785.0,173.0,89.0,
s7,d3,frame_0030.jpg,True,253.0,697.0,427.0,785.0,174.0,88.0,
s7,d4,frame_0001.jpg,True,258.0,695.0,432.0,780.0,174.0,85.0,
s7,d4,frame_0002.jpg,True,258.0,694.0,432.0,780.0,174.0,86.0,
s7,d4,frame_0003.jpg,True,258.0,692.0,432.0,780.0,174.0,88.0,
s7,d4,frame_0004.jpg,True,257.0,690.0,430.0,779.0,173.0,89.0,
s7,d4,frame_0005.jpg,True,256.0,688.0,430.0,783.0,174.0,95.0,
s7,d4,frame_0006.jpg,True,255.0,685.0,431.0,790.0,176.0,105.0,
s7,d4,frame_0007.jpg,True,255.0,682.0,432.0,792.0,177.0,110.0,
s7,d4,frame_0008.jpg,True,254.0,682.0,432.0,791.0,178.0,109.0,
s7,d4,frame_0009.jpg,True,255.0,681.0,433.0,791.0,178.0,110.0,
s7,d4,frame_0010.jpg,True,252.0,680.0,433.0,792.0,181.0,112.0,
s7,d4,frame_0011.jpg,True,251.0,679.0,433.0,793.0,182.0,114.0,
s7,d4,frame_0012.jpg,True,251.0,679.0,433.0,795.0,182.0,116.0,
s7,d4,frame_0013.jpg,True,252.0,678.0,434.0,797.0,182.0,119.0,
s7,d4,frame_0014.jpg,True,251.0,678.0,434.0,796.0,183.0,118.0,
s7,d4,frame_0015.jpg,True,251.0,676.0,434.0,794.0,183.0,118.0,
s7,d4,frame_0016.jpg,True,250.0,677.0,434.0,793.0,184.0,116.0,
s7,d4,frame_0017.jpg,True,251.0,673.0,434.0,791.0,183.0,118.0,
s7,d4,frame_0018.jpg,True,251.0,676.0,433.0,787.0,182.0,111.0,
s7,d4,frame_0019.jpg,True,252.0,675.0,432.0,788.0,180.0,113.0,
s7,d4,frame_0020.jpg,True,253.0,675.0,432.0,787.0,179.0,112.0,
s7,d4,frame_0021.jpg,True,253.0,675.0,432.0,785.0,179.0,110.0,
s7,d4,frame_0022.jpg,True,255.0,675.0,432.0,783.0,177.0,108.0,
s7,d4,frame_0023.jpg,True,254.0,677.0,432.0,780.0,178.0,103.0,
s7,d4,frame_0024.jpg,True,253.0,677.0,432.0,779.0,179.0,102.0,
s7,d4,frame_0025.jpg,True,257.0,679.0,434.0,776.0,177.0,97.0,
s7,d4,frame_0026.jpg,True,257.0,679.0,434.0,773.0,177.0,94.0,
s7,d4,frame_0027.jpg,True,258.0,682.0,435.0,770.0,177.0,88.0,
s7,d4,frame_0028.jpg,True,257.0,682.0,434.0,768.0,177.0,86.0,
s7,d4,frame_0029.jpg,True,260.0,682.0,435.0,768.0,175.0,86.0,
s7,d4,frame_0030.jpg,True,259.0,681.0,435.0,769.0,176.0,88.0,
s7,d4,frame_0031.jpg,True,257.0,682.0,436.0,770.0,179.0,88.0,
s7,d4,frame_0032.jpg,True,259.0,682.0,436.0,770.0,177.0,88.0,
s7,d4,frame_0033.jpg,True,258.0,682.0,436.0,771.0,178.0,89.0,
s7,d4,frame_0034.jpg,True,259.0,684.0,436.0,770.0,177.0,86.0,
s7,d4,frame_0035.jpg,True,258.0,682.0,435.0,770.0,177.0,88.0,
s7,d4,frame_0036.jpg,True,257.0,682.0,435.0,771.0,178.0,89.0,
s7,d4,frame_0037.jpg,True,256.0,682.0,436.0,771.0,180.0,89.0,
s7,d4,frame_0038.jpg,True,256.0,681.0,435.0,771.0,179.0,90.0,
s7,d4,frame_0039.jpg,True,256.0,681.0,435.0,771.0,179.0,90.0,
s7,d4,frame_0040.jpg,True,255.0,680.0,435.0,771.0,180.0,91.0,
s7,d4,frame_0041.jpg,True,254.0,681.0,434.0,771.0,180.0,90.0,
s7,d5,frame_0001.jpg,True,252.0,679.0,429.0,769.0,177.0,90.0,
s7,d5,frame_0002.jpg,True,253.0,678.0,431.0,770.0,178.0,92.0,
s7,d5,frame_0003.jpg,True,254.0,678.0,429.0,773.0,175.0,95.0,
s7,d5,frame_0004.jpg,True,254.0,673.0,429.0,793.0,175.0,120.0,
s7,d5,frame_0005.jpg,True,251.0,674.0,429.0,808.0,178.0,134.0,
s7,d5,frame_0006.jpg,True,253.0,673.0,429.0,814.0,176.0,141.0,
s7,d5,frame_0007.jpg,True,252.0,671.0,431.0,817.0,179.0,146.0,
s7,d5,frame_0008.jpg,True,254.0,671.0,431.0,819.0,177.0,148.0,
s7,d5,frame_0009.jpg,True,252.0,672.0,431.0,819.0,179.0,147.0,
s7,d5,frame_0010.jpg,True,254.0,671.0,431.0,818.0,177.0,147.0,
s7,d5,frame_0011.jpg,True,255.0,672.0,433.0,817.0,178.0,145.0,
s7,d5,frame_0012.jpg,True,256.0,673.0,433.0,815.0,177.0,142.0,
s7,d5,frame_0013.jpg,True,257.0,673.0,434.0,813.0,177.0,140.0,
s7,d5,frame_0014.jpg,True,258.0,673.0,435.0,811.0,177.0,138.0,
s7,d5,frame_0015.jpg,True,260.0,673.0,435.0,806.0,175.0,133.0,
s7,d5,frame_0016.jpg,True,260.0,673.0,435.0,803.0,175.0,130.0,
s7,d5,frame_0017.jpg,True,259.0,673.0,435.0,800.0,176.0,127.0,
s7,d5,frame_0018.jpg,True,260.0,675.0,436.0,796.0,176.0,121.0,
s7,d5,frame_0019.jpg,True,260.0,676.0,436.0,792.0,176.0,116.0,
s7,d5,frame_0020.jpg,True,258.0,678.0,436.0,788.0,178.0,110.0,
s7,d5,frame_0021.jpg,True,259.0,680.0,435.0,782.0,176.0,102.0,
s7,d5,frame_0022.jpg,True,258.0,682.0,435.0,776.0,177.0,94.0,
s7,d5,frame_0023.jpg,True,259.0,682.0,434.0,773.0,175.0,91.0,
s7,d5,frame_0024.jpg,True,257.0,683.0,435.0,771.0,178.0,88.0,
s7,d5,frame_0025.jpg,True,259.0,681.0,434.0,771.0,175.0,90.0,
s7,d5,frame_0026.jpg,True,258.0,681.0,434.0,772.0,176.0,91.0,
s7,d5,frame_0027.jpg,True,257.0,681.0,434.0,771.0,177.0,90.0,
s7,d5,frame_0028.jpg,True,257.0,681.0,435.0,770.0,178.0,89.0,
s7,d6,frame_0001.jpg,True,256.0,678.0,432.0,770.0,176.0,92.0,
s7,d6,frame_0002.jpg,True,256.0,678.0,432.0,769.0,176.0,91.0,
s7,d6,frame_0003.jpg,True,256.0,676.0,431.0,770.0,175.0,94.0,
s7,d6,frame_0004.jpg,True,258.0,674.0,432.0,778.0,174.0,104.0,
s7,d6,frame_0005.jpg,True,260.0,672.0,431.0,787.0,171.0,115.0,
s7,d6,frame_0006.jpg,True,256.0,674.0,432.0,790.0,176.0,116.0,
s7,d6,frame_0007.jpg,True,257.0,673.0,432.0,793.0,175.0,120.0,
s7,d6,frame_0008.jpg,True,260.0,673.0,430.0,796.0,170.0,123.0,
s7,d6,frame_0009.jpg,True,259.0,674.0,428.0,798.0,169.0,124.0,
s7,d6,frame_0010.jpg,True,263.0,678.0,426.0,799.0,163.0,121.0,
s7,d6,frame_0011.jpg,True,266.0,683.0,423.0,797.0,157.0,114.0,
s7,d6,frame_0012.jpg,True,267.0,684.0,422.0,797.0,155.0,113.0,
s7,d6,frame_0013.jpg,True,268.0,683.0,423.0,794.0,155.0,111.0,
s7,d6,frame_0014.jpg,True,269.0,684.0,424.0,795.0,155.0,111.0,
s7,d6,frame_0015.jpg,True,270.0,683.0,428.0,795.0,158.0,112.0,
s7,d6,frame_0016.jpg,True,269.0,681.0,429.0,795.0,160.0,114.0,
s7,d6,frame_0017.jpg,True,268.0,678.0,430.0,792.0,162.0,114.0,
s7,d6,frame_0018.jpg,True,268.0,676.0,431.0,788.0,163.0,112.0,
s7,d6,frame_0019.jpg,True,267.0,674.0,432.0,785.0,165.0,111.0,
s7,d6,frame_0020.jpg,True,265.0,673.0,432.0,782.0,167.0,109.0,
s7,d6,frame_0021.jpg,True,265.0,673.0,434.0,782.0,169.0,109.0,
s7,d6,frame_0022.jpg,True,264.0,675.0,434.0,779.0,170.0,104.0,
s7,d6,frame_0023.jpg,True,262.0,676.0,435.0,776.0,173.0,100.0,
s7,d6,frame_0024.jpg,True,261.0,677.0,435.0,774.0,174.0,97.0,
s7,d6,frame_0025.jpg,True,258.0,677.0,434.0,773.0,176.0,96.0,
s7,d6,frame_0026.jpg,True,256.0,678.0,433.0,773.0,177.0,95.0,
s7,d6,frame_0027.jpg,True,254.0,678.0,432.0,770.0,178.0,92.0,
s7,d6,frame_0028.jpg,True,254.0,678.0,431.0,772.0,177.0,94.0,
s7,d6,frame_0029.jpg,True,254.0,680.0,430.0,772.0,176.0,92.0,
s7,d6,frame_0030.jpg,True,253.0,679.0,430.0,771.0,177.0,92.0,
s7,d6,frame_0031.jpg,True,253.0,678.0,430.0,770.0,177.0,92.0,
s7,d6,frame_0032.jpg,True,252.0,678.0,430.0,770.0,178.0,92.0,
s7,d7,frame_0001.jpg,True,250.0,678.0,430.0,770.0,180.0,92.0,
s7,d7,frame_0002.jpg,True,252.0,677.0,431.0,771.0,179.0,94.0,
s7,d7,frame_0003.jpg,True,252.0,677.0,431.0,775.0,179.0,98.0,
s7,d7,frame_0004.jpg,True,253.0,676.0,430.0,778.0,177.0,102.0,
s7,d7,frame_0005.jpg,True,251.0,675.0,431.0,781.0,180.0,106.0,
s7,d7,frame_0006.jpg,True,253.0,676.0,431.0,782.0,178.0,106.0,
s7,d7,frame_0007.jpg,True,253.0,675.0,433.0,786.0,180.0,111.0,
s7,d7,frame_0008.jpg,True,253.0,674.0,434.0,788.0,181.0,114.0,
s7,d7,frame_0009.jpg,True,253.0,674.0,434.0,792.0,181.0,118.0,
s7,d7,frame_0010.jpg,True,253.0,675.0,435.0,793.0,182.0,118.0,
s7,d7,frame_0011.jpg,True,252.0,677.0,432.0,796.0,180.0,119.0,
s7,d7,frame_0012.jpg,True,251.0,677.0,432.0,798.0,181.0,121.0,
s7,d7,frame_0013.jpg,True,252.0,678.0,433.0,800.0,181.0,122.0,
s7,d7,frame_0014.jpg,True,253.0,679.0,433.0,796.0,180.0,117.0,
s7,d7,frame_0015.jpg,True,254.0,680.0,433.0,790.0,179.0,110.0,
s7,d7,frame_0016.jpg,True,254.0,679.0,434.0,789.0,180.0,110.0,
s7,d7,frame_0017.jpg,True,255.0,681.0,434.0,788.0,179.0,107.0,
s7,d7,frame_0018.jpg,True,255.0,682.0,433.0,788.0,178.0,106.0,
s7,d7,frame_0019.jpg,True,252.0,683.0,433.0,788.0,181.0,105.0,
s7,d7,frame_0020.jpg,True,253.0,683.0,433.0,787.0,180.0,104.0,
s7,d7,frame_0021.jpg,True,254.0,682.0,433.0,785.0,179.0,103.0,
s7,d7,frame_0022.jpg,True,253.0,683.0,432.0,785.0,179.0,102.0,
s7,d7,frame_0023.jpg,True,253.0,684.0,433.0,785.0,180.0,101.0,
s7,d7,frame_0024.jpg,True,253.0,685.0,433.0,783.0,180.0,98.0,
s7,d7,frame_0025.jpg,True,254.0,688.0,433.0,779.0,179.0,91.0,
s7,d7,frame_0026.jpg,True,255.0,689.0,433.0,781.0,178.0,92.0,
s7,d7,frame_0027.jpg,True,255.0,689.0,433.0,779.0,178.0,90.0,
s7,d7,frame_0028.jpg,True,255.0,691.0,434.0,779.0,179.0,88.0,
s7,d7,frame_0029.jpg,True,256.0,690.0,435.0,779.0,179.0,89.0,
s7,d7,frame_0030.jpg,True,256.0,692.0,432.0,779.0,176.0,87.0,
s7,d7,frame_0031.jpg,True,254.0,693.0,434.0,781.0,180.0,88.0,
s7,d7,frame_0032.jpg,True,255.0,692.0,432.0,782.0,177.0,90.0,
s7,d7,frame_0033.jpg,True,254.0,691.0,432.0,782.0,178.0,91.0,
s7,d7,frame_0034.jpg,True,253.0,692.0,432.0,782.0,179.0,90.0,
s7,d7,frame_0035.jpg,True,254.0,691.0,431.0,782.0,177.0,91.0,
s7,d7,frame_0036.jpg,True,253.0,691.0,429.0,782.0,176.0,91.0,
s7,d7,frame_0037.jpg,True,252.0,691.0,429.0,781.0,177.0,90.0,
s7,d7,frame_0038.jpg,True,251.0,692.0,430.0,782.0,179.0,90.0,
s7,d7,frame_0039.jpg,True,252.0,691.0,432.0,780.0,180.0,89.0,
s7,d7,frame_0040.jpg,True,253.0,691.0,431.0,781.0,178.0,90.0,
s7,d7,frame_0041.jpg,True,254.0,692.0,432.0,781.0,178.0,89.0,
s7,d7,frame_0042.jpg,True,255.0,692.0,433.0,781.0,178.0,89.0,
s7,d7,frame_0043.jpg,True,255.0,692.0,431.0,780.0,176.0,88.0,
s7,d8,frame_0001.jpg,True,259.0,690.0,435.0,779.0,176.0,89.0,
s7,d8,frame_0002.jpg,True,259.0,690.0,435.0,780.0,176.0,90.0,
s7,d8,frame_0003.jpg,True,260.0,693.0,435.0,779.0,175.0,86.0,
s7,d8,frame_0004.jpg,True,261.0,694.0,437.0,786.0,176.0,92.0,
s7,d8,frame_0005.jpg,True,261.0,693.0,438.0,806.0,177.0,113.0,
s7,d8,frame_0006.jpg,True,260.0,692.0,441.0,817.0,181.0,125.0,
s7,d8,frame_0007.jpg,True,260.0,690.0,441.0,820.0,181.0,130.0,
s7,d8,frame_0008.jpg,True,260.0,688.0,441.0,819.0,181.0,131.0,
s7,d8,frame_0009.jpg,True,261.0,688.0,443.0,813.0,182.0,125.0,
s7,d8,frame_0010.jpg,True,262.0,689.0,443.0,810.0,181.0,121.0,
s7,d8,frame_0011.jpg,True,264.0,688.0,443.0,806.0,179.0,118.0,
s7,d8,frame_0012.jpg,True,264.0,689.0,442.0,804.0,178.0,115.0,
s7,d8,frame_0013.jpg,True,263.0,688.0,443.0,801.0,180.0,113.0,
s7,d8,frame_0014.jpg,True,264.0,688.0,443.0,799.0,179.0,111.0,
s7,d8,frame_0015.jpg,True,266.0,690.0,443.0,797.0,177.0,107.0,
s7,d8,frame_0016.jpg,True,265.0,692.0,441.0,795.0,176.0,103.0,
s7,d8,frame_0017.jpg,True,264.0,692.0,440.0,792.0,176.0,100.0,
s7,d8,frame_0018.jpg,True,265.0,694.0,441.0,790.0,176.0,96.0,
s7,d8,frame_0019.jpg,True,264.0,695.0,440.0,789.0,176.0,94.0,
s7,d8,frame_0020.jpg,True,264.0,696.0,441.0,788.0,177.0,92.0,
s7,d8,frame_0021.jpg,True,263.0,698.0,440.0,788.0,177.0,90.0,
s7,d8,frame_0022.jpg,True,263.0,698.0,440.0,788.0,177.0,90.0,
s7,d8,frame_0023.jpg,True,262.0,698.0,440.0,787.0,178.0,89.0,
s7,d8,frame_0024.jpg,True,263.0,697.0,438.0,787.0,175.0,90.0,
s7,d8,frame_0025.jpg,True,262.0,697.0,440.0,787.0,178.0,90.0,
s7,d8,frame_0026.jpg,True,261.0,696.0,440.0,788.0,179.0,92.0,
s7,d9,frame_0001.jpg,True,266.0,694.0,443.0,785.0,177.0,91.0,
s7,d9,frame_0002.jpg,True,266.0,693.0,444.0,784.0,178.0,91.0,
s7,d9,frame_0003.jpg,True,267.0,693.0,443.0,787.0,176.0,94.0,
s7,d9,frame_0004.jpg,True,267.0,690.0,443.0,797.0,176.0,107.0,
s7,d9,frame_0005.jpg,True,266.0,688.0,441.0,802.0,175.0,114.0,
s7,d9,frame_0006.jpg,True,264.0,687.0,441.0,806.0,177.0,119.0,
s7,d9,frame_0007.jpg,True,263.0,686.0,442.0,809.0,179.0,123.0,
s7,d9,frame_0008.jpg,True,265.0,685.0,441.0,814.0,176.0,129.0,
s7,d9,frame_0009.jpg,True,266.0,683.0,440.0,822.0,174.0,139.0,
s7,d9,frame_0010.jpg,True,266.0,684.0,439.0,825.0,173.0,141.0,
s7,d9,frame_0011.jpg,True,270.0,686.0,439.0,825.0,169.0,139.0,
s7,d9,frame_0012.jpg,True,272.0,690.0,437.0,824.0,165.0,134.0,
s7,d9,frame_0013.jpg,True,275.0,698.0,433.0,817.0,158.0,119.0,
s7,d9,frame_0014.jpg,True,274.0,701.0,431.0,810.0,157.0,109.0,
s7,d9,frame_0015.jpg,True,274.0,702.0,431.0,806.0,157.0,104.0,
s7,d9,frame_0016.jpg,True,275.0,702.0,432.0,803.0,157.0,101.0,
s7,d9,frame_0017.jpg,True,275.0,702.0,433.0,801.0,158.0,99.0,
s7,d9,frame_0018.jpg,True,275.0,701.0,434.0,799.0,159.0,98.0,
s7,d9,frame_0019.jpg,True,275.0,699.0,433.0,797.0,158.0,98.0,
s7,d9,frame_0020.jpg,True,273.0,699.0,434.0,795.0,161.0,96.0,
s7,d9,frame_0021.jpg,True,271.0,698.0,435.0,792.0,164.0,94.0,
s7,d9,frame_0022.jpg,True,270.0,698.0,435.0,791.0,165.0,93.0,
s7,d9,frame_0023.jpg,True,270.0,697.0,437.0,790.0,167.0,93.0,
s7,d9,frame_0024.jpg,True,270.0,697.0,437.0,790.0,167.0,93.0,
s7,d9,frame_0025.jpg,True,270.0,697.0,436.0,790.0,166.0,93.0,
s7,d9,frame_0026.jpg,True,270.0,696.0,438.0,789.0,168.0,93.0,
s7,d9,frame_0027.jpg,True,270.0,697.0,439.0,788.0,169.0,91.0,
s7,d9,frame_0028.jpg,True,268.0,698.0,439.0,787.0,171.0,89.0,
s7,d9,frame_0029.jpg,True,268.0,697.0,440.0,787.0,172.0,90.0,
s7,d9,frame_0030.jpg,True,269.0,698.0,440.0,788.0,171.0,90.0,
s7,d10,frame_0001.jpg,True,269.0,694.0,442.0,786.0,173.0,92.0,
s7,d10,frame_0002.jpg,True,270.0,693.0,443.0,787.0,173.0,94.0,
s7,d10,frame_0003.jpg,True,271.0,692.0,443.0,789.0,172.0,97.0,
s7,d10,frame_0004.jpg,True,270.0,690.0,444.0,794.0,174.0,104.0,
s7,d10,frame_0005.jpg,True,267.0,688.0,446.0,797.0,179.0,109.0,
s7,d10,frame_0006.jpg,True,267.0,687.0,447.0,798.0,180.0,111.0,
s7,d10,frame_0007.jpg,True,268.0,688.0,447.0,799.0,179.0,111.0,
s7,d10,frame_0008.jpg,True,266.0,687.0,449.0,799.0,183.0,112.0,
s7,d10,frame_0009.jpg,True,264.0,686.0,450.0,799.0,186.0,113.0,
s7,d10,frame_0010.jpg,True,265.0,685.0,449.0,801.0,184.0,116.0,
s7,d10,frame_0011.jpg,True,263.0,686.0,450.0,801.0,187.0,115.0,
s7,d10,frame_0012.jpg,True,262.0,687.0,449.0,807.0,187.0,120.0,
s7,d10,frame_0013.jpg,True,265.0,692.0,450.0,808.0,185.0,116.0,
s7,d10,frame_0014.jpg,True,268.0,697.0,447.0,801.0,179.0,104.0,
s7,d10,frame_0015.jpg,True,272.0,705.0,443.0,788.0,171.0,83.0,
s7,d10,frame_0016.jpg,True,275.0,704.0,442.0,785.0,167.0,81.0,
s7,d10,frame_0017.jpg,True,277.0,704.0,442.0,786.0,165.0,82.0,
s7,d10,frame_0018.jpg,True,275.0,704.0,443.0,786.0,168.0,82.0,
s7,d10,frame_0019.jpg,True,274.0,702.0,443.0,785.0,169.0,83.0,
s7,d10,frame_0020.jpg,True,272.0,702.0,443.0,784.0,171.0,82.0,
s7,d10,frame_0021.jpg,True,271.0,701.0,443.0,784.0,172.0,83.0,
s7,d10,frame_0022.jpg,True,272.0,700.0,444.0,784.0,172.0,84.0,
s7,d10,frame_0023.jpg,True,272.0,701.0,444.0,783.0,172.0,82.0,
s7,d10,frame_0024.jpg,True,271.0,700.0,444.0,784.0,173.0,84.0,
s7,d10,frame_0025.jpg,True,271.0,700.0,443.0,782.0,172.0,82.0,
s7,d10,frame_0026.jpg,True,268.0,698.0,444.0,783.0,176.0,85.0,
s7,d10,frame_0027.jpg,True,269.0,698.0,443.0,783.0,174.0,85.0,
s7,d10,frame_0028.jpg,True,270.0,700.0,445.0,785.0,175.0,85.0,
s7,d10,frame_0029.jpg,True,270.0,701.0,446.0,786.0,176.0,85.0,
s7,d10,frame_0030.jpg,True,271.0,701.0,446.0,785.0,175.0,84.0,
s7,d10,frame_0031.jpg,True,271.0,701.0,446.0,786.0,175.0,85.0,
s7,d10,frame_0032.jpg,True,271.0,702.0,446.0,786.0,175.0,84.0,
s7,d10,frame_0033.jpg,True,271.0,702.0,446.0,786.0,175.0,84.0,
s7,d10,frame_0034.jpg,True,271.0,700.0,446.0,786.0,175.0,86.0,
s7,d10,frame_0035.jpg,True,271.0,700.0,444.0,786.0,173.0,86.0,
s7,d10,frame_0036.jpg,True,271.0,700.0,445.0,785.0,174.0,85.0,
s7,d10,frame_0037.jpg,True,269.0,698.0,445.0,785.0,176.0,87.0,
s7,d10,frame_0038.jpg,True,270.0,697.0,443.0,785.0,173.0,88.0,
s7,d10,frame_0039.jpg,True,270.0,696.0,444.0,785.0,174.0,89.0,
s7,d10,frame_0040.jpg,True,270.0,698.0,444.0,786.0,174.0,88.0,
s7,d10,frame_0041.jpg,True,270.0,699.0,442.0,786.0,172.0,87.0,
s7,d10,frame_0042.jpg,True,270.0,698.0,443.0,787.0,173.0,89.0,
s7,d10,frame_0043.jpg,True,268.0,701.0,443.0,786.0,175.0,85.0,
s7,d10,frame_0044.jpg,True,270.0,700.0,443.0,787.0,173.0,87.0,
s7,d10,frame_0045.jpg,True,270.0,701.0,443.0,787.0,173.0,86.0,
s7,d10,frame_0046.jpg,True,271.0,699.0,443.0,787.0,172.0,88.0,
s7,d10,frame_0047.jpg,True,272.0,697.0,445.0,787.0,173.0,90.0,
s7,d10,frame_0048.jpg,True,272.0,696.0,446.0,787.0,174.0,91.0,
s7,d10,frame_0049.jpg,True,271.0,697.0,444.0,786.0,173.0,89.0,
s7,d10,frame_0050.jpg,True,270.0,697.0,446.0,785.0,176.0,88.0,
s7,d10,frame_0051.jpg,True,271.0,696.0,445.0,785.0,174.0,89.0,
s7,d10,frame_0052.jpg,True,271.0,697.0,446.0,784.0,175.0,87.0,
s8,d0,frame_0001.jpg,True,605.0,335.0,695.0,394.0,90.0,59.0,
s8,d0,frame_0002.jpg,True,606.0,337.0,694.0,392.0,88.0,55.0,
s8,d0,frame_0003.jpg,True,606.0,340.0,694.0,388.0,88.0,48.0,
s8,d0,frame_0004.jpg,True,606.0,340.0,694.0,387.0,88.0,47.0,
s8,d0,frame_0005.jpg,True,607.0,341.0,694.0,387.0,87.0,46.0,
s8,d0,frame_0006.jpg,True,607.0,341.0,694.0,387.0,87.0,46.0,
s8,d0,frame_0007.jpg,True,607.0,340.0,695.0,387.0,88.0,47.0,
s8,d0,frame_0008.jpg,True,608.0,337.0,693.0,388.0,85.0,51.0,
s8,d0,frame_0009.jpg,True,606.0,331.0,694.0,398.0,88.0,67.0,
s8,d0,frame_0010.jpg,True,606.0,330.0,694.0,405.0,88.0,75.0,
s8,d0,frame_0011.jpg,True,607.0,330.0,693.0,407.0,86.0,77.0,
s8,d0,frame_0012.jpg,True,607.0,331.0,694.0,407.0,87.0,76.0,
s8,d0,frame_0013.jpg,True,608.0,331.0,693.0,405.0,85.0,74.0,
s8,d0,frame_0014.jpg,True,610.0,332.0,693.0,404.0,83.0,72.0,
s8,d0,frame_0015.jpg,True,610.0,335.0,692.0,403.0,82.0,68.0,
s8,d0,frame_0016.jpg,True,610.0,336.0,693.0,404.0,83.0,68.0,
s8,d0,frame_0017.jpg,True,610.0,336.0,694.0,403.0,84.0,67.0,
s8,d0,frame_0018.jpg,True,610.0,338.0,694.0,403.0,84.0,65.0,
s8,d0,frame_0019.jpg,True,610.0,339.0,694.0,402.0,84.0,63.0,
s8,d0,frame_0020.jpg,True,611.0,341.0,695.0,402.0,84.0,61.0,
s8,d0,frame_0021.jpg,True,610.0,342.0,696.0,402.0,86.0,60.0,
s8,d0,frame_0022.jpg,True,610.0,342.0,696.0,403.0,86.0,61.0,
s8,d0,frame_0023.jpg,True,610.0,343.0,696.0,402.0,86.0,59.0,
s8,d0,frame_0024.jpg,True,610.0,343.0,697.0,403.0,87.0,60.0,
s8,d0,frame_0025.jpg,True,610.0,344.0,697.0,403.0,87.0,59.0,
s8,d0,frame_0026.jpg,True,610.0,344.0,697.0,403.0,87.0,59.0,
s8,d0,frame_0027.jpg,True,610.0,343.0,698.0,403.0,88.0,60.0,
s8,d0,frame_0028.jpg,True,610.0,344.0,698.0,402.0,88.0,58.0,
s8,d0,frame_0029.jpg,True,608.0,344.0,700.0,403.0,92.0,59.0,
s8,d0,frame_0030.jpg,True,608.0,342.0,700.0,403.0,92.0,61.0,
s8,d0,frame_0031.jpg,True,607.0,341.0,701.0,401.0,94.0,60.0,
s8,d0,frame_0032.jpg,True,607.0,341.0,700.0,400.0,93.0,59.0,
s8,d0,frame_0033.jpg,True,607.0,340.0,700.0,398.0,93.0,58.0,
s8,d0,frame_0034.jpg,True,607.0,340.0,701.0,396.0,94.0,56.0,
s8,d0,frame_0035.jpg,True,606.0,338.0,701.0,395.0,95.0,57.0,
s8,d0,frame_0036.jpg,True,606.0,338.0,700.0,394.0,94.0,56.0,
s8,d1,frame_0001.jpg,True,596.0,342.0,689.0,393.0,93.0,51.0,
s8,d1,frame_0002.jpg,True,596.0,342.0,689.0,393.0,93.0,51.0,
s8,d1,frame_0003.jpg,True,596.0,342.0,688.0,393.0,92.0,51.0,
s8,d1,frame_0004.jpg,True,595.0,342.0,686.0,395.0,91.0,53.0,
s8,d1,frame_0005.jpg,True,596.0,341.0,686.0,400.0,90.0,59.0,
s8,d1,frame_0006.jpg,True,596.0,339.0,686.0,401.0,90.0,62.0,
s8,d1,frame_0007.jpg,True,596.0,336.0,685.0,399.0,89.0,63.0,
s8,d1,frame_0008.jpg,True,595.0,334.0,686.0,398.0,91.0,64.0,
s8,d1,frame_0009.jpg,True,594.0,332.0,685.0,397.0,91.0,65.0,
s8,d1,frame_0010.jpg,True,595.0,330.0,684.0,397.0,89.0,67.0,
s8,d1,frame_0011.jpg,True,595.0,330.0,684.0,397.0,89.0,67.0,
s8,d1,frame_0012.jpg,True,595.0,330.0,684.0,398.0,89.0,68.0,
s8,d1,frame_0013.jpg,True,595.0,331.0,684.0,399.0,89.0,68.0,
s8,d1,frame_0014.jpg,True,596.0,331.0,683.0,401.0,87.0,70.0,
s8,d1,frame_0015.jpg,True,595.0,333.0,683.0,403.0,88.0,70.0,
s8,d1,frame_0016.jpg,True,596.0,335.0,683.0,406.0,87.0,71.0,
s8,d1,frame_0017.jpg,True,597.0,337.0,684.0,407.0,87.0,70.0,
s8,d1,frame_0018.jpg,True,597.0,338.0,685.0,408.0,88.0,70.0,
s8,d1,frame_0019.jpg,True,597.0,339.0,685.0,409.0,88.0,70.0,
s8,d1,frame_0020.jpg,True,596.0,340.0,685.0,410.0,89.0,70.0,
s8,d1,frame_0021.jpg,True,597.0,341.0,686.0,411.0,89.0,70.0,
s8,d1,frame_0022.jpg,True,596.0,342.0,685.0,411.0,89.0,69.0,
s8,d1,frame_0023.jpg,True,596.0,342.0,686.0,410.0,90.0,68.0,
s8,d1,frame_0024.jpg,True,595.0,343.0,686.0,409.0,91.0,66.0,
s8,d1,frame_0025.jpg,True,595.0,343.0,686.0,409.0,91.0,66.0,
s8,d1,frame_0026.jpg,True,596.0,343.0,687.0,408.0,91.0,65.0,
s8,d1,frame_0027.jpg,True,596.0,344.0,688.0,407.0,92.0,63.0,
s8,d1,frame_0028.jpg,True,596.0,344.0,688.0,406.0,92.0,62.0,
s8,d1,frame_0029.jpg,True,596.0,344.0,688.0,405.0,92.0,61.0,
s8,d1,frame_0030.jpg,True,596.0,344.0,688.0,405.0,92.0,61.0,
s8,d1,frame_0031.jpg,True,595.0,343.0,690.0,400.0,95.0,57.0,
s8,d1,frame_0032.jpg,True,596.0,342.0,689.0,399.0,93.0,57.0,
s8,d2,frame_0001.jpg,True,597.0,346.0,689.0,408.0,92.0,62.0,
s8,d2,frame_0002.jpg,True,597.0,344.0,688.0,409.0,91.0,65.0,
s8,d2,frame_0003.jpg,True,598.0,342.0,688.0,408.0,90.0,66.0,
s8,d2,frame_0004.jpg,True,597.0,340.0,689.0,404.0,92.0,64.0,
s8,d2,frame_0005.jpg,True,598.0,337.0,691.0,401.0,93.0,64.0,
s8,d2,frame_0006.jpg,True,598.0,334.0,691.0,398.0,93.0,64.0,
s8,d2,frame_0007.jpg,True,598.0,333.0,692.0,397.0,94.0,64.0,
s8,d2,frame_0008.jpg,True,599.0,333.0,693.0,396.0,94.0,63.0,
s8,d2,frame_0009.jpg,True,599.0,334.0,693.0,396.0,94.0,62.0,
s8,d2,frame_0010.jpg,True,599.0,335.0,693.0,398.0,94.0,63.0,
s8,d2,frame_0011.jpg,True,599.0,336.0,692.0,398.0,93.0,62.0,
s8,d2,frame_0012.jpg,True,599.0,339.0,693.0,401.0,94.0,62.0,
s8,d2,frame_0013.jpg,True,599.0,341.0,693.0,404.0,94.0,63.0,
s8,d2,frame_0014.jpg,True,601.0,343.0,692.0,415.0,91.0,72.0,
s8,d2,frame_0015.jpg,True,600.0,346.0,692.0,428.0,92.0,82.0,
s8,d2,frame_0016.jpg,True,603.0,347.0,691.0,429.0,88.0,82.0,
s8,d2,frame_0017.jpg,True,603.0,350.0,688.0,429.0,85.0,79.0,
s8,d2,frame_0018.jpg,True,604.0,354.0,686.0,428.0,82.0,74.0,
s8,d2,frame_0019.jpg,True,605.0,355.0,686.0,427.0,81.0,72.0,
s8,d2,frame_0020.jpg,True,605.0,359.0,687.0,426.0,82.0,67.0,
s8,d2,frame_0021.jpg,True,605.0,361.0,688.0,425.0,83.0,64.0,
s8,d2,frame_0022.jpg,True,604.0,362.0,690.0,425.0,86.0,63.0,
s8,d2,frame_0023.jpg,True,604.0,363.0,692.0,425.0,88.0,62.0,
s8,d2,frame_0024.jpg,True,604.0,364.0,694.0,423.0,90.0,59.0,
s8,d2,frame_0025.jpg,True,603.0,365.0,695.0,424.0,92.0,59.0,
s8,d2,frame_0026.jpg,True,602.0,366.0,695.0,425.0,93.0,59.0,
s8,d2,frame_0027.jpg,True,603.0,366.0,696.0,424.0,93.0,58.0,
s8,d2,frame_0028.jpg,True,603.0,364.0,696.0,422.0,93.0,58.0,
s8,d2,frame_0029.jpg,True,602.0,362.0,696.0,420.0,94.0,58.0,
s8,d2,frame_0030.jpg,True,603.0,362.0,695.0,417.0,92.0,55.0,
s8,d2,frame_0031.jpg,True,604.0,360.0,696.0,416.0,92.0,56.0,
s8,d2,frame_0032.jpg,True,604.0,359.0,696.0,414.0,92.0,55.0,
s8,d2,frame_0033.jpg,True,605.0,358.0,696.0,413.0,91.0,55.0,
s8,d2,frame_0034.jpg,True,604.0,358.0,696.0,410.0,92.0,52.0,
s8,d2,frame_0035.jpg,True,605.0,357.0,696.0,409.0,91.0,52.0,
s8,d2,frame_0036.jpg,True,604.0,357.0,696.0,408.0,92.0,51.0,
s8,d2,frame_0037.jpg,True,604.0,356.0,696.0,406.0,92.0,50.0,
s8,d3,frame_0001.jpg,True,602.0,355.0,695.0,406.0,93.0,51.0,
s8,d3,frame_0002.jpg,True,601.0,355.0,694.0,407.0,93.0,52.0,
s8,d3,frame_0003.jpg,True,601.0,356.0,694.0,407.0,93.0,51.0,
s8,d3,frame_0004.jpg,True,601.0,356.0,694.0,407.0,93.0,51.0,
s8,d3,frame_0005.jpg,True,601.0,356.0,694.0,408.0,93.0,52.0,
s8,d3,frame_0006.jpg,True,601.0,357.0,693.0,411.0,92.0,54.0,
s8,d3,frame_0007.jpg,True,601.0,355.0,693.0,415.0,92.0,60.0,
s8,d3,frame_0008.jpg,True,601.0,353.0,692.0,415.0,91.0,62.0,
s8,d3,frame_0009.jpg,True,601.0,351.0,693.0,412.0,92.0,61.0,
s8,d3,frame_0010.jpg,True,603.0,348.0,693.0,409.0,90.0,61.0,
s8,d3,frame_0011.jpg,True,601.0,345.0,694.0,405.0,93.0,60.0,
s8,d3,frame_0012.jpg,True,601.0,342.0,695.0,403.0,94.0,61.0,
s8,d3,frame_0013.jpg,True,601.0,341.0,695.0,402.0,94.0,61.0,
s8,d3,frame_0014.jpg,True,601.0,340.0,695.0,402.0,94.0,62.0,
s8,d3,frame_0015.jpg,True,601.0,340.0,696.0,402.0,95.0,62.0,
s8,d3,frame_0016.jpg,True,601.0,340.0,696.0,403.0,95.0,63.0,
s8,d3,frame_0017.jpg,True,601.0,342.0,697.0,407.0,96.0,65.0,
s8,d3,frame_0018.jpg,True,601.0,344.0,696.0,415.0,95.0,71.0,
s8,d3,frame_0019.jpg,True,601.0,346.0,696.0,423.0,95.0,77.0,
s8,d3,frame_0020.jpg,True,601.0,349.0,696.0,426.0,95.0,77.0,
s8,d3,frame_0021.jpg,True,602.0,352.0,696.0,428.0,94.0,76.0,
s8,d3,frame_0022.jpg,True,602.0,354.0,697.0,430.0,95.0,76.0,
s8,d3,frame_0023.jpg,True,603.0,357.0,696.0,430.0,93.0,73.0,
s8,d3,frame_0024.jpg,True,602.0,360.0,698.0,431.0,96.0,71.0,
s8,d3,frame_0025.jpg,True,604.0,364.0,696.0,428.0,92.0,64.0,
s8,d3,frame_0026.jpg,True,608.0,370.0,693.0,422.0,85.0,52.0,
s8,d3,frame_0027.jpg,True,607.0,373.0,692.0,420.0,85.0,47.0,
s8,d3,frame_0028.jpg,True,607.0,374.0,692.0,420.0,85.0,46.0,
s8,d3,frame_0029.jpg,True,606.0,373.0,692.0,420.0,86.0,47.0,
s8,d3,frame_0030.jpg,True,605.0,371.0,693.0,418.0,88.0,47.0,
s8,d3,frame_0031.jpg,True,604.0,368.0,695.0,416.0,91.0,48.0,
s8,d3,frame_0032.jpg,True,604.0,366.0,694.0,416.0,90.0,50.0,
s8,d3,frame_0033.jpg,True,605.0,364.0,694.0,413.0,89.0,49.0,
s8,d3,frame_0034.jpg,True,605.0,362.0,695.0,412.0,90.0,50.0,
s8,d3,frame_0035.jpg,True,604.0,360.0,696.0,409.0,92.0,49.0,
s8,d3,frame_0036.jpg,True,604.0,358.0,697.0,408.0,93.0,50.0,
s8,d3,frame_0037.jpg,True,605.0,356.0,696.0,406.0,91.0,50.0,
s8,d3,frame_0038.jpg,True,605.0,354.0,695.0,404.0,90.0,50.0,
s8,d3,frame_0039.jpg,True,604.0,352.0,696.0,402.0,92.0,50.0,
s8,d3,frame_0040.jpg,True,604.0,352.0,696.0,402.0,92.0,50.0,
s8,d3,frame_0041.jpg,True,604.0,352.0,696.0,402.0,92.0,50.0,
s8,d3,frame_0042.jpg,True,605.0,353.0,696.0,403.0,91.0,50.0,
s8,d3,frame_0043.jpg,True,605.0,353.0,696.0,403.0,91.0,50.0,
s8,d3,frame_0044.jpg,True,605.0,354.0,696.0,404.0,91.0,50.0,
s8,d3,frame_0045.jpg,True,605.0,355.0,696.0,405.0,91.0,50.0,
s8,d3,frame_0046.jpg,True,605.0,355.0,697.0,405.0,92.0,50.0,
s8,d3,frame_0047.jpg,True,605.0,355.0,697.0,405.0,92.0,50.0,
s8,d3,frame_0048.jpg,True,605.0,355.0,697.0,405.0,92.0,50.0,
s8,d3,frame_0049.jpg,True,605.0,355.0,697.0,405.0,92.0,50.0,
s8,d3,frame_0050.jpg,True,606.0,354.0,698.0,406.0,92.0,52.0,
s8,d4,frame_0001.jpg,True,618.0,354.0,709.0,404.0,91.0,50.0,
s8,d4,frame_0002.jpg,True,618.0,352.0,709.0,405.0,91.0,53.0,
s8,d4,frame_0003.jpg,True,616.0,346.0,711.0,411.0,95.0,65.0,
s8,d4,frame_0004.jpg,True,617.0,344.0,711.0,410.0,94.0,66.0,
s8,d4,frame_0005.jpg,True,617.0,342.0,713.0,408.0,96.0,66.0,
s8,d4,frame_0006.jpg,True,617.0,341.0,713.0,406.0,96.0,65.0,
s8,d4,frame_0007.jpg,True,617.0,340.0,714.0,405.0,97.0,65.0,
s8,d4,frame_0008.jpg,True,617.0,341.0,714.0,405.0,97.0,64.0,
s8,d4,frame_0009.jpg,True,616.0,341.0,713.0,408.0,97.0,67.0,
s8,d4,frame_0010.jpg,True,616.0,343.0,712.0,410.0,96.0,67.0,
s8,d4,frame_0011.jpg,True,615.0,346.0,711.0,413.0,96.0,67.0,
s8,d4,frame_0012.jpg,True,614.0,348.0,710.0,415.0,96.0,67.0,
s8,d4,frame_0013.jpg,True,614.0,349.0,710.0,416.0,96.0,67.0,
s8,d4,frame_0014.jpg,True,614.0,351.0,709.0,416.0,95.0,65.0,
s8,d4,frame_0015.jpg,True,614.0,351.0,708.0,417.0,94.0,66.0,
s8,d4,frame_0016.jpg,True,613.0,352.0,709.0,417.0,96.0,65.0,
s8,d4,frame_0017.jpg,True,613.0,353.0,709.0,417.0,96.0,64.0,
s8,d4,frame_0018.jpg,True,612.0,353.0,708.0,417.0,96.0,64.0,
s8,d4,frame_0019.jpg,True,613.0,354.0,708.0,417.0,95.0,63.0,
s8,d4,frame_0020.jpg,True,612.0,355.0,708.0,416.0,96.0,61.0,
s8,d4,frame_0021.jpg,True,612.0,355.0,708.0,416.0,96.0,61.0,
s8,d4,frame_0022.jpg,True,612.0,355.0,707.0,414.0,95.0,59.0,
s8,d4,frame_0023.jpg,True,612.0,355.0,707.0,414.0,95.0,59.0,
s8,d4,frame_0024.jpg,True,612.0,354.0,707.0,413.0,95.0,59.0,
s8,d4,frame_0025.jpg,True,612.0,354.0,707.0,411.0,95.0,57.0,
s8,d4,frame_0026.jpg,True,612.0,352.0,707.0,410.0,95.0,58.0,
s8,d4,frame_0027.jpg,True,613.0,351.0,707.0,409.0,94.0,58.0,
s8,d4,frame_0028.jpg,True,613.0,350.0,707.0,407.0,94.0,57.0,
s8,d4,frame_0029.jpg,True,613.0,349.0,707.0,405.0,94.0,56.0,
s8,d4,frame_0030.jpg,True,613.0,347.0,708.0,403.0,95.0,56.0,
s8,d4,frame_0031.jpg,True,614.0,346.0,708.0,400.0,94.0,54.0,
s8,d4,frame_0032.jpg,True,614.0,345.0,708.0,399.0,94.0,54.0,
s8,d4,frame_0033.jpg,True,614.0,345.0,709.0,398.0,95.0,53.0,
s8,d4,frame_0034.jpg,True,614.0,344.0,708.0,398.0,94.0,54.0,
s8,d5,frame_0001.jpg,True,608.0,357.0,702.0,409.0,94.0,52.0,
s8,d5,frame_0002.jpg,True,608.0,357.0,702.0,409.0,94.0,52.0,
s8,d5,frame_0003.jpg,True,608.0,357.0,702.0,409.0,94.0,52.0,
s8,d5,frame_0004.jpg,True,609.0,357.0,702.0,410.0,93.0,53.0,
s8,d5,frame_0005.jpg,True,609.0,356.0,702.0,414.0,93.0,58.0,
s8,d5,frame_0006.jpg,True,610.0,356.0,701.0,418.0,91.0,62.0,
s8,d5,frame_0007.jpg,True,609.0,354.0,701.0,421.0,92.0,67.0,
s8,d5,frame_0008.jpg,True,608.0,351.0,701.0,423.0,93.0,72.0,
s8,d5,frame_0009.jpg,True,608.0,347.0,702.0,426.0,94.0,79.0,
s8,d5,frame_0010.jpg,True,608.0,345.0,702.0,428.0,94.0,83.0,
s8,d5,frame_0011.jpg,True,609.0,344.0,702.0,429.0,93.0,85.0,
s8,d5,frame_0012.jpg,True,608.0,345.0,702.0,430.0,94.0,85.0,
s8,d5,frame_0013.jpg,True,608.0,346.0,702.0,430.0,94.0,84.0,
s8,d5,frame_0014.jpg,True,607.0,349.0,701.0,432.0,94.0,83.0,
s8,d5,frame_0015.jpg,True,606.0,350.0,702.0,434.0,96.0,84.0,
s8,d5,frame_0016.jpg,True,606.0,352.0,702.0,434.0,96.0,82.0,
s8,d5,frame_0017.jpg,True,607.0,353.0,701.0,434.0,94.0,81.0,
s8,d5,frame_0018.jpg,True,606.0,355.0,700.0,435.0,94.0,80.0,
s8,d5,frame_0019.jpg,True,605.0,357.0,700.0,436.0,95.0,79.0,
s8,d5,frame_0020.jpg,True,605.0,357.0,700.0,436.0,95.0,79.0,
s8,d5,frame_0021.jpg,True,605.0,358.0,701.0,439.0,96.0,81.0,
s8,d5,frame_0022.jpg,True,605.0,359.0,700.0,438.0,95.0,79.0,
s8,d5,frame_0023.jpg,True,605.0,359.0,700.0,439.0,95.0,80.0,
s8,d5,frame_0024.jpg,True,605.0,359.0,700.0,438.0,95.0,79.0,
s8,d5,frame_0025.jpg,True,605.0,360.0,699.0,435.0,94.0,75.0,
s8,d5,frame_0026.jpg,True,605.0,360.0,700.0,432.0,95.0,72.0,
s8,d5,frame_0027.jpg,True,606.0,359.0,700.0,429.0,94.0,70.0,
s8,d5,frame_0028.jpg,True,606.0,358.0,701.0,426.0,95.0,68.0,
s8,d5,frame_0029.jpg,True,606.0,357.0,702.0,422.0,96.0,65.0,
s8,d5,frame_0030.jpg,True,606.0,356.0,702.0,418.0,96.0,62.0,
s8,d5,frame_0031.jpg,True,608.0,356.0,703.0,414.0,95.0,58.0,
s8,d5,frame_0032.jpg,True,608.0,355.0,702.0,411.0,94.0,56.0,
s8,d5,frame_0033.jpg,True,608.0,354.0,703.0,409.0,95.0,55.0,
s8,d5,frame_0034.jpg,True,609.0,354.0,704.0,408.0,95.0,54.0,
s8,d5,frame_0035.jpg,True,609.0,354.0,704.0,407.0,95.0,53.0,
s8,d5,frame_0036.jpg,True,609.0,354.0,703.0,406.0,94.0,52.0,
s8,d5,frame_0037.jpg,True,610.0,354.0,704.0,406.0,94.0,52.0,
s8,d5,frame_0038.jpg,True,610.0,354.0,704.0,406.0,94.0,52.0,
s8,d5,frame_0039.jpg,True,610.0,355.0,705.0,406.0,95.0,51.0,
s8,d5,frame_0040.jpg,True,610.0,356.0,704.0,407.0,94.0,51.0,
s8,d5,frame_0041.jpg,True,610.0,357.0,704.0,408.0,94.0,51.0,
s8,d6,frame_0001.jpg,True,608.0,362.0,701.0,413.0,93.0,51.0,
s8,d6,frame_0002.jpg,True,609.0,362.0,700.0,414.0,91.0,52.0,
s8,d6,frame_0003.jpg,True,609.0,362.0,700.0,415.0,91.0,53.0,
s8,d6,frame_0004.jpg,True,610.0,361.0,699.0,416.0,89.0,55.0,
s8,d6,frame_0005.jpg,True,610.0,360.0,700.0,416.0,90.0,56.0,
s8,d6,frame_0006.jpg,True,609.0,359.0,700.0,415.0,91.0,56.0,
s8,d6,frame_0007.jpg,True,610.0,358.0,700.0,415.0,90.0,57.0,
s8,d6,frame_0008.jpg,True,610.0,356.0,699.0,415.0,89.0,59.0,
s8,d6,frame_0009.jpg,True,610.0,355.0,699.0,415.0,89.0,60.0,
s8,d6,frame_0010.jpg,True,610.0,354.0,699.0,414.0,89.0,60.0,
s8,d6,frame_0011.jpg,True,610.0,354.0,698.0,414.0,88.0,60.0,
s8,d6,frame_0012.jpg,True,610.0,352.0,699.0,413.0,89.0,61.0,
s8,d6,frame_0013.jpg,True,611.0,351.0,699.0,411.0,88.0,60.0,
s8,d6,frame_0014.jpg,True,611.0,349.0,700.0,411.0,89.0,62.0,
s8,d6,frame_0015.jpg,True,611.0,348.0,699.0,410.0,88.0,62.0,
s8,d6,frame_0016.jpg,True,611.0,348.0,701.0,411.0,90.0,63.0,
s8,d6,frame_0017.jpg,True,611.0,348.0,700.0,411.0,89.0,63.0,
s8,d6,frame_0018.jpg,True,611.0,348.0,700.0,411.0,89.0,63.0,
s8,d6,frame_0019.jpg,True,611.0,349.0,700.0,411.0,89.0,62.0,
s8,d6,frame_0020.jpg,True,611.0,349.0,700.0,412.0,89.0,63.0,
s8,d6,frame_0021.jpg,True,611.0,352.0,699.0,415.0,88.0,63.0,
s8,d6,frame_0022.jpg,True,611.0,353.0,698.0,417.0,87.0,64.0,
s8,d6,frame_0023.jpg,True,612.0,354.0,697.0,419.0,85.0,65.0,
s8,d6,frame_0024.jpg,True,612.0,354.0,697.0,421.0,85.0,67.0,
s8,d6,frame_0025.jpg,True,612.0,355.0,695.0,421.0,83.0,66.0,
s8,d6,frame_0026.jpg,True,612.0,356.0,694.0,423.0,82.0,67.0,
s8,d6,frame_0027.jpg,True,612.0,357.0,694.0,424.0,82.0,67.0,
s8,d6,frame_0028.jpg,True,612.0,358.0,695.0,427.0,83.0,69.0,
s8,d6,frame_0029.jpg,True,612.0,358.0,694.0,426.0,82.0,68.0,
s8,d6,frame_0030.jpg,True,612.0,358.0,695.0,427.0,83.0,69.0,
s8,d6,frame_0031.jpg,True,611.0,360.0,696.0,427.0,85.0,67.0,
s8,d6,frame_0032.jpg,True,611.0,360.0,696.0,426.0,85.0,66.0,
s8,d6,frame_0033.jpg,True,611.0,360.0,698.0,426.0,87.0,66.0,
s8,d6,frame_0034.jpg,True,610.0,360.0,698.0,426.0,88.0,66.0,
s8,d6,frame_0035.jpg,True,609.0,359.0,700.0,424.0,91.0,65.0,
s8,d6,frame_0036.jpg,True,609.0,359.0,701.0,422.0,92.0,63.0,
s8,d6,frame_0037.jpg,True,609.0,357.0,701.0,419.0,92.0,62.0,
s8,d6,frame_0038.jpg,True,608.0,355.0,701.0,417.0,93.0,62.0,
s8,d6,frame_0039.jpg,True,608.0,355.0,701.0,413.0,93.0,58.0,
s8,d6,frame_0040.jpg,True,608.0,354.0,701.0,411.0,93.0,57.0,
s8,d6,frame_0041.jpg,True,608.0,353.0,700.0,410.0,92.0,57.0,
s8,d6,frame_0042.jpg,True,608.0,353.0,700.0,409.0,92.0,56.0,
s8,d6,frame_0043.jpg,True,607.0,353.0,700.0,407.0,93.0,54.0,
s8,d6,frame_0044.jpg,True,608.0,354.0,700.0,408.0,92.0,54.0,
s8,d6,frame_0045.jpg,True,608.0,355.0,701.0,408.0,93.0,53.0,
s8,d6,frame_0046.jpg,True,609.0,356.0,700.0,408.0,91.0,52.0,
s8,d6,frame_0047.jpg,True,608.0,356.0,700.0,409.0,92.0,53.0,
s8,d6,frame_0048.jpg,True,608.0,356.0,701.0,410.0,93.0,54.0,
s8,d6,frame_0049.jpg,True,608.0,357.0,701.0,409.0,93.0,52.0,
s8,d6,frame_0050.jpg,True,608.0,358.0,700.0,410.0,92.0,52.0,
s8,d6,frame_0051.jpg,True,608.0,357.0,700.0,410.0,92.0,53.0,
s8,d6,frame_0052.jpg,True,608.0,357.0,700.0,410.0,92.0,53.0,
s8,d6,frame_0053.jpg,True,608.0,357.0,700.0,410.0,92.0,53.0,
s8,d6,frame_0054.jpg,True,608.0,357.0,700.0,410.0,92.0,53.0,
s8,d6,frame_0055.jpg,True,608.0,358.0,700.0,410.0,92.0,52.0,
s8,d6,frame_0056.jpg,True,608.0,358.0,700.0,411.0,92.0,53.0,
s8,d7,frame_0001.jpg,True,601.0,362.0,695.0,414.0,94.0,52.0,
s8,d7,frame_0002.jpg,True,601.0,362.0,695.0,414.0,94.0,52.0,
s8,d7,frame_0003.jpg,True,601.0,362.0,695.0,414.0,94.0,52.0,
s8,d7,frame_0004.jpg,True,602.0,362.0,695.0,414.0,93.0,52.0,
s8,d7,frame_0005.jpg,True,602.0,362.0,695.0,414.0,93.0,52.0,
s8,d7,frame_0006.jpg,True,602.0,363.0,694.0,414.0,92.0,51.0,
s8,d7,frame_0007.jpg,True,602.0,363.0,694.0,414.0,92.0,51.0,
s8,d7,frame_0008.jpg,True,602.0,363.0,694.0,414.0,92.0,51.0,
s8,d7,frame_0009.jpg,True,602.0,363.0,694.0,414.0,92.0,51.0,
s8,d7,frame_0010.jpg,True,602.0,363.0,693.0,415.0,91.0,52.0,
s8,d7,frame_0011.jpg,True,602.0,362.0,694.0,415.0,92.0,53.0,
s8,d7,frame_0012.jpg,True,601.0,361.0,693.0,415.0,92.0,54.0,
s8,d7,frame_0013.jpg,True,601.0,359.0,692.0,416.0,91.0,57.0,
s8,d7,frame_0014.jpg,True,601.0,357.0,693.0,416.0,92.0,59.0,
s8,d7,frame_0015.jpg,True,601.0,355.0,693.0,415.0,92.0,60.0,
s8,d7,frame_0016.jpg,True,601.0,352.0,695.0,413.0,94.0,61.0,
s8,d7,frame_0017.jpg,True,601.0,350.0,695.0,413.0,94.0,63.0,
s8,d7,frame_0018.jpg,True,600.0,348.0,695.0,415.0,95.0,67.0,
s8,d7,frame_0019.jpg,True,600.0,349.0,694.0,418.0,94.0,69.0,
s8,d7,frame_0020.jpg,True,600.0,350.0,695.0,419.0,95.0,69.0,
s8,d7,frame_0021.jpg,True,600.0,352.0,693.0,421.0,93.0,69.0,
s8,d7,frame_0022.jpg,True,599.0,355.0,694.0,423.0,95.0,68.0,
s8,d7,frame_0023.jpg,True,598.0,356.0,693.0,424.0,95.0,68.0,
s8,d7,frame_0024.jpg,True,599.0,358.0,692.0,426.0,93.0,68.0,
s8,d7,frame_0025.jpg,True,599.0,360.0,693.0,425.0,94.0,65.0,
s8,d7,frame_0026.jpg,True,599.0,362.0,692.0,424.0,93.0,62.0,
s8,d7,frame_0027.jpg,True,598.0,362.0,692.0,423.0,94.0,61.0,
s8,d7,frame_0028.jpg,True,599.0,363.0,692.0,421.0,93.0,58.0,
s8,d7,frame_0029.jpg,True,600.0,364.0,692.0,419.0,92.0,55.0,
s8,d7,frame_0030.jpg,True,599.0,364.0,692.0,418.0,93.0,54.0,
s8,d7,frame_0031.jpg,True,599.0,365.0,692.0,416.0,93.0,51.0,
s8,d7,frame_0032.jpg,True,599.0,364.0,692.0,416.0,93.0,52.0,
s8,d7,frame_0033.jpg,True,599.0,364.0,692.0,416.0,93.0,52.0,
s8,d7,frame_0034.jpg,True,599.0,363.0,692.0,415.0,93.0,52.0,
s8,d7,frame_0035.jpg,True,599.0,363.0,692.0,414.0,93.0,51.0,
s8,d7,frame_0036.jpg,True,599.0,362.0,692.0,413.0,93.0,51.0,
s8,d7,frame_0037.jpg,True,599.0,360.0,693.0,412.0,94.0,52.0,
s8,d7,frame_0038.jpg,True,600.0,359.0,694.0,412.0,94.0,53.0,
s8,d8,frame_0001.jpg,True,604.0,365.0,697.0,416.0,93.0,51.0,
s8,d8,frame_0002.jpg,True,604.0,364.0,696.0,416.0,92.0,52.0,
s8,d8,frame_0003.jpg,True,604.0,364.0,696.0,416.0,92.0,52.0,
s8,d8,frame_0004.jpg,True,604.0,365.0,696.0,416.0,92.0,51.0,
s8,d8,frame_0005.jpg,True,605.0,366.0,696.0,416.0,91.0,50.0,
s8,d8,frame_0006.jpg,True,606.0,367.0,696.0,416.0,90.0,49.0,
s8,d8,frame_0007.jpg,True,606.0,368.0,695.0,417.0,89.0,49.0,
s8,d8,frame_0008.jpg,True,605.0,368.0,696.0,421.0,91.0,53.0,
s8,d8,frame_0009.jpg,True,605.0,365.0,694.0,429.0,89.0,64.0,
s8,d8,frame_0010.jpg,True,602.0,366.0,696.0,432.0,94.0,66.0,
s8,d8,frame_0011.jpg,True,602.0,365.0,696.0,433.0,94.0,68.0,
s8,d8,frame_0012.jpg,True,601.0,366.0,696.0,433.0,95.0,67.0,
s8,d8,frame_0013.jpg,True,601.0,367.0,695.0,433.0,94.0,66.0,
s8,d8,frame_0014.jpg,True,600.0,367.0,696.0,433.0,96.0,66.0,
s8,d8,frame_0015.jpg,True,599.0,367.0,696.0,430.0,97.0,63.0,
s8,d8,frame_0016.jpg,True,600.0,368.0,695.0,427.0,95.0,59.0,
s8,d8,frame_0017.jpg,True,601.0,368.0,695.0,424.0,94.0,56.0,
s8,d8,frame_0018.jpg,True,600.0,368.0,694.0,422.0,94.0,54.0,
s8,d8,frame_0019.jpg,True,601.0,367.0,694.0,421.0,93.0,54.0,
s8,d8,frame_0020.jpg,True,600.0,366.0,694.0,420.0,94.0,54.0,
s8,d8,frame_0021.jpg,True,600.0,365.0,693.0,419.0,93.0,54.0,
s8,d8,frame_0022.jpg,True,600.0,364.0,694.0,416.0,94.0,52.0,
s8,d8,frame_0023.jpg,True,600.0,363.0,693.0,416.0,93.0,53.0,
s8,d8,frame_0024.jpg,True,600.0,362.0,692.0,415.0,92.0,53.0,
s8,d8,frame_0025.jpg,True,600.0,362.0,692.0,415.0,92.0,53.0,
s8,d8,frame_0026.jpg,True,600.0,362.0,692.0,415.0,92.0,53.0,
s8,d8,frame_0027.jpg,True,599.0,363.0,692.0,416.0,93.0,53.0,
s8,d8,frame_0028.jpg,True,599.0,363.0,691.0,416.0,92.0,53.0,
s8,d8,frame_0029.jpg,True,599.0,364.0,691.0,417.0,92.0,53.0,
s8,d8,frame_0030.jpg,True,599.0,364.0,692.0,417.0,93.0,53.0,
s8,d8,frame_0031.jpg,True,600.0,365.0,691.0,417.0,91.0,52.0,
s8,d8,frame_0032.jpg,True,599.0,365.0,691.0,417.0,92.0,52.0,
s8,d9,frame_0001.jpg,True,597.0,366.0,691.0,417.0,94.0,51.0,
s8,d9,frame_0002.jpg,True,597.0,366.0,691.0,417.0,94.0,51.0,
s8,d9,frame_0003.jpg,True,597.0,366.0,690.0,417.0,93.0,51.0,
s8,d9,frame_0004.jpg,True,597.0,366.0,690.0,417.0,93.0,51.0,
s8,d9,frame_0005.jpg,True,597.0,366.0,690.0,418.0,93.0,52.0,
s8,d9,frame_0006.jpg,True,597.0,366.0,689.0,419.0,92.0,53.0,
s8,d9,frame_0007.jpg,True,597.0,365.0,689.0,423.0,92.0,58.0,
s8,d9,frame_0008.jpg,True,597.0,364.0,688.0,423.0,91.0,59.0,
s8,d9,frame_0009.jpg,True,597.0,362.0,688.0,426.0,91.0,64.0,
s8,d9,frame_0010.jpg,True,597.0,362.0,687.0,429.0,90.0,67.0,
s8,d9,frame_0011.jpg,True,597.0,363.0,687.0,434.0,90.0,71.0,
s8,d9,frame_0012.jpg,True,595.0,364.0,686.0,439.0,91.0,75.0,
s8,d9,frame_0013.jpg,True,596.0,366.0,685.0,439.0,89.0,73.0,
s8,d9,frame_0014.jpg,True,596.0,370.0,685.0,439.0,89.0,69.0,
s8,d9,frame_0015.jpg,True,597.0,372.0,682.0,438.0,85.0,66.0,
s8,d9,frame_0016.jpg,True,597.0,374.0,682.0,437.0,85.0,63.0,
s8,d9,frame_0017.jpg,True,598.0,375.0,681.0,434.0,83.0,59.0,
s8,d9,frame_0018.jpg,True,598.0,374.0,681.0,433.0,83.0,59.0,
s8,d9,frame_0019.jpg,True,597.0,372.0,683.0,430.0,86.0,58.0,
s8,d9,frame_0020.jpg,True,596.0,370.0,685.0,428.0,89.0,58.0,
s8,d9,frame_0021.jpg,True,595.0,367.0,685.0,424.0,90.0,57.0,
s8,d9,frame_0022.jpg,True,595.0,365.0,685.0,421.0,90.0,56.0,
s8,d9,frame_0023.jpg,True,594.0,364.0,685.0,419.0,91.0,55.0,
s8,d9,frame_0024.jpg,True,595.0,363.0,686.0,416.0,91.0,53.0,
s8,d9,frame_0025.jpg,True,595.0,362.0,686.0,416.0,91.0,54.0,
s8,d9,frame_0026.jpg,True,595.0,363.0,686.0,416.0,91.0,53.0,
s8,d9,frame_0027.jpg,True,595.0,363.0,686.0,416.0,91.0,53.0,
s8,d9,frame_0028.jpg,True,595.0,364.0,686.0,416.0,91.0,52.0,
s8,d10,frame_0001.jpg,True,594.0,366.0,687.0,418.0,93.0,52.0,
s8,d10,frame_0002.jpg,True,595.0,367.0,687.0,420.0,92.0,53.0,
s8,d10,frame_0003.jpg,True,595.0,367.0,686.0,422.0,91.0,55.0,
s8,d10,frame_0004.jpg,True,595.0,365.0,687.0,425.0,92.0,60.0,
s8,d10,frame_0005.jpg,True,595.0,363.0,686.0,424.0,91.0,61.0,
s8,d10,frame_0006.jpg,True,595.0,361.0,687.0,421.0,92.0,60.0,
s8,d10,frame_0007.jpg,True,596.0,359.0,687.0,420.0,91.0,61.0,
s8,d10,frame_0008.jpg,True,596.0,358.0,688.0,418.0,92.0,60.0,
s8,d10,frame_0009.jpg,True,597.0,357.0,689.0,417.0,92.0,60.0,
s8,d10,frame_0010.jpg,True,597.0,358.0,690.0,417.0,93.0,59.0,
s8,d10,frame_0011.jpg,True,597.0,360.0,690.0,419.0,93.0,59.0,
s8,d10,frame_0012.jpg,True,600.0,362.0,690.0,422.0,90.0,60.0,
s8,d10,frame_0013.jpg,True,598.0,367.0,691.0,427.0,93.0,60.0,
s8,d10,frame_0014.jpg,True,599.0,371.0,690.0,432.0,91.0,61.0,
s8,d10,frame_0015.jpg,True,601.0,376.0,690.0,432.0,89.0,56.0,
s8,d10,frame_0016.jpg,True,603.0,383.0,690.0,432.0,87.0,49.0,
s8,d10,frame_0017.jpg,True,604.0,383.0,691.0,432.0,87.0,49.0,
s8,d10,frame_0018.jpg,True,604.0,382.0,692.0,431.0,88.0,49.0,
s8,d10,frame_0019.jpg,True,605.0,379.0,693.0,429.0,88.0,50.0,
s8,d10,frame_0020.jpg,True,603.0,378.0,694.0,430.0,91.0,52.0,
s8,d10,frame_0021.jpg,True,604.0,376.0,694.0,430.0,90.0,54.0,
s8,d10,frame_0022.jpg,True,605.0,375.0,695.0,431.0,90.0,56.0,
s8,d10,frame_0023.jpg,True,605.0,374.0,696.0,431.0,91.0,57.0,
s8,d10,frame_0024.jpg,True,605.0,374.0,698.0,430.0,93.0,56.0,
s8,d10,frame_0025.jpg,True,606.0,374.0,698.0,427.0,92.0,53.0,
s8,d10,frame_0026.jpg,True,606.0,374.0,699.0,426.0,93.0,52.0,
s8,d10,frame_0027.jpg,True,606.0,373.0,700.0,425.0,94.0,52.0,
s8,d10,frame_0028.jpg,True,607.0,373.0,700.0,423.0,93.0,50.0,
s8,d10,frame_0029.jpg,True,608.0,372.0,701.0,422.0,93.0,50.0,
s8,d10,frame_0030.jpg,True,608.0,371.0,701.0,421.0,93.0,50.0,
s8,d10,frame_0031.jpg,True,610.0,371.0,701.0,421.0,91.0,50.0,
s9,d0,frame_0001.jpg,True,595.0,301.0,684.0,343.0,89.0,42.0,
s9,d0,frame_0002.jpg,True,594.0,301.0,684.0,343.0,90.0,42.0,
s9,d0,frame_0003.jpg,True,594.0,301.0,683.0,343.0,89.0,42.0,
s9,d0,frame_0004.jpg,True,594.0,301.0,683.0,344.0,89.0,43.0,
s9,d0,frame_0005.jpg,True,595.0,301.0,682.0,344.0,87.0,43.0,
s9,d0,frame_0006.jpg,True,595.0,302.0,683.0,346.0,88.0,44.0,
s9,d0,frame_0007.jpg,True,596.0,298.0,682.0,351.0,86.0,53.0,
s9,d0,frame_0008.jpg,True,597.0,296.0,683.0,350.0,86.0,54.0,
s9,d0,frame_0009.jpg,True,597.0,293.0,684.0,348.0,87.0,55.0,
s9,d0,frame_0010.jpg,True,598.0,291.0,684.0,346.0,86.0,55.0,
s9,d0,frame_0011.jpg,True,598.0,290.0,685.0,344.0,87.0,54.0,
s9,d0,frame_0012.jpg,True,598.0,290.0,687.0,341.0,89.0,51.0,
s9,d0,frame_0013.jpg,True,599.0,292.0,687.0,337.0,88.0,45.0,
s9,d0,frame_0014.jpg,True,599.0,294.0,687.0,336.0,88.0,42.0,
s9,d0,frame_0015.jpg,True,599.0,296.0,687.0,336.0,88.0,40.0,
s9,d0,frame_0016.jpg,True,599.0,297.0,687.0,336.0,88.0,39.0,
s9,d0,frame_0017.jpg,True,599.0,297.0,688.0,336.0,89.0,39.0,
s9,d0,frame_0018.jpg,True,599.0,297.0,688.0,336.0,89.0,39.0,
s9,d0,frame_0019.jpg,True,599.0,295.0,688.0,335.0,89.0,40.0,
s9,d0,frame_0020.jpg,True,598.0,295.0,688.0,336.0,90.0,41.0,
s9,d0,frame_0021.jpg,True,598.0,293.0,688.0,341.0,90.0,48.0,
s9,d0,frame_0022.jpg,True,600.0,289.0,688.0,351.0,88.0,62.0,
s9,d0,frame_0023.jpg,True,599.0,288.0,688.0,358.0,89.0,70.0,
s9,d0,frame_0024.jpg,True,600.0,289.0,687.0,361.0,87.0,72.0,
s9,d0,frame_0025.jpg,True,599.0,291.0,687.0,361.0,88.0,70.0,
s9,d0,frame_0026.jpg,True,603.0,294.0,685.0,360.0,82.0,66.0,
s9,d0,frame_0027.jpg,True,605.0,297.0,685.0,355.0,80.0,58.0,
s9,d0,frame_0028.jpg,True,606.0,296.0,684.0,350.0,78.0,54.0,
s9,d0,frame_0029.jpg,True,604.0,296.0,685.0,346.0,81.0,50.0,
s9,d0,frame_0030.jpg,True,602.0,295.0,687.0,344.0,85.0,49.0,
s9,d0,frame_0031.jpg,True,602.0,295.0,689.0,344.0,87.0,49.0,
s9,d0,frame_0032.jpg,True,601.0,295.0,690.0,342.0,89.0,47.0,
s9,d0,frame_0033.jpg,True,599.0,295.0,690.0,341.0,91.0,46.0,
s9,d0,frame_0034.jpg,True,599.0,295.0,690.0,341.0,91.0,46.0,
s9,d0,frame_0035.jpg,True,600.0,295.0,690.0,340.0,90.0,45.0,
s9,d0,frame_0036.jpg,True,598.0,295.0,690.0,341.0,92.0,46.0,
s9,d0,frame_0037.jpg,True,598.0,295.0,690.0,340.0,92.0,45.0,
s9,d0,frame_0038.jpg,True,598.0,295.0,689.0,340.0,91.0,45.0,
s9,d0,frame_0039.jpg,True,598.0,296.0,689.0,340.0,91.0,44.0,
s9,d0,frame_0040.jpg,True,597.0,296.0,689.0,341.0,92.0,45.0,
s9,d0,frame_0041.jpg,True,597.0,296.0,689.0,340.0,92.0,44.0,
s9,d0,frame_0042.jpg,True,597.0,296.0,689.0,340.0,92.0,44.0,
s9,d0,frame_0043.jpg,True,597.0,296.0,689.0,340.0,92.0,44.0,
s9,d0,frame_0044.jpg,True,597.0,296.0,689.0,340.0,92.0,44.0,
s9,d1,frame_0001.jpg,True,598.0,300.0,688.0,342.0,90.0,42.0,
s9,d1,frame_0002.jpg,True,597.0,300.0,688.0,342.0,91.0,42.0,
s9,d1,frame_0003.jpg,True,597.0,300.0,688.0,342.0,91.0,42.0,
s9,d1,frame_0004.jpg,True,597.0,299.0,688.0,342.0,91.0,43.0,
s9,d1,frame_0005.jpg,True,597.0,299.0,688.0,342.0,91.0,43.0,
s9,d1,frame_0006.jpg,True,597.0,299.0,688.0,342.0,91.0,43.0,
s9,d1,frame_0007.jpg,True,597.0,299.0,688.0,342.0,91.0,43.0,
s9,d1,frame_0008.jpg,True,597.0,299.0,688.0,342.0,91.0,43.0,
s9,d1,frame_0009.jpg,True,597.0,299.0,688.0,342.0,91.0,43.0,
s9,d1,frame_0010.jpg,True,598.0,299.0,688.0,342.0,90.0,43.0,
s9,d1,frame_0011.jpg,True,598.0,299.0,687.0,342.0,89.0,43.0,
s9,d1,frame_0012.jpg,True,597.0,299.0,687.0,342.0,90.0,43.0,
s9,d1,frame_0013.jpg,True,597.0,299.0,687.0,342.0,90.0,43.0,
s9,d1,frame_0014.jpg,True,598.0,299.0,687.0,342.0,89.0,43.0,
s9,d1,frame_0015.jpg,True,597.0,299.0,687.0,343.0,90.0,44.0,
s9,d1,frame_0016.jpg,True,598.0,300.0,688.0,343.0,90.0,43.0,
s9,d1,frame_0017.jpg,True,598.0,300.0,687.0,344.0,89.0,44.0,
s9,d1,frame_0018.jpg,True,600.0,298.0,687.0,347.0,87.0,49.0,
s9,d1,frame_0019.jpg,True,599.0,296.0,687.0,353.0,88.0,57.0,
s9,d1,frame_0020.jpg,True,600.0,294.0,687.0,353.0,87.0,59.0,
s9,d1,frame_0021.jpg,True,599.0,293.0,687.0,353.0,88.0,60.0,
s9,d1,frame_0022.jpg,True,600.0,292.0,687.0,353.0,87.0,61.0,
s9,d1,frame_0023.jpg,True,600.0,292.0,688.0,353.0,88.0,61.0,
s9,d1,frame_0024.jpg,True,600.0,292.0,687.0,353.0,87.0,61.0,
s9,d1,frame_0025.jpg,True,600.0,293.0,688.0,353.0,88.0,60.0,
s9,d1,frame_0026.jpg,True,599.0,294.0,688.0,354.0,89.0,60.0,
s9,d1,frame_0027.jpg,True,600.0,295.0,688.0,354.0,88.0,59.0,
s9,d1,frame_0028.jpg,True,600.0,295.0,688.0,352.0,88.0,57.0,
s9,d1,frame_0029.jpg,True,600.0,297.0,689.0,351.0,89.0,54.0,
s9,d1,frame_0030.jpg,True,600.0,297.0,690.0,352.0,90.0,55.0,
s9,d1,frame_0031.jpg,True,600.0,297.0,690.0,351.0,90.0,54.0,
s9,d1,frame_0032.jpg,True,600.0,298.0,689.0,350.0,89.0,52.0,
s9,d1,frame_0033.jpg,True,600.0,298.0,689.0,349.0,89.0,51.0,
s9,d1,frame_0034.jpg,True,600.0,297.0,689.0,348.0,89.0,51.0,
s9,d1,frame_0035.jpg,True,600.0,296.0,689.0,347.0,89.0,51.0,
s9,d1,frame_0036.jpg,True,600.0,296.0,690.0,345.0,90.0,49.0,
s9,d1,frame_0037.jpg,True,601.0,296.0,690.0,344.0,89.0,48.0,
s9,d1,frame_0038.jpg,True,600.0,296.0,690.0,343.0,90.0,47.0,
s9,d1,frame_0039.jpg,True,600.0,296.0,690.0,343.0,90.0,47.0,
s9,d1,frame_0040.jpg,True,601.0,296.0,690.0,343.0,89.0,47.0,
s9,d1,frame_0041.jpg,True,601.0,296.0,690.0,344.0,89.0,48.0,
s9,d1,frame_0042.jpg,True,600.0,297.0,690.0,344.0,90.0,47.0,
s9,d1,frame_0043.jpg,True,600.0,298.0,690.0,344.0,90.0,46.0,
s9,d1,frame_0044.jpg,True,600.0,298.0,690.0,344.0,90.0,46.0,
s9,d1,frame_0045.jpg,True,600.0,298.0,690.0,345.0,90.0,47.0,
s9,d1,frame_0046.jpg,True,599.0,298.0,689.0,343.0,90.0,45.0,
s9,d1,frame_0047.jpg,True,599.0,298.0,689.0,343.0,90.0,45.0,
s9,d1,frame_0048.jpg,True,599.0,298.0,689.0,343.0,90.0,45.0,
s9,d1,frame_0049.jpg,True,598.0,298.0,689.0,342.0,91.0,44.0,
s9,d1,frame_0050.jpg,True,599.0,298.0,689.0,342.0,90.0,44.0,
s9,d1,frame_0051.jpg,True,598.0,298.0,689.0,341.0,91.0,43.0,
s9,d1,frame_0052.jpg,True,598.0,298.0,689.0,341.0,91.0,43.0,
s9,d1,frame_0053.jpg,True,598.0,298.0,689.0,341.0,91.0,43.0,
s9,d1,frame_0054.jpg,True,598.0,298.0,689.0,342.0,91.0,44.0,
s9,d1,frame_0055.jpg,True,599.0,299.0,688.0,342.0,89.0,43.0,
s9,d1,frame_0056.jpg,True,598.0,298.0,688.0,342.0,90.0,44.0,
s9,d1,frame_0057.jpg,True,598.0,299.0,689.0,342.0,91.0,43.0,
s9,d1,frame_0058.jpg,True,598.0,299.0,689.0,342.0,91.0,43.0,
s9,d1,frame_0059.jpg,True,598.0,300.0,688.0,342.0,90.0,42.0,
s9,d2,frame_0001.jpg,True,600.0,308.0,691.0,350.0,91.0,42.0,
s9,d2,frame_0002.jpg,True,601.0,307.0,691.0,350.0,90.0,43.0,
s9,d2,frame_0003.jpg,True,601.0,307.0,691.0,350.0,90.0,43.0,
s9,d2,frame_0004.jpg,True,601.0,307.0,691.0,349.0,90.0,42.0,
s9,d2,frame_0005.jpg,True,601.0,306.0,691.0,349.0,90.0,43.0,
s9,d2,frame_0006.jpg,True,601.0,306.0,691.0,349.0,90.0,43.0,
s9,d2,frame_0007.jpg,True,601.0,306.0,691.0,349.0,90.0,43.0,
s9,d2,frame_0008.jpg,True,600.0,306.0,691.0,349.0,91.0,43.0,
s9,d2,frame_0009.jpg,True,600.0,306.0,690.0,349.0,90.0,43.0,
s9,d2,frame_0010.jpg,True,601.0,305.0,690.0,348.0,89.0,43.0,
s9,d2,frame_0011.jpg,True,601.0,305.0,690.0,349.0,89.0,44.0,
s9,d2,frame_0012.jpg,True,601.0,304.0,690.0,348.0,89.0,44.0,
s9,d2,frame_0013.jpg,True,600.0,303.0,690.0,348.0,90.0,45.0,
s9,d2,frame_0014.jpg,True,602.0,301.0,688.0,352.0,86.0,51.0,
s9,d2,frame_0015.jpg,True,602.0,298.0,690.0,357.0,88.0,59.0,
s9,d2,frame_0016.jpg,True,602.0,296.0,688.0,360.0,86.0,64.0,
s9,d2,frame_0017.jpg,True,601.0,294.0,689.0,358.0,88.0,64.0,
s9,d2,frame_0018.jpg,True,601.0,293.0,689.0,357.0,88.0,64.0,
s9,d2,frame_0019.jpg,True,600.0,292.0,690.0,354.0,90.0,62.0,
s9,d2,frame_0020.jpg,True,600.0,292.0,690.0,351.0,90.0,59.0,
s9,d2,frame_0021.jpg,True,601.0,292.0,690.0,349.0,89.0,57.0,
s9,d2,frame_0022.jpg,True,601.0,293.0,691.0,348.0,90.0,55.0,
s9,d2,frame_0023.jpg,True,601.0,294.0,691.0,349.0,90.0,55.0,
s9,d2,frame_0024.jpg,True,601.0,296.0,690.0,350.0,89.0,54.0,
s9,d2,frame_0025.jpg,True,601.0,297.0,691.0,352.0,90.0,55.0,
s9,d2,frame_0026.jpg,True,601.0,299.0,691.0,353.0,90.0,54.0,
s9,d2,frame_0027.jpg,True,601.0,300.0,689.0,356.0,88.0,56.0,
s9,d2,frame_0028.jpg,True,602.0,301.0,690.0,362.0,88.0,61.0,
s9,d2,frame_0029.jpg,True,602.0,303.0,690.0,365.0,88.0,62.0,
s9,d2,frame_0030.jpg,True,601.0,304.0,690.0,365.0,89.0,61.0,
s9,d2,frame_0031.jpg,True,602.0,305.0,689.0,363.0,87.0,58.0,
s9,d2,frame_0032.jpg,True,601.0,305.0,689.0,361.0,88.0,56.0,
s9,d2,frame_0033.jpg,True,601.0,305.0,690.0,359.0,89.0,54.0,
s9,d2,frame_0034.jpg,True,601.0,305.0,690.0,357.0,89.0,52.0,
s9,d2,frame_0035.jpg,True,601.0,305.0,691.0,355.0,90.0,50.0,
s9,d2,frame_0036.jpg,True,601.0,304.0,691.0,354.0,90.0,50.0,
s9,d2,frame_0037.jpg,True,601.0,304.0,691.0,354.0,90.0,50.0,
s9,d2,frame_0038.jpg,True,601.0,304.0,691.0,354.0,90.0,50.0,
s9,d2,frame_0039.jpg,True,601.0,303.0,691.0,354.0,90.0,51.0,
s9,d2,frame_0040.jpg,True,601.0,303.0,691.0,353.0,90.0,50.0,
s9,d2,frame_0041.jpg,True,601.0,303.0,691.0,353.0,90.0,50.0,
s9,d2,frame_0042.jpg,True,601.0,304.0,691.0,352.0,90.0,48.0,
s9,d2,frame_0043.jpg,True,601.0,304.0,691.0,352.0,90.0,48.0,
s9,d2,frame_0044.jpg,True,600.0,304.0,691.0,351.0,91.0,47.0,
s9,d2,frame_0045.jpg,True,601.0,304.0,691.0,351.0,90.0,47.0,
s9,d2,frame_0046.jpg,True,600.0,304.0,691.0,351.0,91.0,47.0,
s9,d2,frame_0047.jpg,True,599.0,304.0,691.0,350.0,92.0,46.0,
s9,d2,frame_0048.jpg,True,599.0,304.0,691.0,350.0,92.0,46.0,
s9,d2,frame_0049.jpg,True,598.0,304.0,690.0,349.0,92.0,45.0,
s9,d2,frame_0050.jpg,True,598.0,304.0,690.0,349.0,92.0,45.0,
s9,d2,frame_0051.jpg,True,598.0,304.0,690.0,349.0,92.0,45.0,
s9,d3,frame_0001.jpg,True,597.0,302.0,688.0,345.0,91.0,43.0,
s9,d3,frame_0002.jpg,True,598.0,302.0,687.0,345.0,89.0,43.0,
s9,d3,frame_0003.jpg,True,597.0,302.0,687.0,345.0,90.0,43.0,
s9,d3,frame_0004.jpg,True,597.0,303.0,688.0,345.0,91.0,42.0,
s9,d3,frame_0005.jpg,True,597.0,303.0,688.0,345.0,91.0,42.0,
s9,d3,frame_0006.jpg,True,597.0,303.0,688.0,346.0,91.0,43.0,
s9,d3,frame_0007.jpg,True,598.0,303.0,688.0,346.0,90.0,43.0,
s9,d3,frame_0008.jpg,True,598.0,303.0,688.0,346.0,90.0,43.0,
s9,d3,frame_0009.jpg,True,598.0,303.0,688.0,345.0,90.0,42.0,
s9,d3,frame_0010.jpg,True,598.0,303.0,688.0,346.0,90.0,43.0,
s9,d3,frame_0011.jpg,True,598.0,303.0,688.0,346.0,90.0,43.0,
s9,d3,frame_0012.jpg,True,598.0,303.0,688.0,346.0,90.0,43.0,
s9,d3,frame_0013.jpg,True,598.0,303.0,688.0,346.0,90.0,43.0,
s9,d3,frame_0014.jpg,True,598.0,302.0,688.0,346.0,90.0,44.0,
s9,d3,frame_0015.jpg,True,599.0,302.0,688.0,346.0,89.0,44.0,
s9,d3,frame_0016.jpg,True,600.0,301.0,688.0,347.0,88.0,46.0,
s9,d3,frame_0017.jpg,True,600.0,299.0,688.0,352.0,88.0,53.0,
s9,d3,frame_0018.jpg,True,600.0,297.0,689.0,351.0,89.0,54.0,
s9,d3,frame_0019.jpg,True,600.0,296.0,690.0,349.0,90.0,53.0,
s9,d3,frame_0020.jpg,True,599.0,294.0,691.0,348.0,92.0,54.0,
s9,d3,frame_0021.jpg,True,598.0,294.0,692.0,348.0,94.0,54.0,
s9,d3,frame_0022.jpg,True,598.0,293.0,692.0,348.0,94.0,55.0,
s9,d3,frame_0023.jpg,True,598.0,293.0,692.0,349.0,94.0,56.0,
s9,d3,frame_0024.jpg,True,598.0,294.0,691.0,349.0,93.0,55.0,
s9,d3,frame_0025.jpg,True,599.0,294.0,692.0,352.0,93.0,58.0,
s9,d3,frame_0026.jpg,True,598.0,295.0,690.0,360.0,92.0,65.0,
s9,d3,frame_0027.jpg,True,599.0,297.0,692.0,368.0,93.0,71.0,
s9,d3,frame_0028.jpg,True,598.0,298.0,692.0,372.0,94.0,74.0,
s9,d3,frame_0029.jpg,True,598.0,298.0,691.0,371.0,93.0,73.0,
s9,d3,frame_0030.jpg,True,599.0,300.0,690.0,369.0,91.0,69.0,
s9,d3,frame_0031.jpg,True,600.0,303.0,689.0,363.0,89.0,60.0,
s9,d3,frame_0032.jpg,True,600.0,307.0,689.0,353.0,89.0,46.0,
s9,d3,frame_0033.jpg,True,599.0,309.0,688.0,350.0,89.0,41.0,
s9,d3,frame_0034.jpg,True,598.0,309.0,689.0,349.0,91.0,40.0,
s9,d3,frame_0035.jpg,True,599.0,308.0,689.0,348.0,90.0,40.0,
s9,d3,frame_0036.jpg,True,599.0,306.0,689.0,346.0,90.0,40.0,
s9,d3,frame_0037.jpg,True,599.0,305.0,689.0,345.0,90.0,40.0,
s9,d3,frame_0038.jpg,True,599.0,304.0,690.0,345.0,91.0,41.0,
s9,d3,frame_0039.jpg,True,599.0,304.0,690.0,345.0,91.0,41.0,
s9,d3,frame_0040.jpg,True,599.0,304.0,690.0,345.0,91.0,41.0,
s9,d3,frame_0041.jpg,True,599.0,304.0,691.0,345.0,92.0,41.0,
s9,d3,frame_0042.jpg,True,599.0,304.0,691.0,346.0,92.0,42.0,
s9,d3,frame_0043.jpg,True,599.0,304.0,691.0,346.0,92.0,42.0,
s9,d3,frame_0044.jpg,True,600.0,304.0,691.0,346.0,91.0,42.0,
s9,d3,frame_0045.jpg,True,600.0,304.0,691.0,346.0,91.0,42.0,
s9,d3,frame_0046.jpg,True,600.0,304.0,691.0,346.0,91.0,42.0,
s9,d3,frame_0047.jpg,True,600.0,304.0,690.0,346.0,90.0,42.0,
s9,d3,frame_0048.jpg,True,600.0,304.0,690.0,346.0,90.0,42.0,
s9,d3,frame_0049.jpg,True,600.0,304.0,690.0,346.0,90.0,42.0,
s9,d3,frame_0050.jpg,True,600.0,304.0,690.0,346.0,90.0,42.0,
s9,d3,frame_0051.jpg,True,600.0,304.0,690.0,346.0,90.0,42.0,
s9,d3,frame_0052.jpg,True,599.0,304.0,690.0,346.0,91.0,42.0,
s9,d4,frame_0001.jpg,True,602.0,304.0,691.0,347.0,89.0,43.0,
s9,d4,frame_0002.jpg,True,602.0,304.0,692.0,347.0,90.0,43.0,
s9,d4,frame_0003.jpg,True,602.0,301.0,692.0,352.0,90.0,51.0,
s9,d4,frame_0004.jpg,True,601.0,298.0,693.0,357.0,92.0,59.0,
s9,d4,frame_0005.jpg,True,601.0,297.0,692.0,357.0,91.0,60.0,
s9,d4,frame_0006.jpg,True,600.0,294.0,693.0,355.0,93.0,61.0,
s9,d4,frame_0007.jpg,True,601.0,293.0,694.0,353.0,93.0,60.0,
s9,d4,frame_0008.jpg,True,600.0,291.0,695.0,351.0,95.0,60.0,
s9,d4,frame_0009.jpg,True,600.0,291.0,695.0,350.0,95.0,59.0,
s9,d4,frame_0010.jpg,True,601.0,291.0,696.0,350.0,95.0,59.0,
s9,d4,frame_0011.jpg,True,601.0,291.0,696.0,351.0,95.0,60.0,
s9,d4,frame_0012.jpg,True,600.0,292.0,697.0,352.0,97.0,60.0,
s9,d4,frame_0013.jpg,True,601.0,293.0,697.0,354.0,96.0,61.0,
s9,d4,frame_0014.jpg,True,601.0,294.0,697.0,356.0,96.0,62.0,
s9,d4,frame_0015.jpg,True,600.0,296.0,696.0,358.0,96.0,62.0,
s9,d4,frame_0016.jpg,True,601.0,296.0,696.0,360.0,95.0,64.0,
s9,d4,frame_0017.jpg,True,600.0,297.0,696.0,360.0,96.0,63.0,
s9,d4,frame_0018.jpg,True,600.0,297.0,696.0,361.0,96.0,64.0,
s9,d4,frame_0019.jpg,True,601.0,297.0,696.0,360.0,95.0,63.0,
s9,d4,frame_0020.jpg,True,601.0,297.0,696.0,361.0,95.0,64.0,
s9,d4,frame_0021.jpg,True,602.0,297.0,696.0,360.0,94.0,63.0,
s9,d4,frame_0022.jpg,True,602.0,297.0,697.0,361.0,95.0,64.0,
s9,d4,frame_0023.jpg,True,602.0,298.0,697.0,359.0,95.0,61.0,
s9,d4,frame_0024.jpg,True,603.0,298.0,697.0,358.0,94.0,60.0,
s9,d4,frame_0025.jpg,True,603.0,298.0,696.0,356.0,93.0,58.0,
s9,d4,frame_0026.jpg,True,604.0,298.0,696.0,355.0,92.0,57.0,
s9,d4,frame_0027.jpg,True,603.0,298.0,696.0,353.0,93.0,55.0,
s9,d4,frame_0028.jpg,True,604.0,299.0,696.0,353.0,92.0,54.0,
s9,d4,frame_0029.jpg,True,605.0,298.0,696.0,352.0,91.0,54.0,
s9,d4,frame_0030.jpg,True,605.0,298.0,696.0,350.0,91.0,52.0,
s9,d4,frame_0031.jpg,True,603.0,299.0,696.0,350.0,93.0,51.0,
s9,d4,frame_0032.jpg,True,603.0,299.0,695.0,349.0,92.0,50.0,
s9,d4,frame_0033.jpg,True,603.0,299.0,695.0,349.0,92.0,50.0,
s9,d4,frame_0034.jpg,True,603.0,300.0,695.0,349.0,92.0,49.0,
s9,d4,frame_0035.jpg,True,603.0,300.0,695.0,349.0,92.0,49.0,
s9,d4,frame_0036.jpg,True,603.0,300.0,695.0,349.0,92.0,49.0,
s9,d4,frame_0037.jpg,True,603.0,300.0,695.0,349.0,92.0,49.0,
s9,d4,frame_0038.jpg,True,603.0,301.0,694.0,348.0,91.0,47.0,
s9,d4,frame_0039.jpg,True,603.0,301.0,694.0,348.0,91.0,47.0,
s9,d4,frame_0040.jpg,True,603.0,301.0,694.0,347.0,91.0,46.0,
s9,d4,frame_0041.jpg,True,603.0,300.0,694.0,345.0,91.0,45.0,
s9,d4,frame_0042.jpg,True,603.0,301.0,694.0,346.0,91.0,45.0,
s9,d4,frame_0043.jpg,True,602.0,301.0,693.0,345.0,91.0,44.0,
s9,d4,frame_0044.jpg,True,602.0,300.0,694.0,345.0,92.0,45.0,
s9,d5,frame_0001.jpg,True,602.0,304.0,691.0,348.0,89.0,44.0,
s9,d5,frame_0002.jpg,True,602.0,304.0,691.0,348.0,89.0,44.0,
s9,d5,frame_0003.jpg,True,602.0,303.0,691.0,347.0,89.0,44.0,
s9,d5,frame_0004.jpg,True,603.0,303.0,690.0,349.0,87.0,46.0,
s9,d5,frame_0005.jpg,True,603.0,301.0,690.0,353.0,87.0,52.0,
s9,d5,frame_0006.jpg,True,603.0,299.0,691.0,358.0,88.0,59.0,
s9,d5,frame_0007.jpg,True,603.0,298.0,691.0,360.0,88.0,62.0,
s9,d5,frame_0008.jpg,True,602.0,296.0,692.0,361.0,90.0,65.0,
s9,d5,frame_0009.jpg,True,601.0,293.0,692.0,362.0,91.0,69.0,
s9,d5,frame_0010.jpg,True,602.0,291.0,691.0,367.0,89.0,76.0,
s9,d5,frame_0011.jpg,True,601.0,289.0,693.0,367.0,92.0,78.0,
s9,d5,frame_0012.jpg,True,599.0,287.0,694.0,370.0,95.0,83.0,
s9,d5,frame_0013.jpg,True,601.0,287.0,693.0,372.0,92.0,85.0,
s9,d5,frame_0014.jpg,True,601.0,287.0,693.0,374.0,92.0,87.0,
s9,d5,frame_0015.jpg,True,600.0,287.0,694.0,375.0,94.0,88.0,
s9,d5,frame_0016.jpg,True,600.0,287.0,694.0,376.0,94.0,89.0,
s9,d5,frame_0017.jpg,True,600.0,289.0,694.0,375.0,94.0,86.0,
s9,d5,frame_0018.jpg,True,601.0,289.0,694.0,375.0,93.0,86.0,
s9,d5,frame_0019.jpg,True,601.0,289.0,694.0,375.0,93.0,86.0,
s9,d5,frame_0020.jpg,True,603.0,290.0,694.0,375.0,91.0,85.0,
s9,d5,frame_0021.jpg,True,601.0,290.0,695.0,373.0,94.0,83.0,
s9,d5,frame_0022.jpg,True,602.0,291.0,694.0,370.0,92.0,79.0,
s9,d5,frame_0023.jpg,True,602.0,291.0,693.0,366.0,91.0,75.0,
s9,d5,frame_0024.jpg,True,602.0,290.0,694.0,363.0,92.0,73.0,
s9,d5,frame_0025.jpg,True,602.0,290.0,694.0,359.0,92.0,69.0,
s9,d5,frame_0026.jpg,True,602.0,290.0,694.0,357.0,92.0,67.0,
s9,d5,frame_0027.jpg,True,602.0,289.0,694.0,354.0,92.0,65.0,
s9,d5,frame_0028.jpg,True,602.0,289.0,694.0,352.0,92.0,63.0,
s9,d5,frame_0029.jpg,True,602.0,291.0,694.0,351.0,92.0,60.0,
s9,d5,frame_0030.jpg,True,603.0,292.0,693.0,348.0,90.0,56.0,
s9,d5,frame_0031.jpg,True,603.0,293.0,693.0,347.0,90.0,54.0,
s9,d5,frame_0032.jpg,True,602.0,293.0,693.0,346.0,91.0,53.0,
s9,d5,frame_0033.jpg,True,602.0,294.0,693.0,345.0,91.0,51.0,
s9,d5,frame_0034.jpg,True,602.0,295.0,692.0,344.0,90.0,49.0,
s9,d5,frame_0035.jpg,True,601.0,295.0,691.0,344.0,90.0,49.0,
s9,d5,frame_0036.jpg,True,601.0,295.0,691.0,344.0,90.0,49.0,
s9,d5,frame_0037.jpg,True,601.0,295.0,691.0,343.0,90.0,48.0,
s9,d5,frame_0038.jpg,True,600.0,296.0,691.0,342.0,91.0,46.0,
s9,d5,frame_0039.jpg,True,600.0,296.0,691.0,341.0,91.0,45.0,
s9,d5,frame_0040.jpg,True,599.0,296.0,690.0,340.0,91.0,44.0,
s9,d5,frame_0041.jpg,True,599.0,296.0,690.0,340.0,91.0,44.0,
s9,d5,frame_0042.jpg,True,599.0,297.0,690.0,339.0,91.0,42.0,
s9,d5,frame_0043.jpg,True,599.0,297.0,690.0,339.0,91.0,42.0,
s9,d5,frame_0044.jpg,True,599.0,298.0,690.0,340.0,91.0,42.0,
s9,d5,frame_0045.jpg,True,599.0,298.0,690.0,341.0,91.0,43.0,
s9,d5,frame_0046.jpg,True,599.0,300.0,690.0,341.0,91.0,41.0,
s9,d5,frame_0047.jpg,True,600.0,301.0,690.0,343.0,90.0,42.0,
s9,d5,frame_0048.jpg,True,599.0,301.0,690.0,342.0,91.0,41.0,
s9,d5,frame_0049.jpg,True,599.0,300.0,690.0,343.0,91.0,43.0,
s9,d5,frame_0050.jpg,True,600.0,301.0,690.0,343.0,90.0,42.0,
s9,d5,frame_0051.jpg,True,601.0,303.0,691.0,344.0,90.0,41.0,
s9,d5,frame_0052.jpg,True,601.0,303.0,691.0,345.0,90.0,42.0,
s9,d6,frame_0001.jpg,True,599.0,305.0,690.0,348.0,91.0,43.0,
s9,d6,frame_0002.jpg,True,599.0,305.0,690.0,348.0,91.0,43.0,
s9,d6,frame_0003.jpg,True,599.0,305.0,690.0,348.0,91.0,43.0,
s9,d6,frame_0004.jpg,True,599.0,305.0,690.0,348.0,91.0,43.0,
s9,d6,frame_0005.jpg,True,599.0,305.0,690.0,349.0,91.0,44.0,
s9,d6,frame_0006.jpg,True,599.0,306.0,690.0,348.0,91.0,42.0,
s9,d6,frame_0007.jpg,True,599.0,306.0,690.0,349.0,91.0,43.0,
s9,d6,frame_0008.jpg,True,600.0,306.0,690.0,349.0,90.0,43.0,
s9,d6,frame_0009.jpg,True,600.0,306.0,690.0,349.0,90.0,43.0,
s9,d6,frame_0010.jpg,True,600.0,306.0,690.0,348.0,90.0,42.0,
s9,d6,frame_0011.jpg,True,602.0,305.0,689.0,345.0,87.0,40.0,
s9,d6,frame_0012.jpg,True,602.0,303.0,690.0,344.0,88.0,41.0,
s9,d6,frame_0013.jpg,True,603.0,301.0,691.0,343.0,88.0,42.0,
s9,d6,frame_0014.jpg,True,603.0,299.0,691.0,343.0,88.0,44.0,
s9,d6,frame_0015.jpg,True,603.0,298.0,692.0,347.0,89.0,49.0,
s9,d6,frame_0016.jpg,True,604.0,296.0,691.0,354.0,87.0,58.0,
s9,d6,frame_0017.jpg,True,605.0,295.0,690.0,354.0,85.0,59.0,
s9,d6,frame_0018.jpg,True,607.0,295.0,689.0,355.0,82.0,60.0,
s9,d6,frame_0019.jpg,True,607.0,296.0,688.0,357.0,81.0,61.0,
s9,d6,frame_0020.jpg,True,609.0,296.0,686.0,360.0,77.0,64.0,
s9,d6,frame_0021.jpg,True,609.0,296.0,685.0,361.0,76.0,65.0,
s9,d6,frame_0022.jpg,True,609.0,298.0,683.0,362.0,74.0,64.0,
s9,d6,frame_0023.jpg,True,608.0,299.0,682.0,362.0,74.0,63.0,
s9,d6,frame_0024.jpg,True,607.0,301.0,683.0,363.0,76.0,62.0,
s9,d6,frame_0025.jpg,True,607.0,301.0,681.0,362.0,74.0,61.0,
s9,d6,frame_0026.jpg,True,606.0,302.0,681.0,363.0,75.0,61.0,
s9,d6,frame_0027.jpg,True,605.0,302.0,681.0,363.0,76.0,61.0,
s9,d6,frame_0028.jpg,True,604.0,302.0,681.0,361.0,77.0,59.0,
s9,d6,frame_0029.jpg,True,602.0,303.0,682.0,356.0,80.0,53.0,
s9,d6,frame_0030.jpg,True,600.0,304.0,684.0,351.0,84.0,47.0,
s9,d6,frame_0031.jpg,True,601.0,305.0,686.0,348.0,85.0,43.0,
s9,d6,frame_0032.jpg,True,600.0,305.0,687.0,347.0,87.0,42.0,
s9,d6,frame_0033.jpg,True,599.0,304.0,687.0,345.0,88.0,41.0,
s9,d6,frame_0034.jpg,True,599.0,303.0,688.0,345.0,89.0,42.0,
s9,d6,frame_0035.jpg,True,598.0,303.0,690.0,348.0,92.0,45.0,
s9,d6,frame_0036.jpg,True,599.0,301.0,690.0,351.0,91.0,50.0,
s9,d6,frame_0037.jpg,True,600.0,300.0,690.0,352.0,90.0,52.0,
s9,d6,frame_0038.jpg,True,600.0,299.0,689.0,351.0,89.0,52.0,
s9,d6,frame_0039.jpg,True,601.0,299.0,688.0,350.0,87.0,51.0,
s9,d6,frame_0040.jpg,True,600.0,299.0,689.0,349.0,89.0,50.0,
s9,d6,frame_0041.jpg,True,599.0,298.0,689.0,348.0,90.0,50.0,
s9,d6,frame_0042.jpg,True,598.0,299.0,689.0,345.0,91.0,46.0,
s9,d6,frame_0043.jpg,True,597.0,299.0,689.0,345.0,92.0,46.0,
s9,d6,frame_0044.jpg,True,597.0,299.0,689.0,344.0,92.0,45.0,
s9,d6,frame_0045.jpg,True,597.0,299.0,688.0,344.0,91.0,45.0,
s9,d6,frame_0046.jpg,True,598.0,299.0,687.0,344.0,89.0,45.0,
s9,d6,frame_0047.jpg,True,597.0,300.0,688.0,344.0,91.0,44.0,
s9,d6,frame_0048.jpg,True,598.0,301.0,688.0,344.0,90.0,43.0,
s9,d6,frame_0049.jpg,True,598.0,302.0,688.0,344.0,90.0,42.0,
s9,d6,frame_0050.jpg,True,597.0,303.0,688.0,346.0,91.0,43.0,
s9,d6,frame_0051.jpg,True,597.0,304.0,688.0,346.0,91.0,42.0,
s9,d6,frame_0052.jpg,True,597.0,305.0,688.0,348.0,91.0,43.0,
s9,d6,frame_0053.jpg,True,597.0,306.0,688.0,349.0,91.0,43.0,
s9,d6,frame_0054.jpg,True,597.0,307.0,688.0,349.0,91.0,42.0,
s9,d6,frame_0055.jpg,True,597.0,308.0,687.0,350.0,90.0,42.0,
s9,d6,frame_0056.jpg,True,596.0,309.0,687.0,351.0,91.0,42.0,
s9,d6,frame_0057.jpg,True,596.0,309.0,687.0,351.0,91.0,42.0,
s9,d6,frame_0058.jpg,True,595.0,309.0,687.0,352.0,92.0,43.0,
s9,d6,frame_0059.jpg,True,595.0,309.0,687.0,352.0,92.0,43.0,
s9,d6,frame_0060.jpg,True,596.0,309.0,687.0,352.0,91.0,43.0,
s9,d6,frame_0061.jpg,True,595.0,304.0,687.0,345.0,92.0,41.0,
s9,d7,frame_0001.jpg,True,596.0,304.0,687.0,346.0,91.0,42.0,
s9,d7,frame_0002.jpg,True,595.0,305.0,686.0,347.0,91.0,42.0,
s9,d7,frame_0003.jpg,True,595.0,305.0,686.0,347.0,91.0,42.0,
s9,d7,frame_0004.jpg,True,596.0,305.0,686.0,346.0,90.0,41.0,
s9,d7,frame_0005.jpg,True,596.0,305.0,686.0,346.0,90.0,41.0,
s9,d7,frame_0006.jpg,True,596.0,304.0,686.0,346.0,90.0,42.0,
s9,d7,frame_0007.jpg,True,597.0,303.0,686.0,345.0,89.0,42.0,
s9,d7,frame_0008.jpg,True,597.0,302.0,686.0,346.0,89.0,44.0,
s9,d7,frame_0009.jpg,True,599.0,300.0,686.0,349.0,87.0,49.0,
s9,d7,frame_0010.jpg,True,600.0,297.0,687.0,354.0,87.0,57.0,
s9,d7,frame_0011.jpg,True,599.0,296.0,688.0,354.0,89.0,58.0,
s9,d7,frame_0012.jpg,True,599.0,294.0,688.0,352.0,89.0,58.0,
s9,d7,frame_0013.jpg,True,600.0,293.0,689.0,351.0,89.0,58.0,
s9,d7,frame_0014.jpg,True,600.0,293.0,689.0,351.0,89.0,58.0,
s9,d7,frame_0015.jpg,True,600.0,292.0,689.0,351.0,89.0,59.0,
s9,d7,frame_0016.jpg,True,600.0,292.0,689.0,350.0,89.0,58.0,
s9,d7,frame_0017.jpg,True,599.0,292.0,689.0,350.0,90.0,58.0,
s9,d7,frame_0018.jpg,True,600.0,293.0,690.0,352.0,90.0,59.0,
s9,d7,frame_0019.jpg,True,599.0,293.0,689.0,353.0,90.0,60.0,
s9,d7,frame_0020.jpg,True,599.0,294.0,690.0,354.0,91.0,60.0,
s9,d7,frame_0021.jpg,True,599.0,295.0,689.0,357.0,90.0,62.0,
s9,d7,frame_0022.jpg,True,599.0,297.0,689.0,360.0,90.0,63.0,
s9,d7,frame_0023.jpg,True,598.0,299.0,689.0,364.0,91.0,65.0,
s9,d7,frame_0024.jpg,True,598.0,302.0,689.0,366.0,91.0,64.0,
s9,d7,frame_0025.jpg,True,597.0,303.0,691.0,369.0,94.0,66.0,
s9,d7,frame_0026.jpg,True,596.0,305.0,692.0,370.0,96.0,65.0,
s9,d7,frame_0027.jpg,True,596.0,306.0,692.0,370.0,96.0,64.0,
s9,d7,frame_0028.jpg,True,596.0,306.0,692.0,370.0,96.0,64.0,
s9,d7,frame_0029.jpg,True,596.0,305.0,692.0,368.0,96.0,63.0,
s9,d7,frame_0030.jpg,True,598.0,305.0,692.0,367.0,94.0,62.0,
s9,d7,frame_0031.jpg,True,598.0,305.0,692.0,365.0,94.0,60.0,
s9,d7,frame_0032.jpg,True,599.0,304.0,691.0,362.0,92.0,58.0,
s9,d7,frame_0033.jpg,True,600.0,304.0,692.0,361.0,92.0,57.0,
s9,d7,frame_0034.jpg,True,600.0,304.0,692.0,360.0,92.0,56.0,
s9,d7,frame_0035.jpg,True,600.0,304.0,692.0,359.0,92.0,55.0,
s9,d7,frame_0036.jpg,True,601.0,304.0,692.0,358.0,91.0,54.0,
s9,d7,frame_0037.jpg,True,601.0,304.0,691.0,356.0,90.0,52.0,
s9,d7,frame_0038.jpg,True,601.0,304.0,691.0,355.0,90.0,51.0,
s9,d7,frame_0039.jpg,True,601.0,304.0,691.0,354.0,90.0,50.0,
s9,d7,frame_0040.jpg,True,602.0,303.0,691.0,354.0,89.0,51.0,
s9,d7,frame_0041.jpg,True,601.0,302.0,692.0,351.0,91.0,49.0,
s9,d7,frame_0042.jpg,True,602.0,301.0,692.0,350.0,90.0,49.0,
s9,d7,frame_0043.jpg,True,602.0,301.0,692.0,349.0,90.0,48.0,
s9,d7,frame_0044.jpg,True,601.0,300.0,691.0,348.0,90.0,48.0,
s9,d7,frame_0045.jpg,True,601.0,299.0,691.0,346.0,90.0,47.0,
s9,d7,frame_0046.jpg,True,600.0,299.0,691.0,345.0,91.0,46.0,
s9,d7,frame_0047.jpg,True,601.0,298.0,691.0,345.0,90.0,47.0,
s9,d7,frame_0048.jpg,True,600.0,298.0,692.0,344.0,92.0,46.0,
s9,d7,frame_0049.jpg,True,600.0,298.0,691.0,343.0,91.0,45.0,
s9,d7,frame_0050.jpg,True,600.0,297.0,691.0,342.0,91.0,45.0,
s9,d7,frame_0051.jpg,True,600.0,298.0,692.0,342.0,92.0,44.0,
s9,d7,frame_0052.jpg,True,600.0,298.0,692.0,342.0,92.0,44.0,
s9,d7,frame_0053.jpg,True,600.0,298.0,691.0,343.0,91.0,45.0,
s9,d7,frame_0054.jpg,True,600.0,298.0,691.0,343.0,91.0,45.0,
s9,d7,frame_0055.jpg,True,600.0,299.0,691.0,343.0,91.0,44.0,
s9,d7,frame_0056.jpg,True,600.0,300.0,691.0,344.0,91.0,44.0,
s9,d7,frame_0057.jpg,True,601.0,300.0,692.0,344.0,91.0,44.0,
s9,d7,frame_0058.jpg,True,601.0,300.0,692.0,344.0,91.0,44.0,
s9,d7,frame_0059.jpg,True,602.0,300.0,692.0,344.0,90.0,44.0,
s9,d7,frame_0060.jpg,True,602.0,300.0,692.0,344.0,90.0,44.0,
s9,d7,frame_0061.jpg,True,601.0,300.0,692.0,342.0,91.0,42.0,
s9,d7,frame_0062.jpg,True,601.0,301.0,692.0,343.0,91.0,42.0,
s9,d7,frame_0063.jpg,True,601.0,302.0,692.0,343.0,91.0,41.0,
s9,d7,frame_0064.jpg,True,604.0,300.0,695.0,342.0,91.0,42.0,
s9,d8,frame_0001.jpg,True,603.0,300.0,694.0,342.0,91.0,42.0,
s9,d8,frame_0002.jpg,True,603.0,300.0,694.0,342.0,91.0,42.0,
s9,d8,frame_0003.jpg,True,603.0,300.0,694.0,342.0,91.0,42.0,
s9,d8,frame_0004.jpg,True,603.0,300.0,693.0,342.0,90.0,42.0,
s9,d8,frame_0005.jpg,True,603.0,299.0,693.0,342.0,90.0,43.0,
s9,d8,frame_0006.jpg,True,603.0,299.0,693.0,342.0,90.0,43.0,
s9,d8,frame_0007.jpg,True,603.0,300.0,692.0,342.0,89.0,42.0,
s9,d8,frame_0008.jpg,True,603.0,301.0,692.0,342.0,89.0,41.0,
s9,d8,frame_0009.jpg,True,603.0,301.0,692.0,342.0,89.0,41.0,
s9,d8,frame_0010.jpg,True,602.0,302.0,692.0,343.0,90.0,41.0,
s9,d8,frame_0011.jpg,True,603.0,302.0,692.0,343.0,89.0,41.0,
s9,d8,frame_0012.jpg,True,603.0,303.0,692.0,343.0,89.0,40.0,
s9,d8,frame_0013.jpg,True,604.0,305.0,693.0,345.0,89.0,40.0,
s9,d8,frame_0014.jpg,True,603.0,306.0,695.0,346.0,92.0,40.0,
s9,d8,frame_0015.jpg,True,605.0,307.0,695.0,347.0,90.0,40.0,
s9,d8,frame_0016.jpg,True,605.0,308.0,696.0,350.0,91.0,42.0,
s9,d8,frame_0017.jpg,True,605.0,306.0,697.0,355.0,92.0,49.0,
s9,d8,frame_0018.jpg,True,604.0,302.0,699.0,364.0,95.0,62.0,
s9,d8,frame_0019.jpg,True,602.0,304.0,700.0,370.0,98.0,66.0,
s9,d8,frame_0020.jpg,True,602.0,305.0,699.0,372.0,97.0,67.0,
s9,d8,frame_0021.jpg,True,601.0,305.0,700.0,372.0,99.0,67.0,
s9,d8,frame_0022.jpg,True,603.0,307.0,699.0,371.0,96.0,64.0,
s9,d8,frame_0023.jpg,True,605.0,307.0,698.0,368.0,93.0,61.0,
s9,d8,frame_0024.jpg,True,606.0,307.0,698.0,367.0,92.0,60.0,
s9,d8,frame_0025.jpg,True,605.0,307.0,698.0,366.0,93.0,59.0,
s9,d8,frame_0026.jpg,True,606.0,307.0,698.0,363.0,92.0,56.0,
s9,d8,frame_0027.jpg,True,605.0,307.0,699.0,363.0,94.0,56.0,
s9,d8,frame_0028.jpg,True,606.0,307.0,699.0,362.0,93.0,55.0,
s9,d8,frame_0029.jpg,True,606.0,306.0,699.0,361.0,93.0,55.0,
s9,d8,frame_0030.jpg,True,605.0,306.0,699.0,360.0,94.0,54.0,
s9,d8,frame_0031.jpg,True,606.0,306.0,699.0,359.0,93.0,53.0,
s9,d8,frame_0032.jpg,True,606.0,306.0,698.0,358.0,92.0,52.0,
s9,d8,frame_0033.jpg,True,605.0,305.0,698.0,358.0,93.0,53.0,
s9,d8,frame_0034.jpg,True,606.0,305.0,698.0,357.0,92.0,52.0,
s9,d8,frame_0035.jpg,True,605.0,305.0,697.0,356.0,92.0,51.0,
s9,d8,frame_0036.jpg,True,605.0,305.0,696.0,356.0,91.0,51.0,
s9,d8,frame_0037.jpg,True,604.0,305.0,695.0,355.0,91.0,50.0,
s9,d8,frame_0038.jpg,True,603.0,305.0,694.0,355.0,91.0,50.0,
s9,d8,frame_0039.jpg,True,602.0,305.0,693.0,354.0,91.0,49.0,
s9,d8,frame_0040.jpg,True,601.0,305.0,693.0,353.0,92.0,48.0,
s9,d8,frame_0041.jpg,True,601.0,305.0,692.0,353.0,91.0,48.0,
s9,d8,frame_0042.jpg,True,600.0,305.0,692.0,353.0,92.0,48.0,
s9,d8,frame_0043.jpg,True,601.0,305.0,692.0,353.0,91.0,48.0,
s9,d8,frame_0044.jpg,True,600.0,304.0,691.0,352.0,91.0,48.0,
s9,d8,frame_0045.jpg,True,601.0,305.0,692.0,351.0,91.0,46.0,
s9,d8,frame_0046.jpg,True,601.0,304.0,693.0,350.0,92.0,46.0,
s9,d8,frame_0047.jpg,True,601.0,304.0,693.0,350.0,92.0,46.0,
s9,d8,frame_0048.jpg,True,601.0,304.0,692.0,349.0,91.0,45.0,
s9,d8,frame_0049.jpg,True,601.0,304.0,692.0,349.0,91.0,45.0,
s9,d8,frame_0050.jpg,True,600.0,304.0,692.0,349.0,92.0,45.0,
s9,d8,frame_0051.jpg,True,600.0,304.0,692.0,349.0,92.0,45.0,
s9,d8,frame_0052.jpg,True,600.0,304.0,692.0,349.0,92.0,45.0,
s9,d8,frame_0053.jpg,True,600.0,304.0,692.0,349.0,92.0,45.0,
s9,d9,frame_0001.jpg,True,600.0,304.0,691.0,349.0,91.0,45.0,
s9,d9,frame_0002.jpg,True,600.0,304.0,691.0,348.0,91.0,44.0,
s9,d9,frame_0003.jpg,True,599.0,303.0,689.0,345.0,90.0,42.0,
s9,d9,frame_0004.jpg,True,599.0,303.0,689.0,345.0,90.0,42.0,
s9,d9,frame_0005.jpg,True,598.0,303.0,689.0,345.0,91.0,42.0,
s9,d9,frame_0006.jpg,True,599.0,303.0,689.0,345.0,90.0,42.0,
s9,d9,frame_0007.jpg,True,599.0,303.0,689.0,345.0,90.0,42.0,
s9,d9,frame_0008.jpg,True,599.0,302.0,690.0,346.0,91.0,44.0,
s9,d9,frame_0009.jpg,True,599.0,302.0,690.0,345.0,91.0,43.0,
s9,d9,frame_0010.jpg,True,599.0,302.0,690.0,345.0,91.0,43.0,
s9,d9,frame_0011.jpg,True,600.0,302.0,690.0,345.0,90.0,43.0,
s9,d9,frame_0012.jpg,True,600.0,302.0,690.0,344.0,90.0,42.0,
s9,d9,frame_0013.jpg,True,601.0,302.0,690.0,347.0,89.0,45.0,
s9,d9,frame_0014.jpg,True,602.0,300.0,691.0,353.0,89.0,53.0,
s9,d9,frame_0015.jpg,True,603.0,298.0,691.0,359.0,88.0,61.0,
s9,d9,frame_0016.jpg,True,603.0,297.0,691.0,358.0,88.0,61.0,
s9,d9,frame_0017.jpg,True,603.0,295.0,692.0,357.0,89.0,62.0,
s9,d9,frame_0018.jpg,True,603.0,295.0,691.0,358.0,88.0,63.0,
s9,d9,frame_0019.jpg,True,603.0,293.0,691.0,358.0,88.0,65.0,
s9,d9,frame_0020.jpg,True,603.0,294.0,692.0,357.0,89.0,63.0,
s9,d9,frame_0021.jpg,True,603.0,293.0,692.0,357.0,89.0,64.0,
s9,d9,frame_0022.jpg,True,603.0,294.0,691.0,358.0,88.0,64.0,
s9,d9,frame_0023.jpg,True,602.0,294.0,691.0,359.0,89.0,65.0,
s9,d9,frame_0024.jpg,True,602.0,295.0,691.0,362.0,89.0,67.0,
s9,d9,frame_0025.jpg,True,600.0,296.0,689.0,366.0,89.0,70.0,
s9,d9,frame_0026.jpg,True,598.0,296.0,688.0,368.0,90.0,72.0,
s9,d9,frame_0027.jpg,True,598.0,299.0,687.0,368.0,89.0,69.0,
s9,d9,frame_0028.jpg,True,598.0,299.0,685.0,367.0,87.0,68.0,
s9,d9,frame_0029.jpg,True,599.0,300.0,684.0,364.0,85.0,64.0,
s9,d9,frame_0030.jpg,True,600.0,302.0,682.0,360.0,82.0,58.0,
s9,d9,frame_0031.jpg,True,601.0,304.0,684.0,359.0,83.0,55.0,
s9,d9,frame_0032.jpg,True,601.0,304.0,685.0,356.0,84.0,52.0,
s9,d9,frame_0033.jpg,True,601.0,303.0,688.0,355.0,87.0,52.0,
s9,d9,frame_0034.jpg,True,602.0,302.0,689.0,353.0,87.0,51.0,
s9,d9,frame_0035.jpg,True,601.0,301.0,690.0,351.0,89.0,50.0,
s9,d9,frame_0036.jpg,True,600.0,300.0,692.0,350.0,92.0,50.0,
s9,d9,frame_0037.jpg,True,600.0,299.0,691.0,349.0,91.0,50.0,
s9,d9,frame_0038.jpg,True,600.0,300.0,692.0,348.0,92.0,48.0,
s9,d9,frame_0039.jpg,True,600.0,300.0,693.0,348.0,93.0,48.0,
s9,d9,frame_0040.jpg,True,600.0,300.0,693.0,348.0,93.0,48.0,
s9,d9,frame_0041.jpg,True,600.0,300.0,693.0,348.0,93.0,48.0,
s9,d9,frame_0042.jpg,True,601.0,301.0,693.0,347.0,92.0,46.0,
s9,d9,frame_0043.jpg,True,601.0,301.0,693.0,347.0,92.0,46.0,
s9,d9,frame_0044.jpg,True,602.0,302.0,692.0,347.0,90.0,45.0,
s9,d9,frame_0045.jpg,True,601.0,301.0,692.0,346.0,91.0,45.0,
s9,d9,frame_0046.jpg,True,603.0,302.0,692.0,347.0,89.0,45.0,
s9,d9,frame_0047.jpg,True,602.0,302.0,692.0,346.0,90.0,44.0,
s9,d9,frame_0048.jpg,True,602.0,302.0,692.0,347.0,90.0,45.0,
s9,d9,frame_0049.jpg,True,602.0,303.0,692.0,347.0,90.0,44.0,
s9,d9,frame_0050.jpg,True,602.0,302.0,691.0,347.0,89.0,45.0,
s9,d9,frame_0051.jpg,True,602.0,302.0,691.0,346.0,89.0,44.0,
s9,d9,frame_0052.jpg,True,601.0,302.0,691.0,347.0,90.0,45.0,
s9,d9,frame_0053.jpg,True,601.0,303.0,691.0,346.0,90.0,43.0,
s9,d9,frame_0054.jpg,True,601.0,303.0,692.0,347.0,91.0,44.0,
s9,d9,frame_0055.jpg,True,601.0,303.0,692.0,347.0,91.0,44.0,
s9,d9,frame_0056.jpg,True,601.0,303.0,692.0,347.0,91.0,44.0,
s9,d9,frame_0057.jpg,True,601.0,303.0,691.0,347.0,90.0,44.0,
s9,d9,frame_0058.jpg,True,601.0,303.0,692.0,347.0,91.0,44.0,
s9,d9,frame_0059.jpg,True,602.0,303.0,691.0,347.0,89.0,44.0,
s9,d9,frame_0060.jpg,True,601.0,303.0,692.0,347.0,91.0,44.0,
s9,d9,frame_0061.jpg,True,602.0,304.0,692.0,347.0,90.0,43.0,
s9,d9,frame_0062.jpg,True,602.0,304.0,692.0,347.0,90.0,43.0,
s9,d9,frame_0063.jpg,True,602.0,304.0,692.0,347.0,90.0,43.0,
s9,d9,frame_0064.jpg,True,603.0,304.0,693.0,347.0,90.0,43.0,
s9,d9,frame_0065.jpg,True,603.0,304.0,693.0,347.0,90.0,43.0,
s9,d9,frame_0066.jpg,True,603.0,304.0,693.0,347.0,90.0,43.0,
s9,d10,frame_0001.jpg,True,601.0,306.0,692.0,348.0,91.0,42.0,
s9,d10,frame_0002.jpg,True,601.0,306.0,692.0,349.0,91.0,43.0,
s9,d10,frame_0003.jpg,True,601.0,306.0,693.0,349.0,92.0,43.0,
s9,d10,frame_0004.jpg,True,601.0,305.0,693.0,348.0,92.0,43.0,
s9,d10,frame_0005.jpg,True,602.0,305.0,692.0,348.0,90.0,43.0,
s9,d10,frame_0006.jpg,True,602.0,305.0,693.0,348.0,91.0,43.0,
s9,d10,frame_0007.jpg,True,602.0,305.0,693.0,348.0,91.0,43.0,
s9,d10,frame_0008.jpg,True,602.0,305.0,693.0,347.0,91.0,42.0,
s9,d10,frame_0009.jpg,True,602.0,304.0,693.0,347.0,91.0,43.0,
s9,d10,frame_0010.jpg,True,603.0,303.0,692.0,348.0,89.0,45.0,
s9,d10,frame_0011.jpg,True,604.0,300.0,692.0,353.0,88.0,53.0,
s9,d10,frame_0012.jpg,True,603.0,298.0,693.0,357.0,90.0,59.0,
s9,d10,frame_0013.jpg,True,602.0,297.0,692.0,357.0,90.0,60.0,
s9,d10,frame_0014.jpg,True,602.0,295.0,694.0,356.0,92.0,61.0,
s9,d10,frame_0015.jpg,True,602.0,294.0,695.0,356.0,93.0,62.0,
s9,d10,frame_0016.jpg,True,603.0,295.0,695.0,356.0,92.0,61.0,
s9,d10,frame_0017.jpg,True,603.0,294.0,696.0,356.0,93.0,62.0,
s9,d10,frame_0018.jpg,True,603.0,295.0,696.0,357.0,93.0,62.0,
s9,d10,frame_0019.jpg,True,603.0,296.0,697.0,356.0,94.0,60.0,
s9,d10,frame_0020.jpg,True,603.0,296.0,698.0,357.0,95.0,61.0,
s9,d10,frame_0021.jpg,True,605.0,298.0,700.0,359.0,95.0,61.0,
s9,d10,frame_0022.jpg,True,605.0,299.0,701.0,361.0,96.0,62.0,
s9,d10,frame_0023.jpg,True,606.0,303.0,702.0,365.0,96.0,62.0,
s9,d10,frame_0024.jpg,True,607.0,309.0,701.0,365.0,94.0,56.0,
s9,d10,frame_0025.jpg,True,607.0,315.0,700.0,358.0,93.0,43.0,
s9,d10,frame_0026.jpg,True,606.0,317.0,699.0,357.0,93.0,40.0,
s9,d10,frame_0027.jpg,True,605.0,317.0,699.0,358.0,94.0,41.0,
s9,d10,frame_0028.jpg,True,605.0,317.0,698.0,358.0,93.0,41.0,
s9,d10,frame_0029.jpg,True,605.0,317.0,698.0,358.0,93.0,41.0,
s9,d10,frame_0030.jpg,True,604.0,315.0,698.0,357.0,94.0,42.0,
s9,d10,frame_0031.jpg,True,604.0,314.0,698.0,357.0,94.0,43.0,
s9,d10,frame_0032.jpg,True,603.0,314.0,697.0,358.0,94.0,44.0,
s9,d10,frame_0033.jpg,True,603.0,313.0,697.0,359.0,94.0,46.0,
s9,d10,frame_0034.jpg,True,603.0,309.0,695.0,365.0,92.0,56.0,
s9,d10,frame_0035.jpg,True,604.0,308.0,695.0,363.0,91.0,55.0,
s9,d10,frame_0036.jpg,True,602.0,307.0,694.0,361.0,92.0,54.0,
s9,d10,frame_0037.jpg,True,602.0,306.0,693.0,360.0,91.0,54.0,
s9,d10,frame_0038.jpg,True,603.0,306.0,694.0,358.0,91.0,52.0,
s9,d10,frame_0039.jpg,True,603.0,306.0,694.0,356.0,91.0,50.0,
s9,d10,frame_0040.jpg,True,603.0,306.0,694.0,355.0,91.0,49.0,
s9,d10,frame_0041.jpg,True,603.0,305.0,694.0,353.0,91.0,48.0,
s9,d10,frame_0042.jpg,True,603.0,305.0,694.0,353.0,91.0,48.0,
s9,d10,frame_0043.jpg,True,604.0,305.0,694.0,353.0,90.0,48.0,
s9,d10,frame_0044.jpg,True,604.0,306.0,694.0,353.0,90.0,47.0,
s9,d10,frame_0045.jpg,True,605.0,306.0,694.0,352.0,89.0,46.0,
s9,d10,frame_0046.jpg,True,603.0,306.0,694.0,352.0,91.0,46.0,
s9,d10,frame_0047.jpg,True,602.0,306.0,694.0,352.0,92.0,46.0,
s9,d10,frame_0048.jpg,True,602.0,307.0,694.0,351.0,92.0,44.0,
s9,d10,frame_0049.jpg,True,602.0,306.0,693.0,351.0,91.0,45.0,
s9,d10,frame_0050.jpg,True,603.0,305.0,692.0,350.0,89.0,45.0,
s9,d10,frame_0051.jpg,True,602.0,304.0,692.0,348.0,90.0,44.0,
s10,d0,frame_0001.jpg,True,602.0,445.0,690.0,492.0,88.0,47.0,
s10,d0,frame_0002.jpg,True,604.0,443.0,690.0,498.0,86.0,55.0,
s10,d0,frame_0003.jpg,True,603.0,440.0,689.0,500.0,86.0,60.0,
s10,d0,frame_0004.jpg,True,603.0,436.0,691.0,501.0,88.0,65.0,
s10,d0,frame_0005.jpg,True,603.0,432.0,691.0,499.0,88.0,67.0,
s10,d0,frame_0006.jpg,True,603.0,430.0,691.0,496.0,88.0,66.0,
s10,d0,frame_0007.jpg,True,602.0,429.0,691.0,493.0,89.0,64.0,
s10,d0,frame_0008.jpg,True,602.0,433.0,691.0,489.0,89.0,56.0,
s10,d0,frame_0009.jpg,True,603.0,436.0,690.0,483.0,87.0,47.0,
s10,d0,frame_0010.jpg,True,603.0,438.0,690.0,482.0,87.0,44.0,
s10,d0,frame_0011.jpg,True,604.0,439.0,690.0,482.0,86.0,43.0,
s10,d0,frame_0012.jpg,True,604.0,440.0,690.0,482.0,86.0,42.0,
s10,d0,frame_0013.jpg,True,604.0,441.0,691.0,482.0,87.0,41.0,
s10,d0,frame_0014.jpg,True,603.0,441.0,691.0,484.0,88.0,43.0,
s10,d0,frame_0015.jpg,True,601.0,438.0,691.0,494.0,90.0,56.0,
s10,d0,frame_0016.jpg,True,600.0,435.0,693.0,500.0,93.0,65.0,
s10,d0,frame_0017.jpg,True,599.0,434.0,693.0,503.0,94.0,69.0,
s10,d0,frame_0018.jpg,True,599.0,433.0,693.0,504.0,94.0,71.0,
s10,d0,frame_0019.jpg,True,599.0,433.0,692.0,503.0,93.0,70.0,
s10,d0,frame_0020.jpg,True,601.0,435.0,689.0,500.0,88.0,65.0,
s10,d0,frame_0021.jpg,True,604.0,438.0,687.0,498.0,83.0,60.0,
s10,d0,frame_0022.jpg,True,605.0,441.0,685.0,495.0,80.0,54.0,
s10,d0,frame_0023.jpg,True,605.0,443.0,684.0,493.0,79.0,50.0,
s10,d0,frame_0024.jpg,True,605.0,445.0,683.0,494.0,78.0,49.0,
s10,d0,frame_0025.jpg,True,605.0,447.0,683.0,495.0,78.0,48.0,
s10,d0,frame_0026.jpg,True,605.0,447.0,682.0,496.0,77.0,49.0,
s10,d0,frame_0027.jpg,True,604.0,448.0,682.0,495.0,78.0,47.0,
s10,d0,frame_0028.jpg,True,604.0,447.0,682.0,495.0,78.0,48.0,
s10,d0,frame_0029.jpg,True,603.0,447.0,682.0,495.0,79.0,48.0,
s10,d0,frame_0030.jpg,True,602.0,446.0,682.0,494.0,80.0,48.0,
s10,d0,frame_0031.jpg,True,602.0,446.0,682.0,494.0,80.0,48.0,
s10,d0,frame_0032.jpg,True,602.0,446.0,682.0,494.0,80.0,48.0,
s10,d0,frame_0033.jpg,True,602.0,445.0,682.0,494.0,80.0,49.0,
s10,d0,frame_0034.jpg,True,601.0,445.0,682.0,494.0,81.0,49.0,
s10,d0,frame_0035.jpg,True,601.0,445.0,681.0,494.0,80.0,49.0,
s10,d0,frame_0036.jpg,True,601.0,445.0,681.0,494.0,80.0,49.0,
s10,d0,frame_0037.jpg,True,601.0,445.0,681.0,494.0,80.0,49.0,
s10,d0,frame_0038.jpg,True,601.0,445.0,681.0,494.0,80.0,49.0,
s10,d0,frame_0039.jpg,True,601.0,445.0,682.0,494.0,81.0,49.0,
s10,d0,frame_0040.jpg,True,601.0,445.0,682.0,494.0,81.0,49.0,
s10,d0,frame_0041.jpg,True,601.0,445.0,683.0,492.0,82.0,47.0,
s10,d0,frame_0042.jpg,True,600.0,445.0,683.0,492.0,83.0,47.0,
s10,d0,frame_0043.jpg,True,600.0,444.0,683.0,491.0,83.0,47.0,
s10,d0,frame_0044.jpg,True,600.0,444.0,684.0,491.0,84.0,47.0,
s10,d0,frame_0045.jpg,True,600.0,444.0,684.0,490.0,84.0,46.0,
s10,d0,frame_0046.jpg,True,599.0,444.0,685.0,490.0,86.0,46.0,
s10,d0,frame_0047.jpg,True,600.0,443.0,685.0,489.0,85.0,46.0,
s10,d0,frame_0048.jpg,True,600.0,443.0,685.0,490.0,85.0,47.0,
s10,d1,frame_0001.jpg,True,579.0,453.0,673.0,500.0,94.0,47.0,
s10,d1,frame_0002.jpg,True,579.0,453.0,673.0,500.0,94.0,47.0,
s10,d1,frame_0003.jpg,True,579.0,452.0,673.0,500.0,94.0,48.0,
s10,d1,frame_0004.jpg,True,580.0,452.0,673.0,500.0,93.0,48.0,
s10,d1,frame_0005.jpg,True,580.0,452.0,673.0,499.0,93.0,47.0,
s10,d1,frame_0006.jpg,True,580.0,452.0,673.0,499.0,93.0,47.0,
s10,d1,frame_0007.jpg,True,580.0,452.0,673.0,500.0,93.0,48.0,
s10,d1,frame_0008.jpg,True,580.0,451.0,673.0,500.0,93.0,49.0,
s10,d1,frame_0009.jpg,True,580.0,451.0,673.0,501.0,93.0,50.0,
s10,d1,frame_0010.jpg,True,582.0,448.0,673.0,508.0,91.0,60.0,
s10,d1,frame_0011.jpg,True,581.0,446.0,674.0,509.0,93.0,63.0,
s10,d1,frame_0012.jpg,True,582.0,444.0,674.0,508.0,92.0,64.0,
s10,d1,frame_0013.jpg,True,581.0,441.0,674.0,506.0,93.0,65.0,
s10,d1,frame_0014.jpg,True,581.0,439.0,673.0,505.0,92.0,66.0,
s10,d1,frame_0015.jpg,True,581.0,437.0,673.0,504.0,92.0,67.0,
s10,d1,frame_0016.jpg,True,581.0,437.0,674.0,502.0,93.0,65.0,
s10,d1,frame_0017.jpg,True,582.0,436.0,675.0,501.0,93.0,65.0,
s10,d1,frame_0018.jpg,True,581.0,435.0,675.0,501.0,94.0,66.0,
s10,d1,frame_0019.jpg,True,581.0,435.0,675.0,500.0,94.0,65.0,
s10,d1,frame_0020.jpg,True,581.0,434.0,676.0,499.0,95.0,65.0,
s10,d1,frame_0021.jpg,True,582.0,433.0,675.0,498.0,93.0,65.0,
s10,d1,frame_0022.jpg,True,582.0,434.0,675.0,497.0,93.0,63.0,
s10,d1,frame_0023.jpg,True,582.0,434.0,675.0,496.0,93.0,62.0,
s10,d1,frame_0024.jpg,True,581.0,436.0,674.0,497.0,93.0,61.0,
s10,d1,frame_0025.jpg,True,581.0,437.0,675.0,500.0,94.0,63.0,
s10,d1,frame_0026.jpg,True,583.0,439.0,676.0,501.0,93.0,62.0,
s10,d1,frame_0027.jpg,True,582.0,440.0,677.0,502.0,95.0,62.0,
s10,d1,frame_0028.jpg,True,580.0,443.0,674.0,503.0,94.0,60.0,
s10,d1,frame_0029.jpg,True,581.0,445.0,675.0,504.0,94.0,59.0,
s10,d1,frame_0030.jpg,True,581.0,446.0,675.0,505.0,94.0,59.0,
s10,d1,frame_0031.jpg,True,580.0,447.0,674.0,506.0,94.0,59.0,
s10,d1,frame_0032.jpg,True,580.0,447.0,673.0,505.0,93.0,58.0,
s10,d1,frame_0033.jpg,True,580.0,447.0,674.0,505.0,94.0,58.0,
s10,d1,frame_0034.jpg,True,580.0,447.0,674.0,505.0,94.0,58.0,
s10,d1,frame_0035.jpg,True,580.0,447.0,673.0,505.0,93.0,58.0,
s10,d1,frame_0036.jpg,True,580.0,447.0,674.0,504.0,94.0,57.0,
s10,d1,frame_0037.jpg,True,580.0,446.0,673.0,505.0,93.0,59.0,
s10,d1,frame_0038.jpg,True,579.0,446.0,674.0,503.0,95.0,57.0,
s10,d1,frame_0039.jpg,True,579.0,446.0,674.0,502.0,95.0,56.0,
s10,d1,frame_0040.jpg,True,580.0,447.0,673.0,501.0,93.0,54.0,
s10,d1,frame_0041.jpg,True,580.0,447.0,673.0,500.0,93.0,53.0,
s10,d1,frame_0042.jpg,True,579.0,447.0,673.0,498.0,94.0,51.0,
s10,d1,frame_0043.jpg,True,579.0,447.0,673.0,496.0,94.0,49.0,
s10,d1,frame_0044.jpg,True,579.0,447.0,674.0,496.0,95.0,49.0,
s10,d1,frame_0045.jpg,True,579.0,447.0,674.0,496.0,95.0,49.0,
s10,d1,frame_0046.jpg,True,580.0,448.0,673.0,495.0,93.0,47.0,
s10,d1,frame_0047.jpg,True,579.0,448.0,674.0,495.0,95.0,47.0,
s10,d1,frame_0048.jpg,True,580.0,449.0,674.0,495.0,94.0,46.0,
s10,d1,frame_0049.jpg,True,580.0,449.0,673.0,495.0,93.0,46.0,
s10,d1,frame_0050.jpg,True,580.0,449.0,673.0,495.0,93.0,46.0,
s10,d1,frame_0051.jpg,True,580.0,450.0,673.0,495.0,93.0,45.0,
s10,d1,frame_0052.jpg,True,580.0,450.0,673.0,496.0,93.0,46.0,
s10,d1,frame_0053.jpg,True,580.0,450.0,673.0,496.0,93.0,46.0,
s10,d1,frame_0054.jpg,True,580.0,450.0,673.0,496.0,93.0,46.0,
s10,d1,frame_0055.jpg,True,580.0,451.0,673.0,496.0,93.0,45.0,
s10,d1,frame_0056.jpg,True,580.0,451.0,673.0,496.0,93.0,45.0,
s10,d1,frame_0057.jpg,True,580.0,451.0,673.0,496.0,93.0,45.0,
s10,d1,frame_0058.jpg,True,580.0,451.0,673.0,497.0,93.0,46.0,
s10,d1,frame_0059.jpg,True,580.0,450.0,673.0,496.0,93.0,46.0,
s10,d1,frame_0060.jpg,True,580.0,450.0,673.0,496.0,93.0,46.0,
s10,d2,frame_0001.jpg,True,583.0,450.0,678.0,498.0,95.0,48.0,
s10,d2,frame_0002.jpg,True,582.0,451.0,677.0,498.0,95.0,47.0,
s10,d2,frame_0003.jpg,True,582.0,451.0,677.0,498.0,95.0,47.0,
s10,d2,frame_0004.jpg,True,582.0,451.0,676.0,499.0,94.0,48.0,
s10,d2,frame_0005.jpg,True,581.0,451.0,676.0,498.0,95.0,47.0,
s10,d2,frame_0006.jpg,True,581.0,451.0,676.0,498.0,95.0,47.0,
s10,d2,frame_0007.jpg,True,581.0,451.0,676.0,499.0,95.0,48.0,
s10,d2,frame_0008.jpg,True,581.0,451.0,676.0,498.0,95.0,47.0,
s10,d2,frame_0009.jpg,True,581.0,451.0,676.0,498.0,95.0,47.0,
s10,d2,frame_0010.jpg,True,581.0,451.0,676.0,498.0,95.0,47.0,
s10,d2,frame_0011.jpg,True,581.0,451.0,676.0,498.0,95.0,47.0,
s10,d2,frame_0012.jpg,True,581.0,451.0,676.0,499.0,95.0,48.0,
s10,d2,frame_0013.jpg,True,581.0,451.0,676.0,499.0,95.0,48.0,
s10,d2,frame_0014.jpg,True,581.0,451.0,676.0,499.0,95.0,48.0,
s10,d2,frame_0015.jpg,True,581.0,451.0,676.0,500.0,95.0,49.0,
s10,d2,frame_0016.jpg,True,582.0,452.0,675.0,502.0,93.0,50.0,
s10,d2,frame_0017.jpg,True,583.0,451.0,674.0,509.0,91.0,58.0,
s10,d2,frame_0018.jpg,True,583.0,451.0,674.0,512.0,91.0,61.0,
s10,d2,frame_0019.jpg,True,582.0,451.0,674.0,513.0,92.0,62.0,
s10,d2,frame_0020.jpg,True,582.0,451.0,674.0,513.0,92.0,62.0,
s10,d2,frame_0021.jpg,True,581.0,450.0,674.0,513.0,93.0,63.0,
s10,d2,frame_0022.jpg,True,580.0,450.0,674.0,512.0,94.0,62.0,
s10,d2,frame_0023.jpg,True,580.0,449.0,673.0,512.0,93.0,63.0,
s10,d2,frame_0024.jpg,True,581.0,448.0,673.0,512.0,92.0,64.0,
s10,d2,frame_0025.jpg,True,580.0,447.0,671.0,513.0,91.0,66.0,
s10,d2,frame_0026.jpg,True,580.0,445.0,671.0,514.0,91.0,69.0,
s10,d2,frame_0027.jpg,True,580.0,446.0,670.0,514.0,90.0,68.0,
s10,d2,frame_0028.jpg,True,582.0,447.0,668.0,511.0,86.0,64.0,
s10,d2,frame_0029.jpg,True,583.0,447.0,665.0,507.0,82.0,60.0,
s10,d2,frame_0030.jpg,True,583.0,448.0,665.0,504.0,82.0,56.0,
s10,d2,frame_0031.jpg,True,583.0,449.0,665.0,503.0,82.0,54.0,
s10,d2,frame_0032.jpg,True,584.0,450.0,665.0,503.0,81.0,53.0,
s10,d2,frame_0033.jpg,True,584.0,450.0,666.0,503.0,82.0,53.0,
s10,d2,frame_0034.jpg,True,584.0,451.0,666.0,503.0,82.0,52.0,
s10,d2,frame_0035.jpg,True,583.0,452.0,666.0,503.0,83.0,51.0,
s10,d2,frame_0036.jpg,True,583.0,452.0,667.0,503.0,84.0,51.0,
s10,d2,frame_0037.jpg,True,582.0,450.0,668.0,503.0,86.0,53.0,
s10,d2,frame_0038.jpg,True,581.0,450.0,669.0,503.0,88.0,53.0,
s10,d2,frame_0039.jpg,True,580.0,449.0,669.0,504.0,89.0,55.0,
s10,d2,frame_0040.jpg,True,580.0,449.0,670.0,503.0,90.0,54.0,
s10,d2,frame_0041.jpg,True,580.0,449.0,670.0,503.0,90.0,54.0,
s10,d2,frame_0042.jpg,True,579.0,449.0,671.0,501.0,92.0,52.0,
s10,d2,frame_0043.jpg,True,579.0,449.0,672.0,500.0,93.0,51.0,
s10,d2,frame_0044.jpg,True,579.0,449.0,671.0,498.0,92.0,49.0,
s10,d2,frame_0045.jpg,True,579.0,449.0,671.0,498.0,92.0,49.0,
s10,d2,frame_0046.jpg,True,579.0,449.0,672.0,497.0,93.0,48.0,
s10,d2,frame_0047.jpg,True,579.0,449.0,671.0,496.0,92.0,47.0,
s10,d2,frame_0048.jpg,True,579.0,450.0,672.0,497.0,93.0,47.0,
s10,d2,frame_0049.jpg,True,579.0,450.0,672.0,497.0,93.0,47.0,
s10,d2,frame_0050.jpg,True,579.0,450.0,672.0,496.0,93.0,46.0,
s10,d2,frame_0051.jpg,True,579.0,450.0,672.0,496.0,93.0,46.0,
s10,d2,frame_0052.jpg,True,579.0,450.0,673.0,496.0,94.0,46.0,
s10,d2,frame_0053.jpg,True,579.0,450.0,673.0,496.0,94.0,46.0,
s10,d2,frame_0054.jpg,True,579.0,450.0,672.0,496.0,93.0,46.0,
s10,d2,frame_0055.jpg,True,579.0,450.0,673.0,496.0,94.0,46.0,
s10,d2,frame_0056.jpg,True,580.0,451.0,673.0,497.0,93.0,46.0,
s10,d2,frame_0057.jpg,True,580.0,451.0,673.0,498.0,93.0,47.0,
s10,d2,frame_0058.jpg,True,580.0,451.0,673.0,498.0,93.0,47.0,
s10,d2,frame_0059.jpg,True,580.0,452.0,673.0,499.0,93.0,47.0,
s10,d2,frame_0060.jpg,True,580.0,452.0,673.0,499.0,93.0,47.0,
s10,d2,frame_0061.jpg,True,581.0,452.0,673.0,500.0,92.0,48.0,
s10,d2,frame_0062.jpg,True,581.0,452.0,673.0,500.0,92.0,48.0,
s10,d2,frame_0063.jpg,True,581.0,452.0,673.0,499.0,92.0,47.0,
s10,d2,frame_0064.jpg,True,581.0,452.0,673.0,499.0,92.0,47.0,
s10,d2,frame_0065.jpg,True,581.0,452.0,673.0,500.0,92.0,48.0,
s10,d2,frame_0066.jpg,True,581.0,452.0,673.0,499.0,92.0,47.0,
s10,d2,frame_0067.jpg,True,581.0,452.0,673.0,499.0,92.0,47.0,
s10,d2,frame_0068.jpg,True,581.0,452.0,673.0,499.0,92.0,47.0,
s10,d3,frame_0001.jpg,True,581.0,452.0,674.0,499.0,93.0,47.0,
s10,d3,frame_0002.jpg,True,581.0,452.0,674.0,499.0,93.0,47.0,
s10,d3,frame_0003.jpg,True,580.0,452.0,674.0,499.0,94.0,47.0,
s10,d3,frame_0004.jpg,True,580.0,452.0,674.0,499.0,94.0,47.0,
s10,d3,frame_0005.jpg,True,580.0,452.0,674.0,499.0,94.0,47.0,
s10,d3,frame_0006.jpg,True,580.0,452.0,674.0,499.0,94.0,47.0,
s10,d3,frame_0007.jpg,True,580.0,452.0,674.0,499.0,94.0,47.0,
s10,d3,frame_0008.jpg,True,580.0,452.0,674.0,499.0,94.0,47.0,
s10,d3,frame_0009.jpg,True,580.0,452.0,674.0,499.0,94.0,47.0,
s10,d3,frame_0010.jpg,True,580.0,452.0,674.0,499.0,94.0,47.0,
s10,d3,frame_0011.jpg,True,580.0,452.0,674.0,500.0,94.0,48.0,
s10,d3,frame_0012.jpg,True,580.0,452.0,674.0,500.0,94.0,48.0,
s10,d3,frame_0013.jpg,True,580.0,452.0,674.0,500.0,94.0,48.0,
s10,d3,frame_0014.jpg,True,580.0,453.0,674.0,500.0,94.0,47.0,
s10,d3,frame_0015.jpg,True,580.0,453.0,675.0,501.0,95.0,48.0,
s10,d3,frame_0016.jpg,True,582.0,452.0,674.0,507.0,92.0,55.0,
s10,d3,frame_0017.jpg,True,581.0,451.0,674.0,512.0,93.0,61.0,
s10,d3,frame_0018.jpg,True,581.0,450.0,674.0,514.0,93.0,64.0,
s10,d3,frame_0019.jpg,True,581.0,449.0,675.0,513.0,94.0,64.0,
s10,d3,frame_0020.jpg,True,580.0,447.0,675.0,512.0,95.0,65.0,
s10,d3,frame_0021.jpg,True,578.0,446.0,675.0,510.0,97.0,64.0,
s10,d3,frame_0022.jpg,True,579.0,445.0,675.0,509.0,96.0,64.0,
s10,d3,frame_0023.jpg,True,578.0,444.0,675.0,509.0,97.0,65.0,
s10,d3,frame_0024.jpg,True,577.0,442.0,675.0,516.0,98.0,74.0,
s10,d3,frame_0025.jpg,True,578.0,440.0,675.0,519.0,97.0,79.0,
s10,d3,frame_0026.jpg,True,579.0,439.0,675.0,520.0,96.0,81.0,
s10,d3,frame_0027.jpg,True,579.0,438.0,675.0,518.0,96.0,80.0,
s10,d3,frame_0028.jpg,True,579.0,440.0,675.0,514.0,96.0,74.0,
s10,d3,frame_0029.jpg,True,580.0,445.0,674.0,504.0,94.0,59.0,
s10,d3,frame_0030.jpg,True,581.0,449.0,672.0,498.0,91.0,49.0,
s10,d3,frame_0031.jpg,True,580.0,451.0,673.0,496.0,93.0,45.0,
s10,d3,frame_0032.jpg,True,580.0,451.0,673.0,496.0,93.0,45.0,
s10,d3,frame_0033.jpg,True,581.0,452.0,673.0,496.0,92.0,44.0,
s10,d3,frame_0034.jpg,True,581.0,452.0,673.0,496.0,92.0,44.0,
s10,d3,frame_0035.jpg,True,581.0,451.0,673.0,496.0,92.0,45.0,
s10,d3,frame_0036.jpg,True,581.0,452.0,673.0,496.0,92.0,44.0,
s10,d3,frame_0037.jpg,True,581.0,452.0,674.0,496.0,93.0,44.0,
s10,d3,frame_0038.jpg,True,580.0,451.0,674.0,497.0,94.0,46.0,
s10,d3,frame_0039.jpg,True,581.0,451.0,675.0,497.0,94.0,46.0,
s10,d3,frame_0040.jpg,True,581.0,451.0,674.0,497.0,93.0,46.0,
s10,d3,frame_0041.jpg,True,581.0,451.0,674.0,497.0,93.0,46.0,
s10,d3,frame_0042.jpg,True,581.0,451.0,674.0,498.0,93.0,47.0,
s10,d3,frame_0043.jpg,True,581.0,451.0,674.0,497.0,93.0,46.0,
s10,d3,frame_0044.jpg,True,581.0,451.0,674.0,497.0,93.0,46.0,
s10,d3,frame_0045.jpg,True,581.0,450.0,674.0,497.0,93.0,47.0,
s10,d3,frame_0046.jpg,True,581.0,450.0,674.0,497.0,93.0,47.0,
s10,d3,frame_0047.jpg,True,581.0,450.0,674.0,497.0,93.0,47.0,
s10,d3,frame_0048.jpg,True,581.0,450.0,674.0,497.0,93.0,47.0,
s10,d3,frame_0049.jpg,True,580.0,450.0,674.0,497.0,94.0,47.0,
s10,d3,frame_0050.jpg,True,580.0,450.0,674.0,498.0,94.0,48.0,
s10,d3,frame_0051.jpg,True,580.0,450.0,674.0,498.0,94.0,48.0,
s10,d3,frame_0052.jpg,True,580.0,450.0,674.0,498.0,94.0,48.0,
s10,d3,frame_0053.jpg,True,580.0,451.0,674.0,498.0,94.0,47.0,
s10,d3,frame_0054.jpg,True,580.0,451.0,674.0,498.0,94.0,47.0,
s10,d4,frame_0001.jpg,True,579.0,454.0,675.0,501.0,96.0,47.0,
s10,d4,frame_0002.jpg,True,579.0,454.0,675.0,501.0,96.0,47.0,
s10,d4,frame_0003.jpg,True,579.0,454.0,675.0,501.0,96.0,47.0,
s10,d4,frame_0004.jpg,True,580.0,455.0,675.0,504.0,95.0,49.0,
s10,d4,frame_0005.jpg,True,580.0,454.0,674.0,514.0,94.0,60.0,
s10,d4,frame_0006.jpg,True,579.0,453.0,675.0,516.0,96.0,63.0,
s10,d4,frame_0007.jpg,True,579.0,452.0,675.0,516.0,96.0,64.0,
s10,d4,frame_0008.jpg,True,577.0,452.0,676.0,514.0,99.0,62.0,
s10,d4,frame_0009.jpg,True,576.0,451.0,675.0,512.0,99.0,61.0,
s10,d4,frame_0010.jpg,True,575.0,450.0,676.0,511.0,101.0,61.0,
s10,d4,frame_0011.jpg,True,575.0,449.0,677.0,510.0,102.0,61.0,
s10,d4,frame_0012.jpg,True,575.0,448.0,677.0,509.0,102.0,61.0,
s10,d4,frame_0013.jpg,True,574.0,447.0,677.0,508.0,103.0,61.0,
s10,d4,frame_0014.jpg,True,573.0,446.0,677.0,507.0,104.0,61.0,
s10,d4,frame_0015.jpg,True,573.0,445.0,677.0,506.0,104.0,61.0,
s10,d4,frame_0016.jpg,True,574.0,446.0,678.0,508.0,104.0,62.0,
s10,d4,frame_0017.jpg,True,574.0,446.0,677.0,508.0,103.0,62.0,
s10,d4,frame_0018.jpg,True,575.0,446.0,677.0,509.0,102.0,63.0,
s10,d4,frame_0019.jpg,True,575.0,447.0,677.0,509.0,102.0,62.0,
s10,d4,frame_0020.jpg,True,576.0,448.0,677.0,509.0,101.0,61.0,
s10,d4,frame_0021.jpg,True,576.0,448.0,676.0,509.0,100.0,61.0,
s10,d4,frame_0022.jpg,True,576.0,448.0,677.0,510.0,101.0,62.0,
s10,d4,frame_0023.jpg,True,576.0,448.0,676.0,510.0,100.0,62.0,
s10,d4,frame_0024.jpg,True,576.0,449.0,676.0,509.0,100.0,60.0,
s10,d4,frame_0025.jpg,True,577.0,449.0,676.0,509.0,99.0,60.0,
s10,d4,frame_0026.jpg,True,577.0,449.0,676.0,509.0,99.0,60.0,
s10,d4,frame_0027.jpg,True,577.0,449.0,676.0,509.0,99.0,60.0,
s10,d4,frame_0028.jpg,True,577.0,449.0,676.0,509.0,99.0,60.0,
s10,d4,frame_0029.jpg,True,577.0,449.0,676.0,509.0,99.0,60.0,
s10,d4,frame_0030.jpg,True,578.0,449.0,675.0,509.0,97.0,60.0,
s10,d4,frame_0031.jpg,True,578.0,449.0,676.0,508.0,98.0,59.0,
s10,d4,frame_0032.jpg,True,579.0,449.0,676.0,507.0,97.0,58.0,
s10,d4,frame_0033.jpg,True,578.0,449.0,676.0,507.0,98.0,58.0,
s10,d4,frame_0034.jpg,True,579.0,450.0,676.0,506.0,97.0,56.0,
s10,d4,frame_0035.jpg,True,579.0,449.0,676.0,505.0,97.0,56.0,
s10,d4,frame_0036.jpg,True,579.0,449.0,676.0,504.0,97.0,55.0,
s10,d4,frame_0037.jpg,True,579.0,449.0,675.0,504.0,96.0,55.0,
s10,d4,frame_0038.jpg,True,579.0,449.0,676.0,503.0,97.0,54.0,
s10,d4,frame_0039.jpg,True,579.0,450.0,676.0,503.0,97.0,53.0,
s10,d4,frame_0040.jpg,True,580.0,450.0,675.0,501.0,95.0,51.0,
s10,d4,frame_0041.jpg,True,580.0,451.0,675.0,500.0,95.0,49.0,
s10,d4,frame_0042.jpg,True,580.0,452.0,675.0,500.0,95.0,48.0,
s10,d4,frame_0043.jpg,True,580.0,452.0,675.0,499.0,95.0,47.0,
s10,d4,frame_0044.jpg,True,579.0,452.0,675.0,499.0,96.0,47.0,
s10,d4,frame_0045.jpg,True,580.0,452.0,674.0,499.0,94.0,47.0,
s10,d4,frame_0046.jpg,True,580.0,453.0,675.0,499.0,95.0,46.0,
s10,d4,frame_0047.jpg,True,579.0,453.0,675.0,500.0,96.0,47.0,
s10,d4,frame_0048.jpg,True,580.0,453.0,675.0,500.0,95.0,47.0,
s10,d4,frame_0049.jpg,True,580.0,453.0,674.0,500.0,94.0,47.0,
s10,d4,frame_0050.jpg,True,580.0,453.0,674.0,500.0,94.0,47.0,
s10,d4,frame_0051.jpg,True,580.0,454.0,674.0,500.0,94.0,46.0,
s10,d5,frame_0001.jpg,True,583.0,432.0,679.0,482.0,96.0,50.0,
s10,d5,frame_0002.jpg,True,584.0,433.0,679.0,482.0,95.0,49.0,
s10,d5,frame_0003.jpg,True,584.0,433.0,679.0,482.0,95.0,49.0,
s10,d5,frame_0004.jpg,True,584.0,433.0,679.0,482.0,95.0,49.0,
s10,d5,frame_0005.jpg,True,584.0,433.0,679.0,482.0,95.0,49.0,
s10,d5,frame_0006.jpg,True,584.0,433.0,679.0,482.0,95.0,49.0,
s10,d5,frame_0007.jpg,True,584.0,433.0,679.0,482.0,95.0,49.0,
s10,d5,frame_0008.jpg,True,584.0,433.0,678.0,482.0,94.0,49.0,
s10,d5,frame_0009.jpg,True,584.0,433.0,678.0,483.0,94.0,50.0,
s10,d5,frame_0010.jpg,True,585.0,434.0,678.0,488.0,93.0,54.0,
s10,d5,frame_0011.jpg,True,585.0,432.0,678.0,498.0,93.0,66.0,
s10,d5,frame_0012.jpg,True,584.0,431.0,678.0,504.0,94.0,73.0,
s10,d5,frame_0013.jpg,True,584.0,430.0,677.0,506.0,93.0,76.0,
s10,d5,frame_0014.jpg,True,584.0,430.0,677.0,507.0,93.0,77.0,
s10,d5,frame_0015.jpg,True,584.0,429.0,677.0,507.0,93.0,78.0,
s10,d5,frame_0016.jpg,True,583.0,429.0,677.0,508.0,94.0,79.0,
s10,d5,frame_0017.jpg,True,583.0,429.0,677.0,508.0,94.0,79.0,
s10,d5,frame_0018.jpg,True,582.0,429.0,677.0,508.0,95.0,79.0,
s10,d5,frame_0019.jpg,True,582.0,430.0,678.0,508.0,96.0,78.0,
s10,d5,frame_0020.jpg,True,582.0,430.0,677.0,508.0,95.0,78.0,
s10,d5,frame_0021.jpg,True,582.0,430.0,678.0,508.0,96.0,78.0,
s10,d5,frame_0022.jpg,True,581.0,430.0,678.0,508.0,97.0,78.0,
s10,d5,frame_0023.jpg,True,582.0,430.0,678.0,507.0,96.0,77.0,
s10,d5,frame_0024.jpg,True,582.0,430.0,678.0,507.0,96.0,77.0,
s10,d5,frame_0025.jpg,True,582.0,431.0,678.0,507.0,96.0,76.0,
s10,d5,frame_0026.jpg,True,582.0,431.0,678.0,507.0,96.0,76.0,
s10,d5,frame_0027.jpg,True,582.0,431.0,677.0,506.0,95.0,75.0,
s10,d5,frame_0028.jpg,True,582.0,431.0,677.0,506.0,95.0,75.0,
s10,d5,frame_0029.jpg,True,582.0,431.0,677.0,506.0,95.0,75.0,
s10,d5,frame_0030.jpg,True,582.0,431.0,677.0,506.0,95.0,75.0,
s10,d5,frame_0031.jpg,True,582.0,431.0,677.0,506.0,95.0,75.0,
s10,d5,frame_0032.jpg,True,582.0,431.0,678.0,505.0,96.0,74.0,
s10,d5,frame_0033.jpg,True,582.0,431.0,678.0,504.0,96.0,73.0,
s10,d5,frame_0034.jpg,True,582.0,431.0,678.0,502.0,96.0,71.0,
s10,d5,frame_0035.jpg,True,582.0,430.0,679.0,500.0,97.0,70.0,
s10,d5,frame_0036.jpg,True,582.0,431.0,679.0,498.0,97.0,67.0,
s10,d5,frame_0037.jpg,True,582.0,431.0,679.0,496.0,97.0,65.0,
s10,d5,frame_0038.jpg,True,582.0,431.0,679.0,494.0,97.0,63.0,
s10,d5,frame_0039.jpg,True,581.0,431.0,680.0,492.0,99.0,61.0,
s10,d5,frame_0040.jpg,True,582.0,431.0,679.0,490.0,97.0,59.0,
s10,d5,frame_0041.jpg,True,582.0,432.0,679.0,490.0,97.0,58.0,
s10,d5,frame_0042.jpg,True,582.0,433.0,679.0,488.0,97.0,55.0,
s10,d5,frame_0043.jpg,True,582.0,433.0,678.0,488.0,96.0,55.0,
s10,d5,frame_0044.jpg,True,582.0,434.0,678.0,486.0,96.0,52.0,
s10,d5,frame_0045.jpg,True,583.0,434.0,678.0,483.0,95.0,49.0,
s10,d5,frame_0046.jpg,True,582.0,434.0,677.0,483.0,95.0,49.0,
s10,d5,frame_0047.jpg,True,582.0,435.0,677.0,483.0,95.0,48.0,
s10,d6,frame_0001.jpg,True,268.0,616.0,411.0,684.0,143.0,68.0,
s10,d6,frame_0002.jpg,True,268.0,616.0,411.0,684.0,143.0,68.0,
s10,d6,frame_0003.jpg,True,268.0,617.0,411.0,684.0,143.0,67.0,
s10,d6,frame_0004.jpg,True,268.0,617.0,411.0,684.0,143.0,67.0,
s10,d6,frame_0005.jpg,True,268.0,617.0,411.0,686.0,143.0,69.0,
s10,d6,frame_0006.jpg,True,268.0,617.0,411.0,685.0,143.0,68.0,
s10,d6,frame_0007.jpg,True,268.0,617.0,411.0,686.0,143.0,69.0,
s10,d6,frame_0008.jpg,True,268.0,617.0,411.0,686.0,143.0,69.0,
s10,d6,frame_0009.jpg,True,268.0,617.0,410.0,698.0,142.0,81.0,
s10,d6,frame_0010.jpg,True,268.0,617.0,410.0,698.0,142.0,81.0,
s10,d6,frame_0011.jpg,True,268.0,617.0,410.0,698.0,142.0,81.0,
s10,d6,frame_0012.jpg,True,276.0,614.0,403.0,709.0,127.0,95.0,
s10,d6,frame_0013.jpg,True,277.0,614.0,403.0,709.0,126.0,95.0,
s10,d6,frame_0014.jpg,True,279.0,608.0,400.0,709.0,121.0,101.0,
s10,d6,frame_0015.jpg,True,279.0,608.0,399.0,709.0,120.0,101.0,
s10,d6,frame_0016.jpg,True,279.0,605.0,399.0,706.0,120.0,101.0,
s10,d6,frame_0017.jpg,True,279.0,604.0,399.0,706.0,120.0,102.0,
s10,d6,frame_0018.jpg,True,279.0,605.0,400.0,704.0,121.0,99.0,
s10,d6,frame_0019.jpg,True,279.0,604.0,400.0,704.0,121.0,100.0,
s10,d6,frame_0020.jpg,True,279.0,607.0,402.0,704.0,123.0,97.0,
s10,d6,frame_0021.jpg,True,278.0,610.0,403.0,704.0,125.0,94.0,
s10,d6,frame_0022.jpg,True,278.0,610.0,403.0,704.0,125.0,94.0,
s10,d6,frame_0023.jpg,True,277.0,613.0,403.0,706.0,126.0,93.0,
s10,d6,frame_0024.jpg,True,276.0,613.0,404.0,706.0,128.0,93.0,
s10,d6,frame_0025.jpg,True,275.0,614.0,406.0,706.0,131.0,92.0,
s10,d6,frame_0026.jpg,True,275.0,614.0,406.0,706.0,131.0,92.0,
s10,d6,frame_0027.jpg,True,274.0,612.0,408.0,705.0,134.0,93.0,
s10,d6,frame_0028.jpg,True,273.0,611.0,412.0,701.0,139.0,90.0,
s10,d6,frame_0029.jpg,True,272.0,611.0,412.0,701.0,140.0,90.0,
s10,d6,frame_0030.jpg,True,271.0,610.0,415.0,697.0,144.0,87.0,
s10,d6,frame_0031.jpg,True,271.0,610.0,415.0,697.0,144.0,87.0,
s10,d6,frame_0032.jpg,True,270.0,609.0,416.0,695.0,146.0,86.0,
s10,d6,frame_0033.jpg,True,270.0,609.0,416.0,695.0,146.0,86.0,
s10,d6,frame_0034.jpg,True,270.0,610.0,417.0,691.0,147.0,81.0,
s10,d6,frame_0035.jpg,True,269.0,609.0,418.0,691.0,149.0,82.0,
s10,d6,frame_0036.jpg,True,269.0,611.0,418.0,690.0,149.0,79.0,
s10,d6,frame_0037.jpg,True,268.0,614.0,418.0,690.0,150.0,76.0,
s10,d6,frame_0038.jpg,True,268.0,613.0,418.0,690.0,150.0,77.0,
s10,d6,frame_0039.jpg,True,268.0,614.0,418.0,687.0,150.0,73.0,
s10,d6,frame_0040.jpg,True,269.0,614.0,418.0,687.0,149.0,73.0,
s10,d6,frame_0041.jpg,True,269.0,614.0,418.0,684.0,149.0,70.0,
s10,d6,frame_0042.jpg,True,269.0,614.0,417.0,684.0,148.0,70.0,
s10,d6,frame_0043.jpg,True,269.0,616.0,418.0,684.0,149.0,68.0,
s10,d6,frame_0044.jpg,True,269.0,617.0,418.0,685.0,149.0,68.0,
s10,d7,frame_0001.jpg,True,582.0,439.0,676.0,487.0,94.0,48.0,
s10,d7,frame_0002.jpg,True,582.0,439.0,676.0,487.0,94.0,48.0,
s10,d7,frame_0003.jpg,True,582.0,439.0,676.0,486.0,94.0,47.0,
s10,d7,frame_0004.jpg,True,582.0,439.0,676.0,486.0,94.0,47.0,
s10,d7,frame_0005.jpg,True,582.0,439.0,676.0,486.0,94.0,47.0,
s10,d7,frame_0006.jpg,True,582.0,439.0,676.0,488.0,94.0,49.0,
s10,d7,frame_0007.jpg,True,584.0,436.0,674.0,494.0,90.0,58.0,
s10,d7,frame_0008.jpg,True,583.0,434.0,675.0,497.0,92.0,63.0,
s10,d7,frame_0009.jpg,True,583.0,432.0,675.0,499.0,92.0,67.0,
s10,d7,frame_0010.jpg,True,583.0,430.0,675.0,500.0,92.0,70.0,
s10,d7,frame_0011.jpg,True,582.0,430.0,675.0,501.0,93.0,71.0,
s10,d7,frame_0012.jpg,True,582.0,429.0,675.0,502.0,93.0,73.0,
s10,d7,frame_0013.jpg,True,582.0,428.0,675.0,502.0,93.0,74.0,
s10,d7,frame_0014.jpg,True,581.0,428.0,676.0,501.0,95.0,73.0,
s10,d7,frame_0015.jpg,True,581.0,428.0,676.0,501.0,95.0,73.0,
s10,d7,frame_0016.jpg,True,581.0,429.0,676.0,500.0,95.0,71.0,
s10,d7,frame_0017.jpg,True,581.0,429.0,676.0,499.0,95.0,70.0,
s10,d7,frame_0018.jpg,True,581.0,429.0,676.0,498.0,95.0,69.0,
s10,d7,frame_0019.jpg,True,580.0,430.0,676.0,498.0,96.0,68.0,
s10,d7,frame_0020.jpg,True,580.0,429.0,676.0,498.0,96.0,69.0,
s10,d7,frame_0021.jpg,True,581.0,430.0,676.0,497.0,95.0,67.0,
s10,d7,frame_0022.jpg,True,581.0,430.0,676.0,497.0,95.0,67.0,
s10,d7,frame_0023.jpg,True,581.0,430.0,676.0,497.0,95.0,67.0,
s10,d7,frame_0024.jpg,True,580.0,429.0,676.0,497.0,96.0,68.0,
s10,d7,frame_0025.jpg,True,581.0,431.0,676.0,496.0,95.0,65.0,
s10,d7,frame_0026.jpg,True,581.0,431.0,676.0,495.0,95.0,64.0,
s10,d7,frame_0027.jpg,True,581.0,432.0,676.0,495.0,95.0,63.0,
s10,d7,frame_0028.jpg,True,581.0,432.0,676.0,494.0,95.0,62.0,
s10,d7,frame_0029.jpg,True,582.0,433.0,676.0,493.0,94.0,60.0,
s10,d7,frame_0030.jpg,True,582.0,433.0,676.0,493.0,94.0,60.0,
s10,d7,frame_0031.jpg,True,581.0,433.0,676.0,493.0,95.0,60.0,
s10,d7,frame_0032.jpg,True,581.0,434.0,676.0,491.0,95.0,57.0,
s10,d7,frame_0033.jpg,True,582.0,434.0,676.0,489.0,94.0,55.0,
s10,d7,frame_0034.jpg,True,582.0,436.0,676.0,487.0,94.0,51.0,
s10,d7,frame_0035.jpg,True,582.0,436.0,676.0,485.0,94.0,49.0,
s10,d7,frame_0036.jpg,True,582.0,436.0,676.0,484.0,94.0,48.0,
s10,d7,frame_0037.jpg,True,583.0,437.0,676.0,484.0,93.0,47.0,
s10,d7,frame_0038.jpg,True,583.0,437.0,676.0,484.0,93.0,47.0,
s10,d7,frame_0039.jpg,True,583.0,437.0,676.0,485.0,93.0,48.0,
s10,d7,frame_0040.jpg,True,583.0,437.0,676.0,485.0,93.0,48.0,
s10,d7,frame_0041.jpg,True,582.0,437.0,676.0,484.0,94.0,47.0,
s10,d8,frame_0001.jpg,True,580.0,444.0,675.0,491.0,95.0,47.0,
s10,d8,frame_0002.jpg,True,581.0,444.0,675.0,491.0,94.0,47.0,
s10,d8,frame_0003.jpg,True,581.0,444.0,675.0,491.0,94.0,47.0,
s10,d8,frame_0004.jpg,True,580.0,444.0,675.0,491.0,95.0,47.0,
s10,d8,frame_0005.jpg,True,580.0,444.0,675.0,491.0,95.0,47.0,
s10,d8,frame_0006.jpg,True,581.0,445.0,675.0,492.0,94.0,47.0,
s10,d8,frame_0007.jpg,True,581.0,446.0,675.0,493.0,94.0,47.0,
s10,d8,frame_0008.jpg,True,581.0,448.0,675.0,495.0,94.0,47.0,
s10,d8,frame_0009.jpg,True,582.0,449.0,675.0,495.0,93.0,46.0,
s10,d8,frame_0010.jpg,True,581.0,450.0,676.0,495.0,95.0,45.0,
s10,d8,frame_0011.jpg,True,583.0,451.0,675.0,495.0,92.0,44.0,
s10,d8,frame_0012.jpg,True,582.0,451.0,675.0,495.0,93.0,44.0,
s10,d8,frame_0013.jpg,True,582.0,451.0,675.0,495.0,93.0,44.0,
s10,d8,frame_0014.jpg,True,582.0,451.0,675.0,495.0,93.0,44.0,
s10,d8,frame_0015.jpg,True,582.0,450.0,676.0,495.0,94.0,45.0,
s10,d8,frame_0016.jpg,True,582.0,447.0,675.0,501.0,93.0,54.0,
s10,d8,frame_0017.jpg,True,581.0,444.0,676.0,507.0,95.0,63.0,
s10,d8,frame_0018.jpg,True,580.0,441.0,676.0,509.0,96.0,68.0,
s10,d8,frame_0019.jpg,True,579.0,440.0,676.0,510.0,97.0,70.0,
s10,d8,frame_0020.jpg,True,579.0,438.0,676.0,509.0,97.0,71.0,
s10,d8,frame_0021.jpg,True,579.0,440.0,675.0,506.0,96.0,66.0,
s10,d8,frame_0022.jpg,True,579.0,440.0,676.0,505.0,97.0,65.0,
s10,d8,frame_0023.jpg,True,579.0,440.0,676.0,504.0,97.0,64.0,
s10,d8,frame_0024.jpg,True,579.0,440.0,675.0,504.0,96.0,64.0,
s10,d8,frame_0025.jpg,True,579.0,439.0,675.0,504.0,96.0,65.0,
s10,d8,frame_0026.jpg,True,579.0,439.0,675.0,503.0,96.0,64.0,
s10,d8,frame_0027.jpg,True,580.0,439.0,675.0,503.0,95.0,64.0,
s10,d8,frame_0028.jpg,True,580.0,439.0,675.0,504.0,95.0,65.0,
s10,d8,frame_0029.jpg,True,580.0,439.0,675.0,504.0,95.0,65.0,
s10,d8,frame_0030.jpg,True,580.0,439.0,675.0,504.0,95.0,65.0,
s10,d8,frame_0031.jpg,True,580.0,439.0,675.0,503.0,95.0,64.0,
s10,d8,frame_0032.jpg,True,580.0,440.0,675.0,501.0,95.0,61.0,
s10,d8,frame_0033.jpg,True,580.0,440.0,675.0,500.0,95.0,60.0,
s10,d8,frame_0034.jpg,True,580.0,440.0,675.0,498.0,95.0,58.0,
s10,d8,frame_0035.jpg,True,580.0,440.0,675.0,495.0,95.0,55.0,
s10,d8,frame_0036.jpg,True,580.0,441.0,675.0,493.0,95.0,52.0,
s10,d8,frame_0037.jpg,True,581.0,442.0,675.0,490.0,94.0,48.0,
s10,d8,frame_0038.jpg,True,581.0,442.0,675.0,490.0,94.0,48.0,
s10,d8,frame_0039.jpg,True,581.0,442.0,675.0,489.0,94.0,47.0,
s10,d8,frame_0040.jpg,True,581.0,442.0,675.0,489.0,94.0,47.0,
s10,d8,frame_0041.jpg,True,581.0,442.0,675.0,489.0,94.0,47.0,
s10,d8,frame_0042.jpg,True,581.0,442.0,675.0,489.0,94.0,47.0,
s10,d8,frame_0043.jpg,True,581.0,443.0,675.0,489.0,94.0,46.0,
s10,d8,frame_0044.jpg,True,581.0,443.0,675.0,489.0,94.0,46.0,
s10,d8,frame_0045.jpg,True,581.0,443.0,675.0,489.0,94.0,46.0,
s10,d9,frame_0001.jpg,True,580.0,445.0,675.0,491.0,95.0,46.0,
s10,d9,frame_0002.jpg,True,580.0,445.0,675.0,492.0,95.0,47.0,
s10,d9,frame_0003.jpg,True,580.0,446.0,675.0,494.0,95.0,48.0,
s10,d9,frame_0004.jpg,True,581.0,444.0,674.0,500.0,93.0,56.0,
s10,d9,frame_0005.jpg,True,581.0,445.0,673.0,505.0,92.0,60.0,
s10,d9,frame_0006.jpg,True,581.0,445.0,673.0,508.0,92.0,63.0,
s10,d9,frame_0007.jpg,True,581.0,443.0,673.0,511.0,92.0,68.0,
s10,d9,frame_0008.jpg,True,581.0,442.0,673.0,513.0,92.0,71.0,
s10,d9,frame_0009.jpg,True,582.0,442.0,673.0,514.0,91.0,72.0,
s10,d9,frame_0010.jpg,True,581.0,441.0,673.0,514.0,92.0,73.0,
s10,d9,frame_0011.jpg,True,580.0,441.0,672.0,515.0,92.0,74.0,
s10,d9,frame_0012.jpg,True,582.0,440.0,673.0,515.0,91.0,75.0,
s10,d9,frame_0013.jpg,True,582.0,440.0,672.0,515.0,90.0,75.0,
s10,d9,frame_0014.jpg,True,581.0,439.0,672.0,515.0,91.0,76.0,
s10,d9,frame_0015.jpg,True,581.0,439.0,672.0,516.0,91.0,77.0,
s10,d9,frame_0016.jpg,True,581.0,440.0,672.0,516.0,91.0,76.0,
s10,d9,frame_0017.jpg,True,583.0,442.0,670.0,514.0,87.0,72.0,
s10,d9,frame_0018.jpg,True,585.0,445.0,669.0,508.0,84.0,63.0,
s10,d9,frame_0019.jpg,True,586.0,446.0,669.0,505.0,83.0,59.0,
s10,d9,frame_0020.jpg,True,586.0,447.0,670.0,502.0,84.0,55.0,
s10,d9,frame_0021.jpg,True,586.0,447.0,670.0,500.0,84.0,53.0,
s10,d9,frame_0022.jpg,True,586.0,448.0,671.0,501.0,85.0,53.0,
s10,d9,frame_0023.jpg,True,586.0,448.0,671.0,499.0,85.0,51.0,
s10,d9,frame_0024.jpg,True,586.0,448.0,671.0,499.0,85.0,51.0,
s10,d9,frame_0025.jpg,True,586.0,448.0,671.0,498.0,85.0,50.0,
s10,d9,frame_0026.jpg,True,586.0,447.0,671.0,498.0,85.0,51.0,
s10,d9,frame_0027.jpg,True,586.0,448.0,671.0,497.0,85.0,49.0,
s10,d9,frame_0028.jpg,True,585.0,447.0,671.0,497.0,86.0,50.0,
s10,d9,frame_0029.jpg,True,585.0,447.0,671.0,497.0,86.0,50.0,
s10,d9,frame_0030.jpg,True,585.0,447.0,672.0,497.0,87.0,50.0,
s10,d9,frame_0031.jpg,True,584.0,446.0,672.0,497.0,88.0,51.0,
s10,d9,frame_0032.jpg,True,583.0,446.0,673.0,496.0,90.0,50.0,
s10,d9,frame_0033.jpg,True,582.0,445.0,673.0,495.0,91.0,50.0,
s10,d9,frame_0034.jpg,True,582.0,445.0,673.0,495.0,91.0,50.0,
s10,d9,frame_0035.jpg,True,582.0,444.0,673.0,494.0,91.0,50.0,
s10,d9,frame_0036.jpg,True,582.0,444.0,674.0,493.0,92.0,49.0,
s10,d9,frame_0037.jpg,True,582.0,444.0,674.0,493.0,92.0,49.0,
s10,d9,frame_0038.jpg,True,582.0,444.0,674.0,492.0,92.0,48.0,
s10,d9,frame_0039.jpg,True,582.0,444.0,674.0,492.0,92.0,48.0,
s10,d9,frame_0040.jpg,True,582.0,444.0,674.0,492.0,92.0,48.0,
s10,d9,frame_0041.jpg,True,581.0,444.0,674.0,492.0,93.0,48.0,
s10,d9,frame_0042.jpg,True,582.0,444.0,674.0,492.0,92.0,48.0,
s10,d9,frame_0043.jpg,True,581.0,444.0,674.0,491.0,93.0,47.0,
s10,d9,frame_0044.jpg,True,582.0,444.0,674.0,491.0,92.0,47.0,
s10,d9,frame_0045.jpg,True,582.0,444.0,674.0,491.0,92.0,47.0,
s10,d9,frame_0046.jpg,True,582.0,445.0,675.0,492.0,93.0,47.0,
s10,d10,frame_0001.jpg,True,582.0,448.0,676.0,496.0,94.0,48.0,
s10,d10,frame_0002.jpg,True,581.0,448.0,676.0,495.0,95.0,47.0,
s10,d10,frame_0003.jpg,True,580.0,448.0,675.0,496.0,95.0,48.0,
s10,d10,frame_0004.jpg,True,581.0,448.0,676.0,496.0,95.0,48.0,
s10,d10,frame_0005.jpg,True,582.0,449.0,676.0,495.0,94.0,46.0,
s10,d10,frame_0006.jpg,True,582.0,448.0,676.0,496.0,94.0,48.0,
s10,d10,frame_0007.jpg,True,581.0,448.0,675.0,496.0,94.0,48.0,
s10,d10,frame_0008.jpg,True,581.0,448.0,675.0,498.0,94.0,50.0,
s10,d10,frame_0009.jpg,True,582.0,448.0,675.0,506.0,93.0,58.0,
s10,d10,frame_0010.jpg,True,582.0,449.0,674.0,512.0,92.0,63.0,
s10,d10,frame_0011.jpg,True,581.0,448.0,675.0,514.0,94.0,66.0,
s10,d10,frame_0012.jpg,True,580.0,448.0,676.0,514.0,96.0,66.0,
s10,d10,frame_0013.jpg,True,580.0,447.0,676.0,513.0,96.0,66.0,
s10,d10,frame_0014.jpg,True,579.0,446.0,676.0,510.0,97.0,64.0,
s10,d10,frame_0015.jpg,True,579.0,446.0,676.0,509.0,97.0,63.0,
s10,d10,frame_0016.jpg,True,578.0,446.0,676.0,507.0,98.0,61.0,
s10,d10,frame_0017.jpg,True,578.0,446.0,676.0,506.0,98.0,60.0,
s10,d10,frame_0018.jpg,True,578.0,445.0,676.0,505.0,98.0,60.0,
s10,d10,frame_0019.jpg,True,579.0,445.0,676.0,505.0,97.0,60.0,
s10,d10,frame_0020.jpg,True,579.0,445.0,676.0,505.0,97.0,60.0,
s10,d10,frame_0021.jpg,True,580.0,445.0,676.0,505.0,96.0,60.0,
s10,d10,frame_0022.jpg,True,580.0,446.0,676.0,505.0,96.0,59.0,
s10,d10,frame_0023.jpg,True,581.0,450.0,676.0,499.0,95.0,49.0,
s10,d10,frame_0024.jpg,True,581.0,451.0,676.0,498.0,95.0,47.0,
s10,d10,frame_0025.jpg,True,582.0,451.0,675.0,497.0,93.0,46.0,
s10,d10,frame_0026.jpg,True,582.0,451.0,675.0,496.0,93.0,45.0,
s10,d10,frame_0027.jpg,True,582.0,451.0,675.0,496.0,93.0,45.0,
s10,d10,frame_0028.jpg,True,581.0,451.0,675.0,496.0,94.0,45.0,
s10,d10,frame_0029.jpg,True,582.0,451.0,675.0,496.0,93.0,45.0,
s10,d10,frame_0030.jpg,True,582.0,451.0,675.0,497.0,93.0,46.0,
s10,d10,frame_0031.jpg,True,581.0,452.0,676.0,497.0,95.0,45.0,
s10,d10,frame_0032.jpg,True,581.0,452.0,676.0,497.0,95.0,45.0,
s10,d10,frame_0033.jpg,True,581.0,451.0,675.0,497.0,94.0,46.0,
s10,d10,frame_0034.jpg,True,582.0,451.0,676.0,497.0,94.0,46.0,
s10,d10,frame_0035.jpg,True,582.0,451.0,676.0,497.0,94.0,46.0,
s10,d10,frame_0036.jpg,True,582.0,450.0,676.0,497.0,94.0,47.0,
s10,d10,frame_0037.jpg,True,582.0,449.0,675.0,495.0,93.0,46.0,
s10,d10,frame_0038.jpg,True,582.0,448.0,675.0,495.0,93.0,47.0,
s10,d10,frame_0039.jpg,True,582.0,448.0,675.0,495.0,93.0,47.0,
s10,d10,frame_0040.jpg,True,582.0,447.0,675.0,494.0,93.0,47.0,
s10,d10,frame_0041.jpg,True,581.0,447.0,675.0,494.0,94.0,47.0,
s10,d10,frame_0042.jpg,True,581.0,447.0,675.0,494.0,94.0,47.0,
s10,d10,frame_0043.jpg,True,581.0,446.0,675.0,494.0,94.0,48.0,
s10,d10,frame_0044.jpg,True,581.0,446.0,675.0,494.0,94.0,48.0,
s10,d10,frame_0045.jpg,True,581.0,447.0,675.0,494.0,94.0,47.0,
s10,d10,frame_0046.jpg,True,581.0,446.0,675.0,493.0,94.0,47.0,
s10,d10,frame_0047.jpg,True,581.0,446.0,675.0,493.0,94.0,47.0,
s10,d10,frame_0048.jpg,True,581.0,446.0,676.0,493.0,95.0,47.0,
s10,d10,frame_0049.jpg,True,580.0,446.0,676.0,492.0,96.0,46.0,
s10,d10,frame_0050.jpg,True,580.0,447.0,676.0,492.0,96.0,45.0,
s11,d0,frame_0001.jpg,True,594.0,326.0,697.0,371.0,103.0,45.0,
s11,d0,frame_0002.jpg,True,594.0,326.0,696.0,371.0,102.0,45.0,
s11,d0,frame_0003.jpg,True,593.0,327.0,696.0,372.0,103.0,45.0,
s11,d0,frame_0004.jpg,True,592.0,327.0,697.0,373.0,105.0,46.0,
s11,d0,frame_0005.jpg,True,593.0,328.0,696.0,373.0,103.0,45.0,
s11,d0,frame_0006.jpg,True,592.0,328.0,696.0,373.0,104.0,45.0,
s11,d0,frame_0007.jpg,True,593.0,328.0,696.0,373.0,103.0,45.0,
s11,d0,frame_0008.jpg,True,593.0,328.0,696.0,372.0,103.0,44.0,
s11,d0,frame_0009.jpg,True,592.0,327.0,695.0,371.0,103.0,44.0,
s11,d0,frame_0010.jpg,True,592.0,326.0,696.0,369.0,104.0,43.0,
s11,d0,frame_0011.jpg,True,592.0,325.0,695.0,369.0,103.0,44.0,
s11,d0,frame_0012.jpg,True,593.0,326.0,695.0,370.0,102.0,44.0,
s11,d0,frame_0013.jpg,True,591.0,327.0,695.0,376.0,104.0,49.0,
s11,d0,frame_0014.jpg,True,594.0,328.0,693.0,383.0,99.0,55.0,
s11,d0,frame_0015.jpg,True,593.0,328.0,693.0,387.0,100.0,59.0,
s11,d0,frame_0016.jpg,True,592.0,329.0,693.0,391.0,101.0,62.0,
s11,d0,frame_0017.jpg,True,592.0,330.0,692.0,392.0,100.0,62.0,
s11,d0,frame_0018.jpg,True,593.0,331.0,691.0,393.0,98.0,62.0,
s11,d0,frame_0019.jpg,True,594.0,332.0,691.0,393.0,97.0,61.0,
s11,d0,frame_0020.jpg,True,595.0,334.0,692.0,392.0,97.0,58.0,
s11,d0,frame_0021.jpg,True,594.0,334.0,691.0,391.0,97.0,57.0,
s11,d0,frame_0022.jpg,True,593.0,335.0,692.0,391.0,99.0,56.0,
s11,d0,frame_0023.jpg,True,594.0,336.0,692.0,390.0,98.0,54.0,
s11,d0,frame_0024.jpg,True,594.0,337.0,692.0,389.0,98.0,52.0,
s11,d0,frame_0025.jpg,True,593.0,337.0,693.0,389.0,100.0,52.0,
s11,d0,frame_0026.jpg,True,593.0,337.0,693.0,388.0,100.0,51.0,
s11,d0,frame_0027.jpg,True,593.0,337.0,694.0,387.0,101.0,50.0,
s11,d0,frame_0028.jpg,True,594.0,336.0,695.0,386.0,101.0,50.0,
s11,d0,frame_0029.jpg,True,593.0,337.0,695.0,386.0,102.0,49.0,
s11,d0,frame_0030.jpg,True,593.0,337.0,696.0,385.0,103.0,48.0,
s11,d0,frame_0031.jpg,True,593.0,337.0,696.0,384.0,103.0,47.0,
s11,d0,frame_0032.jpg,True,593.0,337.0,696.0,384.0,103.0,47.0,
s11,d0,frame_0033.jpg,True,593.0,337.0,697.0,383.0,104.0,46.0,
s11,d0,frame_0034.jpg,True,593.0,337.0,696.0,383.0,103.0,46.0,
s11,d0,frame_0035.jpg,True,594.0,337.0,697.0,383.0,103.0,46.0,
s11,d0,frame_0036.jpg,True,594.0,337.0,697.0,383.0,103.0,46.0,
s11,d0,frame_0037.jpg,True,594.0,337.0,697.0,383.0,103.0,46.0,
s11,d0,frame_0038.jpg,True,593.0,337.0,697.0,383.0,104.0,46.0,
s11,d0,frame_0039.jpg,True,593.0,337.0,697.0,383.0,104.0,46.0,
s11,d0,frame_0040.jpg,True,593.0,337.0,697.0,383.0,104.0,46.0,
s11,d0,frame_0041.jpg,True,593.0,337.0,697.0,383.0,104.0,46.0,
s11,d0,frame_0042.jpg,True,593.0,337.0,697.0,383.0,104.0,46.0,
s11,d0,frame_0043.jpg,True,592.0,337.0,696.0,383.0,104.0,46.0,
s11,d0,frame_0044.jpg,True,592.0,337.0,696.0,383.0,104.0,46.0,
s11,d0,frame_0045.jpg,True,592.0,336.0,696.0,383.0,104.0,47.0,
s11,d1,frame_0001.jpg,True,590.0,332.0,694.0,380.0,104.0,48.0,
s11,d1,frame_0002.jpg,True,590.0,332.0,694.0,380.0,104.0,48.0,
s11,d1,frame_0003.jpg,True,590.0,332.0,694.0,380.0,104.0,48.0,
s11,d1,frame_0004.jpg,True,590.0,332.0,694.0,380.0,104.0,48.0,
s11,d1,frame_0005.jpg,True,589.0,331.0,694.0,380.0,105.0,49.0,
s11,d1,frame_0006.jpg,True,589.0,331.0,694.0,380.0,105.0,49.0,
s11,d1,frame_0007.jpg,True,588.0,331.0,694.0,382.0,106.0,51.0,
s11,d1,frame_0008.jpg,True,588.0,331.0,693.0,383.0,105.0,52.0,
s11,d1,frame_0009.jpg,True,588.0,331.0,693.0,385.0,105.0,54.0,
s11,d1,frame_0010.jpg,True,588.0,331.0,692.0,386.0,104.0,55.0,
s11,d1,frame_0011.jpg,True,587.0,331.0,692.0,387.0,105.0,56.0,
s11,d1,frame_0012.jpg,True,586.0,332.0,691.0,390.0,105.0,58.0,
s11,d1,frame_0013.jpg,True,584.0,333.0,690.0,393.0,106.0,60.0,
s11,d1,frame_0014.jpg,True,584.0,333.0,690.0,393.0,106.0,60.0,
s11,d1,frame_0015.jpg,True,582.0,333.0,688.0,397.0,106.0,64.0,
s11,d1,frame_0016.jpg,True,582.0,334.0,688.0,398.0,106.0,64.0,
s11,d1,frame_0017.jpg,True,582.0,335.0,687.0,397.0,105.0,62.0,
s11,d1,frame_0018.jpg,True,582.0,336.0,686.0,396.0,104.0,60.0,
s11,d1,frame_0019.jpg,True,581.0,337.0,686.0,396.0,105.0,59.0,
s11,d1,frame_0020.jpg,True,581.0,338.0,685.0,395.0,104.0,57.0,
s11,d1,frame_0021.jpg,True,581.0,338.0,685.0,396.0,104.0,58.0,
s11,d1,frame_0022.jpg,True,581.0,338.0,685.0,395.0,104.0,57.0,
s11,d1,frame_0023.jpg,True,582.0,338.0,686.0,395.0,104.0,57.0,
s11,d1,frame_0024.jpg,True,583.0,338.0,687.0,394.0,104.0,56.0,
s11,d1,frame_0025.jpg,True,584.0,338.0,688.0,393.0,104.0,55.0,
s11,d1,frame_0026.jpg,True,585.0,338.0,688.0,393.0,103.0,55.0,
s11,d1,frame_0027.jpg,True,585.0,337.0,689.0,392.0,104.0,55.0,
s11,d1,frame_0028.jpg,True,586.0,337.0,690.0,392.0,104.0,55.0,
s11,d1,frame_0029.jpg,True,586.0,337.0,691.0,391.0,105.0,54.0,
s11,d1,frame_0030.jpg,True,587.0,336.0,691.0,390.0,104.0,54.0,
s11,d1,frame_0031.jpg,True,587.0,336.0,692.0,390.0,105.0,54.0,
s11,d1,frame_0032.jpg,True,587.0,336.0,692.0,389.0,105.0,53.0,
s11,d1,frame_0033.jpg,True,587.0,336.0,692.0,388.0,105.0,52.0,
s11,d1,frame_0034.jpg,True,588.0,336.0,692.0,387.0,104.0,51.0,
s11,d2,frame_0001.jpg,True,590.0,331.0,695.0,378.0,105.0,47.0,
s11,d2,frame_0002.jpg,True,589.0,331.0,695.0,379.0,106.0,48.0,
s11,d2,frame_0003.jpg,True,589.0,330.0,694.0,381.0,105.0,51.0,
s11,d2,frame_0004.jpg,True,588.0,329.0,693.0,382.0,105.0,53.0,
s11,d2,frame_0005.jpg,True,588.0,329.0,692.0,382.0,104.0,53.0,
s11,d2,frame_0006.jpg,True,586.0,329.0,693.0,383.0,107.0,54.0,
s11,d2,frame_0007.jpg,True,586.0,329.0,691.0,383.0,105.0,54.0,
s11,d2,frame_0008.jpg,True,585.0,329.0,692.0,383.0,107.0,54.0,
s11,d2,frame_0009.jpg,True,585.0,329.0,692.0,383.0,107.0,54.0,
s11,d2,frame_0010.jpg,True,586.0,328.0,691.0,384.0,105.0,56.0,
s11,d2,frame_0011.jpg,True,587.0,329.0,690.0,389.0,103.0,60.0,
s11,d2,frame_0012.jpg,True,587.0,328.0,690.0,393.0,103.0,65.0,
s11,d2,frame_0013.jpg,True,587.0,328.0,690.0,396.0,103.0,68.0,
s11,d2,frame_0014.jpg,True,588.0,328.0,689.0,396.0,101.0,68.0,
s11,d2,frame_0015.jpg,True,588.0,329.0,689.0,396.0,101.0,67.0,
s11,d2,frame_0016.jpg,True,588.0,329.0,689.0,395.0,101.0,66.0,
s11,d2,frame_0017.jpg,True,589.0,329.0,690.0,393.0,101.0,64.0,
s11,d2,frame_0018.jpg,True,589.0,329.0,690.0,392.0,101.0,63.0,
s11,d2,frame_0019.jpg,True,589.0,330.0,690.0,391.0,101.0,61.0,
s11,d2,frame_0020.jpg,True,589.0,329.0,690.0,389.0,101.0,60.0,
s11,d2,frame_0021.jpg,True,589.0,329.0,690.0,389.0,101.0,60.0,
s11,d2,frame_0022.jpg,True,588.0,329.0,691.0,387.0,103.0,58.0,
s11,d2,frame_0023.jpg,True,587.0,329.0,691.0,386.0,104.0,57.0,
s11,d2,frame_0024.jpg,True,587.0,329.0,690.0,385.0,103.0,56.0,
s11,d2,frame_0025.jpg,True,587.0,329.0,690.0,385.0,103.0,56.0,
s11,d2,frame_0026.jpg,True,587.0,329.0,690.0,384.0,103.0,55.0,
s11,d2,frame_0027.jpg,True,586.0,329.0,690.0,384.0,104.0,55.0,
s11,d2,frame_0028.jpg,True,586.0,329.0,690.0,384.0,104.0,55.0,
s11,d2,frame_0029.jpg,True,585.0,330.0,691.0,384.0,106.0,54.0,
s11,d2,frame_0030.jpg,True,586.0,330.0,691.0,384.0,105.0,54.0,
s11,d2,frame_0031.jpg,True,586.0,331.0,690.0,385.0,104.0,54.0,
s11,d2,frame_0032.jpg,True,586.0,332.0,691.0,385.0,105.0,53.0,
s11,d2,frame_0033.jpg,True,586.0,333.0,691.0,385.0,105.0,52.0,
s11,d2,frame_0034.jpg,True,586.0,333.0,691.0,385.0,105.0,52.0,
s11,d2,frame_0035.jpg,True,586.0,333.0,692.0,385.0,106.0,52.0,
s11,d2,frame_0036.jpg,True,585.0,333.0,692.0,386.0,107.0,53.0,
s11,d2,frame_0037.jpg,True,586.0,333.0,692.0,386.0,106.0,53.0,
s11,d2,frame_0038.jpg,True,586.0,333.0,692.0,386.0,106.0,53.0,
s11,d2,frame_0039.jpg,True,586.0,333.0,692.0,386.0,106.0,53.0,
s11,d2,frame_0040.jpg,True,586.0,333.0,692.0,386.0,106.0,53.0,
s11,d2,frame_0041.jpg,True,586.0,333.0,692.0,386.0,106.0,53.0,
s11,d2,frame_0042.jpg,True,586.0,333.0,692.0,386.0,106.0,53.0,
s11,d2,frame_0043.jpg,True,585.0,333.0,692.0,386.0,107.0,53.0,
s11,d2,frame_0044.jpg,True,585.0,333.0,692.0,386.0,107.0,53.0,
s11,d2,frame_0045.jpg,True,585.0,333.0,691.0,386.0,106.0,53.0,
s11,d2,frame_0046.jpg,True,585.0,332.0,691.0,384.0,106.0,52.0,
s11,d2,frame_0047.jpg,True,586.0,331.0,691.0,385.0,105.0,54.0,
s11,d2,frame_0048.jpg,True,585.0,331.0,691.0,384.0,106.0,53.0,
s11,d2,frame_0049.jpg,True,585.0,331.0,691.0,383.0,106.0,52.0,
s11,d2,frame_0050.jpg,True,584.0,330.0,690.0,382.0,106.0,52.0,
s11,d2,frame_0051.jpg,True,585.0,330.0,690.0,382.0,105.0,52.0,
s11,d3,frame_0001.jpg,True,585.0,329.0,691.0,377.0,106.0,48.0,
s11,d3,frame_0002.jpg,True,585.0,328.0,691.0,378.0,106.0,50.0,
s11,d3,frame_0003.jpg,True,585.0,327.0,690.0,381.0,105.0,54.0,
s11,d3,frame_0004.jpg,True,584.0,327.0,690.0,381.0,106.0,54.0,
s11,d3,frame_0005.jpg,True,584.0,326.0,690.0,381.0,106.0,55.0,
s11,d3,frame_0006.jpg,True,583.0,326.0,689.0,380.0,106.0,54.0,
s11,d3,frame_0007.jpg,True,584.0,326.0,689.0,381.0,105.0,55.0,
s11,d3,frame_0008.jpg,True,584.0,325.0,689.0,380.0,105.0,55.0,
s11,d3,frame_0009.jpg,True,583.0,325.0,689.0,381.0,106.0,56.0,
s11,d3,frame_0010.jpg,True,585.0,326.0,688.0,383.0,103.0,57.0,
s11,d3,frame_0011.jpg,True,586.0,326.0,688.0,385.0,102.0,59.0,
s11,d3,frame_0012.jpg,True,586.0,326.0,689.0,387.0,103.0,61.0,
s11,d3,frame_0013.jpg,True,585.0,326.0,689.0,388.0,104.0,62.0,
s11,d3,frame_0014.jpg,True,585.0,325.0,689.0,389.0,104.0,64.0,
s11,d3,frame_0015.jpg,True,585.0,325.0,689.0,389.0,104.0,64.0,
s11,d3,frame_0016.jpg,True,585.0,326.0,689.0,389.0,104.0,63.0,
s11,d3,frame_0017.jpg,True,585.0,327.0,689.0,387.0,104.0,60.0,
s11,d3,frame_0018.jpg,True,584.0,328.0,689.0,382.0,105.0,54.0,
s11,d3,frame_0019.jpg,True,585.0,329.0,687.0,378.0,102.0,49.0,
s11,d3,frame_0020.jpg,True,585.0,329.0,687.0,376.0,102.0,47.0,
s11,d3,frame_0021.jpg,True,585.0,329.0,687.0,376.0,102.0,47.0,
s11,d3,frame_0022.jpg,True,585.0,328.0,686.0,375.0,101.0,47.0,
s11,d3,frame_0023.jpg,True,584.0,328.0,686.0,376.0,102.0,48.0,
s11,d3,frame_0024.jpg,True,584.0,329.0,686.0,376.0,102.0,47.0,
s11,d3,frame_0025.jpg,True,583.0,329.0,686.0,377.0,103.0,48.0,
s11,d3,frame_0026.jpg,True,583.0,330.0,686.0,377.0,103.0,47.0,
s11,d3,frame_0027.jpg,True,583.0,330.0,686.0,377.0,103.0,47.0,
s11,d3,frame_0028.jpg,True,582.0,330.0,685.0,378.0,103.0,48.0,
s11,d3,frame_0029.jpg,True,582.0,330.0,685.0,378.0,103.0,48.0,
s11,d3,frame_0030.jpg,True,582.0,330.0,685.0,378.0,103.0,48.0,
s11,d3,frame_0031.jpg,True,581.0,330.0,684.0,378.0,103.0,48.0,
s11,d3,frame_0032.jpg,True,580.0,330.0,684.0,379.0,104.0,49.0,
s11,d3,frame_0033.jpg,True,580.0,330.0,683.0,378.0,103.0,48.0,
s11,d3,frame_0034.jpg,True,580.0,331.0,682.0,379.0,102.0,48.0,
s11,d3,frame_0035.jpg,True,579.0,331.0,682.0,379.0,103.0,48.0,
s11,d3,frame_0036.jpg,True,579.0,331.0,682.0,379.0,103.0,48.0,
s11,d3,frame_0037.jpg,True,578.0,331.0,681.0,379.0,103.0,48.0,
s11,d3,frame_0038.jpg,True,578.0,331.0,681.0,379.0,103.0,48.0,
s11,d3,frame_0039.jpg,True,578.0,331.0,681.0,379.0,103.0,48.0,
s11,d3,frame_0040.jpg,True,578.0,331.0,682.0,379.0,104.0,48.0,
s11,d3,frame_0041.jpg,True,577.0,331.0,682.0,379.0,105.0,48.0,
s11,d3,frame_0042.jpg,True,577.0,331.0,682.0,379.0,105.0,48.0,
s11,d3,frame_0043.jpg,True,577.0,331.0,682.0,379.0,105.0,48.0,
s11,d4,frame_0001.jpg,True,587.0,387.0,677.0,431.0,90.0,44.0,
s11,d4,frame_0002.jpg,True,587.0,387.0,676.0,431.0,89.0,44.0,
s11,d4,frame_0003.jpg,True,588.0,386.0,676.0,432.0,88.0,46.0,
s11,d4,frame_0004.jpg,True,588.0,386.0,676.0,432.0,88.0,46.0,
s11,d4,frame_0005.jpg,True,589.0,387.0,676.0,432.0,87.0,45.0,
s11,d4,frame_0006.jpg,True,589.0,386.0,677.0,432.0,88.0,46.0,
s11,d4,frame_0007.jpg,True,590.0,385.0,677.0,432.0,87.0,47.0,
s11,d4,frame_0008.jpg,True,590.0,386.0,677.0,431.0,87.0,45.0,
s11,d4,frame_0009.jpg,True,590.0,386.0,678.0,432.0,88.0,46.0,
s11,d4,frame_0010.jpg,True,590.0,386.0,677.0,432.0,87.0,46.0,
s11,d4,frame_0011.jpg,True,591.0,386.0,677.0,433.0,86.0,47.0,
s11,d4,frame_0012.jpg,True,590.0,386.0,677.0,434.0,87.0,48.0,
s11,d4,frame_0013.jpg,True,591.0,387.0,676.0,436.0,85.0,49.0,
s11,d4,frame_0014.jpg,True,590.0,387.0,676.0,437.0,86.0,50.0,
s11,d4,frame_0015.jpg,True,591.0,386.0,677.0,437.0,86.0,51.0,
s11,d4,frame_0016.jpg,True,591.0,386.0,677.0,437.0,86.0,51.0,
s11,d4,frame_0017.jpg,True,591.0,387.0,677.0,437.0,86.0,50.0,
s11,d4,frame_0018.jpg,True,591.0,386.0,677.0,437.0,86.0,51.0,
s11,d4,frame_0019.jpg,True,591.0,386.0,677.0,437.0,86.0,51.0,
s11,d4,frame_0020.jpg,True,591.0,386.0,677.0,437.0,86.0,51.0,
s11,d4,frame_0021.jpg,True,591.0,386.0,678.0,437.0,87.0,51.0,
s11,d4,frame_0022.jpg,True,591.0,387.0,678.0,437.0,87.0,50.0,
s11,d4,frame_0023.jpg,True,591.0,386.0,678.0,437.0,87.0,51.0,
s11,d4,frame_0024.jpg,True,592.0,387.0,678.0,436.0,86.0,49.0,
s11,d4,frame_0025.jpg,True,592.0,387.0,678.0,436.0,86.0,49.0,
s11,d4,frame_0026.jpg,True,592.0,386.0,678.0,435.0,86.0,49.0,
s11,d4,frame_0027.jpg,True,592.0,387.0,677.0,434.0,85.0,47.0,
s11,d4,frame_0028.jpg,True,592.0,386.0,677.0,433.0,85.0,47.0,
s11,d4,frame_0029.jpg,True,592.0,386.0,678.0,432.0,86.0,46.0,
s11,d4,frame_0030.jpg,True,592.0,387.0,678.0,431.0,86.0,44.0,
s11,d4,frame_0031.jpg,True,591.0,387.0,679.0,429.0,88.0,42.0,
s11,d4,frame_0032.jpg,True,592.0,387.0,679.0,429.0,87.0,42.0,
s11,d4,frame_0033.jpg,True,592.0,387.0,679.0,428.0,87.0,41.0,
s11,d4,frame_0034.jpg,True,592.0,387.0,680.0,428.0,88.0,41.0,
s11,d4,frame_0035.jpg,True,593.0,387.0,679.0,428.0,86.0,41.0,
s11,d4,frame_0036.jpg,True,593.0,387.0,679.0,427.0,86.0,40.0,
s11,d4,frame_0037.jpg,True,593.0,387.0,679.0,427.0,86.0,40.0,
s11,d4,frame_0038.jpg,True,593.0,387.0,679.0,428.0,86.0,41.0,
s11,d4,frame_0039.jpg,True,592.0,387.0,679.0,428.0,87.0,41.0,
s11,d4,frame_0040.jpg,True,593.0,387.0,679.0,428.0,86.0,41.0,
s11,d5,frame_0001.jpg,True,589.0,352.0,675.0,393.0,86.0,41.0,
s11,d5,frame_0002.jpg,True,589.0,352.0,675.0,392.0,86.0,40.0,
s11,d5,frame_0003.jpg,True,590.0,352.0,675.0,393.0,85.0,41.0,
s11,d5,frame_0004.jpg,True,591.0,352.0,676.0,393.0,85.0,41.0,
s11,d5,frame_0005.jpg,True,591.0,352.0,676.0,393.0,85.0,41.0,
s11,d5,frame_0006.jpg,True,591.0,352.0,676.0,393.0,85.0,41.0,
s11,d5,frame_0007.jpg,True,591.0,352.0,676.0,393.0,85.0,41.0,
s11,d5,frame_0008.jpg,True,591.0,353.0,676.0,394.0,85.0,41.0,
s11,d5,frame_0009.jpg,True,591.0,353.0,675.0,395.0,84.0,42.0,
s11,d5,frame_0010.jpg,True,591.0,353.0,674.0,397.0,83.0,44.0,
s11,d5,frame_0011.jpg,True,590.0,353.0,673.0,400.0,83.0,47.0,
s11,d5,frame_0012.jpg,True,589.0,353.0,673.0,404.0,84.0,51.0,
s11,d5,frame_0013.jpg,True,587.0,353.0,673.0,406.0,86.0,53.0,
s11,d5,frame_0014.jpg,True,586.0,353.0,672.0,408.0,86.0,55.0,
s11,d5,frame_0015.jpg,True,585.0,353.0,671.0,410.0,86.0,57.0,
s11,d5,frame_0016.jpg,True,583.0,352.0,671.0,409.0,88.0,57.0,
s11,d5,frame_0017.jpg,True,582.0,352.0,670.0,410.0,88.0,58.0,
s11,d5,frame_0018.jpg,True,581.0,352.0,669.0,411.0,88.0,59.0,
s11,d5,frame_0019.jpg,True,580.0,351.0,669.0,411.0,89.0,60.0,
s11,d5,frame_0020.jpg,True,580.0,351.0,668.0,411.0,88.0,60.0,
s11,d5,frame_0021.jpg,True,579.0,351.0,667.0,411.0,88.0,60.0,
s11,d5,frame_0022.jpg,True,578.0,351.0,667.0,411.0,89.0,60.0,
s11,d5,frame_0023.jpg,True,577.0,351.0,667.0,410.0,90.0,59.0,
s11,d5,frame_0024.jpg,True,576.0,351.0,666.0,410.0,90.0,59.0,
s11,d5,frame_0025.jpg,True,576.0,350.0,665.0,411.0,89.0,61.0,
s11,d5,frame_0026.jpg,True,575.0,351.0,665.0,410.0,90.0,59.0,
s11,d5,frame_0027.jpg,True,574.0,351.0,664.0,410.0,90.0,59.0,
s11,d5,frame_0028.jpg,True,574.0,352.0,664.0,410.0,90.0,58.0,
s11,d5,frame_0029.jpg,True,574.0,352.0,663.0,410.0,89.0,58.0,
s11,d5,frame_0030.jpg,True,574.0,353.0,664.0,411.0,90.0,58.0,
s11,d5,frame_0031.jpg,True,574.0,353.0,663.0,411.0,89.0,58.0,
s11,d5,frame_0032.jpg,True,574.0,354.0,663.0,410.0,89.0,56.0,
s11,d5,frame_0033.jpg,True,574.0,355.0,664.0,411.0,90.0,56.0,
s11,d5,frame_0034.jpg,True,575.0,355.0,664.0,411.0,89.0,56.0,
s11,d5,frame_0035.jpg,True,575.0,355.0,664.0,411.0,89.0,56.0,
s11,d5,frame_0036.jpg,True,576.0,356.0,665.0,411.0,89.0,55.0,
s11,d5,frame_0037.jpg,True,576.0,356.0,665.0,411.0,89.0,55.0,
s11,d5,frame_0038.jpg,True,577.0,356.0,665.0,409.0,88.0,53.0,
s11,d5,frame_0039.jpg,True,578.0,357.0,666.0,409.0,88.0,52.0,
s11,d5,frame_0040.jpg,True,579.0,358.0,666.0,410.0,87.0,52.0,
s11,d5,frame_0041.jpg,True,580.0,359.0,666.0,409.0,86.0,50.0,
s11,d5,frame_0042.jpg,True,580.0,360.0,667.0,409.0,87.0,49.0,
s11,d5,frame_0043.jpg,True,581.0,360.0,667.0,408.0,86.0,48.0,
s11,d5,frame_0044.jpg,True,582.0,360.0,668.0,407.0,86.0,47.0,
s11,d5,frame_0045.jpg,True,582.0,361.0,668.0,403.0,86.0,42.0,
s11,d5,frame_0046.jpg,True,582.0,361.0,668.0,400.0,86.0,39.0,
s11,d5,frame_0047.jpg,True,582.0,361.0,668.0,400.0,86.0,39.0,
s11,d5,frame_0048.jpg,True,583.0,361.0,668.0,401.0,85.0,40.0,
s11,d5,frame_0049.jpg,True,583.0,362.0,668.0,401.0,85.0,39.0,
s11,d5,frame_0050.jpg,True,583.0,362.0,668.0,401.0,85.0,39.0,
s11,d5,frame_0051.jpg,True,584.0,362.0,669.0,401.0,85.0,39.0,
s11,d5,frame_0052.jpg,True,584.0,363.0,669.0,401.0,85.0,38.0,
s11,d5,frame_0053.jpg,True,584.0,362.0,669.0,401.0,85.0,39.0,
s11,d5,frame_0054.jpg,True,584.0,362.0,670.0,401.0,86.0,39.0,
s11,d5,frame_0055.jpg,True,584.0,362.0,669.0,401.0,85.0,39.0,
s11,d5,frame_0056.jpg,True,585.0,363.0,670.0,401.0,85.0,38.0,
s11,d5,frame_0057.jpg,True,585.0,363.0,670.0,400.0,85.0,37.0,
s11,d5,frame_0058.jpg,True,585.0,363.0,670.0,401.0,85.0,38.0,
s11,d5,frame_0059.jpg,True,585.0,363.0,670.0,401.0,85.0,38.0,
s11,d5,frame_0060.jpg,True,585.0,363.0,670.0,401.0,85.0,38.0,
s11,d5,frame_0061.jpg,True,584.0,363.0,671.0,401.0,87.0,38.0,
s11,d5,frame_0062.jpg,True,584.0,363.0,670.0,401.0,86.0,38.0,
s11,d5,frame_0063.jpg,True,584.0,362.0,670.0,401.0,86.0,39.0,
s11,d5,frame_0064.jpg,True,584.0,362.0,670.0,401.0,86.0,39.0,
s11,d5,frame_0065.jpg,True,584.0,362.0,670.0,401.0,86.0,39.0,
s11,d5,frame_0066.jpg,True,584.0,362.0,669.0,401.0,85.0,39.0,
s11,d5,frame_0067.jpg,True,584.0,362.0,669.0,401.0,85.0,39.0,
s11,d5,frame_0068.jpg,True,584.0,363.0,670.0,401.0,86.0,38.0,
s11,d5,frame_0069.jpg,True,585.0,363.0,669.0,401.0,84.0,38.0,
s11,d5,frame_0070.jpg,True,585.0,363.0,669.0,401.0,84.0,38.0,
s11,d5,frame_0071.jpg,True,585.0,362.0,669.0,401.0,84.0,39.0,
s11,d5,frame_0072.jpg,True,584.0,363.0,670.0,401.0,86.0,38.0,
s11,d5,frame_0073.jpg,True,584.0,362.0,670.0,402.0,86.0,40.0,
s11,d5,frame_0074.jpg,True,585.0,364.0,670.0,402.0,85.0,38.0,
s11,d5,frame_0075.jpg,True,585.0,363.0,671.0,403.0,86.0,40.0,
s11,d5,frame_0076.jpg,True,585.0,363.0,671.0,402.0,86.0,39.0,
s11,d5,frame_0077.jpg,True,586.0,363.0,671.0,402.0,85.0,39.0,
s11,d6,frame_0001.jpg,True,601.0,384.0,688.0,426.0,87.0,42.0,
s11,d6,frame_0002.jpg,True,601.0,383.0,687.0,428.0,86.0,45.0,
s11,d6,frame_0003.jpg,True,602.0,383.0,687.0,429.0,85.0,46.0,
s11,d6,frame_0004.jpg,True,602.0,383.0,687.0,429.0,85.0,46.0,
s11,d6,frame_0005.jpg,True,602.0,382.0,687.0,430.0,85.0,48.0,
s11,d6,frame_0006.jpg,True,603.0,383.0,687.0,429.0,84.0,46.0,
s11,d6,frame_0007.jpg,True,603.0,383.0,688.0,430.0,85.0,47.0,
s11,d6,frame_0008.jpg,True,603.0,382.0,688.0,430.0,85.0,48.0,
s11,d6,frame_0009.jpg,True,602.0,382.0,689.0,430.0,87.0,48.0,
s11,d6,frame_0010.jpg,True,603.0,382.0,689.0,430.0,86.0,48.0,
s11,d6,frame_0011.jpg,True,602.0,383.0,688.0,430.0,86.0,47.0,
s11,d6,frame_0012.jpg,True,602.0,383.0,688.0,431.0,86.0,48.0,
s11,d6,frame_0013.jpg,True,602.0,383.0,688.0,432.0,86.0,49.0,
s11,d6,frame_0014.jpg,True,601.0,382.0,687.0,432.0,86.0,50.0,
s11,d6,frame_0015.jpg,True,601.0,383.0,686.0,432.0,85.0,49.0,
s11,d6,frame_0016.jpg,True,600.0,382.0,686.0,432.0,86.0,50.0,
s11,d6,frame_0017.jpg,True,600.0,381.0,685.0,431.0,85.0,50.0,
s11,d6,frame_0018.jpg,True,599.0,380.0,684.0,430.0,85.0,50.0,
s11,d6,frame_0019.jpg,True,599.0,381.0,684.0,429.0,85.0,48.0,
s11,d6,frame_0020.jpg,True,598.0,381.0,683.0,428.0,85.0,47.0,
s11,d6,frame_0021.jpg,True,598.0,381.0,683.0,428.0,85.0,47.0,
s11,d6,frame_0022.jpg,True,597.0,381.0,683.0,428.0,86.0,47.0,
s11,d6,frame_0023.jpg,True,597.0,381.0,683.0,428.0,86.0,47.0,
s11,d6,frame_0024.jpg,True,597.0,381.0,683.0,428.0,86.0,47.0,
s11,d6,frame_0025.jpg,True,597.0,381.0,683.0,428.0,86.0,47.0,
s11,d6,frame_0026.jpg,True,597.0,381.0,683.0,428.0,86.0,47.0,
s11,d6,frame_0027.jpg,True,596.0,381.0,683.0,428.0,87.0,47.0,
s11,d6,frame_0028.jpg,True,597.0,382.0,683.0,428.0,86.0,46.0,
s11,d6,frame_0029.jpg,True,596.0,381.0,683.0,427.0,87.0,46.0,
s11,d6,frame_0030.jpg,True,596.0,380.0,684.0,426.0,88.0,46.0,
s11,d6,frame_0031.jpg,True,598.0,382.0,683.0,427.0,85.0,45.0,
s11,d6,frame_0032.jpg,True,597.0,382.0,683.0,427.0,86.0,45.0,
s11,d6,frame_0033.jpg,True,596.0,382.0,683.0,427.0,87.0,45.0,
s11,d6,frame_0034.jpg,True,597.0,382.0,683.0,427.0,86.0,45.0,
s11,d6,frame_0035.jpg,True,596.0,381.0,682.0,426.0,86.0,45.0,
s11,d6,frame_0036.jpg,True,596.0,381.0,682.0,426.0,86.0,45.0,
s11,d6,frame_0037.jpg,True,596.0,381.0,682.0,426.0,86.0,45.0,
s11,d6,frame_0038.jpg,True,596.0,381.0,682.0,426.0,86.0,45.0,
s11,d6,frame_0039.jpg,True,596.0,381.0,682.0,425.0,86.0,44.0,
s11,d6,frame_0040.jpg,True,596.0,380.0,682.0,425.0,86.0,45.0,
s11,d6,frame_0041.jpg,True,596.0,380.0,683.0,424.0,87.0,44.0,
s11,d6,frame_0042.jpg,True,595.0,380.0,682.0,423.0,87.0,43.0,
s11,d7,frame_0001.jpg,True,594.0,381.0,681.0,420.0,87.0,39.0,
s11,d7,frame_0002.jpg,True,594.0,381.0,681.0,421.0,87.0,40.0,
s11,d7,frame_0003.jpg,True,594.0,381.0,681.0,421.0,87.0,40.0,
s11,d7,frame_0004.jpg,True,594.0,381.0,682.0,421.0,88.0,40.0,
s11,d7,frame_0005.jpg,True,594.0,381.0,681.0,422.0,87.0,41.0,
s11,d7,frame_0006.jpg,True,594.0,381.0,681.0,423.0,87.0,42.0,
s11,d7,frame_0007.jpg,True,594.0,381.0,681.0,425.0,87.0,44.0,
s11,d7,frame_0008.jpg,True,594.0,381.0,681.0,425.0,87.0,44.0,
s11,d7,frame_0009.jpg,True,593.0,381.0,681.0,425.0,88.0,44.0,
s11,d7,frame_0010.jpg,True,593.0,381.0,681.0,426.0,88.0,45.0,
s11,d7,frame_0011.jpg,True,593.0,380.0,681.0,425.0,88.0,45.0,
s11,d7,frame_0012.jpg,True,593.0,381.0,681.0,426.0,88.0,45.0,
s11,d7,frame_0013.jpg,True,594.0,380.0,681.0,427.0,87.0,47.0,
s11,d7,frame_0014.jpg,True,593.0,381.0,680.0,428.0,87.0,47.0,
s11,d7,frame_0015.jpg,True,593.0,381.0,680.0,428.0,87.0,47.0,
s11,d7,frame_0016.jpg,True,593.0,382.0,679.0,430.0,86.0,48.0,
s11,d7,frame_0017.jpg,True,592.0,382.0,679.0,430.0,87.0,48.0,
s11,d7,frame_0018.jpg,True,591.0,382.0,678.0,431.0,87.0,49.0,
s11,d7,frame_0019.jpg,True,591.0,381.0,678.0,431.0,87.0,50.0,
s11,d7,frame_0020.jpg,True,592.0,382.0,678.0,431.0,86.0,49.0,
s11,d7,frame_0021.jpg,True,591.0,382.0,678.0,431.0,87.0,49.0,
s11,d7,frame_0022.jpg,True,591.0,382.0,678.0,431.0,87.0,49.0,
s11,d7,frame_0023.jpg,True,592.0,383.0,679.0,431.0,87.0,48.0,
s11,d7,frame_0024.jpg,True,592.0,384.0,679.0,431.0,87.0,47.0,
s11,d7,frame_0025.jpg,True,591.0,384.0,678.0,432.0,87.0,48.0,
s11,d7,frame_0026.jpg,True,591.0,385.0,678.0,432.0,87.0,47.0,
s11,d7,frame_0027.jpg,True,591.0,386.0,679.0,433.0,88.0,47.0,
s11,d7,frame_0028.jpg,True,591.0,386.0,679.0,433.0,88.0,47.0,
s11,d7,frame_0029.jpg,True,591.0,387.0,679.0,433.0,88.0,46.0,
s11,d7,frame_0030.jpg,True,591.0,388.0,678.0,433.0,87.0,45.0,
s11,d7,frame_0031.jpg,True,590.0,389.0,679.0,433.0,89.0,44.0,
s11,d7,frame_0032.jpg,True,591.0,389.0,679.0,432.0,88.0,43.0,
s11,d7,frame_0033.jpg,True,591.0,389.0,679.0,430.0,88.0,41.0,
s11,d7,frame_0034.jpg,True,592.0,388.0,679.0,429.0,87.0,41.0,
s11,d7,frame_0035.jpg,True,592.0,388.0,679.0,429.0,87.0,41.0,
s11,d7,frame_0036.jpg,True,593.0,389.0,680.0,429.0,87.0,40.0,
s11,d7,frame_0037.jpg,True,597.0,385.0,684.0,423.0,87.0,38.0,
s11,d8,frame_0001.jpg,True,598.0,385.0,684.0,424.0,86.0,39.0,
s11,d8,frame_0002.jpg,True,598.0,385.0,685.0,424.0,87.0,39.0,
s11,d8,frame_0003.jpg,True,598.0,385.0,684.0,424.0,86.0,39.0,
s11,d8,frame_0004.jpg,True,598.0,385.0,684.0,424.0,86.0,39.0,
s11,d8,frame_0005.jpg,True,599.0,385.0,684.0,423.0,85.0,38.0,
s11,d8,frame_0006.jpg,True,599.0,384.0,684.0,423.0,85.0,39.0,
s11,d8,frame_0007.jpg,True,598.0,385.0,684.0,424.0,86.0,39.0,
s11,d8,frame_0008.jpg,True,598.0,384.0,684.0,425.0,86.0,41.0,
s11,d8,frame_0009.jpg,True,599.0,384.0,683.0,428.0,84.0,44.0,
s11,d8,frame_0010.jpg,True,598.0,383.0,683.0,430.0,85.0,47.0,
s11,d8,frame_0011.jpg,True,599.0,383.0,683.0,431.0,84.0,48.0,
s11,d8,frame_0012.jpg,True,598.0,382.0,683.0,430.0,85.0,48.0,
s11,d8,frame_0013.jpg,True,597.0,381.0,683.0,430.0,86.0,49.0,
s11,d8,frame_0014.jpg,True,597.0,381.0,683.0,429.0,86.0,48.0,
s11,d8,frame_0015.jpg,True,598.0,381.0,683.0,428.0,85.0,47.0,
s11,d8,frame_0016.jpg,True,597.0,381.0,683.0,427.0,86.0,46.0,
s11,d8,frame_0017.jpg,True,596.0,381.0,683.0,427.0,87.0,46.0,
s11,d8,frame_0018.jpg,True,596.0,381.0,683.0,427.0,87.0,46.0,
s11,d8,frame_0019.jpg,True,596.0,381.0,683.0,427.0,87.0,46.0,
s11,d8,frame_0020.jpg,True,595.0,381.0,682.0,427.0,87.0,46.0,
s11,d8,frame_0021.jpg,True,595.0,381.0,682.0,427.0,87.0,46.0,
s11,d8,frame_0022.jpg,True,596.0,381.0,682.0,427.0,86.0,46.0,
s11,d8,frame_0023.jpg,True,596.0,381.0,682.0,427.0,86.0,46.0,
s11,d8,frame_0024.jpg,True,595.0,381.0,682.0,427.0,87.0,46.0,
s11,d8,frame_0025.jpg,True,595.0,381.0,682.0,427.0,87.0,46.0,
s11,d8,frame_0026.jpg,True,595.0,382.0,682.0,427.0,87.0,45.0,
s11,d8,frame_0027.jpg,True,595.0,382.0,682.0,427.0,87.0,45.0,
s11,d8,frame_0028.jpg,True,596.0,382.0,682.0,427.0,86.0,45.0,
s11,d8,frame_0029.jpg,True,595.0,383.0,682.0,427.0,87.0,44.0,
s11,d8,frame_0030.jpg,True,595.0,383.0,683.0,426.0,88.0,43.0,
s11,d8,frame_0031.jpg,True,596.0,383.0,683.0,424.0,87.0,41.0,
s11,d8,frame_0032.jpg,True,596.0,383.0,683.0,424.0,87.0,41.0,
s11,d8,frame_0033.jpg,True,596.0,383.0,683.0,423.0,87.0,40.0,
s11,d8,frame_0034.jpg,True,596.0,383.0,683.0,423.0,87.0,40.0,
s11,d8,frame_0035.jpg,True,596.0,383.0,683.0,423.0,87.0,40.0,
s11,d8,frame_0036.jpg,True,597.0,383.0,683.0,423.0,86.0,40.0,
s11,d8,frame_0037.jpg,True,597.0,383.0,683.0,422.0,86.0,39.0,
s11,d8,frame_0038.jpg,True,597.0,382.0,684.0,422.0,87.0,40.0,
s11,d8,frame_0039.jpg,True,597.0,383.0,685.0,422.0,88.0,39.0,
s11,d8,frame_0040.jpg,True,598.0,383.0,684.0,423.0,86.0,40.0,
s11,d8,frame_0041.jpg,True,597.0,383.0,684.0,423.0,87.0,40.0,
s11,d8,frame_0042.jpg,True,597.0,382.0,684.0,423.0,87.0,41.0,
s11,d9,frame_0001.jpg,True,593.0,380.0,680.0,420.0,87.0,40.0,
s11,d9,frame_0002.jpg,True,593.0,380.0,680.0,420.0,87.0,40.0,
s11,d9,frame_0003.jpg,True,593.0,379.0,680.0,420.0,87.0,41.0,
s11,d9,frame_0004.jpg,True,593.0,379.0,680.0,420.0,87.0,41.0,
s11,d9,frame_0005.jpg,True,593.0,379.0,680.0,420.0,87.0,41.0,
s11,d9,frame_0006.jpg,True,593.0,379.0,680.0,421.0,87.0,42.0,
s11,d9,frame_0007.jpg,True,593.0,379.0,680.0,421.0,87.0,42.0,
s11,d9,frame_0008.jpg,True,593.0,379.0,680.0,422.0,87.0,43.0,
s11,d9,frame_0009.jpg,True,593.0,379.0,680.0,422.0,87.0,43.0,
s11,d9,frame_0010.jpg,True,593.0,379.0,680.0,423.0,87.0,44.0,
s11,d9,frame_0011.jpg,True,593.0,379.0,679.0,423.0,86.0,44.0,
s11,d9,frame_0012.jpg,True,593.0,378.0,679.0,424.0,86.0,46.0,
s11,d9,frame_0013.jpg,True,593.0,378.0,679.0,425.0,86.0,47.0,
s11,d9,frame_0014.jpg,True,593.0,378.0,679.0,425.0,86.0,47.0,
s11,d9,frame_0015.jpg,True,593.0,378.0,679.0,427.0,86.0,49.0,
s11,d9,frame_0016.jpg,True,594.0,378.0,678.0,429.0,84.0,51.0,
s11,d9,frame_0017.jpg,True,594.0,378.0,678.0,429.0,84.0,51.0,
s11,d9,frame_0018.jpg,True,595.0,378.0,679.0,429.0,84.0,51.0,
s11,d9,frame_0019.jpg,True,596.0,378.0,678.0,428.0,82.0,50.0,
s11,d9,frame_0020.jpg,True,596.0,378.0,678.0,427.0,82.0,49.0,
s11,d9,frame_0021.jpg,True,596.0,377.0,678.0,425.0,82.0,48.0,
s11,d9,frame_0022.jpg,True,596.0,377.0,679.0,424.0,83.0,47.0,
s11,d9,frame_0023.jpg,True,596.0,377.0,679.0,423.0,83.0,46.0,
s11,d9,frame_0024.jpg,True,596.0,377.0,679.0,421.0,83.0,44.0,
s11,d9,frame_0025.jpg,True,595.0,377.0,679.0,421.0,84.0,44.0,
s11,d9,frame_0026.jpg,True,595.0,377.0,678.0,421.0,83.0,44.0,
s11,d9,frame_0027.jpg,True,594.0,377.0,678.0,420.0,84.0,43.0,
s11,d9,frame_0028.jpg,True,594.0,377.0,678.0,420.0,84.0,43.0,
s11,d9,frame_0029.jpg,True,594.0,377.0,678.0,419.0,84.0,42.0,
s11,d9,frame_0030.jpg,True,593.0,377.0,677.0,419.0,84.0,42.0,
s11,d9,frame_0031.jpg,True,592.0,377.0,677.0,418.0,85.0,41.0,
s11,d9,frame_0032.jpg,True,592.0,377.0,677.0,417.0,85.0,40.0,
s11,d9,frame_0033.jpg,True,590.0,376.0,678.0,417.0,88.0,41.0,
s11,d9,frame_0034.jpg,True,590.0,376.0,678.0,418.0,88.0,42.0,
s11,d9,frame_0035.jpg,True,590.0,376.0,678.0,418.0,88.0,42.0,
s11,d9,frame_0036.jpg,True,590.0,376.0,678.0,417.0,88.0,41.0,
s11,d9,frame_0037.jpg,True,590.0,376.0,678.0,417.0,88.0,41.0,
s11,d9,frame_0038.jpg,True,590.0,376.0,678.0,417.0,88.0,41.0,
s11,d9,frame_0039.jpg,True,590.0,376.0,679.0,417.0,89.0,41.0,
s11,d9,frame_0040.jpg,True,590.0,376.0,679.0,417.0,89.0,41.0,
s11,d9,frame_0041.jpg,True,590.0,377.0,679.0,417.0,89.0,40.0,
s11,d9,frame_0042.jpg,True,590.0,377.0,679.0,417.0,89.0,40.0,
s11,d9,frame_0043.jpg,True,590.0,377.0,679.0,417.0,89.0,40.0,
s11,d9,frame_0044.jpg,True,591.0,377.0,679.0,417.0,88.0,40.0,
s11,d9,frame_0045.jpg,True,591.0,377.0,680.0,417.0,89.0,40.0,
s11,d9,frame_0046.jpg,True,593.0,377.0,679.0,416.0,86.0,39.0,
s11,d9,frame_0047.jpg,True,593.0,377.0,679.0,417.0,86.0,40.0,
s11,d9,frame_0048.jpg,True,593.0,377.0,679.0,416.0,86.0,39.0,
s11,d9,frame_0049.jpg,True,593.0,377.0,679.0,416.0,86.0,39.0,
s11,d9,frame_0050.jpg,True,593.0,378.0,679.0,417.0,86.0,39.0,
s11,d9,frame_0051.jpg,True,593.0,377.0,679.0,416.0,86.0,39.0,
s11,d9,frame_0052.jpg,True,593.0,377.0,679.0,416.0,86.0,39.0,
s11,d10,frame_0001.jpg,True,588.0,378.0,676.0,417.0,88.0,39.0,
s11,d10,frame_0002.jpg,True,587.0,377.0,676.0,418.0,89.0,41.0,
s11,d10,frame_0003.jpg,True,587.0,377.0,676.0,419.0,89.0,42.0,
s11,d10,frame_0004.jpg,True,587.0,376.0,676.0,419.0,89.0,43.0,
s11,d10,frame_0005.jpg,True,588.0,376.0,676.0,420.0,88.0,44.0,
s11,d10,frame_0006.jpg,True,588.0,376.0,676.0,420.0,88.0,44.0,
s11,d10,frame_0007.jpg,True,588.0,375.0,676.0,420.0,88.0,45.0,
s11,d10,frame_0008.jpg,True,588.0,374.0,676.0,420.0,88.0,46.0,
s11,d10,frame_0009.jpg,True,588.0,374.0,676.0,419.0,88.0,45.0,
s11,d10,frame_0010.jpg,True,588.0,374.0,676.0,420.0,88.0,46.0,
s11,d10,frame_0011.jpg,True,588.0,373.0,676.0,420.0,88.0,47.0,
s11,d10,frame_0012.jpg,True,588.0,373.0,676.0,419.0,88.0,46.0,
s11,d10,frame_0013.jpg,True,588.0,373.0,676.0,419.0,88.0,46.0,
s11,d10,frame_0014.jpg,True,588.0,373.0,676.0,419.0,88.0,46.0,
s11,d10,frame_0015.jpg,True,587.0,373.0,676.0,418.0,89.0,45.0,
s11,d10,frame_0016.jpg,True,588.0,372.0,675.0,420.0,87.0,48.0,
s11,d10,frame_0017.jpg,True,589.0,372.0,675.0,422.0,86.0,50.0,
s11,d10,frame_0018.jpg,True,588.0,373.0,675.0,423.0,87.0,50.0,
s11,d10,frame_0019.jpg,True,589.0,373.0,675.0,420.0,86.0,47.0,
s11,d10,frame_0020.jpg,True,588.0,374.0,675.0,415.0,87.0,41.0,
s11,d10,frame_0021.jpg,True,588.0,374.0,675.0,413.0,87.0,39.0,
s11,d10,frame_0022.jpg,True,588.0,374.0,675.0,413.0,87.0,39.0,
s11,d10,frame_0023.jpg,True,589.0,374.0,675.0,413.0,86.0,39.0,
s11,d10,frame_0024.jpg,True,588.0,374.0,675.0,413.0,87.0,39.0,
s11,d10,frame_0025.jpg,True,589.0,374.0,675.0,413.0,86.0,39.0,
s11,d10,frame_0026.jpg,True,589.0,374.0,674.0,414.0,85.0,40.0,
s11,d10,frame_0027.jpg,True,589.0,375.0,674.0,414.0,85.0,39.0,
s11,d10,frame_0028.jpg,True,589.0,375.0,674.0,414.0,85.0,39.0,
s11,d10,frame_0029.jpg,True,588.0,375.0,675.0,414.0,87.0,39.0,
s11,d10,frame_0030.jpg,True,588.0,375.0,675.0,416.0,87.0,41.0,
s11,d10,frame_0031.jpg,True,586.0,375.0,675.0,417.0,89.0,42.0,
s11,d10,frame_0032.jpg,True,587.0,375.0,675.0,418.0,88.0,43.0,
s11,d10,frame_0033.jpg,True,588.0,374.0,675.0,420.0,87.0,46.0,
s11,d10,frame_0034.jpg,True,588.0,374.0,674.0,420.0,86.0,46.0,
s11,d10,frame_0035.jpg,True,588.0,374.0,674.0,421.0,86.0,47.0,
s11,d10,frame_0036.jpg,True,589.0,374.0,674.0,421.0,85.0,47.0,
s11,d10,frame_0037.jpg,True,589.0,374.0,674.0,421.0,85.0,47.0,
s11,d10,frame_0038.jpg,True,589.0,375.0,674.0,421.0,85.0,46.0,
s11,d10,frame_0039.jpg,True,589.0,375.0,674.0,421.0,85.0,46.0,
s11,d10,frame_0040.jpg,True,589.0,374.0,674.0,421.0,85.0,47.0,
s11,d10,frame_0041.jpg,True,589.0,374.0,674.0,420.0,85.0,46.0,
s11,d10,frame_0042.jpg,True,589.0,374.0,674.0,420.0,85.0,46.0,
s11,d10,frame_0043.jpg,True,589.0,375.0,675.0,420.0,86.0,45.0,
s11,d10,frame_0044.jpg,True,589.0,375.0,675.0,420.0,86.0,45.0,
s11,d10,frame_0045.jpg,True,588.0,375.0,675.0,420.0,87.0,45.0,
s11,d10,frame_0046.jpg,True,588.0,375.0,675.0,419.0,87.0,44.0,
s11,d10,frame_0047.jpg,True,588.0,375.0,675.0,419.0,87.0,44.0,
s11,d10,frame_0048.jpg,True,588.0,375.0,675.0,419.0,87.0,44.0,
s11,d10,frame_0049.jpg,True,588.0,375.0,675.0,417.0,87.0,42.0,
s11,d10,frame_0050.jpg,True,589.0,375.0,675.0,416.0,86.0,41.0,
s11,d10,frame_0051.jpg,True,589.0,375.0,675.0,416.0,86.0,41.0,
s11,d10,frame_0052.jpg,True,589.0,374.0,675.0,414.0,86.0,40.0,
s11,d10,frame_0053.jpg,True,589.0,374.0,675.0,414.0,86.0,40.0,
s11,d10,frame_0054.jpg,True,588.0,374.0,676.0,414.0,88.0,40.0,
s12,d0,frame_0001.jpg,True,594.0,372.0,674.0,409.0,80.0,37.0,
s12,d0,frame_0002.jpg,True,594.0,373.0,673.0,409.0,79.0,36.0,
s12,d0,frame_0003.jpg,True,594.0,373.0,673.0,410.0,79.0,37.0,
s12,d0,frame_0004.jpg,True,594.0,372.0,674.0,415.0,80.0,43.0,
s12,d0,frame_0005.jpg,True,593.0,372.0,674.0,419.0,81.0,47.0,
s12,d0,frame_0006.jpg,True,593.0,372.0,674.0,422.0,81.0,50.0,
s12,d0,frame_0007.jpg,True,594.0,372.0,673.0,423.0,79.0,51.0,
s12,d0,frame_0008.jpg,True,594.0,371.0,673.0,422.0,79.0,51.0,
s12,d0,frame_0009.jpg,True,594.0,372.0,673.0,420.0,79.0,48.0,
s12,d0,frame_0010.jpg,True,593.0,372.0,672.0,418.0,79.0,46.0,
s12,d0,frame_0011.jpg,True,593.0,372.0,672.0,416.0,79.0,44.0,
s12,d0,frame_0012.jpg,True,593.0,372.0,671.0,415.0,78.0,43.0,
s12,d0,frame_0013.jpg,True,592.0,372.0,672.0,413.0,80.0,41.0,
s12,d0,frame_0014.jpg,True,592.0,372.0,671.0,412.0,79.0,40.0,
s12,d0,frame_0015.jpg,True,592.0,372.0,671.0,411.0,79.0,39.0,
s12,d0,frame_0016.jpg,True,592.0,372.0,671.0,410.0,79.0,38.0,
s12,d0,frame_0017.jpg,True,592.0,372.0,671.0,410.0,79.0,38.0,
s12,d0,frame_0018.jpg,True,592.0,372.0,671.0,410.0,79.0,38.0,
s12,d0,frame_0019.jpg,True,591.0,372.0,671.0,411.0,80.0,39.0,
s12,d0,frame_0020.jpg,True,591.0,372.0,671.0,411.0,80.0,39.0,
s12,d0,frame_0021.jpg,True,591.0,373.0,671.0,411.0,80.0,38.0,
s12,d0,frame_0022.jpg,True,591.0,373.0,671.0,412.0,80.0,39.0,
s12,d0,frame_0023.jpg,True,590.0,374.0,671.0,412.0,81.0,38.0,
s12,d0,frame_0024.jpg,True,590.0,374.0,671.0,412.0,81.0,38.0,
s12,d0,frame_0025.jpg,True,590.0,375.0,671.0,412.0,81.0,37.0,
s12,d0,frame_0026.jpg,True,590.0,375.0,671.0,412.0,81.0,37.0,
s12,d0,frame_0027.jpg,True,590.0,375.0,671.0,412.0,81.0,37.0,
s12,d0,frame_0028.jpg,True,590.0,375.0,671.0,412.0,81.0,37.0,
s12,d1,frame_0001.jpg,True,588.0,382.0,668.0,418.0,80.0,36.0,
s12,d1,frame_0002.jpg,True,588.0,382.0,668.0,418.0,80.0,36.0,
s12,d1,frame_0003.jpg,True,588.0,382.0,668.0,419.0,80.0,37.0,
s12,d1,frame_0004.jpg,True,587.0,382.0,668.0,419.0,81.0,37.0,
s12,d1,frame_0005.jpg,True,587.0,382.0,668.0,419.0,81.0,37.0,
s12,d1,frame_0006.jpg,True,587.0,382.0,667.0,424.0,80.0,42.0,
s12,d1,frame_0007.jpg,True,587.0,383.0,667.0,424.0,80.0,41.0,
s12,d1,frame_0008.jpg,True,587.0,383.0,667.0,424.0,80.0,41.0,
s12,d1,frame_0009.jpg,True,587.0,383.0,667.0,424.0,80.0,41.0,
s12,d1,frame_0010.jpg,True,587.0,383.0,667.0,424.0,80.0,41.0,
s12,d1,frame_0011.jpg,True,587.0,383.0,667.0,425.0,80.0,42.0,
s12,d1,frame_0012.jpg,True,587.0,383.0,666.0,427.0,79.0,44.0,
s12,d1,frame_0013.jpg,True,587.0,383.0,666.0,430.0,79.0,47.0,
s12,d1,frame_0014.jpg,True,588.0,383.0,666.0,435.0,78.0,52.0,
s12,d1,frame_0015.jpg,True,588.0,384.0,665.0,437.0,77.0,53.0,
s12,d1,frame_0016.jpg,True,587.0,383.0,666.0,437.0,79.0,54.0,
s12,d1,frame_0017.jpg,True,588.0,384.0,666.0,436.0,78.0,52.0,
s12,d1,frame_0018.jpg,True,587.0,383.0,666.0,435.0,79.0,52.0,
s12,d1,frame_0019.jpg,True,587.0,383.0,666.0,434.0,79.0,51.0,
s12,d1,frame_0020.jpg,True,588.0,383.0,666.0,432.0,78.0,49.0,
s12,d1,frame_0021.jpg,True,587.0,384.0,666.0,430.0,79.0,46.0,
s12,d1,frame_0022.jpg,True,587.0,384.0,666.0,428.0,79.0,44.0,
s12,d1,frame_0023.jpg,True,586.0,384.0,666.0,426.0,80.0,42.0,
s12,d1,frame_0024.jpg,True,586.0,384.0,667.0,426.0,81.0,42.0,
s12,d1,frame_0025.jpg,True,586.0,383.0,667.0,425.0,81.0,42.0,
s12,d1,frame_0026.jpg,True,586.0,384.0,667.0,424.0,81.0,40.0,
s12,d1,frame_0027.jpg,True,586.0,384.0,667.0,424.0,81.0,40.0,
s12,d1,frame_0028.jpg,True,586.0,384.0,667.0,424.0,81.0,40.0,
s12,d1,frame_0029.jpg,True,586.0,384.0,667.0,423.0,81.0,39.0,
s12,d1,frame_0030.jpg,True,586.0,384.0,667.0,423.0,81.0,39.0,
s12,d2,frame_0001.jpg,True,585.0,386.0,667.0,422.0,82.0,36.0,
s12,d2,frame_0002.jpg,True,585.0,386.0,667.0,422.0,82.0,36.0,
s12,d2,frame_0003.jpg,True,585.0,386.0,667.0,422.0,82.0,36.0,
s12,d2,frame_0004.jpg,True,585.0,386.0,667.0,422.0,82.0,36.0,
s12,d2,frame_0005.jpg,True,585.0,386.0,667.0,422.0,82.0,36.0,
s12,d2,frame_0006.jpg,True,585.0,386.0,667.0,422.0,82.0,36.0,
s12,d2,frame_0007.jpg,True,585.0,386.0,667.0,422.0,82.0,36.0,
s12,d2,frame_0008.jpg,True,586.0,387.0,666.0,431.0,80.0,44.0,
s12,d2,frame_0009.jpg,True,586.0,387.0,666.0,430.0,80.0,43.0,
s12,d2,frame_0010.jpg,True,586.0,387.0,666.0,430.0,80.0,43.0,
s12,d2,frame_0011.jpg,True,587.0,387.0,666.0,429.0,79.0,42.0,
s12,d2,frame_0012.jpg,True,586.0,387.0,666.0,429.0,80.0,42.0,
s12,d2,frame_0013.jpg,True,587.0,387.0,666.0,429.0,79.0,42.0,
s12,d2,frame_0014.jpg,True,586.0,387.0,666.0,429.0,80.0,42.0,
s12,d2,frame_0015.jpg,True,586.0,388.0,666.0,429.0,80.0,41.0,
s12,d2,frame_0016.jpg,True,587.0,388.0,667.0,431.0,80.0,43.0,
s12,d2,frame_0017.jpg,True,587.0,388.0,667.0,432.0,80.0,44.0,
s12,d2,frame_0018.jpg,True,588.0,389.0,666.0,434.0,78.0,45.0,
s12,d2,frame_0019.jpg,True,589.0,389.0,666.0,439.0,77.0,50.0,
s12,d2,frame_0020.jpg,True,588.0,389.0,666.0,441.0,78.0,52.0,
s12,d2,frame_0021.jpg,True,587.0,389.0,666.0,441.0,79.0,52.0,
s12,d2,frame_0022.jpg,True,587.0,390.0,666.0,441.0,79.0,51.0,
s12,d2,frame_0023.jpg,True,588.0,390.0,665.0,440.0,77.0,50.0,
s12,d2,frame_0024.jpg,True,588.0,390.0,664.0,438.0,76.0,48.0,
s12,d2,frame_0025.jpg,True,589.0,391.0,664.0,436.0,75.0,45.0,
s12,d2,frame_0026.jpg,True,589.0,390.0,664.0,434.0,75.0,44.0,
s12,d2,frame_0027.jpg,True,588.0,390.0,664.0,433.0,76.0,43.0,
s12,d2,frame_0028.jpg,True,588.0,390.0,664.0,432.0,76.0,42.0,
s12,d2,frame_0029.jpg,True,587.0,390.0,665.0,431.0,78.0,41.0,
s12,d2,frame_0030.jpg,True,587.0,390.0,665.0,430.0,78.0,40.0,
s12,d2,frame_0031.jpg,True,587.0,390.0,666.0,429.0,79.0,39.0,
s12,d2,frame_0032.jpg,True,587.0,390.0,667.0,429.0,80.0,39.0,
s12,d2,frame_0033.jpg,True,587.0,390.0,667.0,429.0,80.0,39.0,
s12,d2,frame_0034.jpg,True,587.0,390.0,668.0,428.0,81.0,38.0,
s12,d2,frame_0035.jpg,True,587.0,390.0,668.0,427.0,81.0,37.0,
s12,d2,frame_0036.jpg,True,587.0,391.0,668.0,428.0,81.0,37.0,
s12,d2,frame_0037.jpg,True,587.0,391.0,668.0,428.0,81.0,37.0,
s12,d2,frame_0038.jpg,True,587.0,391.0,667.0,427.0,80.0,36.0,
s12,d3,frame_0001.jpg,True,587.0,391.0,669.0,427.0,82.0,36.0,
s12,d3,frame_0002.jpg,True,587.0,391.0,669.0,426.0,82.0,35.0,
s12,d3,frame_0003.jpg,True,587.0,392.0,669.0,427.0,82.0,35.0,
s12,d3,frame_0004.jpg,True,587.0,392.0,669.0,427.0,82.0,35.0,
s12,d3,frame_0005.jpg,True,590.0,394.0,670.0,435.0,80.0,41.0,
s12,d3,frame_0006.jpg,True,590.0,394.0,670.0,436.0,80.0,42.0,
s12,d3,frame_0007.jpg,True,590.0,394.0,670.0,436.0,80.0,42.0,
s12,d3,frame_0008.jpg,True,590.0,394.0,670.0,436.0,80.0,42.0,
s12,d3,frame_0009.jpg,True,590.0,394.0,670.0,436.0,80.0,42.0,
s12,d3,frame_0010.jpg,True,590.0,394.0,670.0,435.0,80.0,41.0,
s12,d3,frame_0011.jpg,True,590.0,394.0,671.0,435.0,81.0,41.0,
s12,d3,frame_0012.jpg,True,590.0,393.0,671.0,435.0,81.0,42.0,
s12,d3,frame_0013.jpg,True,589.0,393.0,671.0,434.0,82.0,41.0,
s12,d3,frame_0014.jpg,True,590.0,393.0,671.0,434.0,81.0,41.0,
s12,d3,frame_0015.jpg,True,590.0,393.0,671.0,434.0,81.0,41.0,
s12,d3,frame_0016.jpg,True,589.0,394.0,671.0,434.0,82.0,40.0,
s12,d3,frame_0017.jpg,True,589.0,394.0,671.0,435.0,82.0,41.0,
s12,d3,frame_0018.jpg,True,590.0,394.0,671.0,435.0,81.0,41.0,
s12,d3,frame_0019.jpg,True,590.0,394.0,671.0,435.0,81.0,41.0,
s12,d3,frame_0020.jpg,True,589.0,395.0,671.0,438.0,82.0,43.0,
s12,d3,frame_0021.jpg,True,589.0,395.0,671.0,439.0,82.0,44.0,
s12,d3,frame_0022.jpg,True,589.0,395.0,670.0,439.0,81.0,44.0,
s12,d3,frame_0023.jpg,True,589.0,395.0,670.0,439.0,81.0,44.0,
s12,d3,frame_0024.jpg,True,589.0,395.0,671.0,439.0,82.0,44.0,
s12,d3,frame_0025.jpg,True,590.0,395.0,670.0,438.0,80.0,43.0,
s12,d3,frame_0026.jpg,True,589.0,395.0,670.0,436.0,81.0,41.0,
s12,d3,frame_0027.jpg,True,590.0,395.0,669.0,432.0,79.0,37.0,
s12,d3,frame_0028.jpg,True,590.0,396.0,669.0,432.0,79.0,36.0,
s12,d3,frame_0029.jpg,True,590.0,396.0,669.0,432.0,79.0,36.0,
s12,d3,frame_0030.jpg,True,590.0,395.0,670.0,432.0,80.0,37.0,
s12,d3,frame_0031.jpg,True,589.0,395.0,670.0,431.0,81.0,36.0,
s12,d3,frame_0032.jpg,True,589.0,395.0,670.0,431.0,81.0,36.0,
s12,d3,frame_0033.jpg,True,589.0,395.0,670.0,431.0,81.0,36.0,
s12,d3,frame_0034.jpg,True,589.0,395.0,670.0,430.0,81.0,35.0,
s12,d3,frame_0035.jpg,True,589.0,394.0,670.0,430.0,81.0,36.0,
s12,d3,frame_0036.jpg,True,589.0,394.0,670.0,430.0,81.0,36.0,
s12,d3,frame_0037.jpg,True,589.0,394.0,670.0,430.0,81.0,36.0,
s12,d3,frame_0038.jpg,True,589.0,394.0,670.0,430.0,81.0,36.0,
s12,d3,frame_0039.jpg,True,589.0,394.0,670.0,430.0,81.0,36.0,
s12,d3,frame_0040.jpg,True,589.0,395.0,670.0,430.0,81.0,35.0,
s12,d3,frame_0041.jpg,True,589.0,395.0,670.0,430.0,81.0,35.0,
s12,d4,frame_0001.jpg,True,590.0,395.0,671.0,431.0,81.0,36.0,
s12,d4,frame_0002.jpg,True,590.0,396.0,671.0,431.0,81.0,35.0,
s12,d4,frame_0003.jpg,True,590.0,395.0,671.0,431.0,81.0,36.0,
s12,d4,frame_0004.jpg,True,590.0,395.0,671.0,432.0,81.0,37.0,
s12,d4,frame_0005.jpg,True,589.0,395.0,672.0,432.0,83.0,37.0,
s12,d4,frame_0006.jpg,True,590.0,395.0,671.0,433.0,81.0,38.0,
s12,d4,frame_0007.jpg,True,590.0,394.0,670.0,435.0,80.0,41.0,
s12,d4,frame_0008.jpg,True,590.0,394.0,670.0,436.0,80.0,42.0,
s12,d4,frame_0009.jpg,True,590.0,394.0,670.0,437.0,80.0,43.0,
s12,d4,frame_0010.jpg,True,590.0,394.0,670.0,437.0,80.0,43.0,
s12,d4,frame_0011.jpg,True,590.0,394.0,670.0,437.0,80.0,43.0,
s12,d4,frame_0012.jpg,True,590.0,394.0,670.0,437.0,80.0,43.0,
s12,d4,frame_0013.jpg,True,590.0,394.0,670.0,437.0,80.0,43.0,
s12,d4,frame_0014.jpg,True,590.0,394.0,671.0,437.0,81.0,43.0,
s12,d4,frame_0015.jpg,True,590.0,393.0,672.0,437.0,82.0,44.0,
s12,d4,frame_0016.jpg,True,589.0,393.0,673.0,437.0,84.0,44.0,
s12,d4,frame_0017.jpg,True,589.0,393.0,673.0,437.0,84.0,44.0,
s12,d4,frame_0018.jpg,True,589.0,393.0,673.0,436.0,84.0,43.0,
s12,d4,frame_0019.jpg,True,589.0,393.0,674.0,436.0,85.0,43.0,
s12,d4,frame_0020.jpg,True,588.0,393.0,674.0,436.0,86.0,43.0,
s12,d4,frame_0021.jpg,True,588.0,393.0,674.0,436.0,86.0,43.0,
s12,d4,frame_0022.jpg,True,587.0,393.0,675.0,436.0,88.0,43.0,
s12,d4,frame_0023.jpg,True,587.0,393.0,674.0,437.0,87.0,44.0,
s12,d4,frame_0024.jpg,True,587.0,394.0,674.0,437.0,87.0,43.0,
s12,d4,frame_0025.jpg,True,587.0,394.0,674.0,438.0,87.0,44.0,
s12,d4,frame_0026.jpg,True,587.0,394.0,674.0,438.0,87.0,44.0,
s12,d4,frame_0027.jpg,True,587.0,393.0,674.0,439.0,87.0,46.0,
s12,d4,frame_0028.jpg,True,587.0,394.0,673.0,439.0,86.0,45.0,
s12,d4,frame_0029.jpg,True,587.0,393.0,673.0,439.0,86.0,46.0,
s12,d4,frame_0030.jpg,True,587.0,394.0,673.0,440.0,86.0,46.0,
s12,d4,frame_0031.jpg,True,587.0,394.0,673.0,440.0,86.0,46.0,
s12,d4,frame_0032.jpg,True,587.0,394.0,673.0,440.0,86.0,46.0,
s12,d4,frame_0033.jpg,True,587.0,394.0,672.0,440.0,85.0,46.0,
s12,d4,frame_0034.jpg,True,587.0,394.0,672.0,440.0,85.0,46.0,
s12,d4,frame_0035.jpg,True,586.0,394.0,672.0,440.0,86.0,46.0,
s12,d4,frame_0036.jpg,True,587.0,394.0,672.0,438.0,85.0,44.0,
s12,d4,frame_0037.jpg,True,588.0,395.0,671.0,437.0,83.0,42.0,
s12,d4,frame_0038.jpg,True,587.0,394.0,671.0,437.0,84.0,43.0,
s12,d4,frame_0039.jpg,True,587.0,394.0,671.0,436.0,84.0,42.0,
s12,d4,frame_0040.jpg,True,587.0,394.0,671.0,436.0,84.0,42.0,
s12,d4,frame_0041.jpg,True,588.0,395.0,671.0,436.0,83.0,41.0,
s12,d4,frame_0042.jpg,True,588.0,395.0,671.0,436.0,83.0,41.0,
s12,d4,frame_0043.jpg,True,588.0,395.0,670.0,435.0,82.0,40.0,
s12,d4,frame_0044.jpg,True,588.0,395.0,670.0,435.0,82.0,40.0,
s12,d4,frame_0045.jpg,True,588.0,395.0,671.0,435.0,83.0,40.0,
s12,d4,frame_0046.jpg,True,588.0,395.0,671.0,435.0,83.0,40.0,
s12,d4,frame_0047.jpg,True,588.0,395.0,671.0,435.0,83.0,40.0,
s12,d4,frame_0048.jpg,True,588.0,395.0,671.0,435.0,83.0,40.0,
s12,d4,frame_0049.jpg,True,588.0,395.0,671.0,435.0,83.0,40.0,
s12,d4,frame_0050.jpg,True,588.0,395.0,671.0,435.0,83.0,40.0,
s12,d5,frame_0001.jpg,True,589.0,396.0,671.0,432.0,82.0,36.0,
s12,d5,frame_0002.jpg,True,589.0,396.0,671.0,432.0,82.0,36.0,
s12,d5,frame_0003.jpg,True,589.0,396.0,671.0,432.0,82.0,36.0,
s12,d5,frame_0004.jpg,True,589.0,396.0,671.0,432.0,82.0,36.0,
s12,d5,frame_0005.jpg,True,589.0,396.0,671.0,432.0,82.0,36.0,
s12,d5,frame_0006.jpg,True,589.0,396.0,671.0,432.0,82.0,36.0,
s12,d5,frame_0007.jpg,True,589.0,396.0,670.0,432.0,81.0,36.0,
s12,d5,frame_0008.jpg,True,589.0,395.0,671.0,435.0,82.0,40.0,
s12,d5,frame_0009.jpg,True,589.0,395.0,671.0,439.0,82.0,44.0,
s12,d5,frame_0010.jpg,True,589.0,395.0,670.0,442.0,81.0,47.0,
s12,d5,frame_0011.jpg,True,589.0,394.0,670.0,444.0,81.0,50.0,
s12,d5,frame_0012.jpg,True,589.0,395.0,670.0,446.0,81.0,51.0,
s12,d5,frame_0013.jpg,True,589.0,395.0,670.0,447.0,81.0,52.0,
s12,d5,frame_0014.jpg,True,590.0,395.0,669.0,449.0,79.0,54.0,
s12,d5,frame_0015.jpg,True,590.0,395.0,670.0,449.0,80.0,54.0,
s12,d5,frame_0016.jpg,True,590.0,395.0,670.0,451.0,80.0,56.0,
s12,d5,frame_0017.jpg,True,590.0,395.0,670.0,451.0,80.0,56.0,
s12,d5,frame_0018.jpg,True,590.0,395.0,669.0,452.0,79.0,57.0,
s12,d5,frame_0019.jpg,True,590.0,395.0,669.0,452.0,79.0,57.0,
s12,d5,frame_0020.jpg,True,590.0,395.0,669.0,453.0,79.0,58.0,
s12,d5,frame_0021.jpg,True,590.0,395.0,669.0,453.0,79.0,58.0,
s12,d5,frame_0022.jpg,True,590.0,395.0,669.0,453.0,79.0,58.0,
s12,d5,frame_0023.jpg,True,590.0,395.0,669.0,452.0,79.0,57.0,
s12,d5,frame_0024.jpg,True,590.0,395.0,669.0,452.0,79.0,57.0,
s12,d5,frame_0025.jpg,True,589.0,395.0,668.0,451.0,79.0,56.0,
s12,d5,frame_0026.jpg,True,589.0,396.0,669.0,451.0,80.0,55.0,
s12,d5,frame_0027.jpg,True,589.0,396.0,669.0,450.0,80.0,54.0,
s12,d5,frame_0028.jpg,True,589.0,396.0,669.0,450.0,80.0,54.0,
s12,d5,frame_0029.jpg,True,589.0,395.0,669.0,449.0,80.0,54.0,
s12,d5,frame_0030.jpg,True,589.0,395.0,669.0,448.0,80.0,53.0,
s12,d5,frame_0031.jpg,True,589.0,396.0,669.0,447.0,80.0,51.0,
s12,d5,frame_0032.jpg,True,590.0,396.0,668.0,446.0,78.0,50.0,
s12,d5,frame_0033.jpg,True,589.0,396.0,669.0,444.0,80.0,48.0,
s12,d5,frame_0034.jpg,True,589.0,396.0,669.0,443.0,80.0,47.0,
s12,d5,frame_0035.jpg,True,589.0,396.0,670.0,442.0,81.0,46.0,
s12,d5,frame_0036.jpg,True,589.0,396.0,670.0,442.0,81.0,46.0,
s12,d5,frame_0037.jpg,True,588.0,396.0,670.0,441.0,82.0,45.0,
s12,d5,frame_0038.jpg,True,588.0,396.0,670.0,440.0,82.0,44.0,
s12,d5,frame_0039.jpg,True,588.0,396.0,670.0,439.0,82.0,43.0,
s12,d5,frame_0040.jpg,True,588.0,396.0,670.0,439.0,82.0,43.0,
s12,d5,frame_0041.jpg,True,588.0,396.0,670.0,438.0,82.0,42.0,
s12,d5,frame_0042.jpg,True,588.0,396.0,670.0,438.0,82.0,42.0,
s12,d5,frame_0043.jpg,True,588.0,396.0,670.0,437.0,82.0,41.0,
s12,d5,frame_0044.jpg,True,588.0,396.0,670.0,437.0,82.0,41.0,
s12,d5,frame_0045.jpg,True,588.0,397.0,670.0,437.0,82.0,40.0,
s12,d5,frame_0046.jpg,True,587.0,397.0,670.0,437.0,83.0,40.0,
s12,d5,frame_0047.jpg,True,588.0,397.0,671.0,437.0,83.0,40.0,
s12,d5,frame_0048.jpg,True,588.0,397.0,671.0,437.0,83.0,40.0,
s12,d5,frame_0049.jpg,True,588.0,397.0,671.0,437.0,83.0,40.0,
s12,d5,frame_0050.jpg,True,588.0,398.0,671.0,437.0,83.0,39.0,
s12,d5,frame_0051.jpg,True,588.0,398.0,671.0,437.0,83.0,39.0,
s12,d5,frame_0052.jpg,True,588.0,398.0,671.0,437.0,83.0,39.0,
s12,d5,frame_0053.jpg,True,588.0,398.0,670.0,437.0,82.0,39.0,
s12,d5,frame_0054.jpg,True,588.0,399.0,670.0,437.0,82.0,38.0,
s12,d5,frame_0055.jpg,True,588.0,399.0,670.0,437.0,82.0,38.0,
s12,d6,frame_0001.jpg,True,588.0,399.0,672.0,434.0,84.0,35.0,
s12,d6,frame_0002.jpg,True,588.0,399.0,671.0,435.0,83.0,36.0,
s12,d6,frame_0003.jpg,True,588.0,398.0,671.0,437.0,83.0,39.0,
s12,d6,frame_0004.jpg,True,589.0,398.0,670.0,439.0,81.0,41.0,
s12,d6,frame_0005.jpg,True,589.0,398.0,670.0,441.0,81.0,43.0,
s12,d6,frame_0006.jpg,True,590.0,398.0,670.0,442.0,80.0,44.0,
s12,d6,frame_0007.jpg,True,590.0,398.0,669.0,443.0,79.0,45.0,
s12,d6,frame_0008.jpg,True,590.0,398.0,669.0,443.0,79.0,45.0,
s12,d6,frame_0009.jpg,True,590.0,398.0,668.0,442.0,78.0,44.0,
s12,d6,frame_0010.jpg,True,591.0,398.0,668.0,443.0,77.0,45.0,
s12,d6,frame_0011.jpg,True,591.0,397.0,667.0,443.0,76.0,46.0,
s12,d6,frame_0012.jpg,True,592.0,398.0,667.0,443.0,75.0,45.0,
s12,d6,frame_0013.jpg,True,592.0,398.0,667.0,443.0,75.0,45.0,
s12,d6,frame_0014.jpg,True,592.0,398.0,666.0,443.0,74.0,45.0,
s12,d6,frame_0015.jpg,True,592.0,398.0,666.0,444.0,74.0,46.0,
s12,d6,frame_0016.jpg,True,592.0,397.0,667.0,443.0,75.0,46.0,
s12,d6,frame_0017.jpg,True,593.0,398.0,667.0,443.0,74.0,45.0,
s12,d6,frame_0018.jpg,True,593.0,398.0,666.0,444.0,73.0,46.0,
s12,d6,frame_0019.jpg,True,594.0,398.0,666.0,444.0,72.0,46.0,
s12,d6,frame_0020.jpg,True,594.0,399.0,665.0,444.0,71.0,45.0,
s12,d6,frame_0021.jpg,True,594.0,399.0,665.0,445.0,71.0,46.0,
s12,d6,frame_0022.jpg,True,594.0,399.0,665.0,445.0,71.0,46.0,
s12,d6,frame_0023.jpg,True,593.0,399.0,666.0,445.0,73.0,46.0,
s12,d6,frame_0024.jpg,True,594.0,399.0,665.0,445.0,71.0,46.0,
s12,d6,frame_0025.jpg,True,593.0,399.0,666.0,446.0,73.0,47.0,
s12,d6,frame_0026.jpg,True,593.0,399.0,666.0,445.0,73.0,46.0,
s12,d6,frame_0027.jpg,True,592.0,398.0,667.0,445.0,75.0,47.0,
s12,d6,frame_0028.jpg,True,592.0,398.0,667.0,444.0,75.0,46.0,
s12,d6,frame_0029.jpg,True,592.0,399.0,667.0,444.0,75.0,45.0,
s12,d6,frame_0030.jpg,True,592.0,399.0,667.0,443.0,75.0,44.0,
s12,d6,frame_0031.jpg,True,591.0,398.0,668.0,442.0,77.0,44.0,
s12,d6,frame_0032.jpg,True,591.0,399.0,668.0,442.0,77.0,43.0,
s12,d6,frame_0033.jpg,True,591.0,399.0,668.0,442.0,77.0,43.0,
s12,d6,frame_0034.jpg,True,591.0,399.0,668.0,442.0,77.0,43.0,
s12,d6,frame_0035.jpg,True,591.0,399.0,668.0,441.0,77.0,42.0,
s12,d6,frame_0036.jpg,True,591.0,399.0,668.0,441.0,77.0,42.0,
s12,d6,frame_0037.jpg,True,591.0,399.0,668.0,441.0,77.0,42.0,
s12,d6,frame_0038.jpg,True,591.0,399.0,669.0,441.0,78.0,42.0,
s12,d6,frame_0039.jpg,True,591.0,399.0,669.0,441.0,78.0,42.0,
s12,d6,frame_0040.jpg,True,591.0,399.0,669.0,441.0,78.0,42.0,
s12,d6,frame_0041.jpg,True,590.0,400.0,669.0,440.0,79.0,40.0,
s12,d6,frame_0042.jpg,True,590.0,400.0,669.0,439.0,79.0,39.0,
s12,d6,frame_0043.jpg,True,589.0,400.0,669.0,438.0,80.0,38.0,
s12,d6,frame_0044.jpg,True,590.0,400.0,669.0,438.0,79.0,38.0,
s12,d7,frame_0001.jpg,True,588.0,401.0,671.0,437.0,83.0,36.0,
s12,d7,frame_0002.jpg,True,588.0,401.0,671.0,437.0,83.0,36.0,
s12,d7,frame_0003.jpg,True,588.0,400.0,671.0,439.0,83.0,39.0,
s12,d7,frame_0004.jpg,True,588.0,400.0,670.0,441.0,82.0,41.0,
s12,d7,frame_0005.jpg,True,588.0,400.0,670.0,443.0,82.0,43.0,
s12,d7,frame_0006.jpg,True,588.0,400.0,670.0,444.0,82.0,44.0,
s12,d7,frame_0007.jpg,True,587.0,400.0,671.0,444.0,84.0,44.0,
s12,d7,frame_0008.jpg,True,587.0,400.0,671.0,444.0,84.0,44.0,
s12,d7,frame_0009.jpg,True,587.0,400.0,671.0,444.0,84.0,44.0,
s12,d7,frame_0010.jpg,True,587.0,400.0,671.0,444.0,84.0,44.0,
s12,d7,frame_0011.jpg,True,587.0,399.0,671.0,444.0,84.0,45.0,
s12,d7,frame_0012.jpg,True,587.0,399.0,671.0,444.0,84.0,45.0,
s12,d7,frame_0013.jpg,True,587.0,399.0,671.0,444.0,84.0,45.0,
s12,d7,frame_0014.jpg,True,587.0,399.0,671.0,444.0,84.0,45.0,
s12,d7,frame_0015.jpg,True,587.0,398.0,671.0,444.0,84.0,46.0,
s12,d7,frame_0016.jpg,True,588.0,398.0,671.0,444.0,83.0,46.0,
s12,d7,frame_0017.jpg,True,588.0,398.0,671.0,444.0,83.0,46.0,
s12,d7,frame_0018.jpg,True,588.0,398.0,670.0,443.0,82.0,45.0,
s12,d7,frame_0019.jpg,True,588.0,398.0,669.0,443.0,81.0,45.0,
s12,d7,frame_0020.jpg,True,588.0,397.0,668.0,444.0,80.0,47.0,
s12,d7,frame_0021.jpg,True,588.0,397.0,668.0,445.0,80.0,48.0,
s12,d7,frame_0022.jpg,True,588.0,397.0,667.0,445.0,79.0,48.0,
s12,d7,frame_0023.jpg,True,587.0,398.0,668.0,446.0,81.0,48.0,
s12,d7,frame_0024.jpg,True,588.0,398.0,669.0,446.0,81.0,48.0,
s12,d7,frame_0025.jpg,True,587.0,398.0,670.0,446.0,83.0,48.0,
s12,d7,frame_0026.jpg,True,587.0,398.0,670.0,446.0,83.0,48.0,
s12,d7,frame_0027.jpg,True,587.0,399.0,670.0,445.0,83.0,46.0,
s12,d7,frame_0028.jpg,True,587.0,399.0,670.0,444.0,83.0,45.0,
s12,d7,frame_0029.jpg,True,586.0,399.0,670.0,443.0,84.0,44.0,
s12,d7,frame_0030.jpg,True,587.0,399.0,670.0,441.0,83.0,42.0,
s12,d7,frame_0031.jpg,True,587.0,398.0,671.0,441.0,84.0,43.0,
s12,d7,frame_0032.jpg,True,587.0,398.0,670.0,440.0,83.0,42.0,
s12,d7,frame_0033.jpg,True,587.0,398.0,671.0,440.0,84.0,42.0,
s12,d7,frame_0034.jpg,True,587.0,398.0,671.0,440.0,84.0,42.0,
s12,d7,frame_0035.jpg,True,588.0,398.0,671.0,440.0,83.0,42.0,
s12,d7,frame_0036.jpg,True,587.0,399.0,671.0,440.0,84.0,41.0,
s12,d7,frame_0037.jpg,True,587.0,399.0,671.0,440.0,84.0,41.0,
s12,d7,frame_0038.jpg,True,587.0,399.0,671.0,440.0,84.0,41.0,
s12,d7,frame_0039.jpg,True,587.0,399.0,671.0,439.0,84.0,40.0,
s12,d7,frame_0040.jpg,True,587.0,400.0,671.0,439.0,84.0,39.0,
s12,d7,frame_0041.jpg,True,588.0,400.0,671.0,439.0,83.0,39.0,
s12,d7,frame_0042.jpg,True,587.0,400.0,671.0,439.0,84.0,39.0,
s12,d7,frame_0043.jpg,True,587.0,399.0,671.0,439.0,84.0,40.0,
s12,d7,frame_0044.jpg,True,588.0,400.0,671.0,439.0,83.0,39.0,
s12,d7,frame_0045.jpg,True,588.0,400.0,671.0,439.0,83.0,39.0,
s12,d7,frame_0046.jpg,True,588.0,401.0,670.0,438.0,82.0,37.0,
s12,d7,frame_0047.jpg,True,587.0,401.0,671.0,438.0,84.0,37.0,
s12,d7,frame_0048.jpg,True,587.0,401.0,670.0,438.0,83.0,37.0,
s12,d7,frame_0049.jpg,True,587.0,401.0,671.0,438.0,84.0,37.0,
s12,d8,frame_0001.jpg,True,589.0,404.0,672.0,440.0,83.0,36.0,
s12,d8,frame_0002.jpg,True,590.0,404.0,672.0,440.0,82.0,36.0,
s12,d8,frame_0003.jpg,True,590.0,404.0,672.0,440.0,82.0,36.0,
s12,d8,frame_0004.jpg,True,590.0,405.0,671.0,440.0,81.0,35.0,
s12,d8,frame_0005.jpg,True,590.0,405.0,671.0,440.0,81.0,35.0,
s12,d8,frame_0006.jpg,True,590.0,405.0,671.0,440.0,81.0,35.0,
s12,d8,frame_0007.jpg,True,590.0,405.0,671.0,440.0,81.0,35.0,
s12,d8,frame_0008.jpg,True,590.0,405.0,672.0,440.0,82.0,35.0,
s12,d8,frame_0009.jpg,True,589.0,405.0,672.0,440.0,83.0,35.0,
s12,d8,frame_0010.jpg,True,589.0,405.0,672.0,439.0,83.0,34.0,
s12,d8,frame_0011.jpg,True,590.0,404.0,672.0,439.0,82.0,35.0,
s12,d8,frame_0012.jpg,True,589.0,404.0,673.0,440.0,84.0,36.0,
s12,d8,frame_0013.jpg,True,589.0,403.0,672.0,443.0,83.0,40.0,
s12,d8,frame_0014.jpg,True,588.0,402.0,673.0,447.0,85.0,45.0,
s12,d8,frame_0015.jpg,True,588.0,401.0,673.0,450.0,85.0,49.0,
s12,d8,frame_0016.jpg,True,588.0,401.0,672.0,451.0,84.0,50.0,
s12,d8,frame_0017.jpg,True,587.0,401.0,672.0,448.0,85.0,47.0,
s12,d8,frame_0018.jpg,True,587.0,401.0,671.0,446.0,84.0,45.0,
s12,d8,frame_0019.jpg,True,588.0,402.0,671.0,444.0,83.0,42.0,
s12,d8,frame_0020.jpg,True,588.0,401.0,671.0,444.0,83.0,43.0,
s12,d8,frame_0021.jpg,True,588.0,401.0,671.0,443.0,83.0,42.0,
s12,d8,frame_0022.jpg,True,587.0,401.0,671.0,443.0,84.0,42.0,
s12,d8,frame_0023.jpg,True,587.0,401.0,671.0,442.0,84.0,41.0,
s12,d8,frame_0024.jpg,True,588.0,401.0,671.0,441.0,83.0,40.0,
s12,d8,frame_0025.jpg,True,588.0,402.0,670.0,441.0,82.0,39.0,
s12,d8,frame_0026.jpg,True,588.0,401.0,671.0,441.0,83.0,40.0,
s12,d8,frame_0027.jpg,True,588.0,402.0,671.0,441.0,83.0,39.0,
s12,d8,frame_0028.jpg,True,588.0,402.0,670.0,440.0,82.0,38.0,
s12,d8,frame_0029.jpg,True,588.0,402.0,670.0,440.0,82.0,38.0,
s12,d8,frame_0030.jpg,True,588.0,402.0,670.0,440.0,82.0,38.0,
s12,d9,frame_0001.jpg,True,589.0,402.0,670.0,438.0,81.0,36.0,
s12,d9,frame_0002.jpg,True,588.0,403.0,670.0,438.0,82.0,35.0,
s12,d9,frame_0003.jpg,True,588.0,403.0,670.0,437.0,82.0,34.0,
s12,d9,frame_0004.jpg,True,588.0,403.0,670.0,437.0,82.0,34.0,
s12,d9,frame_0005.jpg,True,589.0,402.0,670.0,437.0,81.0,35.0,
s12,d9,frame_0006.jpg,True,589.0,400.0,669.0,443.0,80.0,43.0,
s12,d9,frame_0007.jpg,True,589.0,399.0,669.0,443.0,80.0,44.0,
s12,d9,frame_0008.jpg,True,589.0,400.0,669.0,444.0,80.0,44.0,
s12,d9,frame_0009.jpg,True,589.0,400.0,669.0,444.0,80.0,44.0,
s12,d9,frame_0010.jpg,True,590.0,400.0,670.0,447.0,80.0,47.0,
s12,d9,frame_0011.jpg,True,591.0,401.0,669.0,451.0,78.0,50.0,
s12,d9,frame_0012.jpg,True,590.0,401.0,669.0,455.0,79.0,54.0,
s12,d9,frame_0013.jpg,True,591.0,401.0,669.0,457.0,78.0,56.0,
s12,d9,frame_0014.jpg,True,591.0,401.0,668.0,458.0,77.0,57.0,
s12,d9,frame_0015.jpg,True,591.0,401.0,668.0,458.0,77.0,57.0,
s12,d9,frame_0016.jpg,True,591.0,400.0,668.0,457.0,77.0,57.0,
s12,d9,frame_0017.jpg,True,591.0,400.0,668.0,455.0,77.0,55.0,
s12,d9,frame_0018.jpg,True,592.0,400.0,667.0,454.0,75.0,54.0,
s12,d9,frame_0019.jpg,True,592.0,402.0,665.0,451.0,73.0,49.0,
s12,d9,frame_0020.jpg,True,592.0,402.0,666.0,447.0,74.0,45.0,
s12,d9,frame_0021.jpg,True,592.0,401.0,665.0,446.0,73.0,45.0,
s12,d9,frame_0022.jpg,True,592.0,401.0,666.0,445.0,74.0,44.0,
s12,d9,frame_0023.jpg,True,592.0,401.0,666.0,445.0,74.0,44.0,
s12,d9,frame_0024.jpg,True,592.0,401.0,666.0,444.0,74.0,43.0,
s12,d9,frame_0025.jpg,True,592.0,402.0,666.0,443.0,74.0,41.0,
s12,d9,frame_0026.jpg,True,592.0,402.0,666.0,443.0,74.0,41.0,
s12,d9,frame_0027.jpg,True,592.0,402.0,666.0,442.0,74.0,40.0,
s12,d9,frame_0028.jpg,True,592.0,402.0,667.0,442.0,75.0,40.0,
s12,d9,frame_0029.jpg,True,592.0,402.0,667.0,441.0,75.0,39.0,
s12,d9,frame_0030.jpg,True,592.0,402.0,667.0,441.0,75.0,39.0,
s12,d9,frame_0031.jpg,True,591.0,403.0,669.0,440.0,78.0,37.0,
s12,d9,frame_0032.jpg,True,591.0,403.0,669.0,439.0,78.0,36.0,
s12,d10,frame_0001.jpg,True,589.0,403.0,669.0,439.0,80.0,36.0,
s12,d10,frame_0002.jpg,True,589.0,403.0,669.0,440.0,80.0,37.0,
s12,d10,frame_0003.jpg,True,589.0,403.0,670.0,440.0,81.0,37.0,
s12,d10,frame_0004.jpg,True,589.0,403.0,670.0,441.0,81.0,38.0,
s12,d10,frame_0005.jpg,True,589.0,402.0,671.0,443.0,82.0,41.0,
s12,d10,frame_0006.jpg,True,588.0,402.0,671.0,444.0,83.0,42.0,
s12,d10,frame_0007.jpg,True,588.0,401.0,672.0,445.0,84.0,44.0,
s12,d10,frame_0008.jpg,True,588.0,401.0,673.0,445.0,85.0,44.0,
s12,d10,frame_0009.jpg,True,587.0,401.0,674.0,445.0,87.0,44.0,
s12,d10,frame_0010.jpg,True,587.0,401.0,673.0,445.0,86.0,44.0,
s12,d10,frame_0011.jpg,True,587.0,401.0,673.0,445.0,86.0,44.0,
s12,d10,frame_0012.jpg,True,587.0,401.0,673.0,445.0,86.0,44.0,
s12,d10,frame_0013.jpg,True,588.0,401.0,673.0,444.0,85.0,43.0,
s12,d10,frame_0014.jpg,True,588.0,401.0,673.0,444.0,85.0,43.0,
s12,d10,frame_0015.jpg,True,588.0,401.0,673.0,444.0,85.0,43.0,
s12,d10,frame_0016.jpg,True,588.0,401.0,674.0,446.0,86.0,45.0,
s12,d10,frame_0017.jpg,True,588.0,401.0,673.0,447.0,85.0,46.0,
s12,d10,frame_0018.jpg,True,588.0,402.0,673.0,447.0,85.0,45.0,
s12,d10,frame_0019.jpg,True,588.0,404.0,673.0,444.0,85.0,40.0,
s12,d10,frame_0020.jpg,True,588.0,406.0,674.0,441.0,86.0,35.0,
s12,d10,frame_0021.jpg,True,588.0,406.0,673.0,440.0,85.0,34.0,
s12,d10,frame_0022.jpg,True,588.0,406.0,673.0,440.0,85.0,34.0,
s12,d10,frame_0023.jpg,True,588.0,406.0,673.0,440.0,85.0,34.0,
s12,d10,frame_0024.jpg,True,588.0,406.0,673.0,440.0,85.0,34.0,
s12,d10,frame_0025.jpg,True,588.0,405.0,673.0,440.0,85.0,35.0,
s12,d10,frame_0026.jpg,True,588.0,405.0,672.0,439.0,84.0,34.0,
s12,d10,frame_0027.jpg,True,588.0,405.0,672.0,439.0,84.0,34.0,
s12,d10,frame_0028.jpg,True,588.0,405.0,672.0,439.0,84.0,34.0,
s12,d10,frame_0029.jpg,True,588.0,405.0,672.0,439.0,84.0,34.0,
s12,d10,frame_0030.jpg,True,589.0,404.0,672.0,438.0,83.0,34.0,
s12,d10,frame_0031.jpg,True,588.0,404.0,671.0,439.0,83.0,35.0,
s12,d10,frame_0032.jpg,True,588.0,404.0,671.0,438.0,83.0,34.0,
s12,d10,frame_0033.jpg,True,588.0,403.0,671.0,439.0,83.0,36.0,
s12,d10,frame_0034.jpg,True,588.0,403.0,671.0,438.0,83.0,35.0,
s12,d10,frame_0035.jpg,True,588.0,404.0,671.0,439.0,83.0,35.0,
s12,d10,frame_0036.jpg,True,589.0,404.0,671.0,439.0,82.0,35.0,
s13,d0,frame_0001.jpg,True,571.0,397.0,676.0,450.0,105.0,53.0,
s13,d0,frame_0002.jpg,True,571.0,397.0,676.0,449.0,105.0,52.0,
s13,d0,frame_0003.jpg,True,571.0,399.0,676.0,447.0,105.0,48.0,
s13,d0,frame_0004.jpg,True,571.0,398.0,676.0,446.0,105.0,48.0,
s13,d0,frame_0005.jpg,True,571.0,399.0,676.0,445.0,105.0,46.0,
s13,d0,frame_0006.jpg,True,571.0,399.0,675.0,445.0,104.0,46.0,
s13,d0,frame_0007.jpg,True,569.0,399.0,675.0,444.0,106.0,45.0,
s13,d0,frame_0008.jpg,True,568.0,398.0,675.0,443.0,107.0,45.0,
s13,d0,frame_0009.jpg,True,569.0,400.0,674.0,444.0,105.0,44.0,
s13,d0,frame_0010.jpg,True,570.0,399.0,674.0,449.0,104.0,50.0,
s13,d0,frame_0011.jpg,True,569.0,394.0,676.0,468.0,107.0,74.0,
s13,d0,frame_0012.jpg,True,571.0,394.0,675.0,481.0,104.0,87.0,
s13,d0,frame_0013.jpg,True,575.0,394.0,674.0,487.0,99.0,93.0,
s13,d0,frame_0014.jpg,True,579.0,398.0,673.0,485.0,94.0,87.0,
s13,d0,frame_0015.jpg,True,583.0,403.0,671.0,482.0,88.0,79.0,
s13,d0,frame_0016.jpg,True,584.0,405.0,669.0,480.0,85.0,75.0,
s13,d0,frame_0017.jpg,True,585.0,405.0,668.0,474.0,83.0,69.0,
s13,d0,frame_0018.jpg,True,585.0,406.0,668.0,473.0,83.0,67.0,
s13,d0,frame_0019.jpg,True,584.0,405.0,669.0,469.0,85.0,64.0,
s13,d0,frame_0020.jpg,True,583.0,404.0,671.0,466.0,88.0,62.0,
s13,d0,frame_0021.jpg,True,583.0,401.0,671.0,462.0,88.0,61.0,
s13,d0,frame_0022.jpg,True,580.0,399.0,674.0,458.0,94.0,59.0,
s13,d0,frame_0023.jpg,True,579.0,399.0,674.0,457.0,95.0,58.0,
s13,d0,frame_0024.jpg,True,578.0,399.0,676.0,454.0,98.0,55.0,
s13,d0,frame_0025.jpg,True,578.0,399.0,676.0,452.0,98.0,53.0,
s13,d0,frame_0026.jpg,True,578.0,398.0,677.0,451.0,99.0,53.0,
s13,d0,frame_0027.jpg,True,577.0,397.0,677.0,451.0,100.0,54.0,
s13,d0,frame_0028.jpg,True,577.0,398.0,678.0,451.0,101.0,53.0,
s13,d0,frame_0029.jpg,True,577.0,398.0,678.0,451.0,101.0,53.0,
s13,d0,frame_0030.jpg,True,576.0,398.0,679.0,451.0,103.0,53.0,
s13,d0,frame_0031.jpg,True,575.0,399.0,679.0,451.0,104.0,52.0,
s13,d0,frame_0032.jpg,True,575.0,399.0,679.0,451.0,104.0,52.0,
s13,d0,frame_0033.jpg,True,575.0,399.0,679.0,451.0,104.0,52.0,
s13,d1,frame_0001.jpg,True,575.0,398.0,680.0,452.0,105.0,54.0,
s13,d1,frame_0002.jpg,True,575.0,398.0,680.0,452.0,105.0,54.0,
s13,d1,frame_0003.jpg,True,575.0,398.0,680.0,452.0,105.0,54.0,
s13,d1,frame_0004.jpg,True,575.0,397.0,680.0,452.0,105.0,55.0,
s13,d1,frame_0005.jpg,True,575.0,397.0,680.0,452.0,105.0,55.0,
s13,d1,frame_0006.jpg,True,576.0,396.0,680.0,452.0,104.0,56.0,
s13,d1,frame_0007.jpg,True,576.0,395.0,679.0,459.0,103.0,64.0,
s13,d1,frame_0008.jpg,True,576.0,394.0,679.0,464.0,103.0,70.0,
s13,d1,frame_0009.jpg,True,576.0,392.0,679.0,466.0,103.0,74.0,
s13,d1,frame_0010.jpg,True,576.0,391.0,679.0,466.0,103.0,75.0,
s13,d1,frame_0011.jpg,True,576.0,391.0,680.0,465.0,104.0,74.0,
s13,d1,frame_0012.jpg,True,576.0,392.0,680.0,465.0,104.0,73.0,
s13,d1,frame_0013.jpg,True,576.0,394.0,680.0,465.0,104.0,71.0,
s13,d1,frame_0014.jpg,True,577.0,396.0,680.0,467.0,103.0,71.0,
s13,d1,frame_0015.jpg,True,576.0,398.0,680.0,469.0,104.0,71.0,
s13,d1,frame_0016.jpg,True,576.0,399.0,680.0,475.0,104.0,76.0,
s13,d1,frame_0017.jpg,True,578.0,401.0,680.0,481.0,102.0,80.0,
s13,d1,frame_0018.jpg,True,579.0,402.0,680.0,484.0,101.0,82.0,
s13,d1,frame_0019.jpg,True,579.0,403.0,681.0,485.0,102.0,82.0,
s13,d1,frame_0020.jpg,True,578.0,404.0,682.0,485.0,104.0,81.0,
s13,d1,frame_0021.jpg,True,578.0,405.0,681.0,481.0,103.0,76.0,
s13,d1,frame_0022.jpg,True,578.0,404.0,681.0,478.0,103.0,74.0,
s13,d1,frame_0023.jpg,True,578.0,403.0,682.0,473.0,104.0,70.0,
s13,d1,frame_0024.jpg,True,578.0,403.0,682.0,468.0,104.0,65.0,
s13,d1,frame_0025.jpg,True,578.0,402.0,682.0,465.0,104.0,63.0,
s13,d1,frame_0026.jpg,True,578.0,400.0,683.0,463.0,105.0,63.0,
s13,d1,frame_0027.jpg,True,578.0,400.0,683.0,460.0,105.0,60.0,
s13,d1,frame_0028.jpg,True,577.0,400.0,682.0,457.0,105.0,57.0,
s13,d1,frame_0029.jpg,True,576.0,400.0,682.0,455.0,106.0,55.0,
s13,d1,frame_0030.jpg,True,576.0,401.0,681.0,453.0,105.0,52.0,
s13,d1,frame_0031.jpg,True,576.0,402.0,682.0,453.0,106.0,51.0,
s13,d1,frame_0032.jpg,True,575.0,402.0,681.0,453.0,106.0,51.0,
s13,d1,frame_0033.jpg,True,575.0,401.0,681.0,453.0,106.0,52.0,
s13,d1,frame_0034.jpg,True,574.0,401.0,680.0,453.0,106.0,52.0,
s13,d1,frame_0035.jpg,True,574.0,401.0,680.0,453.0,106.0,52.0,
s13,d1,frame_0036.jpg,True,574.0,401.0,680.0,453.0,106.0,52.0,
s13,d1,frame_0037.jpg,True,574.0,401.0,680.0,453.0,106.0,52.0,
s13,d1,frame_0038.jpg,True,573.0,400.0,680.0,453.0,107.0,53.0,
s13,d1,frame_0039.jpg,True,573.0,400.0,680.0,452.0,107.0,52.0,
s13,d1,frame_0040.jpg,True,573.0,399.0,680.0,452.0,107.0,53.0,
s13,d1,frame_0041.jpg,True,573.0,399.0,680.0,452.0,107.0,53.0,
s13,d1,frame_0042.jpg,True,574.0,399.0,681.0,452.0,107.0,53.0,
s13,d1,frame_0043.jpg,True,574.0,399.0,680.0,452.0,106.0,53.0,
s13,d1,frame_0044.jpg,True,574.0,399.0,681.0,452.0,107.0,53.0,
s13,d2,frame_0001.jpg,True,576.0,403.0,687.0,452.0,111.0,49.0,
s13,d2,frame_0002.jpg,True,576.0,402.0,687.0,452.0,111.0,50.0,
s13,d2,frame_0003.jpg,True,576.0,402.0,687.0,452.0,111.0,50.0,
s13,d2,frame_0004.jpg,True,577.0,401.0,686.0,453.0,109.0,52.0,
s13,d2,frame_0005.jpg,True,578.0,399.0,687.0,458.0,109.0,59.0,
s13,d2,frame_0006.jpg,True,578.0,397.0,686.0,466.0,108.0,69.0,
s13,d2,frame_0007.jpg,True,577.0,396.0,687.0,473.0,110.0,77.0,
s13,d2,frame_0008.jpg,True,576.0,394.0,687.0,475.0,111.0,81.0,
s13,d2,frame_0009.jpg,True,577.0,392.0,687.0,475.0,110.0,83.0,
s13,d2,frame_0010.jpg,True,576.0,391.0,688.0,474.0,112.0,83.0,
s13,d2,frame_0011.jpg,True,575.0,389.0,689.0,469.0,114.0,80.0,
s13,d2,frame_0012.jpg,True,575.0,388.0,690.0,464.0,115.0,76.0,
s13,d2,frame_0013.jpg,True,574.0,388.0,691.0,461.0,117.0,73.0,
s13,d2,frame_0014.jpg,True,573.0,388.0,692.0,461.0,119.0,73.0,
s13,d2,frame_0015.jpg,True,573.0,390.0,692.0,461.0,119.0,71.0,
s13,d2,frame_0016.jpg,True,574.0,391.0,692.0,462.0,118.0,71.0,
s13,d2,frame_0017.jpg,True,573.0,391.0,692.0,469.0,119.0,78.0,
s13,d2,frame_0018.jpg,True,575.0,394.0,689.0,483.0,114.0,89.0,
s13,d2,frame_0019.jpg,True,577.0,396.0,686.0,490.0,109.0,94.0,
s13,d2,frame_0020.jpg,True,582.0,397.0,682.0,490.0,100.0,93.0,
s13,d2,frame_0021.jpg,True,585.0,401.0,680.0,487.0,95.0,86.0,
s13,d2,frame_0022.jpg,True,589.0,403.0,677.0,480.0,88.0,77.0,
s13,d2,frame_0023.jpg,True,590.0,405.0,678.0,476.0,88.0,71.0,
s13,d2,frame_0024.jpg,True,590.0,406.0,679.0,472.0,89.0,66.0,
s13,d2,frame_0025.jpg,True,591.0,404.0,679.0,469.0,88.0,65.0,
s13,d2,frame_0026.jpg,True,589.0,403.0,681.0,468.0,92.0,65.0,
s13,d2,frame_0027.jpg,True,588.0,401.0,684.0,465.0,96.0,64.0,
s13,d2,frame_0028.jpg,True,587.0,399.0,687.0,463.0,100.0,64.0,
s13,d2,frame_0029.jpg,True,585.0,398.0,688.0,461.0,103.0,63.0,
s13,d2,frame_0030.jpg,True,583.0,398.0,689.0,458.0,106.0,60.0,
s13,d2,frame_0031.jpg,True,582.0,398.0,689.0,455.0,107.0,57.0,
s13,d2,frame_0032.jpg,True,582.0,398.0,688.0,454.0,106.0,56.0,
s13,d2,frame_0033.jpg,True,581.0,398.0,689.0,452.0,108.0,54.0,
s13,d2,frame_0034.jpg,True,581.0,398.0,689.0,452.0,108.0,54.0,
s13,d2,frame_0035.jpg,True,580.0,398.0,690.0,450.0,110.0,52.0,
s13,d2,frame_0036.jpg,True,580.0,398.0,689.0,450.0,109.0,52.0,
s13,d2,frame_0037.jpg,True,580.0,398.0,689.0,450.0,109.0,52.0,
s13,d2,frame_0038.jpg,True,580.0,398.0,689.0,450.0,109.0,52.0,
s13,d2,frame_0039.jpg,True,580.0,398.0,689.0,450.0,109.0,52.0,
s13,d2,frame_0040.jpg,True,580.0,399.0,689.0,450.0,109.0,51.0,
s13,d2,frame_0041.jpg,True,580.0,399.0,689.0,450.0,109.0,51.0,
s13,d2,frame_0042.jpg,True,579.0,399.0,689.0,450.0,110.0,51.0,
s13,d2,frame_0043.jpg,True,579.0,398.0,689.0,450.0,110.0,52.0,
s13,d2,frame_0044.jpg,True,579.0,398.0,689.0,450.0,110.0,52.0,
s13,d3,frame_0001.jpg,True,580.0,398.0,689.0,452.0,109.0,54.0,
s13,d3,frame_0002.jpg,True,580.0,397.0,689.0,452.0,109.0,55.0,
s13,d3,frame_0003.jpg,True,580.0,397.0,689.0,452.0,109.0,55.0,
s13,d3,frame_0004.jpg,True,580.0,396.0,689.0,452.0,109.0,56.0,
s13,d3,frame_0005.jpg,True,580.0,394.0,689.0,458.0,109.0,64.0,
s13,d3,frame_0006.jpg,True,579.0,391.0,689.0,466.0,110.0,75.0,
s13,d3,frame_0007.jpg,True,578.0,388.0,690.0,470.0,112.0,82.0,
s13,d3,frame_0008.jpg,True,578.0,386.0,690.0,470.0,112.0,84.0,
s13,d3,frame_0009.jpg,True,578.0,384.0,691.0,468.0,113.0,84.0,
s13,d3,frame_0010.jpg,True,577.0,385.0,692.0,463.0,115.0,78.0,
s13,d3,frame_0011.jpg,True,577.0,385.0,693.0,458.0,116.0,73.0,
s13,d3,frame_0012.jpg,True,577.0,386.0,692.0,458.0,115.0,72.0,
s13,d3,frame_0013.jpg,True,577.0,388.0,692.0,459.0,115.0,71.0,
s13,d3,frame_0014.jpg,True,576.0,390.0,692.0,460.0,116.0,70.0,
s13,d3,frame_0015.jpg,True,577.0,393.0,692.0,462.0,115.0,69.0,
s13,d3,frame_0016.jpg,True,576.0,395.0,692.0,471.0,116.0,76.0,
s13,d3,frame_0017.jpg,True,578.0,399.0,691.0,483.0,113.0,84.0,
s13,d3,frame_0018.jpg,True,578.0,401.0,691.0,490.0,113.0,89.0,
s13,d3,frame_0019.jpg,True,579.0,403.0,690.0,491.0,111.0,88.0,
s13,d3,frame_0020.jpg,True,579.0,405.0,690.0,489.0,111.0,84.0,
s13,d3,frame_0021.jpg,True,580.0,409.0,692.0,482.0,112.0,73.0,
s13,d3,frame_0022.jpg,True,584.0,416.0,690.0,468.0,106.0,52.0,
s13,d3,frame_0023.jpg,True,581.0,419.0,691.0,462.0,110.0,43.0,
s13,d3,frame_0024.jpg,True,581.0,420.0,691.0,460.0,110.0,40.0,
s13,d3,frame_0025.jpg,True,581.0,418.0,690.0,460.0,109.0,42.0,
s13,d3,frame_0026.jpg,True,580.0,414.0,691.0,457.0,111.0,43.0,
s13,d3,frame_0027.jpg,True,581.0,410.0,690.0,456.0,109.0,46.0,
s13,d3,frame_0028.jpg,True,581.0,406.0,690.0,455.0,109.0,49.0,
s13,d3,frame_0029.jpg,True,582.0,405.0,691.0,453.0,109.0,48.0,
s13,d3,frame_0030.jpg,True,581.0,402.0,692.0,451.0,111.0,49.0,
s13,d3,frame_0031.jpg,True,581.0,400.0,692.0,451.0,111.0,51.0,
s13,d3,frame_0032.jpg,True,581.0,399.0,691.0,450.0,110.0,51.0,
s13,d3,frame_0033.jpg,True,582.0,398.0,692.0,450.0,110.0,52.0,
s13,d3,frame_0034.jpg,True,582.0,397.0,692.0,450.0,110.0,53.0,
s13,d3,frame_0035.jpg,True,581.0,397.0,692.0,450.0,111.0,53.0,
s13,d3,frame_0036.jpg,True,581.0,397.0,692.0,450.0,111.0,53.0,
s13,d3,frame_0037.jpg,True,581.0,397.0,692.0,451.0,111.0,54.0,
s13,d3,frame_0038.jpg,True,581.0,397.0,692.0,451.0,111.0,54.0,
s13,d3,frame_0039.jpg,True,581.0,398.0,692.0,451.0,111.0,53.0,
s13,d3,frame_0040.jpg,True,581.0,398.0,692.0,451.0,111.0,53.0,
s13,d3,frame_0041.jpg,True,581.0,398.0,692.0,452.0,111.0,54.0,
s13,d3,frame_0042.jpg,True,581.0,399.0,692.0,452.0,111.0,53.0,
s13,d3,frame_0043.jpg,True,581.0,399.0,691.0,452.0,110.0,53.0,
s13,d3,frame_0044.jpg,True,581.0,399.0,691.0,451.0,110.0,52.0,
s13,d3,frame_0045.jpg,True,581.0,399.0,692.0,451.0,111.0,52.0,
s13,d3,frame_0046.jpg,True,581.0,399.0,691.0,452.0,110.0,53.0,
s13,d3,frame_0047.jpg,True,581.0,399.0,691.0,452.0,110.0,53.0,
s13,d3,frame_0048.jpg,True,581.0,399.0,691.0,452.0,110.0,53.0,
s13,d3,frame_0049.jpg,True,581.0,399.0,691.0,452.0,110.0,53.0,
s13,d4,frame_0001.jpg,True,578.0,398.0,689.0,453.0,111.0,55.0,
s13,d4,frame_0002.jpg,True,579.0,398.0,689.0,454.0,110.0,56.0,
s13,d4,frame_0003.jpg,True,579.0,399.0,689.0,455.0,110.0,56.0,
s13,d4,frame_0004.jpg,True,579.0,397.0,689.0,462.0,110.0,65.0,
s13,d4,frame_0005.jpg,True,578.0,395.0,690.0,470.0,112.0,75.0,
s13,d4,frame_0006.jpg,True,578.0,394.0,690.0,471.0,112.0,77.0,
s13,d4,frame_0007.jpg,True,578.0,391.0,691.0,471.0,113.0,80.0,
s13,d4,frame_0008.jpg,True,577.0,391.0,691.0,470.0,114.0,79.0,
s13,d4,frame_0009.jpg,True,576.0,391.0,692.0,467.0,116.0,76.0,
s13,d4,frame_0010.jpg,True,575.0,391.0,692.0,466.0,117.0,75.0,
s13,d4,frame_0011.jpg,True,576.0,391.0,692.0,464.0,116.0,73.0,
s13,d4,frame_0012.jpg,True,576.0,393.0,691.0,464.0,115.0,71.0,
s13,d4,frame_0013.jpg,True,575.0,394.0,692.0,465.0,117.0,71.0,
s13,d4,frame_0014.jpg,True,575.0,396.0,691.0,467.0,116.0,71.0,
s13,d4,frame_0015.jpg,True,574.0,398.0,692.0,469.0,118.0,71.0,
s13,d4,frame_0016.jpg,True,574.0,399.0,692.0,470.0,118.0,71.0,
s13,d4,frame_0017.jpg,True,574.0,400.0,692.0,472.0,118.0,72.0,
s13,d4,frame_0018.jpg,True,573.0,401.0,693.0,473.0,120.0,72.0,
s13,d4,frame_0019.jpg,True,573.0,401.0,693.0,473.0,120.0,72.0,
s13,d4,frame_0020.jpg,True,574.0,401.0,693.0,473.0,119.0,72.0,
s13,d4,frame_0021.jpg,True,574.0,401.0,693.0,472.0,119.0,71.0,
s13,d4,frame_0022.jpg,True,574.0,399.0,692.0,472.0,118.0,73.0,
s13,d4,frame_0023.jpg,True,574.0,399.0,692.0,472.0,118.0,73.0,
s13,d4,frame_0024.jpg,True,574.0,399.0,692.0,470.0,118.0,71.0,
s13,d4,frame_0025.jpg,True,575.0,398.0,692.0,469.0,117.0,71.0,
s13,d4,frame_0026.jpg,True,576.0,398.0,692.0,468.0,116.0,70.0,
s13,d4,frame_0027.jpg,True,576.0,397.0,692.0,464.0,116.0,67.0,
s13,d4,frame_0028.jpg,True,577.0,398.0,690.0,460.0,113.0,62.0,
s13,d4,frame_0029.jpg,True,578.0,397.0,690.0,459.0,112.0,62.0,
s13,d4,frame_0030.jpg,True,578.0,398.0,689.0,457.0,111.0,59.0,
s13,d4,frame_0031.jpg,True,578.0,397.0,689.0,454.0,111.0,57.0,
s13,d4,frame_0032.jpg,True,578.0,397.0,688.0,453.0,110.0,56.0,
s13,d4,frame_0033.jpg,True,578.0,397.0,688.0,452.0,110.0,55.0,
s13,d4,frame_0034.jpg,True,578.0,398.0,687.0,451.0,109.0,53.0,
s13,d4,frame_0035.jpg,True,577.0,398.0,687.0,450.0,110.0,52.0,
s13,d4,frame_0036.jpg,True,577.0,398.0,687.0,449.0,110.0,51.0,
s13,d4,frame_0037.jpg,True,577.0,398.0,687.0,448.0,110.0,50.0,
s13,d4,frame_0038.jpg,True,578.0,398.0,688.0,449.0,110.0,51.0,
s13,d4,frame_0039.jpg,True,577.0,398.0,688.0,449.0,111.0,51.0,
s13,d4,frame_0040.jpg,True,578.0,398.0,688.0,450.0,110.0,52.0,
s13,d4,frame_0041.jpg,True,578.0,398.0,689.0,450.0,111.0,52.0,
s13,d4,frame_0042.jpg,True,579.0,398.0,689.0,451.0,110.0,53.0,
s13,d4,frame_0043.jpg,True,578.0,399.0,689.0,450.0,111.0,51.0,
s13,d4,frame_0044.jpg,True,578.0,398.0,689.0,451.0,111.0,53.0,
s13,d4,frame_0045.jpg,True,578.0,398.0,689.0,451.0,111.0,53.0,
s13,d4,frame_0046.jpg,True,577.0,398.0,689.0,452.0,112.0,54.0,
s13,d4,frame_0047.jpg,True,577.0,397.0,689.0,452.0,112.0,55.0,
s13,d5,frame_0001.jpg,True,577.0,396.0,688.0,450.0,111.0,54.0,
s13,d5,frame_0002.jpg,True,578.0,395.0,687.0,450.0,109.0,55.0,
s13,d5,frame_0003.jpg,True,578.0,394.0,687.0,451.0,109.0,57.0,
s13,d5,frame_0004.jpg,True,578.0,392.0,685.0,458.0,107.0,66.0,
s13,d5,frame_0005.jpg,True,577.0,391.0,686.0,467.0,109.0,76.0,
s13,d5,frame_0006.jpg,True,576.0,391.0,686.0,474.0,110.0,83.0,
s13,d5,frame_0007.jpg,True,576.0,391.0,686.0,477.0,110.0,86.0,
s13,d5,frame_0008.jpg,True,576.0,391.0,686.0,479.0,110.0,88.0,
s13,d5,frame_0009.jpg,True,577.0,391.0,685.0,480.0,108.0,89.0,
s13,d5,frame_0010.jpg,True,576.0,392.0,685.0,481.0,109.0,89.0,
s13,d5,frame_0011.jpg,True,576.0,393.0,685.0,483.0,109.0,90.0,
s13,d5,frame_0012.jpg,True,577.0,394.0,684.0,484.0,107.0,90.0,
s13,d5,frame_0013.jpg,True,577.0,394.0,684.0,484.0,107.0,90.0,
s13,d5,frame_0014.jpg,True,577.0,394.0,685.0,485.0,108.0,91.0,
s13,d5,frame_0015.jpg,True,578.0,394.0,685.0,485.0,107.0,91.0,
s13,d5,frame_0016.jpg,True,577.0,395.0,686.0,486.0,109.0,91.0,
s13,d5,frame_0017.jpg,True,577.0,396.0,686.0,486.0,109.0,90.0,
s13,d5,frame_0018.jpg,True,577.0,397.0,686.0,485.0,109.0,88.0,
s13,d5,frame_0019.jpg,True,577.0,397.0,686.0,485.0,109.0,88.0,
s13,d5,frame_0020.jpg,True,577.0,397.0,686.0,484.0,109.0,87.0,
s13,d5,frame_0021.jpg,True,577.0,396.0,687.0,482.0,110.0,86.0,
s13,d5,frame_0022.jpg,True,577.0,396.0,687.0,480.0,110.0,84.0,
s13,d5,frame_0023.jpg,True,578.0,394.0,687.0,478.0,109.0,84.0,
s13,d5,frame_0024.jpg,True,577.0,394.0,688.0,476.0,111.0,82.0,
s13,d5,frame_0025.jpg,True,577.0,393.0,688.0,473.0,111.0,80.0,
s13,d5,frame_0026.jpg,True,577.0,393.0,688.0,470.0,111.0,77.0,
s13,d5,frame_0027.jpg,True,577.0,393.0,689.0,467.0,112.0,74.0,
s13,d5,frame_0028.jpg,True,577.0,392.0,689.0,463.0,112.0,71.0,
s13,d5,frame_0029.jpg,True,578.0,393.0,689.0,460.0,111.0,67.0,
s13,d5,frame_0030.jpg,True,578.0,393.0,689.0,457.0,111.0,64.0,
s13,d5,frame_0031.jpg,True,578.0,394.0,689.0,455.0,111.0,61.0,
s13,d5,frame_0032.jpg,True,578.0,395.0,689.0,454.0,111.0,59.0,
s13,d5,frame_0033.jpg,True,578.0,395.0,688.0,453.0,110.0,58.0,
s13,d5,frame_0034.jpg,True,578.0,395.0,688.0,451.0,110.0,56.0,
s13,d5,frame_0035.jpg,True,577.0,396.0,688.0,450.0,111.0,54.0,
s13,d5,frame_0036.jpg,True,577.0,397.0,689.0,450.0,112.0,53.0,
s13,d5,frame_0037.jpg,True,577.0,397.0,688.0,450.0,111.0,53.0,
s13,d5,frame_0038.jpg,True,577.0,397.0,688.0,449.0,111.0,52.0,
s13,d5,frame_0039.jpg,True,577.0,397.0,688.0,449.0,111.0,52.0,
s13,d5,frame_0040.jpg,True,578.0,397.0,688.0,449.0,110.0,52.0,
s13,d5,frame_0041.jpg,True,578.0,397.0,688.0,449.0,110.0,52.0,
s13,d5,frame_0042.jpg,True,578.0,397.0,688.0,449.0,110.0,52.0,
s13,d5,frame_0043.jpg,True,578.0,397.0,689.0,449.0,111.0,52.0,
s13,d5,frame_0044.jpg,True,578.0,397.0,689.0,449.0,111.0,52.0,
s13,d5,frame_0045.jpg,True,578.0,397.0,689.0,449.0,111.0,52.0,
s13,d6,frame_0001.jpg,False,,,,,,,No face detected
s13,d6,frame_0002.jpg,False,,,,,,,No face detected
s13,d6,frame_0003.jpg,False,,,,,,,No face detected
s13,d6,frame_0004.jpg,False,,,,,,,No face detected
s13,d6,frame_0005.jpg,False,,,,,,,No face detected
s13,d6,frame_0006.jpg,False,,,,,,,No face detected
s13,d6,frame_0007.jpg,False,,,,,,,No face detected
s13,d6,frame_0008.jpg,False,,,,,,,No face detected
s13,d6,frame_0009.jpg,False,,,,,,,No face detected
s13,d6,frame_0010.jpg,False,,,,,,,No face detected
s13,d6,frame_0011.jpg,False,,,,,,,No face detected
s13,d6,frame_0012.jpg,False,,,,,,,No face detected
s13,d6,frame_0013.jpg,False,,,,,,,No face detected
s13,d6,frame_0014.jpg,False,,,,,,,No face detected
s13,d6,frame_0015.jpg,False,,,,,,,No face detected
s13,d6,frame_0016.jpg,False,,,,,,,No face detected
s13,d6,frame_0017.jpg,False,,,,,,,No face detected
s13,d6,frame_0018.jpg,False,,,,,,,No face detected
s13,d6,frame_0019.jpg,False,,,,,,,No face detected
s13,d6,frame_0020.jpg,False,,,,,,,No face detected
s13,d6,frame_0021.jpg,False,,,,,,,No face detected
s13,d6,frame_0022.jpg,False,,,,,,,No face detected
s13,d6,frame_0023.jpg,False,,,,,,,No face detected
s13,d6,frame_0024.jpg,False,,,,,,,No face detected
s13,d6,frame_0025.jpg,False,,,,,,,No face detected
s13,d6,frame_0026.jpg,False,,,,,,,No face detected
s13,d6,frame_0027.jpg,False,,,,,,,No face detected
s13,d6,frame_0028.jpg,False,,,,,,,No face detected
s13,d6,frame_0029.jpg,False,,,,,,,No face detected
s13,d6,frame_0030.jpg,False,,,,,,,No face detected
s13,d6,frame_0031.jpg,False,,,,,,,No face detected
s13,d6,frame_0032.jpg,False,,,,,,,No face detected
s13,d6,frame_0033.jpg,False,,,,,,,No face detected
s13,d6,frame_0034.jpg,False,,,,,,,No face detected
s13,d6,frame_0035.jpg,False,,,,,,,No face detected
s13,d6,frame_0036.jpg,False,,,,,,,No face detected
s13,d6,frame_0037.jpg,False,,,,,,,No face detected
s13,d6,frame_0038.jpg,False,,,,,,,No face detected
s13,d6,frame_0039.jpg,False,,,,,,,No face detected
s13,d6,frame_0040.jpg,False,,,,,,,No face detected
s13,d6,frame_0041.jpg,False,,,,,,,No face detected
s13,d6,frame_0042.jpg,False,,,,,,,No face detected
s13,d6,frame_0043.jpg,False,,,,,,,No face detected
s13,d6,frame_0044.jpg,False,,,,,,,No face detected
s13,d6,frame_0045.jpg,False,,,,,,,No face detected
s13,d6,frame_0046.jpg,False,,,,,,,No face detected
s13,d6,frame_0047.jpg,False,,,,,,,No face detected
s13,d6,frame_0048.jpg,False,,,,,,,No face detected
s13,d6,frame_0049.jpg,False,,,,,,,No face detected
s13,d6,frame_0050.jpg,False,,,,,,,No face detected
s13,d6,frame_0051.jpg,False,,,,,,,No face detected
s13,d6,frame_0052.jpg,False,,,,,,,No face detected
s13,d6,frame_0053.jpg,False,,,,,,,No face detected
s13,d6,frame_0054.jpg,False,,,,,,,No face detected
s13,d6,frame_0055.jpg,False,,,,,,,No face detected
s13,d6,frame_0056.jpg,False,,,,,,,No face detected
s13,d7,frame_0001.jpg,True,574.0,401.0,685.0,455.0,111.0,54.0,
s13,d7,frame_0002.jpg,True,574.0,401.0,685.0,455.0,111.0,54.0,
s13,d7,frame_0003.jpg,True,574.0,400.0,685.0,455.0,111.0,55.0,
s13,d7,frame_0004.jpg,True,575.0,399.0,685.0,455.0,110.0,56.0,
s13,d7,frame_0005.jpg,True,575.0,397.0,684.0,460.0,109.0,63.0,
s13,d7,frame_0006.jpg,True,576.0,394.0,684.0,464.0,108.0,70.0,
s13,d7,frame_0007.jpg,True,575.0,393.0,684.0,466.0,109.0,73.0,
s13,d7,frame_0008.jpg,True,575.0,391.0,684.0,467.0,109.0,76.0,
s13,d7,frame_0009.jpg,True,575.0,389.0,684.0,467.0,109.0,78.0,
s13,d7,frame_0010.jpg,True,574.0,390.0,685.0,467.0,111.0,77.0,
s13,d7,frame_0011.jpg,True,573.0,390.0,685.0,468.0,112.0,78.0,
s13,d7,frame_0012.jpg,True,573.0,391.0,685.0,469.0,112.0,78.0,
s13,d7,frame_0013.jpg,True,573.0,392.0,686.0,470.0,113.0,78.0,
s13,d7,frame_0014.jpg,True,573.0,394.0,687.0,472.0,114.0,78.0,
s13,d7,frame_0015.jpg,True,572.0,396.0,687.0,474.0,115.0,78.0,
s13,d7,frame_0016.jpg,True,572.0,399.0,688.0,476.0,116.0,77.0,
s13,d7,frame_0017.jpg,True,571.0,401.0,688.0,477.0,117.0,76.0,
s13,d7,frame_0018.jpg,True,571.0,402.0,688.0,477.0,117.0,75.0,
s13,d7,frame_0019.jpg,True,571.0,402.0,688.0,477.0,117.0,75.0,
s13,d7,frame_0020.jpg,True,571.0,403.0,688.0,477.0,117.0,74.0,
s13,d7,frame_0021.jpg,True,572.0,402.0,688.0,476.0,116.0,74.0,
s13,d7,frame_0022.jpg,True,572.0,401.0,688.0,474.0,116.0,73.0,
s13,d7,frame_0023.jpg,True,572.0,401.0,688.0,473.0,116.0,72.0,
s13,d7,frame_0024.jpg,True,572.0,400.0,688.0,472.0,116.0,72.0,
s13,d7,frame_0025.jpg,True,572.0,399.0,688.0,470.0,116.0,71.0,
s13,d7,frame_0026.jpg,True,572.0,399.0,688.0,470.0,116.0,71.0,
s13,d7,frame_0027.jpg,True,573.0,396.0,687.0,468.0,114.0,72.0,
s13,d7,frame_0028.jpg,True,573.0,395.0,688.0,466.0,115.0,71.0,
s13,d7,frame_0029.jpg,True,575.0,394.0,687.0,463.0,112.0,69.0,
s13,d7,frame_0030.jpg,True,575.0,394.0,688.0,460.0,113.0,66.0,
s13,d7,frame_0031.jpg,True,576.0,392.0,688.0,456.0,112.0,64.0,
s13,d7,frame_0032.jpg,True,577.0,393.0,686.0,453.0,109.0,60.0,
s13,d7,frame_0033.jpg,True,577.0,393.0,686.0,451.0,109.0,58.0,
s13,d7,frame_0034.jpg,True,577.0,394.0,686.0,450.0,109.0,56.0,
s13,d7,frame_0035.jpg,True,576.0,395.0,686.0,449.0,110.0,54.0,
s13,d7,frame_0036.jpg,True,576.0,395.0,686.0,448.0,110.0,53.0,
s13,d7,frame_0037.jpg,True,576.0,395.0,686.0,449.0,110.0,54.0,
s13,d7,frame_0038.jpg,True,576.0,397.0,685.0,449.0,109.0,52.0,
s13,d7,frame_0039.jpg,True,576.0,397.0,686.0,449.0,110.0,52.0,
s13,d7,frame_0040.jpg,True,576.0,399.0,685.0,450.0,109.0,51.0,
s13,d7,frame_0041.jpg,True,576.0,399.0,685.0,451.0,109.0,52.0,
s13,d7,frame_0042.jpg,True,576.0,400.0,685.0,451.0,109.0,51.0,
s13,d7,frame_0043.jpg,True,576.0,400.0,685.0,451.0,109.0,51.0,
s13,d7,frame_0044.jpg,True,576.0,400.0,685.0,451.0,109.0,51.0,
s13,d7,frame_0045.jpg,True,576.0,400.0,685.0,451.0,109.0,51.0,
s13,d7,frame_0046.jpg,True,576.0,400.0,685.0,453.0,109.0,53.0,
s13,d8,frame_0001.jpg,True,576.0,399.0,687.0,453.0,111.0,54.0,
s13,d8,frame_0002.jpg,True,576.0,399.0,687.0,453.0,111.0,54.0,
s13,d8,frame_0003.jpg,True,576.0,399.0,687.0,453.0,111.0,54.0,
s13,d8,frame_0004.jpg,True,576.0,399.0,687.0,453.0,111.0,54.0,
s13,d8,frame_0005.jpg,True,575.0,399.0,687.0,453.0,112.0,54.0,
s13,d8,frame_0006.jpg,True,576.0,399.0,687.0,453.0,111.0,54.0,
s13,d8,frame_0007.jpg,True,576.0,399.0,686.0,453.0,110.0,54.0,
s13,d8,frame_0008.jpg,True,576.0,398.0,686.0,453.0,110.0,55.0,
s13,d8,frame_0009.jpg,True,576.0,398.0,686.0,453.0,110.0,55.0,
s13,d8,frame_0010.jpg,True,576.0,398.0,686.0,453.0,110.0,55.0,
s13,d8,frame_0011.jpg,True,577.0,398.0,685.0,453.0,108.0,55.0,
s13,d8,frame_0012.jpg,True,576.0,400.0,685.0,453.0,109.0,53.0,
s13,d8,frame_0013.jpg,True,576.0,401.0,685.0,452.0,109.0,51.0,
s13,d8,frame_0014.jpg,True,576.0,406.0,684.0,452.0,108.0,46.0,
s13,d8,frame_0015.jpg,True,575.0,407.0,685.0,452.0,110.0,45.0,
s13,d8,frame_0016.jpg,True,574.0,408.0,684.0,452.0,110.0,44.0,
s13,d8,frame_0017.jpg,True,574.0,409.0,685.0,452.0,111.0,43.0,
s13,d8,frame_0018.jpg,True,573.0,410.0,685.0,452.0,112.0,42.0,
s13,d8,frame_0019.jpg,True,574.0,410.0,683.0,456.0,109.0,46.0,
s13,d8,frame_0020.jpg,True,574.0,406.0,684.0,467.0,110.0,61.0,
s13,d8,frame_0021.jpg,True,573.0,405.0,686.0,481.0,113.0,76.0,
s13,d8,frame_0022.jpg,True,572.0,404.0,687.0,486.0,115.0,82.0,
s13,d8,frame_0023.jpg,True,572.0,404.0,688.0,487.0,116.0,83.0,
s13,d8,frame_0024.jpg,True,572.0,404.0,689.0,484.0,117.0,80.0,
s13,d8,frame_0025.jpg,True,574.0,405.0,689.0,481.0,115.0,76.0,
s13,d8,frame_0026.jpg,True,574.0,404.0,689.0,478.0,115.0,74.0,
s13,d8,frame_0027.jpg,True,574.0,404.0,689.0,477.0,115.0,73.0,
s13,d8,frame_0028.jpg,True,574.0,404.0,689.0,475.0,115.0,71.0,
s13,d8,frame_0029.jpg,True,574.0,403.0,689.0,475.0,115.0,72.0,
s13,d8,frame_0030.jpg,True,574.0,402.0,690.0,473.0,116.0,71.0,
s13,d8,frame_0031.jpg,True,574.0,401.0,690.0,474.0,116.0,73.0,
s13,d8,frame_0032.jpg,True,575.0,400.0,690.0,473.0,115.0,73.0,
s13,d8,frame_0033.jpg,True,574.0,400.0,690.0,472.0,116.0,72.0,
s13,d8,frame_0034.jpg,True,575.0,399.0,689.0,471.0,114.0,72.0,
s13,d8,frame_0035.jpg,True,575.0,399.0,690.0,470.0,115.0,71.0,
s13,d8,frame_0036.jpg,True,575.0,397.0,689.0,469.0,114.0,72.0,
s13,d8,frame_0037.jpg,True,575.0,397.0,689.0,466.0,114.0,69.0,
s13,d8,frame_0038.jpg,True,576.0,397.0,688.0,463.0,112.0,66.0,
s13,d8,frame_0039.jpg,True,577.0,397.0,689.0,460.0,112.0,63.0,
s13,d8,frame_0040.jpg,True,578.0,398.0,688.0,457.0,110.0,59.0,
s13,d8,frame_0041.jpg,True,577.0,398.0,687.0,454.0,110.0,56.0,
s13,d8,frame_0042.jpg,True,576.0,399.0,687.0,452.0,111.0,53.0,
s13,d8,frame_0043.jpg,True,576.0,400.0,688.0,452.0,112.0,52.0,
s13,d8,frame_0044.jpg,True,575.0,400.0,687.0,452.0,112.0,52.0,
s13,d8,frame_0045.jpg,True,575.0,401.0,688.0,452.0,113.0,51.0,
s13,d8,frame_0046.jpg,True,576.0,402.0,686.0,452.0,110.0,50.0,
s13,d8,frame_0047.jpg,True,576.0,402.0,686.0,452.0,110.0,50.0,
s13,d8,frame_0048.jpg,True,576.0,402.0,686.0,452.0,110.0,50.0,
s13,d8,frame_0049.jpg,True,577.0,402.0,686.0,452.0,109.0,50.0,
s13,d8,frame_0050.jpg,True,576.0,402.0,687.0,452.0,111.0,50.0,
s13,d8,frame_0051.jpg,True,576.0,402.0,686.0,452.0,110.0,50.0,
s13,d8,frame_0052.jpg,True,576.0,402.0,687.0,452.0,111.0,50.0,
s13,d8,frame_0053.jpg,True,576.0,402.0,687.0,452.0,111.0,50.0,
s13,d8,frame_0054.jpg,True,576.0,402.0,686.0,452.0,110.0,50.0,
s13,d8,frame_0055.jpg,True,576.0,402.0,686.0,452.0,110.0,50.0,
s13,d8,frame_0056.jpg,True,576.0,402.0,686.0,452.0,110.0,50.0,
s13,d9,frame_0001.jpg,True,578.0,400.0,689.0,455.0,111.0,55.0,
s13,d9,frame_0002.jpg,True,578.0,400.0,689.0,454.0,111.0,54.0,
s13,d9,frame_0003.jpg,True,578.0,400.0,689.0,454.0,111.0,54.0,
s13,d9,frame_0004.jpg,True,579.0,400.0,689.0,454.0,110.0,54.0,
s13,d9,frame_0005.jpg,True,578.0,399.0,689.0,453.0,111.0,54.0,
s13,d9,frame_0006.jpg,True,578.0,398.0,689.0,454.0,111.0,56.0,
s13,d9,frame_0007.jpg,True,580.0,398.0,687.0,462.0,107.0,64.0,
s13,d9,frame_0008.jpg,True,578.0,394.0,688.0,471.0,110.0,77.0,
s13,d9,frame_0009.jpg,True,579.0,394.0,687.0,475.0,108.0,81.0,
s13,d9,frame_0010.jpg,True,579.0,393.0,687.0,478.0,108.0,85.0,
s13,d9,frame_0011.jpg,True,577.0,394.0,687.0,479.0,110.0,85.0,
s13,d9,frame_0012.jpg,True,577.0,395.0,686.0,480.0,109.0,85.0,
s13,d9,frame_0013.jpg,True,578.0,396.0,687.0,484.0,109.0,88.0,
s13,d9,frame_0014.jpg,True,578.0,396.0,686.0,489.0,108.0,93.0,
s13,d9,frame_0015.jpg,True,580.0,398.0,685.0,490.0,105.0,92.0,
s13,d9,frame_0016.jpg,True,580.0,399.0,685.0,495.0,105.0,96.0,
s13,d9,frame_0017.jpg,True,582.0,401.0,683.0,495.0,101.0,94.0,
s13,d9,frame_0018.jpg,True,586.0,405.0,680.0,492.0,94.0,87.0,
s13,d9,frame_0019.jpg,True,589.0,409.0,678.0,488.0,89.0,79.0,
s13,d9,frame_0020.jpg,True,591.0,409.0,679.0,487.0,88.0,78.0,
s13,d9,frame_0021.jpg,True,591.0,410.0,677.0,480.0,86.0,70.0,
s13,d9,frame_0022.jpg,True,591.0,410.0,677.0,474.0,86.0,64.0,
s13,d9,frame_0023.jpg,True,592.0,409.0,679.0,471.0,87.0,62.0,
s13,d9,frame_0024.jpg,True,590.0,408.0,678.0,469.0,88.0,61.0,
s13,d9,frame_0025.jpg,True,590.0,406.0,679.0,468.0,89.0,62.0,
s13,d9,frame_0026.jpg,True,590.0,404.0,679.0,466.0,89.0,62.0,
s13,d9,frame_0027.jpg,True,590.0,403.0,680.0,466.0,90.0,63.0,
s13,d9,frame_0028.jpg,True,588.0,403.0,681.0,465.0,93.0,62.0,
s13,d9,frame_0029.jpg,True,588.0,402.0,683.0,464.0,95.0,62.0,
s13,d9,frame_0030.jpg,True,588.0,404.0,682.0,464.0,94.0,60.0,
s13,d9,frame_0031.jpg,True,586.0,403.0,684.0,465.0,98.0,62.0,
s13,d9,frame_0032.jpg,True,585.0,403.0,685.0,466.0,100.0,63.0,
s13,d9,frame_0033.jpg,True,584.0,402.0,686.0,466.0,102.0,64.0,
s13,d9,frame_0034.jpg,True,583.0,402.0,686.0,466.0,103.0,64.0,
s13,d9,frame_0035.jpg,True,582.0,400.0,687.0,467.0,105.0,67.0,
s13,d9,frame_0036.jpg,True,581.0,400.0,688.0,465.0,107.0,65.0,
s13,d9,frame_0037.jpg,True,580.0,400.0,688.0,462.0,108.0,62.0,
s13,d9,frame_0038.jpg,True,579.0,400.0,689.0,459.0,110.0,59.0,
s13,d9,frame_0039.jpg,True,579.0,400.0,689.0,457.0,110.0,57.0,
s13,d9,frame_0040.jpg,True,579.0,400.0,688.0,457.0,109.0,57.0,
s13,d9,frame_0041.jpg,True,579.0,401.0,688.0,455.0,109.0,54.0,
s13,d9,frame_0042.jpg,True,579.0,401.0,688.0,455.0,109.0,54.0,
s13,d9,frame_0043.jpg,True,579.0,402.0,688.0,455.0,109.0,53.0,
s13,d9,frame_0044.jpg,True,579.0,402.0,688.0,455.0,109.0,53.0,
s13,d9,frame_0045.jpg,True,579.0,402.0,688.0,455.0,109.0,53.0,
s13,d10,frame_0001.jpg,True,581.0,404.0,693.0,460.0,112.0,56.0,
s13,d10,frame_0002.jpg,True,581.0,404.0,692.0,460.0,111.0,56.0,
s13,d10,frame_0003.jpg,True,581.0,404.0,692.0,460.0,111.0,56.0,
s13,d10,frame_0004.jpg,True,580.0,404.0,692.0,460.0,112.0,56.0,
s13,d10,frame_0005.jpg,True,579.0,404.0,691.0,459.0,112.0,55.0,
s13,d10,frame_0006.jpg,True,579.0,404.0,691.0,459.0,112.0,55.0,
s13,d10,frame_0007.jpg,True,579.0,404.0,691.0,460.0,112.0,56.0,
s13,d10,frame_0008.jpg,True,579.0,404.0,691.0,459.0,112.0,55.0,
s13,d10,frame_0009.jpg,True,579.0,404.0,691.0,460.0,112.0,56.0,
s13,d10,frame_0010.jpg,True,579.0,404.0,691.0,460.0,112.0,56.0,
s13,d10,frame_0011.jpg,True,579.0,404.0,691.0,459.0,112.0,55.0,
s13,d10,frame_0012.jpg,True,579.0,404.0,691.0,459.0,112.0,55.0,
s13,d10,frame_0013.jpg,True,580.0,404.0,691.0,460.0,111.0,56.0,
s13,d10,frame_0014.jpg,True,579.0,403.0,691.0,460.0,112.0,57.0,
s13,d10,frame_0015.jpg,True,580.0,403.0,690.0,460.0,110.0,57.0,
s13,d10,frame_0016.jpg,True,580.0,400.0,690.0,467.0,110.0,67.0,
s13,d10,frame_0017.jpg,True,579.0,398.0,690.0,472.0,111.0,74.0,
s13,d10,frame_0018.jpg,True,579.0,396.0,690.0,474.0,111.0,78.0,
s13,d10,frame_0019.jpg,True,578.0,396.0,690.0,475.0,112.0,79.0,
s13,d10,frame_0020.jpg,True,577.0,395.0,690.0,475.0,113.0,80.0,
s13,d10,frame_0021.jpg,True,576.0,396.0,692.0,474.0,116.0,78.0,
s13,d10,frame_0022.jpg,True,575.0,396.0,693.0,472.0,118.0,76.0,
s13,d10,frame_0023.jpg,True,576.0,397.0,693.0,471.0,117.0,74.0,
s13,d10,frame_0024.jpg,True,576.0,399.0,693.0,470.0,117.0,71.0,
s13,d10,frame_0025.jpg,True,576.0,400.0,692.0,471.0,116.0,71.0,
s13,d10,frame_0026.jpg,True,575.0,403.0,693.0,471.0,118.0,68.0,
s13,d10,frame_0027.jpg,True,575.0,405.0,693.0,473.0,118.0,68.0,
s13,d10,frame_0028.jpg,True,574.0,406.0,693.0,475.0,119.0,69.0,
s13,d10,frame_0029.jpg,True,574.0,406.0,692.0,479.0,118.0,73.0,
s13,d10,frame_0030.jpg,True,574.0,407.0,691.0,481.0,117.0,74.0,
s13,d10,frame_0031.jpg,True,576.0,413.0,690.0,475.0,114.0,62.0,
s13,d10,frame_0032.jpg,True,576.0,418.0,688.0,466.0,112.0,48.0,
s13,d10,frame_0033.jpg,True,577.0,417.0,687.0,463.0,110.0,46.0,
s13,d10,frame_0034.jpg,True,577.0,416.0,688.0,462.0,111.0,46.0,
s13,d10,frame_0035.jpg,True,576.0,415.0,688.0,462.0,112.0,47.0,
s13,d10,frame_0036.jpg,True,576.0,413.0,687.0,463.0,111.0,50.0,
s13,d10,frame_0037.jpg,True,576.0,413.0,688.0,462.0,112.0,49.0,
s13,d10,frame_0038.jpg,True,577.0,413.0,687.0,460.0,110.0,47.0,
s13,d10,frame_0039.jpg,True,576.0,412.0,687.0,460.0,111.0,48.0,
s13,d10,frame_0040.jpg,True,577.0,410.0,687.0,458.0,110.0,48.0,
s13,d10,frame_0041.jpg,True,576.0,409.0,687.0,456.0,111.0,47.0,
s13,d10,frame_0042.jpg,True,578.0,407.0,686.0,459.0,108.0,52.0,
s13,d10,frame_0043.jpg,True,578.0,402.0,686.0,466.0,108.0,64.0,
s13,d10,frame_0044.jpg,True,580.0,401.0,687.0,471.0,107.0,70.0,
s13,d10,frame_0045.jpg,True,580.0,400.0,687.0,469.0,107.0,69.0,
s13,d10,frame_0046.jpg,True,580.0,399.0,688.0,467.0,108.0,68.0,
s13,d10,frame_0047.jpg,True,580.0,400.0,688.0,465.0,108.0,65.0,
s13,d10,frame_0048.jpg,True,580.0,400.0,688.0,463.0,108.0,63.0,
s13,d10,frame_0049.jpg,True,579.0,401.0,688.0,461.0,109.0,60.0,
s13,d10,frame_0050.jpg,True,579.0,402.0,689.0,459.0,110.0,57.0,
s13,d10,frame_0051.jpg,True,579.0,403.0,688.0,457.0,109.0,54.0,
s13,d10,frame_0052.jpg,True,579.0,405.0,688.0,456.0,109.0,51.0,
s13,d10,frame_0053.jpg,True,579.0,405.0,688.0,456.0,109.0,51.0,
s13,d10,frame_0054.jpg,True,579.0,406.0,688.0,456.0,109.0,50.0,
s13,d10,frame_0055.jpg,True,579.0,406.0,688.0,456.0,109.0,50.0,
s13,d10,frame_0056.jpg,True,579.0,406.0,688.0,456.0,109.0,50.0,
s13,d10,frame_0057.jpg,True,579.0,406.0,688.0,456.0,109.0,50.0,
s13,d10,frame_0058.jpg,True,579.0,406.0,688.0,456.0,109.0,50.0,
s13,d10,frame_0059.jpg,True,579.0,406.0,688.0,456.0,109.0,50.0,
s13,d10,frame_0060.jpg,True,579.0,406.0,688.0,456.0,109.0,50.0,
s14,d0,frame_0001.jpg,True,278.0,690.0,407.0,742.0,129.0,52.0,
s14,d0,frame_0002.jpg,True,278.0,691.0,409.0,739.0,131.0,48.0,
s14,d0,frame_0003.jpg,True,278.0,691.0,410.0,738.0,132.0,47.0,
s14,d0,frame_0004.jpg,True,278.0,691.0,410.0,736.0,132.0,45.0,
s14,d0,frame_0005.jpg,True,278.0,692.0,411.0,736.0,133.0,44.0,
s14,d0,frame_0006.jpg,True,277.0,691.0,410.0,736.0,133.0,45.0,
s14,d0,frame_0007.jpg,True,276.0,690.0,411.0,736.0,135.0,46.0,
s14,d0,frame_0008.jpg,True,274.0,684.0,409.0,742.0,135.0,58.0,
s14,d0,frame_0009.jpg,True,277.0,679.0,405.0,756.0,128.0,77.0,
s14,d0,frame_0010.jpg,True,276.0,680.0,406.0,767.0,130.0,87.0,
s14,d0,frame_0011.jpg,True,276.0,681.0,405.0,775.0,129.0,94.0,
s14,d0,frame_0012.jpg,True,276.0,683.0,405.0,780.0,129.0,97.0,
s14,d0,frame_0013.jpg,True,280.0,686.0,403.0,784.0,123.0,98.0,
s14,d0,frame_0014.jpg,True,283.0,692.0,401.0,785.0,118.0,93.0,
s14,d0,frame_0015.jpg,True,287.0,697.0,400.0,785.0,113.0,88.0,
s14,d0,frame_0016.jpg,True,289.0,701.0,400.0,783.0,111.0,82.0,
s14,d0,frame_0017.jpg,True,288.0,702.0,402.0,780.0,114.0,78.0,
s14,d0,frame_0018.jpg,True,287.0,701.0,404.0,777.0,117.0,76.0,
s14,d0,frame_0019.jpg,True,286.0,701.0,405.0,774.0,119.0,73.0,
s14,d0,frame_0020.jpg,True,285.0,699.0,406.0,770.0,121.0,71.0,
s14,d0,frame_0021.jpg,True,284.0,697.0,406.0,766.0,122.0,69.0,
s14,d0,frame_0022.jpg,True,282.0,695.0,404.0,763.0,122.0,68.0,
s14,d0,frame_0023.jpg,True,280.0,695.0,403.0,761.0,123.0,66.0,
s14,d0,frame_0024.jpg,True,278.0,695.0,403.0,760.0,125.0,65.0,
s14,d0,frame_0025.jpg,True,277.0,696.0,404.0,762.0,127.0,66.0,
s14,d0,frame_0026.jpg,True,276.0,697.0,404.0,762.0,128.0,65.0,
s14,d0,frame_0027.jpg,True,276.0,698.0,404.0,762.0,128.0,64.0,
s14,d0,frame_0028.jpg,True,275.0,699.0,404.0,763.0,129.0,64.0,
s14,d0,frame_0029.jpg,True,275.0,699.0,404.0,763.0,129.0,64.0,
s14,d0,frame_0030.jpg,True,275.0,700.0,404.0,763.0,129.0,63.0,
s14,d0,frame_0031.jpg,True,275.0,699.0,404.0,762.0,129.0,63.0,
s14,d0,frame_0032.jpg,True,276.0,698.0,403.0,762.0,127.0,64.0,
s14,d1,frame_0001.jpg,True,252.0,668.0,385.0,738.0,133.0,70.0,
s14,d1,frame_0002.jpg,True,251.0,668.0,385.0,737.0,134.0,69.0,
s14,d1,frame_0003.jpg,True,251.0,667.0,384.0,737.0,133.0,70.0,
s14,d1,frame_0004.jpg,True,251.0,667.0,384.0,738.0,133.0,71.0,
s14,d1,frame_0005.jpg,True,251.0,667.0,384.0,738.0,133.0,71.0,
s14,d1,frame_0006.jpg,True,251.0,668.0,384.0,739.0,133.0,71.0,
s14,d1,frame_0007.jpg,True,252.0,669.0,384.0,741.0,132.0,72.0,
s14,d1,frame_0008.jpg,True,254.0,672.0,385.0,747.0,131.0,75.0,
s14,d1,frame_0009.jpg,True,255.0,675.0,386.0,752.0,131.0,77.0,
s14,d1,frame_0010.jpg,True,256.0,678.0,387.0,756.0,131.0,78.0,
s14,d1,frame_0011.jpg,True,256.0,680.0,387.0,759.0,131.0,79.0,
s14,d1,frame_0012.jpg,True,255.0,682.0,388.0,761.0,133.0,79.0,
s14,d1,frame_0013.jpg,True,255.0,684.0,389.0,762.0,134.0,78.0,
s14,d1,frame_0014.jpg,True,255.0,685.0,389.0,762.0,134.0,77.0,
s14,d1,frame_0015.jpg,True,255.0,684.0,388.0,760.0,133.0,76.0,
s14,d1,frame_0016.jpg,True,256.0,684.0,387.0,756.0,131.0,72.0,
s14,d1,frame_0017.jpg,True,255.0,684.0,387.0,755.0,132.0,71.0,
s14,d1,frame_0018.jpg,True,255.0,684.0,387.0,754.0,132.0,70.0,
s14,d1,frame_0019.jpg,True,256.0,684.0,388.0,753.0,132.0,69.0,
s14,d1,frame_0020.jpg,True,256.0,683.0,388.0,752.0,132.0,69.0,
s14,d1,frame_0021.jpg,True,257.0,683.0,389.0,752.0,132.0,69.0,
s14,d1,frame_0022.jpg,True,258.0,682.0,391.0,752.0,133.0,70.0,
s14,d1,frame_0023.jpg,True,259.0,682.0,392.0,752.0,133.0,70.0,
s14,d1,frame_0024.jpg,True,261.0,682.0,393.0,752.0,132.0,70.0,
s14,d1,frame_0025.jpg,True,261.0,682.0,394.0,752.0,133.0,70.0,
s14,d1,frame_0026.jpg,True,261.0,682.0,394.0,751.0,133.0,69.0,
s14,d1,frame_0027.jpg,True,261.0,682.0,394.0,750.0,133.0,68.0,
s14,d1,frame_0028.jpg,True,260.0,682.0,395.0,751.0,135.0,69.0,
s14,d1,frame_0029.jpg,True,261.0,681.0,395.0,751.0,134.0,70.0,
s14,d1,frame_0030.jpg,True,257.0,682.0,393.0,745.0,136.0,63.0,
s14,d2,frame_0001.jpg,True,273.0,605.0,398.0,674.0,125.0,69.0,
s14,d2,frame_0002.jpg,True,272.0,603.0,397.0,672.0,125.0,69.0,
s14,d2,frame_0003.jpg,True,271.0,602.0,397.0,672.0,126.0,70.0,
s14,d2,frame_0004.jpg,True,270.0,602.0,396.0,670.0,126.0,68.0,
s14,d2,frame_0005.jpg,True,269.0,602.0,396.0,670.0,127.0,68.0,
s14,d2,frame_0006.jpg,True,268.0,603.0,395.0,673.0,127.0,70.0,
s14,d2,frame_0007.jpg,True,269.0,603.0,395.0,673.0,126.0,70.0,
s14,d2,frame_0008.jpg,True,271.0,603.0,391.0,691.0,120.0,88.0,
s14,d2,frame_0009.jpg,True,271.0,604.0,391.0,691.0,120.0,87.0,
s14,d2,frame_0010.jpg,True,274.0,604.0,392.0,690.0,118.0,86.0,
s14,d2,frame_0011.jpg,True,274.0,604.0,392.0,690.0,118.0,86.0,
s14,d2,frame_0012.jpg,True,278.0,605.0,395.0,680.0,117.0,75.0,
s14,d2,frame_0013.jpg,True,278.0,605.0,396.0,679.0,118.0,74.0,
s14,d2,frame_0014.jpg,True,281.0,607.0,401.0,676.0,120.0,69.0,
s14,d2,frame_0015.jpg,True,281.0,607.0,401.0,675.0,120.0,68.0,
s14,d2,frame_0016.jpg,True,286.0,612.0,406.0,677.0,120.0,65.0,
s14,d2,frame_0017.jpg,True,286.0,612.0,406.0,677.0,120.0,65.0,
s14,d2,frame_0018.jpg,True,286.0,615.0,409.0,677.0,123.0,62.0,
s14,d2,frame_0019.jpg,True,286.0,615.0,408.0,678.0,122.0,63.0,
s14,d2,frame_0020.jpg,True,283.0,614.0,405.0,675.0,122.0,61.0,
s14,d2,frame_0021.jpg,True,283.0,615.0,404.0,675.0,121.0,60.0,
s14,d2,frame_0022.jpg,True,276.0,614.0,400.0,674.0,124.0,60.0,
s14,d2,frame_0023.jpg,True,276.0,614.0,399.0,674.0,123.0,60.0,
s14,d2,frame_0024.jpg,True,275.0,613.0,398.0,673.0,123.0,60.0,
s14,d2,frame_0025.jpg,True,274.0,614.0,398.0,672.0,124.0,58.0,
s14,d2,frame_0026.jpg,True,273.0,614.0,398.0,671.0,125.0,57.0,
s14,d2,frame_0027.jpg,True,273.0,614.0,398.0,671.0,125.0,57.0,
s14,d2,frame_0028.jpg,True,274.0,614.0,397.0,670.0,123.0,56.0,
s14,d2,frame_0029.jpg,True,274.0,614.0,397.0,670.0,123.0,56.0,
s14,d2,frame_0030.jpg,True,274.0,612.0,397.0,671.0,123.0,59.0,
s14,d2,frame_0031.jpg,True,274.0,613.0,397.0,671.0,123.0,58.0,
s14,d2,frame_0032.jpg,True,273.0,612.0,397.0,670.0,124.0,58.0,
s14,d3,frame_0001.jpg,True,256.0,689.0,387.0,755.0,131.0,66.0,
s14,d3,frame_0002.jpg,True,257.0,689.0,387.0,759.0,130.0,70.0,
s14,d3,frame_0003.jpg,True,257.0,689.0,387.0,768.0,130.0,79.0,
s14,d3,frame_0004.jpg,True,257.0,688.0,388.0,771.0,131.0,83.0,
s14,d3,frame_0005.jpg,True,258.0,687.0,389.0,773.0,131.0,86.0,
s14,d3,frame_0006.jpg,True,257.0,687.0,389.0,773.0,132.0,86.0,
s14,d3,frame_0007.jpg,True,256.0,686.0,390.0,772.0,134.0,86.0,
s14,d3,frame_0008.jpg,True,256.0,685.0,390.0,769.0,134.0,84.0,
s14,d3,frame_0009.jpg,True,255.0,685.0,390.0,767.0,135.0,82.0,
s14,d3,frame_0010.jpg,True,255.0,685.0,390.0,765.0,135.0,80.0,
s14,d3,frame_0011.jpg,True,254.0,683.0,392.0,764.0,138.0,81.0,
s14,d3,frame_0012.jpg,True,254.0,683.0,392.0,763.0,138.0,80.0,
s14,d3,frame_0013.jpg,True,254.0,682.0,393.0,762.0,139.0,80.0,
s14,d3,frame_0014.jpg,True,254.0,682.0,393.0,763.0,139.0,81.0,
s14,d3,frame_0015.jpg,True,254.0,682.0,393.0,763.0,139.0,81.0,
s14,d3,frame_0016.jpg,True,255.0,683.0,393.0,764.0,138.0,81.0,
s14,d3,frame_0017.jpg,True,256.0,684.0,392.0,769.0,136.0,85.0,
s14,d3,frame_0018.jpg,True,258.0,686.0,393.0,778.0,135.0,92.0,
s14,d3,frame_0019.jpg,True,259.0,689.0,392.0,784.0,133.0,95.0,
s14,d3,frame_0020.jpg,True,261.0,690.0,392.0,788.0,131.0,98.0,
s14,d3,frame_0021.jpg,True,261.0,692.0,391.0,788.0,130.0,96.0,
s14,d3,frame_0022.jpg,True,261.0,695.0,391.0,782.0,130.0,87.0,
s14,d3,frame_0023.jpg,True,261.0,700.0,391.0,770.0,130.0,70.0,
s14,d3,frame_0024.jpg,True,261.0,705.0,392.0,764.0,131.0,59.0,
s14,d3,frame_0025.jpg,True,259.0,706.0,392.0,763.0,133.0,57.0,
s14,d3,frame_0026.jpg,True,259.0,706.0,391.0,763.0,132.0,57.0,
s14,d3,frame_0027.jpg,True,258.0,705.0,391.0,761.0,133.0,56.0,
s14,d3,frame_0028.jpg,True,258.0,703.0,391.0,760.0,133.0,57.0,
s14,d3,frame_0029.jpg,True,258.0,702.0,391.0,759.0,133.0,57.0,
s14,d3,frame_0030.jpg,True,257.0,701.0,390.0,758.0,133.0,57.0,
s14,d3,frame_0031.jpg,True,258.0,700.0,391.0,758.0,133.0,58.0,
s14,d3,frame_0032.jpg,True,258.0,699.0,392.0,757.0,134.0,58.0,
s14,d3,frame_0033.jpg,True,258.0,699.0,392.0,757.0,134.0,58.0,
s14,d3,frame_0034.jpg,True,258.0,698.0,391.0,755.0,133.0,57.0,
s14,d3,frame_0035.jpg,True,258.0,697.0,391.0,754.0,133.0,57.0,
s14,d3,frame_0036.jpg,True,257.0,696.0,391.0,753.0,134.0,57.0,
s14,d3,frame_0037.jpg,True,256.0,696.0,390.0,753.0,134.0,57.0,
s14,d3,frame_0038.jpg,True,256.0,696.0,388.0,753.0,132.0,57.0,
s14,d3,frame_0039.jpg,True,255.0,696.0,387.0,753.0,132.0,57.0,
s14,d3,frame_0040.jpg,True,255.0,696.0,387.0,753.0,132.0,57.0,
s14,d3,frame_0041.jpg,True,254.0,696.0,388.0,754.0,134.0,58.0,
s14,d3,frame_0042.jpg,True,254.0,695.0,387.0,754.0,133.0,59.0,
s14,d3,frame_0043.jpg,True,255.0,696.0,387.0,754.0,132.0,58.0,
s14,d3,frame_0044.jpg,True,254.0,695.0,389.0,754.0,135.0,59.0,
s14,d3,frame_0045.jpg,True,257.0,692.0,390.0,755.0,133.0,63.0,
s14,d4,frame_0001.jpg,True,258.0,693.0,390.0,756.0,132.0,63.0,
s14,d4,frame_0002.jpg,True,259.0,693.0,390.0,756.0,131.0,63.0,
s14,d4,frame_0003.jpg,True,259.0,693.0,390.0,757.0,131.0,64.0,
s14,d4,frame_0004.jpg,True,259.0,692.0,392.0,759.0,133.0,67.0,
s14,d4,frame_0005.jpg,True,259.0,691.0,392.0,762.0,133.0,71.0,
s14,d4,frame_0006.jpg,True,259.0,691.0,392.0,769.0,133.0,78.0,
s14,d4,frame_0007.jpg,True,257.0,691.0,392.0,773.0,135.0,82.0,
s14,d4,frame_0008.jpg,True,257.0,690.0,392.0,775.0,135.0,85.0,
s14,d4,frame_0009.jpg,True,256.0,690.0,392.0,775.0,136.0,85.0,
s14,d4,frame_0010.jpg,True,255.0,689.0,393.0,776.0,138.0,87.0,
s14,d4,frame_0011.jpg,True,255.0,689.0,395.0,775.0,140.0,86.0,
s14,d4,frame_0012.jpg,True,254.0,688.0,395.0,773.0,141.0,85.0,
s14,d4,frame_0013.jpg,True,253.0,688.0,397.0,773.0,144.0,85.0,
s14,d4,frame_0014.jpg,True,252.0,687.0,397.0,771.0,145.0,84.0,
s14,d4,frame_0015.jpg,True,251.0,686.0,396.0,768.0,145.0,82.0,
s14,d4,frame_0016.jpg,True,249.0,685.0,397.0,765.0,148.0,80.0,
s14,d4,frame_0017.jpg,True,248.0,685.0,396.0,764.0,148.0,79.0,
s14,d4,frame_0018.jpg,True,247.0,684.0,395.0,763.0,148.0,79.0,
s14,d4,frame_0019.jpg,True,246.0,684.0,395.0,763.0,149.0,79.0,
s14,d4,frame_0020.jpg,True,246.0,685.0,395.0,763.0,149.0,78.0,
s14,d4,frame_0021.jpg,True,246.0,686.0,395.0,763.0,149.0,77.0,
s14,d4,frame_0022.jpg,True,246.0,686.0,394.0,764.0,148.0,78.0,
s14,d4,frame_0023.jpg,True,246.0,687.0,394.0,766.0,148.0,79.0,
s14,d4,frame_0024.jpg,True,246.0,688.0,394.0,767.0,148.0,79.0,
s14,d4,frame_0025.jpg,True,246.0,689.0,394.0,769.0,148.0,80.0,
s14,d4,frame_0026.jpg,True,247.0,690.0,394.0,771.0,147.0,81.0,
s14,d4,frame_0027.jpg,True,249.0,690.0,394.0,772.0,145.0,82.0,
s14,d4,frame_0028.jpg,True,250.0,691.0,393.0,773.0,143.0,82.0,
s14,d4,frame_0029.jpg,True,251.0,690.0,392.0,770.0,141.0,80.0,
s14,d4,frame_0030.jpg,True,253.0,690.0,391.0,769.0,138.0,79.0,
s14,d4,frame_0031.jpg,True,254.0,690.0,391.0,768.0,137.0,78.0,
s14,d4,frame_0032.jpg,True,255.0,690.0,390.0,767.0,135.0,77.0,
s14,d4,frame_0033.jpg,True,255.0,690.0,390.0,765.0,135.0,75.0,
s14,d4,frame_0034.jpg,True,256.0,689.0,388.0,762.0,132.0,73.0,
s14,d4,frame_0035.jpg,True,255.0,690.0,389.0,760.0,134.0,70.0,
s14,d4,frame_0036.jpg,True,256.0,690.0,389.0,759.0,133.0,69.0,
s14,d4,frame_0037.jpg,True,257.0,690.0,388.0,759.0,131.0,69.0,
s14,d4,frame_0038.jpg,True,256.0,690.0,389.0,758.0,133.0,68.0,
s14,d4,frame_0039.jpg,True,256.0,690.0,390.0,757.0,134.0,67.0,
s14,d4,frame_0040.jpg,True,256.0,691.0,389.0,756.0,133.0,65.0,
s14,d4,frame_0041.jpg,True,255.0,691.0,390.0,754.0,135.0,63.0,
s14,d4,frame_0042.jpg,True,255.0,691.0,389.0,754.0,134.0,63.0,
s14,d4,frame_0043.jpg,True,255.0,691.0,389.0,754.0,134.0,63.0,
s14,d4,frame_0044.jpg,True,255.0,691.0,389.0,754.0,134.0,63.0,
s14,d4,frame_0045.jpg,True,255.0,691.0,389.0,754.0,134.0,63.0,
s14,d4,frame_0046.jpg,True,256.0,690.0,389.0,753.0,133.0,63.0,
s14,d4,frame_0047.jpg,True,256.0,690.0,389.0,752.0,133.0,62.0,
s14,d4,frame_0048.jpg,True,256.0,690.0,389.0,752.0,133.0,62.0,
s14,d4,frame_0049.jpg,True,256.0,690.0,389.0,752.0,133.0,62.0,
s14,d4,frame_0050.jpg,True,256.0,691.0,388.0,755.0,132.0,64.0,
s14,d5,frame_0001.jpg,True,255.0,691.0,389.0,755.0,134.0,64.0,
s14,d5,frame_0002.jpg,True,255.0,691.0,389.0,756.0,134.0,65.0,
s14,d5,frame_0003.jpg,True,256.0,691.0,388.0,757.0,132.0,66.0,
s14,d5,frame_0004.jpg,True,257.0,691.0,388.0,757.0,131.0,66.0,
s14,d5,frame_0005.jpg,True,257.0,691.0,387.0,758.0,130.0,67.0,
s14,d5,frame_0006.jpg,True,258.0,691.0,388.0,759.0,130.0,68.0,
s14,d5,frame_0007.jpg,True,258.0,691.0,388.0,761.0,130.0,70.0,
s14,d5,frame_0008.jpg,True,259.0,691.0,388.0,763.0,129.0,72.0,
s14,d5,frame_0009.jpg,True,260.0,691.0,388.0,764.0,128.0,73.0,
s14,d5,frame_0010.jpg,True,260.0,692.0,389.0,765.0,129.0,73.0,
s14,d5,frame_0011.jpg,True,259.0,692.0,389.0,765.0,130.0,73.0,
s14,d5,frame_0012.jpg,True,259.0,692.0,389.0,766.0,130.0,74.0,
s14,d5,frame_0013.jpg,True,259.0,691.0,389.0,767.0,130.0,76.0,
s14,d5,frame_0014.jpg,True,260.0,691.0,389.0,768.0,129.0,77.0,
s14,d5,frame_0015.jpg,True,259.0,689.0,389.0,772.0,130.0,83.0,
s14,d5,frame_0016.jpg,True,259.0,688.0,388.0,774.0,129.0,86.0,
s14,d5,frame_0017.jpg,True,258.0,687.0,388.0,777.0,130.0,90.0,
s14,d5,frame_0018.jpg,True,258.0,686.0,389.0,778.0,131.0,92.0,
s14,d5,frame_0019.jpg,True,258.0,686.0,390.0,778.0,132.0,92.0,
s14,d5,frame_0020.jpg,True,258.0,686.0,390.0,778.0,132.0,92.0,
s14,d5,frame_0021.jpg,True,259.0,687.0,390.0,779.0,131.0,92.0,
s14,d5,frame_0022.jpg,True,260.0,688.0,391.0,778.0,131.0,90.0,
s14,d5,frame_0023.jpg,True,261.0,690.0,392.0,778.0,131.0,88.0,
s14,d5,frame_0024.jpg,True,261.0,690.0,392.0,777.0,131.0,87.0,
s14,d5,frame_0025.jpg,True,261.0,690.0,391.0,775.0,130.0,85.0,
s14,d5,frame_0026.jpg,True,260.0,690.0,391.0,774.0,131.0,84.0,
s14,d5,frame_0027.jpg,True,259.0,689.0,390.0,773.0,131.0,84.0,
s14,d5,frame_0028.jpg,True,258.0,689.0,389.0,771.0,131.0,82.0,
s14,d5,frame_0029.jpg,True,258.0,689.0,389.0,769.0,131.0,80.0,
s14,d5,frame_0030.jpg,True,258.0,688.0,389.0,768.0,131.0,80.0,
s14,d5,frame_0031.jpg,True,257.0,689.0,389.0,767.0,132.0,78.0,
s14,d5,frame_0032.jpg,True,257.0,689.0,389.0,765.0,132.0,76.0,
s14,d5,frame_0033.jpg,True,257.0,689.0,389.0,763.0,132.0,74.0,
s14,d5,frame_0034.jpg,True,257.0,689.0,389.0,762.0,132.0,73.0,
s14,d5,frame_0035.jpg,True,258.0,689.0,389.0,760.0,131.0,71.0,
s14,d5,frame_0036.jpg,True,258.0,690.0,389.0,759.0,131.0,69.0,
s14,d5,frame_0037.jpg,True,257.0,690.0,390.0,757.0,133.0,67.0,
s14,d5,frame_0038.jpg,True,256.0,690.0,390.0,755.0,134.0,65.0,
s14,d5,frame_0039.jpg,True,257.0,690.0,391.0,753.0,134.0,63.0,
s14,d5,frame_0040.jpg,True,256.0,691.0,391.0,753.0,135.0,62.0,
s14,d6,frame_0001.jpg,True,285.0,681.0,416.0,746.0,131.0,65.0,
s14,d6,frame_0002.jpg,True,285.0,681.0,415.0,746.0,130.0,65.0,
s14,d6,frame_0003.jpg,True,286.0,681.0,416.0,746.0,130.0,65.0,
s14,d6,frame_0004.jpg,True,285.0,681.0,417.0,746.0,132.0,65.0,
s14,d6,frame_0005.jpg,True,286.0,681.0,416.0,748.0,130.0,67.0,
s14,d6,frame_0006.jpg,True,287.0,682.0,414.0,750.0,127.0,68.0,
s14,d6,frame_0007.jpg,True,287.0,682.0,414.0,752.0,127.0,70.0,
s14,d6,frame_0008.jpg,True,289.0,682.0,412.0,758.0,123.0,76.0,
s14,d6,frame_0009.jpg,True,288.0,681.0,412.0,760.0,124.0,79.0,
s14,d6,frame_0010.jpg,True,287.0,681.0,412.0,762.0,125.0,81.0,
s14,d6,frame_0011.jpg,True,287.0,680.0,412.0,762.0,125.0,82.0,
s14,d6,frame_0012.jpg,True,286.0,679.0,413.0,762.0,127.0,83.0,
s14,d6,frame_0013.jpg,True,287.0,678.0,412.0,761.0,125.0,83.0,
s14,d6,frame_0014.jpg,True,287.0,677.0,411.0,760.0,124.0,83.0,
s14,d6,frame_0015.jpg,True,288.0,675.0,410.0,761.0,122.0,86.0,
s14,d6,frame_0016.jpg,True,288.0,674.0,409.0,759.0,121.0,85.0,
s14,d6,frame_0017.jpg,True,288.0,673.0,408.0,758.0,120.0,85.0,
s14,d6,frame_0018.jpg,True,288.0,672.0,408.0,756.0,120.0,84.0,
s14,d6,frame_0019.jpg,True,287.0,670.0,406.0,755.0,119.0,85.0,
s14,d6,frame_0020.jpg,True,286.0,669.0,405.0,755.0,119.0,86.0,
s14,d6,frame_0021.jpg,True,286.0,670.0,406.0,754.0,120.0,84.0,
s14,d6,frame_0022.jpg,True,287.0,669.0,405.0,753.0,118.0,84.0,
s14,d6,frame_0023.jpg,True,287.0,671.0,404.0,754.0,117.0,83.0,
s14,d6,frame_0024.jpg,True,288.0,672.0,404.0,755.0,116.0,83.0,
s14,d6,frame_0025.jpg,True,287.0,675.0,406.0,756.0,119.0,81.0,
s14,d6,frame_0026.jpg,True,288.0,678.0,407.0,756.0,119.0,78.0,
s14,d6,frame_0027.jpg,True,287.0,680.0,407.0,757.0,120.0,77.0,
s14,d6,frame_0028.jpg,True,287.0,682.0,408.0,759.0,121.0,77.0,
s14,d6,frame_0029.jpg,True,286.0,684.0,409.0,758.0,123.0,74.0,
s14,d6,frame_0030.jpg,True,284.0,683.0,408.0,759.0,124.0,76.0,
s14,d6,frame_0031.jpg,True,283.0,684.0,408.0,759.0,125.0,75.0,
s14,d6,frame_0032.jpg,True,283.0,683.0,409.0,759.0,126.0,76.0,
s14,d6,frame_0033.jpg,True,283.0,683.0,409.0,760.0,126.0,77.0,
s14,d6,frame_0034.jpg,True,283.0,684.0,408.0,762.0,125.0,78.0,
s14,d6,frame_0035.jpg,True,283.0,683.0,408.0,763.0,125.0,80.0,
s14,d6,frame_0036.jpg,True,282.0,682.0,408.0,763.0,126.0,81.0,
s14,d6,frame_0037.jpg,True,282.0,682.0,408.0,762.0,126.0,80.0,
s14,d6,frame_0038.jpg,True,281.0,683.0,408.0,761.0,127.0,78.0,
s14,d6,frame_0039.jpg,True,281.0,683.0,408.0,760.0,127.0,77.0,
s14,d6,frame_0040.jpg,True,281.0,683.0,408.0,758.0,127.0,75.0,
s14,d6,frame_0041.jpg,True,280.0,682.0,410.0,755.0,130.0,73.0,
s14,d6,frame_0042.jpg,True,279.0,682.0,410.0,753.0,131.0,71.0,
s14,d6,frame_0043.jpg,True,279.0,682.0,411.0,751.0,132.0,69.0,
s14,d6,frame_0044.jpg,True,280.0,682.0,411.0,749.0,131.0,67.0,
s14,d6,frame_0045.jpg,True,280.0,682.0,411.0,750.0,131.0,68.0,
s14,d6,frame_0046.jpg,True,280.0,681.0,411.0,749.0,131.0,68.0,
s14,d6,frame_0047.jpg,True,280.0,681.0,411.0,749.0,131.0,68.0,
s14,d6,frame_0048.jpg,True,280.0,681.0,411.0,748.0,131.0,67.0,
s14,d6,frame_0049.jpg,True,280.0,681.0,411.0,748.0,131.0,67.0,
s14,d6,frame_0050.jpg,True,280.0,681.0,411.0,748.0,131.0,67.0,
s14,d6,frame_0051.jpg,True,280.0,680.0,411.0,747.0,131.0,67.0,
s14,d6,frame_0052.jpg,True,280.0,680.0,411.0,748.0,131.0,68.0,
s14,d6,frame_0053.jpg,True,280.0,680.0,412.0,747.0,132.0,67.0,
s14,d6,frame_0054.jpg,True,279.0,680.0,412.0,747.0,133.0,67.0,
s14,d6,frame_0055.jpg,True,279.0,680.0,412.0,747.0,133.0,67.0,
s14,d6,frame_0056.jpg,True,279.0,680.0,412.0,748.0,133.0,68.0,
s14,d7,frame_0001.jpg,True,281.0,680.0,412.0,748.0,131.0,68.0,
s14,d7,frame_0002.jpg,True,281.0,680.0,416.0,744.0,135.0,64.0,
s14,d7,frame_0003.jpg,True,282.0,681.0,416.0,745.0,134.0,64.0,
s14,d7,frame_0004.jpg,True,282.0,679.0,415.0,748.0,133.0,69.0,
s14,d7,frame_0005.jpg,True,281.0,680.0,415.0,749.0,134.0,69.0,
s14,d7,frame_0006.jpg,True,282.0,679.0,414.0,758.0,132.0,79.0,
s14,d7,frame_0007.jpg,True,280.0,679.0,414.0,760.0,134.0,81.0,
s14,d7,frame_0008.jpg,True,280.0,678.0,413.0,762.0,133.0,84.0,
s14,d7,frame_0009.jpg,True,279.0,679.0,413.0,764.0,134.0,85.0,
s14,d7,frame_0010.jpg,True,279.0,678.0,414.0,763.0,135.0,85.0,
s14,d7,frame_0011.jpg,True,278.0,678.0,414.0,763.0,136.0,85.0,
s14,d7,frame_0012.jpg,True,278.0,676.0,413.0,762.0,135.0,86.0,
s14,d7,frame_0013.jpg,True,277.0,675.0,412.0,757.0,135.0,82.0,
s14,d7,frame_0014.jpg,True,276.0,673.0,413.0,755.0,137.0,82.0,
s14,d7,frame_0015.jpg,True,277.0,672.0,412.0,752.0,135.0,80.0,
s14,d7,frame_0016.jpg,True,279.0,671.0,410.0,749.0,131.0,78.0,
s14,d7,frame_0017.jpg,True,279.0,670.0,409.0,749.0,130.0,79.0,
s14,d7,frame_0018.jpg,True,279.0,670.0,408.0,749.0,129.0,79.0,
s14,d7,frame_0019.jpg,True,279.0,671.0,409.0,751.0,130.0,80.0,
s14,d7,frame_0020.jpg,True,279.0,673.0,410.0,754.0,131.0,81.0,
s14,d7,frame_0021.jpg,True,278.0,674.0,411.0,757.0,133.0,83.0,
s14,d7,frame_0022.jpg,True,278.0,676.0,412.0,759.0,134.0,83.0,
s14,d7,frame_0023.jpg,True,277.0,678.0,413.0,763.0,136.0,85.0,
s14,d7,frame_0024.jpg,True,278.0,679.0,415.0,767.0,137.0,88.0,
s14,d7,frame_0025.jpg,True,279.0,679.0,415.0,767.0,136.0,88.0,
s14,d7,frame_0026.jpg,True,280.0,680.0,415.0,766.0,135.0,86.0,
s14,d7,frame_0027.jpg,True,280.0,681.0,415.0,763.0,135.0,82.0,
s14,d7,frame_0028.jpg,True,281.0,682.0,414.0,761.0,133.0,79.0,
s14,d7,frame_0029.jpg,True,281.0,681.0,415.0,757.0,134.0,76.0,
s14,d7,frame_0030.jpg,True,281.0,681.0,415.0,755.0,134.0,74.0,
s14,d7,frame_0031.jpg,True,280.0,680.0,416.0,752.0,136.0,72.0,
s14,d7,frame_0032.jpg,True,280.0,680.0,416.0,752.0,136.0,72.0,
s14,d7,frame_0033.jpg,True,280.0,680.0,416.0,750.0,136.0,70.0,
s14,d7,frame_0034.jpg,True,280.0,680.0,416.0,751.0,136.0,71.0,
s14,d7,frame_0035.jpg,True,281.0,680.0,416.0,751.0,135.0,71.0,
s14,d7,frame_0036.jpg,True,281.0,680.0,416.0,750.0,135.0,70.0,
s14,d7,frame_0037.jpg,True,280.0,680.0,417.0,749.0,137.0,69.0,
s14,d7,frame_0038.jpg,True,280.0,681.0,417.0,748.0,137.0,67.0,
s14,d7,frame_0039.jpg,True,280.0,680.0,418.0,747.0,138.0,67.0,
s14,d7,frame_0040.jpg,True,279.0,679.0,417.0,743.0,138.0,64.0,
s14,d7,frame_0041.jpg,True,279.0,678.0,418.0,743.0,139.0,65.0,
s14,d7,frame_0042.jpg,True,280.0,678.0,418.0,742.0,138.0,64.0,
s14,d8,frame_0001.jpg,True,275.0,685.0,410.0,746.0,135.0,61.0,
s14,d8,frame_0002.jpg,True,275.0,684.0,410.0,746.0,135.0,62.0,
s14,d8,frame_0003.jpg,True,276.0,684.0,410.0,747.0,134.0,63.0,
s14,d8,frame_0004.jpg,True,276.0,685.0,410.0,749.0,134.0,64.0,
s14,d8,frame_0005.jpg,True,276.0,685.0,409.0,750.0,133.0,65.0,
s14,d8,frame_0006.jpg,True,277.0,689.0,411.0,752.0,134.0,63.0,
s14,d8,frame_0007.jpg,True,277.0,691.0,410.0,754.0,133.0,63.0,
s14,d8,frame_0008.jpg,True,277.0,691.0,410.0,754.0,133.0,63.0,
s14,d8,frame_0009.jpg,True,278.0,691.0,411.0,753.0,133.0,62.0,
s14,d8,frame_0010.jpg,True,278.0,691.0,412.0,752.0,134.0,61.0,
s14,d8,frame_0011.jpg,True,278.0,691.0,413.0,751.0,135.0,60.0,
s14,d8,frame_0012.jpg,True,278.0,691.0,413.0,751.0,135.0,60.0,
s14,d8,frame_0013.jpg,True,279.0,691.0,413.0,751.0,134.0,60.0,
s14,d8,frame_0014.jpg,True,278.0,690.0,415.0,751.0,137.0,61.0,
s14,d8,frame_0015.jpg,True,278.0,690.0,415.0,754.0,137.0,64.0,
s14,d8,frame_0016.jpg,True,277.0,687.0,414.0,761.0,137.0,74.0,
s14,d8,frame_0017.jpg,True,277.0,687.0,414.0,769.0,137.0,82.0,
s14,d8,frame_0018.jpg,True,276.0,687.0,414.0,772.0,138.0,85.0,
s14,d8,frame_0019.jpg,True,276.0,686.0,414.0,772.0,138.0,86.0,
s14,d8,frame_0020.jpg,True,276.0,685.0,414.0,770.0,138.0,85.0,
s14,d8,frame_0021.jpg,True,276.0,684.0,414.0,766.0,138.0,82.0,
s14,d8,frame_0022.jpg,True,276.0,685.0,415.0,763.0,139.0,78.0,
s14,d8,frame_0023.jpg,True,276.0,684.0,416.0,759.0,140.0,75.0,
s14,d8,frame_0024.jpg,True,277.0,683.0,417.0,758.0,140.0,75.0,
s14,d8,frame_0025.jpg,True,277.0,683.0,417.0,757.0,140.0,74.0,
s14,d8,frame_0026.jpg,True,278.0,683.0,418.0,757.0,140.0,74.0,
s14,d8,frame_0027.jpg,True,278.0,683.0,417.0,756.0,139.0,73.0,
s14,d8,frame_0028.jpg,True,278.0,683.0,418.0,756.0,140.0,73.0,
s14,d8,frame_0029.jpg,True,278.0,683.0,418.0,755.0,140.0,72.0,
s14,d8,frame_0030.jpg,True,278.0,683.0,418.0,754.0,140.0,71.0,
s14,d8,frame_0031.jpg,True,279.0,684.0,419.0,754.0,140.0,70.0,
s14,d8,frame_0032.jpg,True,279.0,684.0,419.0,751.0,140.0,67.0,
s14,d8,frame_0033.jpg,True,280.0,685.0,419.0,747.0,139.0,62.0,
s14,d8,frame_0034.jpg,True,280.0,686.0,420.0,747.0,140.0,61.0,
s14,d8,frame_0035.jpg,True,280.0,686.0,420.0,747.0,140.0,61.0,
s14,d8,frame_0036.jpg,True,281.0,686.0,420.0,748.0,139.0,62.0,
s14,d8,frame_0037.jpg,True,281.0,687.0,419.0,747.0,138.0,60.0,
s14,d8,frame_0038.jpg,True,281.0,687.0,420.0,748.0,139.0,61.0,
s14,d8,frame_0039.jpg,True,281.0,687.0,420.0,748.0,139.0,61.0,
s14,d8,frame_0040.jpg,True,281.0,688.0,420.0,748.0,139.0,60.0,
s14,d9,frame_0001.jpg,True,279.0,679.0,414.0,737.0,135.0,58.0,
s14,d9,frame_0002.jpg,True,280.0,679.0,414.0,739.0,134.0,60.0,
s14,d9,frame_0003.jpg,True,280.0,679.0,414.0,739.0,134.0,60.0,
s14,d9,frame_0004.jpg,True,281.0,679.0,413.0,740.0,132.0,61.0,
s14,d9,frame_0005.jpg,True,281.0,679.0,413.0,742.0,132.0,63.0,
s14,d9,frame_0006.jpg,True,282.0,680.0,413.0,744.0,131.0,64.0,
s14,d9,frame_0007.jpg,True,282.0,679.0,413.0,747.0,131.0,68.0,
s14,d9,frame_0008.jpg,True,281.0,678.0,411.0,756.0,130.0,78.0,
s14,d9,frame_0009.jpg,True,281.0,677.0,411.0,759.0,130.0,82.0,
s14,d9,frame_0010.jpg,True,281.0,677.0,412.0,760.0,131.0,83.0,
s14,d9,frame_0011.jpg,True,281.0,677.0,412.0,762.0,131.0,85.0,
s14,d9,frame_0012.jpg,True,282.0,679.0,412.0,763.0,130.0,84.0,
s14,d9,frame_0013.jpg,True,281.0,680.0,412.0,766.0,131.0,86.0,
s14,d9,frame_0014.jpg,True,282.0,680.0,412.0,768.0,130.0,88.0,
s14,d9,frame_0015.jpg,True,282.0,679.0,412.0,770.0,130.0,91.0,
s14,d9,frame_0016.jpg,True,282.0,678.0,412.0,772.0,130.0,94.0,
s14,d9,frame_0017.jpg,True,282.0,678.0,411.0,773.0,129.0,95.0,
s14,d9,frame_0018.jpg,True,283.0,678.0,411.0,773.0,128.0,95.0,
s14,d9,frame_0019.jpg,True,284.0,679.0,409.0,773.0,125.0,94.0,
s14,d9,frame_0020.jpg,True,286.0,682.0,407.0,771.0,121.0,89.0,
s14,d9,frame_0021.jpg,True,289.0,683.0,404.0,767.0,115.0,84.0,
s14,d9,frame_0022.jpg,True,290.0,684.0,402.0,765.0,112.0,81.0,
s14,d9,frame_0023.jpg,True,289.0,683.0,404.0,763.0,115.0,80.0,
s14,d9,frame_0024.jpg,True,288.0,683.0,404.0,761.0,116.0,78.0,
s14,d9,frame_0025.jpg,True,288.0,683.0,405.0,761.0,117.0,78.0,
s14,d9,frame_0026.jpg,True,289.0,684.0,404.0,759.0,115.0,75.0,
s14,d9,frame_0027.jpg,True,289.0,684.0,405.0,758.0,116.0,74.0,
s14,d9,frame_0028.jpg,True,289.0,683.0,405.0,758.0,116.0,75.0,
s14,d9,frame_0029.jpg,True,288.0,683.0,405.0,757.0,117.0,74.0,
s14,d9,frame_0030.jpg,True,288.0,683.0,405.0,757.0,117.0,74.0,
s14,d9,frame_0031.jpg,True,289.0,682.0,405.0,757.0,116.0,75.0,
s14,d9,frame_0032.jpg,True,289.0,682.0,405.0,756.0,116.0,74.0,
s14,d9,frame_0033.jpg,True,289.0,682.0,405.0,756.0,116.0,74.0,
s14,d9,frame_0034.jpg,True,289.0,681.0,405.0,755.0,116.0,74.0,
s14,d9,frame_0035.jpg,True,288.0,681.0,406.0,754.0,118.0,73.0,
s14,d9,frame_0036.jpg,True,288.0,680.0,406.0,754.0,118.0,74.0,
s14,d9,frame_0037.jpg,True,288.0,680.0,406.0,753.0,118.0,73.0,
s14,d9,frame_0038.jpg,True,288.0,680.0,406.0,753.0,118.0,73.0,
s14,d9,frame_0039.jpg,True,288.0,680.0,406.0,753.0,118.0,73.0,
s14,d9,frame_0040.jpg,True,288.0,680.0,406.0,752.0,118.0,72.0,
s14,d9,frame_0041.jpg,True,287.0,679.0,406.0,752.0,119.0,73.0,
s14,d9,frame_0042.jpg,True,286.0,680.0,406.0,752.0,120.0,72.0,
s14,d9,frame_0043.jpg,True,287.0,679.0,406.0,752.0,119.0,73.0,
s14,d9,frame_0044.jpg,True,286.0,679.0,406.0,752.0,120.0,73.0,
s14,d9,frame_0045.jpg,True,286.0,680.0,406.0,751.0,120.0,71.0,
s14,d9,frame_0046.jpg,True,287.0,680.0,405.0,753.0,118.0,73.0,
s14,d9,frame_0047.jpg,True,286.0,680.0,405.0,753.0,119.0,73.0,
s14,d9,frame_0048.jpg,True,287.0,680.0,404.0,753.0,117.0,73.0,
s14,d9,frame_0049.jpg,True,287.0,680.0,404.0,753.0,117.0,73.0,
s14,d9,frame_0050.jpg,True,287.0,680.0,404.0,754.0,117.0,74.0,
s14,d9,frame_0051.jpg,True,287.0,679.0,404.0,753.0,117.0,74.0,
s14,d9,frame_0052.jpg,True,287.0,679.0,404.0,753.0,117.0,74.0,
s14,d9,frame_0053.jpg,True,287.0,680.0,405.0,753.0,118.0,73.0,
s14,d9,frame_0054.jpg,True,287.0,680.0,405.0,754.0,118.0,74.0,
s14,d9,frame_0055.jpg,True,287.0,680.0,406.0,753.0,119.0,73.0,
s14,d9,frame_0056.jpg,True,288.0,679.0,406.0,754.0,118.0,75.0,
s14,d9,frame_0057.jpg,True,288.0,680.0,406.0,753.0,118.0,73.0,
s14,d9,frame_0058.jpg,True,288.0,680.0,406.0,753.0,118.0,73.0,
s14,d9,frame_0059.jpg,True,288.0,680.0,407.0,753.0,119.0,73.0,
s14,d9,frame_0060.jpg,True,288.0,679.0,407.0,753.0,119.0,74.0,
s14,d9,frame_0061.jpg,True,289.0,680.0,407.0,751.0,118.0,71.0,
s14,d9,frame_0062.jpg,True,289.0,679.0,408.0,751.0,119.0,72.0,
s14,d9,frame_0063.jpg,True,289.0,679.0,408.0,751.0,119.0,72.0,
s14,d9,frame_0064.jpg,True,289.0,680.0,408.0,750.0,119.0,70.0,
s14,d9,frame_0065.jpg,True,290.0,680.0,408.0,751.0,118.0,71.0,
s14,d9,frame_0066.jpg,True,290.0,680.0,409.0,751.0,119.0,71.0,
s14,d9,frame_0067.jpg,True,290.0,680.0,410.0,750.0,120.0,70.0,
s14,d9,frame_0068.jpg,True,290.0,680.0,411.0,749.0,121.0,69.0,
s14,d10,frame_0001.jpg,True,285.0,684.0,417.0,748.0,132.0,64.0,
s14,d10,frame_0002.jpg,True,285.0,684.0,416.0,749.0,131.0,65.0,
s14,d10,frame_0003.jpg,True,285.0,685.0,417.0,749.0,132.0,64.0,
s14,d10,frame_0004.jpg,True,285.0,685.0,417.0,751.0,132.0,66.0,
s14,d10,frame_0005.jpg,True,285.0,685.0,418.0,753.0,133.0,68.0,
s14,d10,frame_0006.jpg,True,286.0,683.0,416.0,760.0,130.0,77.0,
s14,d10,frame_0007.jpg,True,287.0,682.0,416.0,761.0,129.0,79.0,
s14,d10,frame_0008.jpg,True,286.0,682.0,416.0,762.0,130.0,80.0,
s14,d10,frame_0009.jpg,True,285.0,683.0,417.0,763.0,132.0,80.0,
s14,d10,frame_0010.jpg,True,285.0,682.0,418.0,764.0,133.0,82.0,
s14,d10,frame_0011.jpg,True,285.0,682.0,419.0,764.0,134.0,82.0,
s14,d10,frame_0012.jpg,True,285.0,682.0,419.0,764.0,134.0,82.0,
s14,d10,frame_0013.jpg,True,285.0,681.0,419.0,764.0,134.0,83.0,
s14,d10,frame_0014.jpg,True,286.0,681.0,419.0,762.0,133.0,81.0,
s14,d10,frame_0015.jpg,True,285.0,681.0,419.0,761.0,134.0,80.0,
s14,d10,frame_0016.jpg,True,284.0,681.0,418.0,758.0,134.0,77.0,
s14,d10,frame_0017.jpg,True,284.0,682.0,419.0,758.0,135.0,76.0,
s14,d10,frame_0018.jpg,True,283.0,681.0,420.0,758.0,137.0,77.0,
s14,d10,frame_0019.jpg,True,281.0,682.0,422.0,759.0,141.0,77.0,
s14,d10,frame_0020.jpg,True,281.0,682.0,424.0,760.0,143.0,78.0,
s14,d10,frame_0021.jpg,True,280.0,683.0,424.0,760.0,144.0,77.0,
s14,d10,frame_0022.jpg,True,280.0,684.0,425.0,760.0,145.0,76.0,
s14,d10,frame_0023.jpg,True,280.0,684.0,425.0,760.0,145.0,76.0,
s14,d10,frame_0024.jpg,True,280.0,684.0,426.0,760.0,146.0,76.0,
s14,d10,frame_0025.jpg,True,279.0,685.0,425.0,761.0,146.0,76.0,
s14,d10,frame_0026.jpg,True,279.0,686.0,425.0,762.0,146.0,76.0,
s14,d10,frame_0027.jpg,True,278.0,688.0,424.0,766.0,146.0,78.0,
s14,d10,frame_0028.jpg,True,279.0,688.0,423.0,765.0,144.0,77.0,
s14,d10,frame_0029.jpg,True,280.0,688.0,422.0,757.0,142.0,69.0,
s14,d10,frame_0030.jpg,True,279.0,689.0,423.0,752.0,144.0,63.0,
s14,d10,frame_0031.jpg,True,282.0,690.0,422.0,750.0,140.0,60.0,
s14,d10,frame_0032.jpg,True,281.0,690.0,422.0,749.0,141.0,59.0,
s14,d10,frame_0033.jpg,True,282.0,690.0,422.0,749.0,140.0,59.0,
s14,d10,frame_0034.jpg,True,283.0,691.0,422.0,750.0,139.0,59.0,
s14,d10,frame_0035.jpg,True,283.0,692.0,422.0,750.0,139.0,58.0,
s14,d10,frame_0036.jpg,True,283.0,692.0,421.0,751.0,138.0,59.0,
s14,d10,frame_0037.jpg,True,284.0,692.0,421.0,752.0,137.0,60.0,
s14,d10,frame_0038.jpg,True,284.0,692.0,420.0,752.0,136.0,60.0,
s14,d10,frame_0039.jpg,True,284.0,692.0,420.0,752.0,136.0,60.0,
s14,d10,frame_0040.jpg,True,285.0,692.0,420.0,752.0,135.0,60.0,
s14,d10,frame_0041.jpg,True,284.0,692.0,420.0,752.0,136.0,60.0,
s14,d10,frame_0042.jpg,True,284.0,691.0,420.0,751.0,136.0,60.0,
s14,d10,frame_0043.jpg,True,285.0,691.0,420.0,751.0,135.0,60.0,
s14,d10,frame_0044.jpg,True,286.0,691.0,421.0,752.0,135.0,61.0,
s14,d10,frame_0045.jpg,True,287.0,690.0,422.0,751.0,135.0,61.0,
s14,d10,frame_0046.jpg,True,288.0,690.0,423.0,750.0,135.0,60.0,
s14,d10,frame_0047.jpg,True,287.0,690.0,422.0,750.0,135.0,60.0,
s14,d10,frame_0048.jpg,True,287.0,690.0,422.0,750.0,135.0,60.0,
s14,d10,frame_0049.jpg,True,286.0,690.0,422.0,750.0,136.0,60.0,
s14,d10,frame_0050.jpg,True,285.0,689.0,422.0,749.0,137.0,60.0,
s14,d10,frame_0051.jpg,True,285.0,689.0,421.0,749.0,136.0,60.0,
s14,d10,frame_0052.jpg,True,285.0,689.0,422.0,749.0,137.0,60.0,
s14,d10,frame_0053.jpg,True,285.0,690.0,421.0,749.0,136.0,59.0,
s14,d10,frame_0054.jpg,True,286.0,690.0,421.0,749.0,135.0,59.0,
s14,d10,frame_0055.jpg,True,286.0,690.0,421.0,749.0,135.0,59.0,
s14,d10,frame_0056.jpg,True,286.0,690.0,421.0,749.0,135.0,59.0,
s15,d0,frame_0001.jpg,True,293.0,665.0,443.0,727.0,150.0,62.0,
s15,d0,frame_0002.jpg,True,293.0,666.0,443.0,729.0,150.0,63.0,
s15,d0,frame_0003.jpg,True,293.0,666.0,443.0,728.0,150.0,62.0,
s15,d0,frame_0004.jpg,True,293.0,666.0,443.0,730.0,150.0,64.0,
s15,d0,frame_0005.jpg,True,293.0,664.0,444.0,734.0,151.0,70.0,
s15,d0,frame_0006.jpg,True,290.0,662.0,445.0,746.0,155.0,84.0,
s15,d0,frame_0007.jpg,True,289.0,659.0,443.0,757.0,154.0,98.0,
s15,d0,frame_0008.jpg,True,289.0,659.0,441.0,761.0,152.0,102.0,
s15,d0,frame_0009.jpg,True,290.0,659.0,440.0,757.0,150.0,98.0,
s15,d0,frame_0010.jpg,True,289.0,661.0,436.0,752.0,147.0,91.0,
s15,d0,frame_0011.jpg,True,289.0,661.0,437.0,750.0,148.0,89.0,
s15,d0,frame_0012.jpg,True,289.0,662.0,435.0,747.0,146.0,85.0,
s15,d0,frame_0013.jpg,True,287.0,663.0,435.0,745.0,148.0,82.0,
s15,d0,frame_0014.jpg,True,287.0,663.0,437.0,745.0,150.0,82.0,
s15,d0,frame_0015.jpg,True,286.0,663.0,438.0,742.0,152.0,79.0,
s15,d0,frame_0016.jpg,True,286.0,663.0,438.0,742.0,152.0,79.0,
s15,d0,frame_0017.jpg,True,287.0,664.0,439.0,743.0,152.0,79.0,
s15,d0,frame_0018.jpg,True,287.0,664.0,439.0,742.0,152.0,78.0,
s15,d0,frame_0019.jpg,True,286.0,663.0,440.0,740.0,154.0,77.0,
s15,d0,frame_0020.jpg,True,286.0,663.0,439.0,739.0,153.0,76.0,
s15,d0,frame_0021.jpg,True,286.0,663.0,438.0,738.0,152.0,75.0,
s15,d0,frame_0022.jpg,True,285.0,663.0,438.0,737.0,153.0,74.0,
s15,d0,frame_0023.jpg,True,285.0,663.0,437.0,736.0,152.0,73.0,
s15,d0,frame_0024.jpg,True,286.0,663.0,438.0,736.0,152.0,73.0,
s15,d0,frame_0025.jpg,True,286.0,664.0,438.0,736.0,152.0,72.0,
s15,d0,frame_0026.jpg,True,286.0,664.0,439.0,736.0,153.0,72.0,
s15,d0,frame_0027.jpg,True,286.0,664.0,439.0,735.0,153.0,71.0,
s15,d0,frame_0028.jpg,True,286.0,664.0,440.0,735.0,154.0,71.0,
s15,d0,frame_0029.jpg,True,286.0,663.0,440.0,734.0,154.0,71.0,
s15,d0,frame_0030.jpg,True,285.0,663.0,440.0,733.0,155.0,70.0,
s15,d0,frame_0031.jpg,True,285.0,662.0,440.0,733.0,155.0,71.0,
s15,d0,frame_0032.jpg,True,285.0,660.0,440.0,731.0,155.0,71.0,
s15,d0,frame_0033.jpg,True,286.0,659.0,442.0,729.0,156.0,70.0,
s15,d0,frame_0034.jpg,True,286.0,658.0,443.0,728.0,157.0,70.0,
s15,d0,frame_0035.jpg,True,288.0,659.0,443.0,729.0,155.0,70.0,
s15,d0,frame_0036.jpg,True,289.0,659.0,444.0,729.0,155.0,70.0,
s15,d0,frame_0037.jpg,True,289.0,659.0,444.0,728.0,155.0,69.0,
s15,d0,frame_0038.jpg,True,290.0,660.0,444.0,729.0,154.0,69.0,
s15,d0,frame_0039.jpg,True,291.0,660.0,445.0,730.0,154.0,70.0,
s15,d0,frame_0040.jpg,True,291.0,660.0,445.0,730.0,154.0,70.0,
s15,d0,frame_0041.jpg,True,291.0,661.0,445.0,730.0,154.0,69.0,
s15,d0,frame_0042.jpg,True,291.0,661.0,445.0,730.0,154.0,69.0,
s15,d0,frame_0043.jpg,True,291.0,660.0,445.0,729.0,154.0,69.0,
s15,d0,frame_0044.jpg,True,292.0,659.0,446.0,728.0,154.0,69.0,
s15,d0,frame_0045.jpg,True,294.0,658.0,445.0,726.0,151.0,68.0,
s15,d0,frame_0046.jpg,True,294.0,657.0,446.0,725.0,152.0,68.0,
s15,d0,frame_0047.jpg,True,294.0,657.0,446.0,725.0,152.0,68.0,
s15,d0,frame_0048.jpg,True,294.0,657.0,448.0,725.0,154.0,68.0,
s15,d0,frame_0049.jpg,True,294.0,657.0,448.0,725.0,154.0,68.0,
s15,d0,frame_0050.jpg,True,295.0,658.0,448.0,726.0,153.0,68.0,
s15,d0,frame_0051.jpg,True,295.0,659.0,448.0,727.0,153.0,68.0,
s15,d0,frame_0052.jpg,True,295.0,661.0,447.0,727.0,152.0,66.0,
s15,d0,frame_0053.jpg,True,295.0,661.0,446.0,729.0,151.0,68.0,
s15,d0,frame_0054.jpg,True,294.0,662.0,447.0,730.0,153.0,68.0,
s15,d0,frame_0055.jpg,True,294.0,661.0,446.0,728.0,152.0,67.0,
s15,d0,frame_0056.jpg,True,296.0,661.0,448.0,727.0,152.0,66.0,
s15,d0,frame_0057.jpg,True,296.0,660.0,448.0,727.0,152.0,67.0,
s15,d0,frame_0058.jpg,True,297.0,660.0,448.0,727.0,151.0,67.0,
s15,d0,frame_0059.jpg,True,297.0,661.0,448.0,728.0,151.0,67.0,
s15,d1,frame_0001.jpg,True,290.0,659.0,454.0,726.0,164.0,67.0,
s15,d1,frame_0002.jpg,True,290.0,659.0,453.0,724.0,163.0,65.0,
s15,d1,frame_0003.jpg,True,289.0,658.0,454.0,725.0,165.0,67.0,
s15,d1,frame_0004.jpg,True,289.0,657.0,454.0,725.0,165.0,68.0,
s15,d1,frame_0005.jpg,True,289.0,657.0,454.0,725.0,165.0,68.0,
s15,d1,frame_0006.jpg,True,289.0,658.0,454.0,724.0,165.0,66.0,
s15,d1,frame_0007.jpg,True,289.0,657.0,454.0,724.0,165.0,67.0,
s15,d1,frame_0008.jpg,True,290.0,658.0,455.0,723.0,165.0,65.0,
s15,d1,frame_0009.jpg,True,291.0,657.0,457.0,723.0,166.0,66.0,
s15,d1,frame_0010.jpg,True,294.0,659.0,458.0,722.0,164.0,63.0,
s15,d1,frame_0011.jpg,True,294.0,658.0,459.0,723.0,165.0,65.0,
s15,d1,frame_0012.jpg,True,294.0,656.0,459.0,722.0,165.0,66.0,
s15,d1,frame_0013.jpg,True,294.0,657.0,459.0,722.0,165.0,65.0,
s15,d1,frame_0014.jpg,True,295.0,657.0,459.0,724.0,164.0,67.0,
s15,d1,frame_0015.jpg,True,294.0,656.0,459.0,722.0,165.0,66.0,
s15,d1,frame_0016.jpg,True,296.0,653.0,458.0,721.0,162.0,68.0,
s15,d1,frame_0017.jpg,True,297.0,654.0,459.0,720.0,162.0,66.0,
s15,d1,frame_0018.jpg,True,296.0,653.0,459.0,720.0,163.0,67.0,
s15,d1,frame_0019.jpg,True,297.0,654.0,458.0,720.0,161.0,66.0,
s15,d1,frame_0020.jpg,True,296.0,653.0,458.0,720.0,162.0,67.0,
s15,d1,frame_0021.jpg,True,295.0,653.0,457.0,720.0,162.0,67.0,
s15,d1,frame_0022.jpg,True,295.0,652.0,457.0,721.0,162.0,69.0,
s15,d1,frame_0023.jpg,True,294.0,651.0,455.0,723.0,161.0,72.0,
s15,d1,frame_0024.jpg,True,294.0,650.0,452.0,727.0,158.0,77.0,
s15,d1,frame_0025.jpg,True,294.0,650.0,451.0,729.0,157.0,79.0,
s15,d1,frame_0026.jpg,True,293.0,650.0,450.0,729.0,157.0,79.0,
s15,d1,frame_0027.jpg,True,292.0,649.0,450.0,727.0,158.0,78.0,
s15,d1,frame_0028.jpg,True,290.0,649.0,449.0,725.0,159.0,76.0,
s15,d1,frame_0029.jpg,True,290.0,649.0,449.0,725.0,159.0,76.0,
s15,d1,frame_0030.jpg,True,290.0,649.0,449.0,724.0,159.0,75.0,
s15,d1,frame_0031.jpg,True,290.0,649.0,449.0,724.0,159.0,75.0,
s15,d1,frame_0032.jpg,True,289.0,648.0,450.0,723.0,161.0,75.0,
s15,d1,frame_0033.jpg,True,290.0,648.0,451.0,722.0,161.0,74.0,
s15,d1,frame_0034.jpg,True,290.0,647.0,451.0,722.0,161.0,75.0,
s15,d1,frame_0035.jpg,True,289.0,648.0,451.0,723.0,162.0,75.0,
s15,d1,frame_0036.jpg,True,289.0,648.0,450.0,723.0,161.0,75.0,
s15,d1,frame_0037.jpg,True,289.0,649.0,450.0,723.0,161.0,74.0,
s15,d1,frame_0038.jpg,True,289.0,649.0,449.0,723.0,160.0,74.0,
s15,d1,frame_0039.jpg,True,288.0,649.0,450.0,723.0,162.0,74.0,
s15,d1,frame_0040.jpg,True,288.0,649.0,450.0,723.0,162.0,74.0,
s15,d1,frame_0041.jpg,True,287.0,649.0,449.0,723.0,162.0,74.0,
s15,d1,frame_0042.jpg,True,287.0,651.0,449.0,724.0,162.0,73.0,
s15,d1,frame_0043.jpg,True,287.0,651.0,449.0,724.0,162.0,73.0,
s15,d1,frame_0044.jpg,True,287.0,652.0,449.0,724.0,162.0,72.0,
s15,d1,frame_0045.jpg,True,287.0,653.0,449.0,725.0,162.0,72.0,
s15,d1,frame_0046.jpg,True,287.0,652.0,449.0,725.0,162.0,73.0,
s15,d1,frame_0047.jpg,True,286.0,653.0,448.0,727.0,162.0,74.0,
s15,d1,frame_0048.jpg,True,286.0,653.0,447.0,729.0,161.0,76.0,
s15,d1,frame_0049.jpg,True,285.0,652.0,445.0,733.0,160.0,81.0,
s15,d1,frame_0050.jpg,True,285.0,653.0,446.0,734.0,161.0,81.0,
s15,d1,frame_0051.jpg,True,284.0,653.0,444.0,734.0,160.0,81.0,
s15,d1,frame_0052.jpg,True,285.0,652.0,444.0,734.0,159.0,82.0,
s15,d1,frame_0053.jpg,True,284.0,651.0,444.0,732.0,160.0,81.0,
s15,d1,frame_0054.jpg,True,284.0,650.0,445.0,730.0,161.0,80.0,
s15,d1,frame_0055.jpg,True,284.0,649.0,445.0,730.0,161.0,81.0,
s15,d1,frame_0056.jpg,True,284.0,649.0,446.0,730.0,162.0,81.0,
s15,d1,frame_0057.jpg,True,283.0,648.0,446.0,729.0,163.0,81.0,
s15,d1,frame_0058.jpg,True,284.0,648.0,446.0,730.0,162.0,82.0,
s15,d1,frame_0059.jpg,True,284.0,648.0,446.0,732.0,162.0,84.0,
s15,d1,frame_0060.jpg,True,284.0,648.0,446.0,733.0,162.0,85.0,
s15,d1,frame_0061.jpg,True,282.0,647.0,446.0,731.0,164.0,84.0,
s15,d1,frame_0062.jpg,True,282.0,646.0,446.0,729.0,164.0,83.0,
s15,d1,frame_0063.jpg,True,282.0,646.0,446.0,727.0,164.0,81.0,
s15,d1,frame_0064.jpg,True,281.0,645.0,446.0,725.0,165.0,80.0,
s15,d1,frame_0065.jpg,True,280.0,645.0,446.0,724.0,166.0,79.0,
s15,d1,frame_0066.jpg,True,280.0,646.0,445.0,724.0,165.0,78.0,
s15,d1,frame_0067.jpg,True,280.0,648.0,445.0,724.0,165.0,76.0,
s15,d1,frame_0068.jpg,True,280.0,648.0,444.0,724.0,164.0,76.0,
s15,d1,frame_0069.jpg,True,279.0,649.0,444.0,724.0,165.0,75.0,
s15,d1,frame_0070.jpg,True,279.0,649.0,444.0,724.0,165.0,75.0,
s15,d1,frame_0071.jpg,True,279.0,648.0,444.0,723.0,165.0,75.0,
s15,d1,frame_0072.jpg,True,279.0,648.0,445.0,723.0,166.0,75.0,
s15,d1,frame_0073.jpg,True,279.0,648.0,446.0,723.0,167.0,75.0,
s15,d1,frame_0074.jpg,True,279.0,646.0,447.0,721.0,168.0,75.0,
s15,d1,frame_0075.jpg,True,278.0,646.0,447.0,720.0,169.0,74.0,
s15,d1,frame_0076.jpg,True,278.0,646.0,447.0,720.0,169.0,74.0,
s15,d1,frame_0077.jpg,True,278.0,647.0,447.0,720.0,169.0,73.0,
s15,d1,frame_0078.jpg,True,277.0,647.0,448.0,719.0,171.0,72.0,
s15,d1,frame_0079.jpg,True,279.0,647.0,449.0,720.0,170.0,73.0,
s15,d1,frame_0080.jpg,True,280.0,648.0,450.0,718.0,170.0,70.0,
s15,d1,frame_0081.jpg,True,281.0,647.0,450.0,717.0,169.0,70.0,
s15,d1,frame_0082.jpg,True,282.0,648.0,451.0,717.0,169.0,69.0,
s15,d1,frame_0083.jpg,True,283.0,649.0,453.0,717.0,170.0,68.0,
s15,d1,frame_0084.jpg,True,282.0,649.0,453.0,715.0,171.0,66.0,
s15,d1,frame_0085.jpg,True,283.0,649.0,453.0,713.0,170.0,64.0,
s15,d1,frame_0086.jpg,True,284.0,650.0,453.0,713.0,169.0,63.0,
s15,d1,frame_0087.jpg,True,283.0,651.0,453.0,713.0,170.0,62.0,
s15,d1,frame_0088.jpg,True,282.0,652.0,452.0,713.0,170.0,61.0,
s15,d1,frame_0089.jpg,True,282.0,652.0,452.0,713.0,170.0,61.0,
s15,d1,frame_0090.jpg,True,283.0,653.0,451.0,714.0,168.0,61.0,
s15,d1,frame_0091.jpg,True,282.0,654.0,452.0,714.0,170.0,60.0,
s15,d1,frame_0092.jpg,True,282.0,654.0,452.0,713.0,170.0,59.0,
s15,d2,frame_0001.jpg,True,259.0,648.0,425.0,717.0,166.0,69.0,
s15,d2,frame_0002.jpg,True,261.0,647.0,427.0,718.0,166.0,71.0,
s15,d2,frame_0003.jpg,True,263.0,649.0,428.0,719.0,165.0,70.0,
s15,d2,frame_0004.jpg,True,265.0,651.0,429.0,722.0,164.0,71.0,
s15,d2,frame_0005.jpg,True,266.0,652.0,430.0,724.0,164.0,72.0,
s15,d2,frame_0006.jpg,True,266.0,653.0,430.0,725.0,164.0,72.0,
s15,d2,frame_0007.jpg,True,267.0,655.0,430.0,727.0,163.0,72.0,
s15,d2,frame_0008.jpg,True,268.0,657.0,430.0,731.0,162.0,74.0,
s15,d2,frame_0009.jpg,True,269.0,657.0,428.0,732.0,159.0,75.0,
s15,d2,frame_0010.jpg,True,268.0,656.0,427.0,739.0,159.0,83.0,
s15,d2,frame_0011.jpg,True,268.0,656.0,426.0,740.0,158.0,84.0,
s15,d2,frame_0012.jpg,True,268.0,656.0,425.0,740.0,157.0,84.0,
s15,d2,frame_0013.jpg,True,266.0,655.0,425.0,740.0,159.0,85.0,
s15,d2,frame_0014.jpg,True,266.0,655.0,425.0,739.0,159.0,84.0,
s15,d2,frame_0015.jpg,True,265.0,654.0,424.0,736.0,159.0,82.0,
s15,d2,frame_0016.jpg,True,264.0,653.0,425.0,734.0,161.0,81.0,
s15,d2,frame_0017.jpg,True,265.0,652.0,425.0,733.0,160.0,81.0,
s15,d2,frame_0018.jpg,True,264.0,650.0,425.0,731.0,161.0,81.0,
s15,d2,frame_0019.jpg,True,265.0,649.0,426.0,729.0,161.0,80.0,
s15,d2,frame_0020.jpg,True,264.0,648.0,426.0,727.0,162.0,79.0,
s15,d2,frame_0021.jpg,True,263.0,645.0,426.0,726.0,163.0,81.0,
s15,d2,frame_0022.jpg,True,263.0,645.0,426.0,725.0,163.0,80.0,
s15,d2,frame_0023.jpg,True,263.0,646.0,426.0,726.0,163.0,80.0,
s15,d2,frame_0024.jpg,True,263.0,646.0,425.0,726.0,162.0,80.0,
s15,d2,frame_0025.jpg,True,262.0,646.0,424.0,727.0,162.0,81.0,
s15,d2,frame_0026.jpg,True,263.0,648.0,423.0,735.0,160.0,87.0,
s15,d2,frame_0027.jpg,True,264.0,647.0,421.0,735.0,157.0,88.0,
s15,d2,frame_0028.jpg,True,263.0,646.0,422.0,730.0,159.0,84.0,
s15,d2,frame_0029.jpg,True,263.0,645.0,421.0,725.0,158.0,80.0,
s15,d2,frame_0030.jpg,True,263.0,646.0,421.0,723.0,158.0,77.0,
s15,d2,frame_0031.jpg,True,261.0,646.0,422.0,721.0,161.0,75.0,
s15,d2,frame_0032.jpg,True,260.0,645.0,422.0,719.0,162.0,74.0,
s15,d2,frame_0033.jpg,True,260.0,645.0,422.0,719.0,162.0,74.0,
s15,d2,frame_0034.jpg,True,260.0,646.0,422.0,718.0,162.0,72.0,
s15,d2,frame_0035.jpg,True,258.0,646.0,422.0,717.0,164.0,71.0,
s15,d2,frame_0036.jpg,True,258.0,646.0,422.0,717.0,164.0,71.0,
s15,d2,frame_0037.jpg,True,261.0,647.0,424.0,719.0,163.0,72.0,
s15,d2,frame_0038.jpg,True,260.0,647.0,425.0,718.0,165.0,71.0,
s15,d2,frame_0039.jpg,True,259.0,646.0,427.0,717.0,168.0,71.0,
s15,d2,frame_0040.jpg,True,259.0,647.0,428.0,716.0,169.0,69.0,
s15,d2,frame_0041.jpg,True,259.0,646.0,429.0,715.0,170.0,69.0,
s15,d2,frame_0042.jpg,True,261.0,646.0,431.0,715.0,170.0,69.0,
s15,d2,frame_0043.jpg,True,261.0,646.0,432.0,714.0,171.0,68.0,
s15,d2,frame_0044.jpg,True,264.0,646.0,433.0,715.0,169.0,69.0,
s15,d2,frame_0045.jpg,True,265.0,647.0,433.0,714.0,168.0,67.0,
s15,d2,frame_0046.jpg,True,267.0,648.0,435.0,714.0,168.0,66.0,
s15,d2,frame_0047.jpg,True,267.0,648.0,436.0,715.0,169.0,67.0,
s15,d2,frame_0048.jpg,True,270.0,649.0,437.0,715.0,167.0,66.0,
s15,d2,frame_0049.jpg,True,270.0,648.0,437.0,714.0,167.0,66.0,
s15,d2,frame_0050.jpg,True,271.0,648.0,439.0,713.0,168.0,65.0,
s15,d2,frame_0051.jpg,True,273.0,647.0,441.0,712.0,168.0,65.0,
s15,d2,frame_0052.jpg,True,274.0,644.0,442.0,708.0,168.0,64.0,
s15,d2,frame_0053.jpg,True,275.0,641.0,443.0,706.0,168.0,65.0,
s15,d3,frame_0001.jpg,True,265.0,637.0,441.0,705.0,176.0,68.0,
s15,d3,frame_0002.jpg,True,266.0,636.0,441.0,706.0,175.0,70.0,
s15,d3,frame_0003.jpg,True,266.0,637.0,440.0,705.0,174.0,68.0,
s15,d3,frame_0004.jpg,True,267.0,637.0,441.0,704.0,174.0,67.0,
s15,d3,frame_0005.jpg,True,268.0,636.0,441.0,703.0,173.0,67.0,
s15,d3,frame_0006.jpg,True,268.0,635.0,441.0,700.0,173.0,65.0,
s15,d3,frame_0007.jpg,True,269.0,634.0,442.0,699.0,173.0,65.0,
s15,d3,frame_0008.jpg,True,271.0,634.0,443.0,700.0,172.0,66.0,
s15,d3,frame_0009.jpg,True,273.0,635.0,444.0,702.0,171.0,67.0,
s15,d3,frame_0010.jpg,True,273.0,635.0,445.0,704.0,172.0,69.0,
s15,d3,frame_0011.jpg,True,273.0,634.0,445.0,709.0,172.0,75.0,
s15,d3,frame_0012.jpg,True,274.0,634.0,445.0,714.0,171.0,80.0,
s15,d3,frame_0013.jpg,True,274.0,634.0,446.0,714.0,172.0,80.0,
s15,d3,frame_0014.jpg,True,274.0,633.0,447.0,714.0,173.0,81.0,
s15,d3,frame_0015.jpg,True,273.0,631.0,447.0,714.0,174.0,83.0,
s15,d3,frame_0016.jpg,True,274.0,632.0,448.0,721.0,174.0,89.0,
s15,d3,frame_0017.jpg,True,274.0,633.0,447.0,731.0,173.0,98.0,
s15,d3,frame_0018.jpg,True,276.0,634.0,447.0,739.0,171.0,105.0,
s15,d3,frame_0019.jpg,True,277.0,635.0,446.0,741.0,169.0,106.0,
s15,d3,frame_0020.jpg,True,278.0,638.0,446.0,741.0,168.0,103.0,
s15,d3,frame_0021.jpg,True,278.0,640.0,446.0,739.0,168.0,99.0,
s15,d3,frame_0022.jpg,True,279.0,643.0,446.0,733.0,167.0,90.0,
s15,d3,frame_0023.jpg,True,280.0,647.0,446.0,724.0,166.0,77.0,
s15,d3,frame_0024.jpg,True,281.0,649.0,445.0,720.0,164.0,71.0,
s15,d3,frame_0025.jpg,True,281.0,650.0,445.0,719.0,164.0,69.0,
s15,d3,frame_0026.jpg,True,281.0,650.0,445.0,717.0,164.0,67.0,
s15,d3,frame_0027.jpg,True,282.0,649.0,446.0,715.0,164.0,66.0,
s15,d3,frame_0028.jpg,True,281.0,649.0,446.0,714.0,165.0,65.0,
s15,d3,frame_0029.jpg,True,282.0,648.0,446.0,713.0,164.0,65.0,
s15,d3,frame_0030.jpg,True,283.0,649.0,446.0,714.0,163.0,65.0,
s15,d3,frame_0031.jpg,True,283.0,649.0,445.0,714.0,162.0,65.0,
s15,d3,frame_0032.jpg,True,283.0,650.0,445.0,714.0,162.0,64.0,
s15,d3,frame_0033.jpg,True,283.0,652.0,445.0,715.0,162.0,63.0,
s15,d3,frame_0034.jpg,True,282.0,653.0,445.0,716.0,163.0,63.0,
s15,d3,frame_0035.jpg,True,281.0,651.0,443.0,716.0,162.0,65.0,
s15,d3,frame_0036.jpg,True,280.0,652.0,444.0,715.0,164.0,63.0,
s15,d3,frame_0037.jpg,True,279.0,652.0,443.0,715.0,164.0,63.0,
s15,d3,frame_0038.jpg,True,278.0,651.0,442.0,715.0,164.0,64.0,
s15,d4,frame_0001.jpg,True,284.0,640.0,451.0,708.0,167.0,68.0,
s15,d4,frame_0002.jpg,True,285.0,641.0,451.0,709.0,166.0,68.0,
s15,d4,frame_0003.jpg,True,285.0,641.0,451.0,709.0,166.0,68.0,
s15,d4,frame_0004.jpg,True,285.0,641.0,451.0,709.0,166.0,68.0,
s15,d4,frame_0005.jpg,True,284.0,641.0,451.0,710.0,167.0,69.0,
s15,d4,frame_0006.jpg,True,284.0,640.0,451.0,710.0,167.0,70.0,
s15,d4,frame_0007.jpg,True,283.0,640.0,451.0,710.0,168.0,70.0,
s15,d4,frame_0008.jpg,True,282.0,640.0,451.0,712.0,169.0,72.0,
s15,d4,frame_0009.jpg,True,283.0,639.0,451.0,714.0,168.0,75.0,
s15,d4,frame_0010.jpg,True,283.0,638.0,452.0,719.0,169.0,81.0,
s15,d4,frame_0011.jpg,True,283.0,639.0,452.0,723.0,169.0,84.0,
s15,d4,frame_0012.jpg,True,282.0,638.0,454.0,724.0,172.0,86.0,
s15,d4,frame_0013.jpg,True,282.0,639.0,454.0,723.0,172.0,84.0,
s15,d4,frame_0014.jpg,True,282.0,638.0,454.0,724.0,172.0,86.0,
s15,d4,frame_0015.jpg,True,280.0,638.0,455.0,725.0,175.0,87.0,
s15,d4,frame_0016.jpg,True,280.0,637.0,455.0,725.0,175.0,88.0,
s15,d4,frame_0017.jpg,True,280.0,636.0,456.0,725.0,176.0,89.0,
s15,d4,frame_0018.jpg,True,280.0,636.0,455.0,725.0,175.0,89.0,
s15,d4,frame_0019.jpg,True,279.0,636.0,455.0,725.0,176.0,89.0,
s15,d4,frame_0020.jpg,True,279.0,636.0,456.0,726.0,177.0,90.0,
s15,d4,frame_0021.jpg,True,279.0,636.0,456.0,727.0,177.0,91.0,
s15,d4,frame_0022.jpg,True,279.0,636.0,456.0,729.0,177.0,93.0,
s15,d4,frame_0023.jpg,True,280.0,638.0,456.0,731.0,176.0,93.0,
s15,d4,frame_0024.jpg,True,280.0,637.0,457.0,732.0,177.0,95.0,
s15,d4,frame_0025.jpg,True,280.0,637.0,457.0,732.0,177.0,95.0,
s15,d4,frame_0026.jpg,True,280.0,638.0,456.0,732.0,176.0,94.0,
s15,d4,frame_0027.jpg,True,279.0,638.0,456.0,731.0,177.0,93.0,
s15,d4,frame_0028.jpg,True,279.0,637.0,456.0,730.0,177.0,93.0,
s15,d4,frame_0029.jpg,True,280.0,637.0,457.0,729.0,177.0,92.0,
s15,d4,frame_0030.jpg,True,281.0,637.0,457.0,727.0,176.0,90.0,
s15,d4,frame_0031.jpg,True,282.0,638.0,459.0,727.0,177.0,89.0,
s15,d4,frame_0032.jpg,True,284.0,636.0,459.0,725.0,175.0,89.0,
s15,d4,frame_0033.jpg,True,284.0,635.0,461.0,722.0,177.0,87.0,
s15,d4,frame_0034.jpg,True,284.0,635.0,461.0,720.0,177.0,85.0,
s15,d4,frame_0035.jpg,True,284.0,635.0,459.0,718.0,175.0,83.0,
s15,d4,frame_0036.jpg,True,284.0,636.0,460.0,716.0,176.0,80.0,
s15,d4,frame_0037.jpg,True,284.0,635.0,459.0,714.0,175.0,79.0,
s15,d4,frame_0038.jpg,True,284.0,634.0,458.0,712.0,174.0,78.0,
s15,d4,frame_0039.jpg,True,282.0,634.0,458.0,712.0,176.0,78.0,
s15,d4,frame_0040.jpg,True,282.0,635.0,456.0,711.0,174.0,76.0,
s15,d4,frame_0041.jpg,True,282.0,636.0,455.0,711.0,173.0,75.0,
s15,d4,frame_0042.jpg,True,279.0,638.0,454.0,712.0,175.0,74.0,
s15,d4,frame_0043.jpg,True,278.0,640.0,453.0,713.0,175.0,73.0,
s15,d4,frame_0044.jpg,True,276.0,642.0,450.0,713.0,174.0,71.0,
s15,d4,frame_0045.jpg,True,276.0,643.0,450.0,714.0,174.0,71.0,
s15,d4,frame_0046.jpg,True,275.0,644.0,449.0,714.0,174.0,70.0,
s15,d4,frame_0047.jpg,True,273.0,644.0,448.0,714.0,175.0,70.0,
s15,d4,frame_0048.jpg,True,273.0,645.0,448.0,716.0,175.0,71.0,
s15,d4,frame_0049.jpg,True,273.0,647.0,446.0,717.0,173.0,70.0,
s15,d4,frame_0050.jpg,True,272.0,645.0,445.0,714.0,173.0,69.0,
s15,d4,frame_0051.jpg,True,271.0,643.0,445.0,711.0,174.0,68.0,
s15,d4,frame_0052.jpg,True,270.0,639.0,444.0,709.0,174.0,70.0,
s15,d4,frame_0053.jpg,True,268.0,638.0,444.0,707.0,176.0,69.0,
s15,d4,frame_0054.jpg,True,267.0,638.0,442.0,706.0,175.0,68.0,
s15,d4,frame_0055.jpg,True,266.0,639.0,440.0,709.0,174.0,70.0,
s15,d4,frame_0056.jpg,True,265.0,642.0,438.0,710.0,173.0,68.0,
s15,d5,frame_0001.jpg,True,256.0,631.0,430.0,702.0,174.0,71.0,
s15,d5,frame_0002.jpg,True,257.0,631.0,432.0,702.0,175.0,71.0,
s15,d5,frame_0003.jpg,True,259.0,630.0,433.0,702.0,174.0,72.0,
s15,d5,frame_0004.jpg,True,260.0,630.0,433.0,702.0,173.0,72.0,
s15,d5,frame_0005.jpg,True,261.0,630.0,435.0,703.0,174.0,73.0,
s15,d5,frame_0006.jpg,True,262.0,629.0,435.0,705.0,173.0,76.0,
s15,d5,frame_0007.jpg,True,263.0,630.0,434.0,716.0,171.0,86.0,
s15,d5,frame_0008.jpg,True,262.0,630.0,436.0,725.0,174.0,95.0,
s15,d5,frame_0009.jpg,True,263.0,630.0,436.0,730.0,173.0,100.0,
s15,d5,frame_0010.jpg,True,265.0,630.0,435.0,735.0,170.0,105.0,
s15,d5,frame_0011.jpg,True,267.0,630.0,438.0,738.0,171.0,108.0,
s15,d5,frame_0012.jpg,True,268.0,630.0,439.0,740.0,171.0,110.0,
s15,d5,frame_0013.jpg,True,269.0,630.0,440.0,741.0,171.0,111.0,
s15,d5,frame_0014.jpg,True,269.0,631.0,439.0,742.0,170.0,111.0,
s15,d5,frame_0015.jpg,True,268.0,633.0,440.0,742.0,172.0,109.0,
s15,d5,frame_0016.jpg,True,267.0,633.0,439.0,741.0,172.0,108.0,
s15,d5,frame_0017.jpg,True,266.0,633.0,438.0,739.0,172.0,106.0,
s15,d5,frame_0018.jpg,True,265.0,634.0,438.0,737.0,173.0,103.0,
s15,d5,frame_0019.jpg,True,265.0,634.0,438.0,736.0,173.0,102.0,
s15,d5,frame_0020.jpg,True,265.0,634.0,438.0,736.0,173.0,102.0,
s15,d5,frame_0021.jpg,True,266.0,634.0,438.0,735.0,172.0,101.0,
s15,d5,frame_0022.jpg,True,266.0,633.0,439.0,733.0,173.0,100.0,
s15,d5,frame_0023.jpg,True,266.0,632.0,440.0,733.0,174.0,101.0,
s15,d5,frame_0024.jpg,True,267.0,632.0,442.0,733.0,175.0,101.0,
s15,d5,frame_0025.jpg,True,267.0,633.0,442.0,732.0,175.0,99.0,
s15,d5,frame_0026.jpg,True,266.0,634.0,441.0,731.0,175.0,97.0,
s15,d5,frame_0027.jpg,True,266.0,635.0,443.0,729.0,177.0,94.0,
s15,d5,frame_0028.jpg,True,266.0,635.0,442.0,726.0,176.0,91.0,
s15,d5,frame_0029.jpg,True,267.0,636.0,441.0,723.0,174.0,87.0,
s15,d5,frame_0030.jpg,True,266.0,637.0,440.0,723.0,174.0,86.0,
s15,d5,frame_0031.jpg,True,267.0,639.0,439.0,722.0,172.0,83.0,
s15,d5,frame_0032.jpg,True,267.0,639.0,439.0,719.0,172.0,80.0,
s15,d5,frame_0033.jpg,True,265.0,638.0,439.0,714.0,174.0,76.0,
s15,d5,frame_0034.jpg,True,264.0,637.0,439.0,711.0,175.0,74.0,
s15,d5,frame_0035.jpg,True,263.0,636.0,437.0,710.0,174.0,74.0,
s15,d5,frame_0036.jpg,True,262.0,636.0,436.0,708.0,174.0,72.0,
s15,d5,frame_0037.jpg,True,261.0,636.0,436.0,706.0,175.0,70.0,
s15,d5,frame_0038.jpg,True,261.0,635.0,435.0,705.0,174.0,70.0,
s15,d5,frame_0039.jpg,True,261.0,635.0,437.0,704.0,176.0,69.0,
s15,d5,frame_0040.jpg,True,261.0,635.0,438.0,704.0,177.0,69.0,
s15,d5,frame_0041.jpg,True,261.0,635.0,436.0,704.0,175.0,69.0,
s15,d5,frame_0042.jpg,True,262.0,635.0,437.0,704.0,175.0,69.0,
s15,d5,frame_0043.jpg,True,262.0,635.0,438.0,704.0,176.0,69.0,
s15,d5,frame_0044.jpg,True,261.0,633.0,438.0,702.0,177.0,69.0,
s15,d5,frame_0045.jpg,True,260.0,631.0,436.0,701.0,176.0,70.0,
s15,d5,frame_0046.jpg,True,259.0,630.0,435.0,700.0,176.0,70.0,
s15,d5,frame_0047.jpg,True,257.0,630.0,433.0,699.0,176.0,69.0,
s15,d5,frame_0048.jpg,True,256.0,629.0,432.0,698.0,176.0,69.0,
s15,d5,frame_0049.jpg,True,255.0,628.0,432.0,697.0,177.0,69.0,
s15,d5,frame_0050.jpg,True,255.0,627.0,432.0,697.0,177.0,70.0,
s15,d5,frame_0051.jpg,True,256.0,627.0,432.0,696.0,176.0,69.0,
s15,d5,frame_0052.jpg,True,257.0,627.0,433.0,695.0,176.0,68.0,
s15,d5,frame_0053.jpg,True,257.0,626.0,433.0,695.0,176.0,69.0,
s15,d6,frame_0001.jpg,True,271.0,622.0,442.0,690.0,171.0,68.0,
s15,d6,frame_0002.jpg,True,271.0,623.0,442.0,692.0,171.0,69.0,
s15,d6,frame_0003.jpg,True,270.0,623.0,442.0,693.0,172.0,70.0,
s15,d6,frame_0004.jpg,True,271.0,623.0,441.0,692.0,170.0,69.0,
s15,d6,frame_0005.jpg,True,271.0,624.0,441.0,694.0,170.0,70.0,
s15,d6,frame_0006.jpg,True,271.0,623.0,443.0,695.0,172.0,72.0,
s15,d6,frame_0007.jpg,True,272.0,621.0,442.0,694.0,170.0,73.0,
s15,d6,frame_0008.jpg,True,272.0,622.0,444.0,694.0,172.0,72.0,
s15,d6,frame_0009.jpg,True,272.0,622.0,443.0,694.0,171.0,72.0,
s15,d6,frame_0010.jpg,True,272.0,623.0,444.0,694.0,172.0,71.0,
s15,d6,frame_0011.jpg,True,273.0,624.0,443.0,695.0,170.0,71.0,
s15,d6,frame_0012.jpg,True,273.0,623.0,444.0,695.0,171.0,72.0,
s15,d6,frame_0013.jpg,True,273.0,623.0,443.0,695.0,170.0,72.0,
s15,d6,frame_0014.jpg,True,274.0,623.0,444.0,696.0,170.0,73.0,
s15,d6,frame_0015.jpg,True,275.0,623.0,443.0,696.0,168.0,73.0,
s15,d6,frame_0016.jpg,True,275.0,623.0,443.0,696.0,168.0,73.0,
s15,d6,frame_0017.jpg,True,275.0,624.0,443.0,697.0,168.0,73.0,
s15,d6,frame_0018.jpg,True,276.0,626.0,443.0,698.0,167.0,72.0,
s15,d6,frame_0019.jpg,True,276.0,626.0,443.0,699.0,167.0,73.0,
s15,d6,frame_0020.jpg,True,278.0,627.0,444.0,700.0,166.0,73.0,
s15,d6,frame_0021.jpg,True,278.0,627.0,444.0,704.0,166.0,77.0,
s15,d6,frame_0022.jpg,True,279.0,627.0,443.0,710.0,164.0,83.0,
s15,d6,frame_0023.jpg,True,280.0,627.0,443.0,711.0,163.0,84.0,
s15,d6,frame_0024.jpg,True,280.0,625.0,443.0,712.0,163.0,87.0,
s15,d6,frame_0025.jpg,True,281.0,624.0,442.0,715.0,161.0,91.0,
s15,d6,frame_0026.jpg,True,284.0,624.0,440.0,718.0,156.0,94.0,
s15,d6,frame_0027.jpg,True,285.0,623.0,439.0,720.0,154.0,97.0,
s15,d6,frame_0028.jpg,True,287.0,624.0,436.0,722.0,149.0,98.0,
s15,d6,frame_0029.jpg,True,290.0,626.0,436.0,723.0,146.0,97.0,
s15,d6,frame_0030.jpg,True,291.0,626.0,435.0,723.0,144.0,97.0,
s15,d6,frame_0031.jpg,True,294.0,628.0,436.0,725.0,142.0,97.0,
s15,d6,frame_0032.jpg,True,295.0,629.0,436.0,724.0,141.0,95.0,
s15,d6,frame_0033.jpg,True,296.0,629.0,437.0,723.0,141.0,94.0,
s15,d6,frame_0034.jpg,True,297.0,630.0,438.0,723.0,141.0,93.0,
s15,d6,frame_0035.jpg,True,298.0,631.0,440.0,725.0,142.0,94.0,
s15,d6,frame_0036.jpg,True,299.0,632.0,440.0,725.0,141.0,93.0,
s15,d6,frame_0037.jpg,True,299.0,632.0,440.0,725.0,141.0,93.0,
s15,d6,frame_0038.jpg,True,296.0,631.0,441.0,723.0,145.0,92.0,
s15,d6,frame_0039.jpg,True,295.0,630.0,443.0,722.0,148.0,92.0,
s15,d6,frame_0040.jpg,True,295.0,630.0,444.0,721.0,149.0,91.0,
s15,d6,frame_0041.jpg,True,293.0,630.0,446.0,721.0,153.0,91.0,
s15,d6,frame_0042.jpg,True,292.0,630.0,449.0,721.0,157.0,91.0,
s15,d6,frame_0043.jpg,True,291.0,629.0,452.0,720.0,161.0,91.0,
s15,d6,frame_0044.jpg,True,289.0,630.0,452.0,718.0,163.0,88.0,
s15,d6,frame_0045.jpg,True,290.0,631.0,451.0,718.0,161.0,87.0,
s15,d6,frame_0046.jpg,True,289.0,632.0,451.0,718.0,162.0,86.0,
s15,d6,frame_0047.jpg,True,287.0,631.0,452.0,716.0,165.0,85.0,
s15,d6,frame_0048.jpg,True,287.0,631.0,452.0,715.0,165.0,84.0,
s15,d6,frame_0049.jpg,True,285.0,631.0,451.0,714.0,166.0,83.0,
s15,d6,frame_0050.jpg,True,284.0,632.0,451.0,714.0,167.0,82.0,
s15,d6,frame_0051.jpg,True,283.0,632.0,451.0,713.0,168.0,81.0,
s15,d6,frame_0052.jpg,True,284.0,632.0,451.0,714.0,167.0,82.0,
s15,d6,frame_0053.jpg,True,284.0,632.0,451.0,714.0,167.0,82.0,
s15,d6,frame_0054.jpg,True,284.0,632.0,452.0,713.0,168.0,81.0,
s15,d6,frame_0055.jpg,True,285.0,630.0,454.0,712.0,169.0,82.0,
s15,d6,frame_0056.jpg,True,285.0,629.0,454.0,710.0,169.0,81.0,
s15,d6,frame_0057.jpg,True,285.0,629.0,454.0,709.0,169.0,80.0,
s15,d6,frame_0058.jpg,True,284.0,629.0,454.0,709.0,170.0,80.0,
s15,d6,frame_0059.jpg,True,283.0,628.0,453.0,708.0,170.0,80.0,
s15,d6,frame_0060.jpg,True,282.0,628.0,452.0,708.0,170.0,80.0,
s15,d6,frame_0061.jpg,True,280.0,628.0,451.0,708.0,171.0,80.0,
s15,d6,frame_0062.jpg,True,278.0,628.0,449.0,709.0,171.0,81.0,
s15,d6,frame_0063.jpg,True,276.0,629.0,447.0,709.0,171.0,80.0,
s15,d6,frame_0064.jpg,True,275.0,629.0,445.0,709.0,170.0,80.0,
s15,d6,frame_0065.jpg,True,273.0,629.0,444.0,709.0,171.0,80.0,
s15,d6,frame_0066.jpg,True,272.0,629.0,443.0,707.0,171.0,78.0,
s15,d6,frame_0067.jpg,True,271.0,629.0,442.0,707.0,171.0,78.0,
s15,d6,frame_0068.jpg,True,271.0,630.0,442.0,708.0,171.0,78.0,
s15,d6,frame_0069.jpg,True,272.0,631.0,441.0,708.0,169.0,77.0,
s15,d6,frame_0070.jpg,True,271.0,629.0,442.0,706.0,171.0,77.0,
s15,d6,frame_0071.jpg,True,272.0,628.0,442.0,705.0,170.0,77.0,
s15,d6,frame_0072.jpg,True,272.0,628.0,442.0,705.0,170.0,77.0,
s15,d6,frame_0073.jpg,True,271.0,628.0,442.0,704.0,171.0,76.0,
s15,d6,frame_0074.jpg,True,270.0,627.0,440.0,704.0,170.0,77.0,
s15,d6,frame_0075.jpg,True,272.0,627.0,440.0,703.0,168.0,76.0,
s15,d6,frame_0076.jpg,True,271.0,626.0,440.0,703.0,169.0,77.0,
s15,d6,frame_0077.jpg,True,271.0,625.0,441.0,701.0,170.0,76.0,
s15,d6,frame_0078.jpg,True,271.0,623.0,440.0,699.0,169.0,76.0,
s15,d6,frame_0079.jpg,True,270.0,622.0,439.0,697.0,169.0,75.0,
s15,d6,frame_0080.jpg,True,269.0,618.0,439.0,693.0,170.0,75.0,
s15,d6,frame_0081.jpg,True,270.0,612.0,439.0,687.0,169.0,75.0,
s15,d6,frame_0082.jpg,True,271.0,607.0,438.0,681.0,167.0,74.0,
s15,d6,frame_0083.jpg,True,271.0,603.0,440.0,678.0,169.0,75.0,
s15,d6,frame_0084.jpg,True,272.0,601.0,441.0,676.0,169.0,75.0,
s15,d6,frame_0085.jpg,True,272.0,600.0,442.0,674.0,170.0,74.0,
s15,d7,frame_0001.jpg,True,279.0,620.0,442.0,690.0,163.0,70.0,
s15,d7,frame_0002.jpg,True,278.0,620.0,441.0,690.0,163.0,70.0,
s15,d7,frame_0003.jpg,True,277.0,621.0,440.0,691.0,163.0,70.0,
s15,d7,frame_0004.jpg,True,277.0,620.0,440.0,690.0,163.0,70.0,
s15,d7,frame_0005.jpg,True,277.0,619.0,439.0,688.0,162.0,69.0,
s15,d7,frame_0006.jpg,True,277.0,617.0,440.0,688.0,163.0,71.0,
s15,d7,frame_0007.jpg,True,277.0,616.0,441.0,686.0,164.0,70.0,
s15,d7,frame_0008.jpg,True,277.0,614.0,441.0,685.0,164.0,71.0,
s15,d7,frame_0009.jpg,True,277.0,614.0,442.0,685.0,165.0,71.0,
s15,d7,frame_0010.jpg,True,277.0,614.0,442.0,684.0,165.0,70.0,
s15,d7,frame_0011.jpg,True,278.0,614.0,442.0,686.0,164.0,72.0,
s15,d7,frame_0012.jpg,True,278.0,614.0,443.0,685.0,165.0,71.0,
s15,d7,frame_0013.jpg,True,278.0,614.0,444.0,685.0,166.0,71.0,
s15,d7,frame_0014.jpg,True,278.0,614.0,443.0,686.0,165.0,72.0,
s15,d7,frame_0015.jpg,True,278.0,614.0,442.0,689.0,164.0,75.0,
s15,d7,frame_0016.jpg,True,277.0,615.0,442.0,691.0,165.0,76.0,
s15,d7,frame_0017.jpg,True,277.0,615.0,441.0,696.0,164.0,81.0,
s15,d7,frame_0018.jpg,True,278.0,616.0,441.0,700.0,163.0,84.0,
s15,d7,frame_0019.jpg,True,278.0,615.0,443.0,700.0,165.0,85.0,
s15,d7,frame_0020.jpg,True,277.0,614.0,443.0,700.0,166.0,86.0,
s15,d7,frame_0021.jpg,True,278.0,615.0,446.0,700.0,168.0,85.0,
s15,d7,frame_0022.jpg,True,279.0,615.0,448.0,699.0,169.0,84.0,
s15,d7,frame_0023.jpg,True,279.0,615.0,448.0,700.0,169.0,85.0,
s15,d7,frame_0024.jpg,True,279.0,615.0,448.0,702.0,169.0,87.0,
s15,d7,frame_0025.jpg,True,279.0,616.0,448.0,704.0,169.0,88.0,
s15,d7,frame_0026.jpg,True,279.0,616.0,448.0,706.0,169.0,90.0,
s15,d7,frame_0027.jpg,True,279.0,616.0,449.0,709.0,170.0,93.0,
s15,d7,frame_0028.jpg,True,281.0,616.0,449.0,713.0,168.0,97.0,
s15,d7,frame_0029.jpg,True,280.0,617.0,449.0,716.0,169.0,99.0,
s15,d7,frame_0030.jpg,True,280.0,618.0,450.0,716.0,170.0,98.0,
s15,d7,frame_0031.jpg,True,280.0,618.0,450.0,717.0,170.0,99.0,
s15,d7,frame_0032.jpg,True,281.0,618.0,450.0,716.0,169.0,98.0,
s15,d7,frame_0033.jpg,True,281.0,618.0,450.0,714.0,169.0,96.0,
s15,d7,frame_0034.jpg,True,281.0,618.0,451.0,712.0,170.0,94.0,
s15,d7,frame_0035.jpg,True,282.0,619.0,452.0,710.0,170.0,91.0,
s15,d7,frame_0036.jpg,True,282.0,620.0,452.0,707.0,170.0,87.0,
s15,d7,frame_0037.jpg,True,282.0,620.0,453.0,705.0,171.0,85.0,
s15,d7,frame_0038.jpg,True,281.0,620.0,453.0,702.0,172.0,82.0,
s15,d7,frame_0039.jpg,True,281.0,620.0,454.0,700.0,173.0,80.0,
s15,d7,frame_0040.jpg,True,280.0,621.0,455.0,700.0,175.0,79.0,
s15,d7,frame_0041.jpg,True,281.0,621.0,456.0,700.0,175.0,79.0,
s15,d7,frame_0042.jpg,True,281.0,621.0,456.0,700.0,175.0,79.0,
s15,d7,frame_0043.jpg,True,282.0,621.0,459.0,698.0,177.0,77.0,
s15,d7,frame_0044.jpg,True,283.0,621.0,461.0,695.0,178.0,74.0,
s15,d7,frame_0045.jpg,True,284.0,622.0,463.0,693.0,179.0,71.0,
s15,d7,frame_0046.jpg,True,286.0,622.0,465.0,691.0,179.0,69.0,
s15,d7,frame_0047.jpg,True,287.0,623.0,466.0,690.0,179.0,67.0,
s15,d7,frame_0048.jpg,True,288.0,624.0,467.0,691.0,179.0,67.0,
s15,d7,frame_0049.jpg,True,290.0,624.0,468.0,690.0,178.0,66.0,
s15,d7,frame_0050.jpg,True,292.0,622.0,468.0,689.0,176.0,67.0,
s15,d7,frame_0051.jpg,True,293.0,619.0,472.0,685.0,179.0,66.0,
s15,d7,frame_0052.jpg,True,295.0,619.0,474.0,682.0,179.0,63.0,
s15,d7,frame_0053.jpg,True,298.0,618.0,475.0,682.0,177.0,64.0,
s15,d7,frame_0054.jpg,True,298.0,615.0,476.0,677.0,178.0,62.0,
s15,d7,frame_0055.jpg,True,297.0,612.0,475.0,676.0,178.0,64.0,
s15,d8,frame_0001.jpg,True,292.0,619.0,456.0,691.0,164.0,72.0,
s15,d8,frame_0002.jpg,True,292.0,621.0,454.0,694.0,162.0,73.0,
s15,d8,frame_0003.jpg,True,292.0,622.0,454.0,694.0,162.0,72.0,
s15,d8,frame_0004.jpg,True,294.0,622.0,455.0,694.0,161.0,72.0,
s15,d8,frame_0005.jpg,True,294.0,621.0,456.0,693.0,162.0,72.0,
s15,d8,frame_0006.jpg,True,294.0,622.0,456.0,693.0,162.0,71.0,
s15,d8,frame_0007.jpg,True,295.0,623.0,456.0,692.0,161.0,69.0,
s15,d8,frame_0008.jpg,True,295.0,623.0,456.0,691.0,161.0,68.0,
s15,d8,frame_0009.jpg,True,293.0,625.0,454.0,691.0,161.0,66.0,
s15,d8,frame_0010.jpg,True,292.0,625.0,453.0,691.0,161.0,66.0,
s15,d8,frame_0011.jpg,True,290.0,625.0,453.0,691.0,163.0,66.0,
s15,d8,frame_0012.jpg,True,291.0,626.0,452.0,690.0,161.0,64.0,
s15,d8,frame_0013.jpg,True,290.0,627.0,452.0,689.0,162.0,62.0,
s15,d8,frame_0014.jpg,True,289.0,628.0,453.0,693.0,164.0,65.0,
s15,d8,frame_0015.jpg,True,291.0,630.0,453.0,695.0,162.0,65.0,
s15,d8,frame_0016.jpg,True,289.0,631.0,454.0,695.0,165.0,64.0,
s15,d8,frame_0017.jpg,True,290.0,633.0,454.0,697.0,164.0,64.0,
s15,d8,frame_0018.jpg,True,289.0,633.0,455.0,702.0,166.0,69.0,
s15,d8,frame_0019.jpg,True,289.0,629.0,457.0,713.0,168.0,84.0,
s15,d8,frame_0020.jpg,True,286.0,629.0,459.0,725.0,173.0,96.0,
s15,d8,frame_0021.jpg,True,285.0,630.0,459.0,731.0,174.0,101.0,
s15,d8,frame_0022.jpg,True,282.0,629.0,461.0,732.0,179.0,103.0,
s15,d8,frame_0023.jpg,True,280.0,629.0,462.0,732.0,182.0,103.0,
s15,d8,frame_0024.jpg,True,279.0,630.0,461.0,730.0,182.0,100.0,
s15,d8,frame_0025.jpg,True,278.0,630.0,461.0,723.0,183.0,93.0,
s15,d8,frame_0026.jpg,True,279.0,628.0,460.0,719.0,181.0,91.0,
s15,d8,frame_0027.jpg,True,280.0,628.0,460.0,716.0,180.0,88.0,
s15,d8,frame_0028.jpg,True,280.0,628.0,459.0,714.0,179.0,86.0,
s15,d8,frame_0029.jpg,True,280.0,627.0,458.0,713.0,178.0,86.0,
s15,d8,frame_0030.jpg,True,281.0,628.0,458.0,712.0,177.0,84.0,
s15,d8,frame_0031.jpg,True,280.0,627.0,459.0,709.0,179.0,82.0,
s15,d8,frame_0032.jpg,True,281.0,626.0,460.0,707.0,179.0,81.0,
s15,d8,frame_0033.jpg,True,282.0,627.0,460.0,708.0,178.0,81.0,
s15,d8,frame_0034.jpg,True,284.0,628.0,460.0,708.0,176.0,80.0,
s15,d8,frame_0035.jpg,True,284.0,628.0,461.0,707.0,177.0,79.0,
s15,d8,frame_0036.jpg,True,286.0,628.0,462.0,706.0,176.0,78.0,
s15,d8,frame_0037.jpg,True,286.0,629.0,463.0,705.0,177.0,76.0,
s15,d8,frame_0038.jpg,True,286.0,629.0,463.0,703.0,177.0,74.0,
s15,d8,frame_0039.jpg,True,285.0,628.0,463.0,701.0,178.0,73.0,
s15,d8,frame_0040.jpg,True,284.0,627.0,463.0,699.0,179.0,72.0,
s15,d8,frame_0041.jpg,True,284.0,627.0,462.0,697.0,178.0,70.0,
s15,d8,frame_0042.jpg,True,284.0,628.0,461.0,696.0,177.0,68.0,
s15,d8,frame_0043.jpg,True,285.0,629.0,459.0,694.0,174.0,65.0,
s15,d8,frame_0044.jpg,True,286.0,628.0,459.0,694.0,173.0,66.0,
s15,d8,frame_0045.jpg,True,287.0,628.0,459.0,694.0,172.0,66.0,
s15,d8,frame_0046.jpg,True,290.0,628.0,459.0,693.0,169.0,65.0,
s15,d8,frame_0047.jpg,True,291.0,628.0,459.0,693.0,168.0,65.0,
s15,d8,frame_0048.jpg,True,292.0,628.0,459.0,692.0,167.0,64.0,
s15,d8,frame_0049.jpg,True,292.0,627.0,460.0,691.0,168.0,64.0,
s15,d8,frame_0050.jpg,True,293.0,627.0,459.0,690.0,166.0,63.0,
s15,d8,frame_0051.jpg,True,293.0,625.0,460.0,690.0,167.0,65.0,
s15,d8,frame_0052.jpg,True,292.0,624.0,460.0,690.0,168.0,66.0,
s15,d8,frame_0053.jpg,True,292.0,625.0,460.0,690.0,168.0,65.0,
s15,d8,frame_0054.jpg,True,292.0,625.0,460.0,690.0,168.0,65.0,
s15,d8,frame_0055.jpg,True,293.0,624.0,459.0,690.0,166.0,66.0,
s15,d9,frame_0001.jpg,True,283.0,633.0,448.0,704.0,165.0,71.0,
s15,d9,frame_0002.jpg,True,283.0,634.0,448.0,705.0,165.0,71.0,
s15,d9,frame_0003.jpg,True,282.0,635.0,448.0,706.0,166.0,71.0,
s15,d9,frame_0004.jpg,True,281.0,635.0,446.0,706.0,165.0,71.0,
s15,d9,frame_0005.jpg,True,283.0,634.0,445.0,706.0,162.0,72.0,
s15,d9,frame_0006.jpg,True,282.0,634.0,444.0,707.0,162.0,73.0,
s15,d9,frame_0007.jpg,True,282.0,634.0,445.0,708.0,163.0,74.0,
s15,d9,frame_0008.jpg,True,282.0,631.0,443.0,716.0,161.0,85.0,
s15,d9,frame_0009.jpg,True,284.0,631.0,441.0,722.0,157.0,91.0,
s15,d9,frame_0010.jpg,True,284.0,631.0,441.0,727.0,157.0,96.0,
s15,d9,frame_0011.jpg,True,282.0,632.0,441.0,729.0,159.0,97.0,
s15,d9,frame_0012.jpg,True,280.0,631.0,443.0,729.0,163.0,98.0,
s15,d9,frame_0013.jpg,True,277.0,631.0,441.0,728.0,164.0,97.0,
s15,d9,frame_0014.jpg,True,276.0,630.0,442.0,726.0,166.0,96.0,
s15,d9,frame_0015.jpg,True,273.0,628.0,441.0,724.0,168.0,96.0,
s15,d9,frame_0016.jpg,True,273.0,627.0,441.0,723.0,168.0,96.0,
s15,d9,frame_0017.jpg,True,272.0,625.0,441.0,722.0,169.0,97.0,
s15,d9,frame_0018.jpg,True,272.0,625.0,441.0,721.0,169.0,96.0,
s15,d9,frame_0019.jpg,True,271.0,624.0,441.0,723.0,170.0,99.0,
s15,d9,frame_0020.jpg,True,270.0,623.0,439.0,725.0,169.0,102.0,
s15,d9,frame_0021.jpg,True,271.0,625.0,436.0,730.0,165.0,105.0,
s15,d9,frame_0022.jpg,True,272.0,626.0,435.0,736.0,163.0,110.0,
s15,d9,frame_0023.jpg,True,273.0,628.0,433.0,741.0,160.0,113.0,
s15,d9,frame_0024.jpg,True,275.0,631.0,430.0,743.0,155.0,112.0,
s15,d9,frame_0025.jpg,True,277.0,634.0,428.0,740.0,151.0,106.0,
s15,d9,frame_0026.jpg,True,278.0,637.0,426.0,734.0,148.0,97.0,
s15,d9,frame_0027.jpg,True,278.0,639.0,423.0,729.0,145.0,90.0,
s15,d9,frame_0028.jpg,True,277.0,639.0,424.0,724.0,147.0,85.0,
s15,d9,frame_0029.jpg,True,276.0,639.0,425.0,722.0,149.0,83.0,
s15,d9,frame_0030.jpg,True,276.0,638.0,426.0,720.0,150.0,82.0,
s15,d9,frame_0031.jpg,True,278.0,638.0,427.0,719.0,149.0,81.0,
s15,d9,frame_0032.jpg,True,277.0,636.0,427.0,718.0,150.0,82.0,
s15,d9,frame_0033.jpg,True,276.0,636.0,430.0,717.0,154.0,81.0,
s15,d9,frame_0034.jpg,True,275.0,637.0,430.0,716.0,155.0,79.0,
s15,d9,frame_0035.jpg,True,274.0,638.0,430.0,716.0,156.0,78.0,
s15,d9,frame_0036.jpg,True,274.0,640.0,430.0,715.0,156.0,75.0,
s15,d9,frame_0037.jpg,True,274.0,641.0,430.0,715.0,156.0,74.0,
s15,d9,frame_0038.jpg,True,275.0,642.0,431.0,716.0,156.0,74.0,
s15,d9,frame_0039.jpg,True,275.0,642.0,433.0,715.0,158.0,73.0,
s15,d9,frame_0040.jpg,True,275.0,640.0,433.0,713.0,158.0,73.0,
s15,d9,frame_0041.jpg,True,275.0,640.0,435.0,712.0,160.0,72.0,
s15,d9,frame_0042.jpg,True,275.0,638.0,435.0,711.0,160.0,73.0,
s15,d9,frame_0043.jpg,True,274.0,635.0,435.0,710.0,161.0,75.0,
s15,d9,frame_0044.jpg,True,273.0,636.0,433.0,709.0,160.0,73.0,
s15,d9,frame_0045.jpg,True,274.0,636.0,434.0,710.0,160.0,74.0,
s15,d9,frame_0046.jpg,True,275.0,636.0,433.0,710.0,158.0,74.0,
s15,d9,frame_0047.jpg,True,276.0,635.0,434.0,709.0,158.0,74.0,
s15,d9,frame_0048.jpg,True,276.0,635.0,435.0,709.0,159.0,74.0,
s15,d9,frame_0049.jpg,True,276.0,635.0,434.0,709.0,158.0,74.0,
s15,d9,frame_0050.jpg,True,276.0,635.0,435.0,709.0,159.0,74.0,
s15,d9,frame_0051.jpg,True,275.0,635.0,433.0,708.0,158.0,73.0,
s15,d9,frame_0052.jpg,True,275.0,635.0,434.0,709.0,159.0,74.0,
s15,d9,frame_0053.jpg,True,273.0,635.0,434.0,708.0,161.0,73.0,
s15,d10,frame_0001.jpg,True,272.0,644.0,430.0,713.0,158.0,69.0,
s15,d10,frame_0002.jpg,True,270.0,642.0,431.0,712.0,161.0,70.0,
s15,d10,frame_0003.jpg,True,269.0,641.0,432.0,711.0,163.0,70.0,
s15,d10,frame_0004.jpg,True,268.0,640.0,432.0,712.0,164.0,72.0,
s15,d10,frame_0005.jpg,True,268.0,638.0,431.0,716.0,163.0,78.0,
s15,d10,frame_0006.jpg,True,268.0,637.0,432.0,720.0,164.0,83.0,
s15,d10,frame_0007.jpg,True,266.0,635.0,432.0,721.0,166.0,86.0,
s15,d10,frame_0008.jpg,True,266.0,634.0,435.0,721.0,169.0,87.0,
s15,d10,frame_0009.jpg,True,265.0,633.0,435.0,720.0,170.0,87.0,
s15,d10,frame_0010.jpg,True,265.0,633.0,437.0,720.0,172.0,87.0,
s15,d10,frame_0011.jpg,True,264.0,633.0,437.0,719.0,173.0,86.0,
s15,d10,frame_0012.jpg,True,264.0,633.0,437.0,720.0,173.0,87.0,
s15,d10,frame_0013.jpg,True,264.0,634.0,438.0,722.0,174.0,88.0,
s15,d10,frame_0014.jpg,True,264.0,634.0,438.0,723.0,174.0,89.0,
s15,d10,frame_0015.jpg,True,264.0,635.0,439.0,725.0,175.0,90.0,
s15,d10,frame_0016.jpg,True,267.0,638.0,440.0,730.0,173.0,92.0,
s15,d10,frame_0017.jpg,True,271.0,643.0,441.0,728.0,170.0,85.0,
s15,d10,frame_0018.jpg,True,272.0,650.0,439.0,722.0,167.0,72.0,
s15,d10,frame_0019.jpg,True,273.0,653.0,439.0,720.0,166.0,67.0,
s15,d10,frame_0020.jpg,True,273.0,654.0,438.0,719.0,165.0,65.0,
s15,d10,frame_0021.jpg,True,273.0,653.0,435.0,717.0,162.0,64.0,
s15,d10,frame_0022.jpg,True,272.0,653.0,434.0,716.0,162.0,63.0,
s15,d10,frame_0023.jpg,True,272.0,654.0,433.0,715.0,161.0,61.0,
s15,d10,frame_0024.jpg,True,273.0,653.0,432.0,715.0,159.0,62.0,
s15,d10,frame_0025.jpg,True,273.0,653.0,431.0,715.0,158.0,62.0,
s15,d10,frame_0026.jpg,True,273.0,652.0,432.0,715.0,159.0,63.0,
s15,d10,frame_0027.jpg,True,273.0,652.0,431.0,716.0,158.0,64.0,
s15,d10,frame_0028.jpg,True,273.0,651.0,433.0,715.0,160.0,64.0,
s15,d10,frame_0029.jpg,True,273.0,651.0,433.0,715.0,160.0,64.0,
s15,d10,frame_0030.jpg,True,274.0,651.0,433.0,715.0,159.0,64.0,
s15,d10,frame_0031.jpg,True,275.0,649.0,434.0,714.0,159.0,65.0,
s15,d10,frame_0032.jpg,True,276.0,648.0,434.0,714.0,158.0,66.0,
s15,d10,frame_0033.jpg,True,276.0,647.0,436.0,713.0,160.0,66.0,
s15,d10,frame_0034.jpg,True,276.0,647.0,437.0,712.0,161.0,65.0,
s15,d10,frame_0035.jpg,True,277.0,647.0,437.0,712.0,160.0,65.0,
s15,d10,frame_0036.jpg,True,278.0,646.0,438.0,711.0,160.0,65.0,
s15,d10,frame_0037.jpg,True,280.0,645.0,439.0,710.0,159.0,65.0,
s15,d10,frame_0038.jpg,True,281.0,644.0,441.0,709.0,160.0,65.0,
s15,d10,frame_0039.jpg,True,283.0,643.0,444.0,706.0,161.0,63.0,
s15,d10,frame_0040.jpg,True,286.0,641.0,445.0,706.0,159.0,65.0,
s15,d10,frame_0041.jpg,True,287.0,642.0,446.0,708.0,159.0,66.0,
s15,d10,frame_0042.jpg,True,288.0,643.0,447.0,709.0,159.0,66.0,
s15,d10,frame_0043.jpg,True,288.0,644.0,447.0,710.0,159.0,66.0,
s16,d0,frame_0001.jpg,True,278.0,622.0,416.0,694.0,138.0,72.0,
s16,d0,frame_0002.jpg,True,278.0,623.0,417.0,694.0,139.0,71.0,
s16,d0,frame_0003.jpg,True,278.0,623.0,417.0,696.0,139.0,73.0,
s16,d0,frame_0004.jpg,True,278.0,622.0,415.0,698.0,137.0,76.0,
s16,d0,frame_0005.jpg,True,280.0,622.0,414.0,700.0,134.0,78.0,
s16,d0,frame_0006.jpg,True,279.0,624.0,414.0,702.0,135.0,78.0,
s16,d0,frame_0007.jpg,True,279.0,625.0,414.0,702.0,135.0,77.0,
s16,d0,frame_0008.jpg,True,280.0,628.0,414.0,702.0,134.0,74.0,
s16,d0,frame_0009.jpg,True,281.0,633.0,415.0,700.0,134.0,67.0,
s16,d0,frame_0010.jpg,True,282.0,636.0,415.0,699.0,133.0,63.0,
s16,d0,frame_0011.jpg,True,284.0,638.0,415.0,700.0,131.0,62.0,
s16,d0,frame_0012.jpg,True,285.0,638.0,417.0,700.0,132.0,62.0,
s16,d0,frame_0013.jpg,True,286.0,637.0,418.0,706.0,132.0,69.0,
s16,d0,frame_0014.jpg,True,288.0,636.0,417.0,711.0,129.0,75.0,
s16,d0,frame_0015.jpg,True,288.0,635.0,418.0,714.0,130.0,79.0,
s16,d0,frame_0016.jpg,True,288.0,634.0,418.0,713.0,130.0,79.0,
s16,d0,frame_0017.jpg,True,287.0,633.0,418.0,711.0,131.0,78.0,
s16,d0,frame_0018.jpg,True,285.0,634.0,418.0,708.0,133.0,74.0,
s16,d0,frame_0019.jpg,True,284.0,634.0,417.0,708.0,133.0,74.0,
s16,d0,frame_0020.jpg,True,284.0,634.0,417.0,708.0,133.0,74.0,
s16,d0,frame_0021.jpg,True,283.0,635.0,416.0,707.0,133.0,72.0,
s16,d0,frame_0022.jpg,True,283.0,636.0,415.0,707.0,132.0,71.0,
s16,d0,frame_0023.jpg,True,282.0,636.0,415.0,707.0,133.0,71.0,
s16,d0,frame_0024.jpg,True,282.0,636.0,415.0,708.0,133.0,72.0,
s16,d0,frame_0025.jpg,True,285.0,638.0,416.0,706.0,131.0,68.0,
s16,d0,frame_0026.jpg,True,286.0,639.0,416.0,706.0,130.0,67.0,
s16,d0,frame_0027.jpg,True,286.0,639.0,417.0,707.0,131.0,68.0,
s16,d0,frame_0028.jpg,True,285.0,639.0,418.0,708.0,133.0,69.0,
s16,d0,frame_0029.jpg,True,285.0,640.0,419.0,707.0,134.0,67.0,
s16,d0,frame_0030.jpg,True,285.0,642.0,419.0,705.0,134.0,63.0,
s16,d0,frame_0031.jpg,True,285.0,643.0,418.0,704.0,133.0,61.0,
s16,d0,frame_0032.jpg,True,287.0,643.0,417.0,703.0,130.0,60.0,
s16,d0,frame_0033.jpg,True,286.0,644.0,417.0,703.0,131.0,59.0,
s16,d0,frame_0034.jpg,True,286.0,643.0,416.0,703.0,130.0,60.0,
s16,d0,frame_0035.jpg,True,285.0,641.0,415.0,703.0,130.0,62.0,
s16,d0,frame_0036.jpg,True,285.0,641.0,414.0,702.0,129.0,61.0,
s16,d0,frame_0037.jpg,True,285.0,640.0,414.0,702.0,129.0,62.0,
s16,d0,frame_0038.jpg,True,284.0,639.0,415.0,702.0,131.0,63.0,
s16,d0,frame_0039.jpg,True,284.0,639.0,415.0,702.0,131.0,63.0,
s16,d0,frame_0040.jpg,True,285.0,639.0,415.0,703.0,130.0,64.0,
s16,d0,frame_0041.jpg,True,285.0,639.0,415.0,703.0,130.0,64.0,
s16,d0,frame_0042.jpg,True,285.0,638.0,416.0,703.0,131.0,65.0,
s16,d0,frame_0043.jpg,True,285.0,637.0,416.0,703.0,131.0,66.0,
s16,d0,frame_0044.jpg,True,285.0,637.0,415.0,702.0,130.0,65.0,
s16,d0,frame_0045.jpg,True,284.0,636.0,415.0,702.0,131.0,66.0,
s16,d0,frame_0046.jpg,True,281.0,633.0,415.0,702.0,134.0,69.0,
s16,d0,frame_0047.jpg,True,281.0,632.0,414.0,702.0,133.0,70.0,
s16,d0,frame_0048.jpg,True,280.0,630.0,414.0,701.0,134.0,71.0,
s16,d0,frame_0049.jpg,True,280.0,629.0,413.0,700.0,133.0,71.0,
s16,d0,frame_0050.jpg,True,280.0,628.0,412.0,698.0,132.0,70.0,
s16,d0,frame_0051.jpg,True,279.0,627.0,413.0,696.0,134.0,69.0,
s16,d1,frame_0001.jpg,True,278.0,642.0,421.0,716.0,143.0,74.0,
s16,d1,frame_0002.jpg,True,279.0,642.0,420.0,717.0,141.0,75.0,
s16,d1,frame_0003.jpg,True,279.0,642.0,421.0,717.0,142.0,75.0,
s16,d1,frame_0004.jpg,True,278.0,641.0,420.0,717.0,142.0,76.0,
s16,d1,frame_0005.jpg,True,278.0,642.0,420.0,716.0,142.0,74.0,
s16,d1,frame_0006.jpg,True,279.0,642.0,420.0,715.0,141.0,73.0,
s16,d1,frame_0007.jpg,True,277.0,642.0,419.0,716.0,142.0,74.0,
s16,d1,frame_0008.jpg,True,277.0,642.0,419.0,715.0,142.0,73.0,
s16,d1,frame_0009.jpg,True,277.0,642.0,418.0,715.0,141.0,73.0,
s16,d1,frame_0010.jpg,True,276.0,642.0,418.0,715.0,142.0,73.0,
s16,d1,frame_0011.jpg,True,276.0,643.0,418.0,715.0,142.0,72.0,
s16,d1,frame_0012.jpg,True,276.0,643.0,418.0,715.0,142.0,72.0,
s16,d1,frame_0013.jpg,True,277.0,642.0,418.0,718.0,141.0,76.0,
s16,d1,frame_0014.jpg,True,278.0,642.0,417.0,720.0,139.0,78.0,
s16,d1,frame_0015.jpg,True,277.0,643.0,419.0,721.0,142.0,78.0,
s16,d1,frame_0016.jpg,True,279.0,642.0,419.0,721.0,140.0,79.0,
s16,d1,frame_0017.jpg,True,280.0,642.0,419.0,722.0,139.0,80.0,
s16,d1,frame_0018.jpg,True,280.0,642.0,420.0,723.0,140.0,81.0,
s16,d1,frame_0019.jpg,True,279.0,643.0,420.0,725.0,141.0,82.0,
s16,d1,frame_0020.jpg,True,280.0,644.0,420.0,726.0,140.0,82.0,
s16,d1,frame_0021.jpg,True,280.0,645.0,419.0,726.0,139.0,81.0,
s16,d1,frame_0022.jpg,True,281.0,646.0,420.0,727.0,139.0,81.0,
s16,d1,frame_0023.jpg,True,281.0,646.0,421.0,727.0,140.0,81.0,
s16,d1,frame_0024.jpg,True,281.0,646.0,421.0,727.0,140.0,81.0,
s16,d1,frame_0025.jpg,True,281.0,646.0,420.0,727.0,139.0,81.0,
s16,d1,frame_0026.jpg,True,281.0,646.0,421.0,727.0,140.0,81.0,
s16,d1,frame_0027.jpg,True,281.0,647.0,421.0,727.0,140.0,80.0,
s16,d1,frame_0028.jpg,True,281.0,647.0,421.0,728.0,140.0,81.0,
s16,d1,frame_0029.jpg,True,282.0,647.0,420.0,727.0,138.0,80.0,
s16,d1,frame_0030.jpg,True,281.0,648.0,420.0,726.0,139.0,78.0,
s16,d1,frame_0031.jpg,True,282.0,652.0,419.0,721.0,137.0,69.0,
s16,d1,frame_0032.jpg,True,282.0,653.0,419.0,719.0,137.0,66.0,
s16,d1,frame_0033.jpg,True,282.0,652.0,418.0,717.0,136.0,65.0,
s16,d1,frame_0034.jpg,True,281.0,650.0,418.0,716.0,137.0,66.0,
s16,d1,frame_0035.jpg,True,280.0,650.0,417.0,714.0,137.0,64.0,
s16,d1,frame_0036.jpg,True,279.0,648.0,416.0,713.0,137.0,65.0,
s16,d1,frame_0037.jpg,True,279.0,646.0,416.0,712.0,137.0,66.0,
s16,d1,frame_0038.jpg,True,278.0,644.0,415.0,711.0,137.0,67.0,
s16,d1,frame_0039.jpg,True,279.0,643.0,414.0,709.0,135.0,66.0,
s16,d1,frame_0040.jpg,True,279.0,641.0,414.0,708.0,135.0,67.0,
s16,d1,frame_0041.jpg,True,279.0,639.0,416.0,707.0,137.0,68.0,
s16,d1,frame_0042.jpg,True,279.0,638.0,415.0,706.0,136.0,68.0,
s16,d1,frame_0043.jpg,True,280.0,637.0,416.0,706.0,136.0,69.0,
s16,d1,frame_0044.jpg,True,280.0,636.0,417.0,705.0,137.0,69.0,
s16,d1,frame_0045.jpg,True,281.0,636.0,417.0,704.0,136.0,68.0,
s16,d1,frame_0046.jpg,True,281.0,636.0,417.0,704.0,136.0,68.0,
s16,d1,frame_0047.jpg,True,281.0,635.0,418.0,704.0,137.0,69.0,
s16,d1,frame_0048.jpg,True,282.0,635.0,418.0,704.0,136.0,69.0,
s16,d1,frame_0049.jpg,True,282.0,634.0,418.0,703.0,136.0,69.0,
s16,d1,frame_0050.jpg,True,281.0,634.0,418.0,702.0,137.0,68.0,
s16,d1,frame_0051.jpg,True,281.0,632.0,418.0,703.0,137.0,71.0,
s16,d1,frame_0052.jpg,True,280.0,630.0,418.0,701.0,138.0,71.0,
s16,d1,frame_0053.jpg,True,278.0,628.0,417.0,700.0,139.0,72.0,
s16,d1,frame_0054.jpg,True,280.0,627.0,416.0,697.0,136.0,70.0,
s16,d1,frame_0055.jpg,True,278.0,625.0,415.0,695.0,137.0,70.0,
s16,d1,frame_0056.jpg,True,276.0,624.0,415.0,694.0,139.0,70.0,
s16,d1,frame_0057.jpg,True,274.0,622.0,415.0,695.0,141.0,73.0,
s16,d1,frame_0058.jpg,True,273.0,621.0,413.0,694.0,140.0,73.0,
s16,d1,frame_0059.jpg,True,272.0,621.0,413.0,694.0,141.0,73.0,
s16,d2,frame_0001.jpg,True,281.0,639.0,419.0,711.0,138.0,72.0,
s16,d2,frame_0002.jpg,True,281.0,639.0,420.0,711.0,139.0,72.0,
s16,d2,frame_0003.jpg,True,281.0,639.0,421.0,711.0,140.0,72.0,
s16,d2,frame_0004.jpg,True,282.0,639.0,420.0,712.0,138.0,73.0,
s16,d2,frame_0005.jpg,True,281.0,639.0,422.0,713.0,141.0,74.0,
s16,d2,frame_0006.jpg,True,281.0,639.0,421.0,714.0,140.0,75.0,
s16,d2,frame_0007.jpg,True,281.0,639.0,421.0,717.0,140.0,78.0,
s16,d2,frame_0008.jpg,True,280.0,639.0,421.0,719.0,141.0,80.0,
s16,d2,frame_0009.jpg,True,281.0,640.0,421.0,719.0,140.0,79.0,
s16,d2,frame_0010.jpg,True,281.0,640.0,421.0,720.0,140.0,80.0,
s16,d2,frame_0011.jpg,True,281.0,641.0,422.0,719.0,141.0,78.0,
s16,d2,frame_0012.jpg,True,281.0,641.0,422.0,720.0,141.0,79.0,
s16,d2,frame_0013.jpg,True,283.0,642.0,423.0,720.0,140.0,78.0,
s16,d2,frame_0014.jpg,True,284.0,642.0,424.0,720.0,140.0,78.0,
s16,d2,frame_0015.jpg,True,284.0,642.0,425.0,720.0,141.0,78.0,
s16,d2,frame_0016.jpg,True,285.0,643.0,425.0,722.0,140.0,79.0,
s16,d2,frame_0017.jpg,True,286.0,644.0,424.0,726.0,138.0,82.0,
s16,d2,frame_0018.jpg,True,287.0,646.0,425.0,731.0,138.0,85.0,
s16,d2,frame_0019.jpg,True,287.0,647.0,424.0,731.0,137.0,84.0,
s16,d2,frame_0020.jpg,True,285.0,648.0,423.0,728.0,138.0,80.0,
s16,d2,frame_0021.jpg,True,285.0,649.0,421.0,726.0,136.0,77.0,
s16,d2,frame_0022.jpg,True,283.0,649.0,420.0,724.0,137.0,75.0,
s16,d2,frame_0023.jpg,True,281.0,650.0,419.0,724.0,138.0,74.0,
s16,d2,frame_0024.jpg,True,282.0,650.0,418.0,724.0,136.0,74.0,
s16,d2,frame_0025.jpg,True,282.0,650.0,418.0,723.0,136.0,73.0,
s16,d2,frame_0026.jpg,True,282.0,651.0,418.0,723.0,136.0,72.0,
s16,d2,frame_0027.jpg,True,282.0,651.0,418.0,724.0,136.0,73.0,
s16,d2,frame_0028.jpg,True,282.0,651.0,419.0,723.0,137.0,72.0,
s16,d2,frame_0029.jpg,True,282.0,651.0,419.0,723.0,137.0,72.0,
s16,d2,frame_0030.jpg,True,283.0,651.0,419.0,724.0,136.0,73.0,
s16,d2,frame_0031.jpg,True,283.0,651.0,419.0,723.0,136.0,72.0,
s16,d2,frame_0032.jpg,True,283.0,652.0,418.0,722.0,135.0,70.0,
s16,d2,frame_0033.jpg,True,284.0,654.0,418.0,721.0,134.0,67.0,
s16,d2,frame_0034.jpg,True,284.0,654.0,418.0,721.0,134.0,67.0,
s16,d2,frame_0035.jpg,True,284.0,655.0,417.0,720.0,133.0,65.0,
s16,d2,frame_0036.jpg,True,283.0,654.0,416.0,719.0,133.0,65.0,
s16,d2,frame_0037.jpg,True,282.0,655.0,415.0,718.0,133.0,63.0,
s16,d2,frame_0038.jpg,True,282.0,654.0,415.0,716.0,133.0,62.0,
s16,d2,frame_0039.jpg,True,280.0,652.0,414.0,715.0,134.0,63.0,
s16,d2,frame_0040.jpg,True,280.0,649.0,414.0,714.0,134.0,65.0,
s16,d2,frame_0041.jpg,True,281.0,649.0,414.0,713.0,133.0,64.0,
s16,d2,frame_0042.jpg,True,281.0,647.0,414.0,711.0,133.0,64.0,
s16,d2,frame_0043.jpg,True,282.0,646.0,416.0,711.0,134.0,65.0,
s16,d2,frame_0044.jpg,True,283.0,644.0,415.0,709.0,132.0,65.0,
s16,d2,frame_0045.jpg,True,283.0,642.0,415.0,708.0,132.0,66.0,
s16,d2,frame_0046.jpg,True,282.0,641.0,416.0,707.0,134.0,66.0,
s16,d2,frame_0047.jpg,True,282.0,639.0,416.0,706.0,134.0,67.0,
s16,d3,frame_0001.jpg,True,283.0,637.0,422.0,707.0,139.0,70.0,
s16,d3,frame_0002.jpg,True,282.0,636.0,421.0,708.0,139.0,72.0,
s16,d3,frame_0003.jpg,True,281.0,637.0,421.0,708.0,140.0,71.0,
s16,d3,frame_0004.jpg,True,281.0,637.0,421.0,708.0,140.0,71.0,
s16,d3,frame_0005.jpg,True,281.0,637.0,421.0,708.0,140.0,71.0,
s16,d3,frame_0006.jpg,True,281.0,637.0,421.0,708.0,140.0,71.0,
s16,d3,frame_0007.jpg,True,283.0,637.0,422.0,707.0,139.0,70.0,
s16,d3,frame_0008.jpg,True,284.0,637.0,422.0,708.0,138.0,71.0,
s16,d3,frame_0009.jpg,True,285.0,638.0,423.0,708.0,138.0,70.0,
s16,d3,frame_0010.jpg,True,285.0,638.0,423.0,708.0,138.0,70.0,
s16,d3,frame_0011.jpg,True,285.0,638.0,423.0,709.0,138.0,71.0,
s16,d3,frame_0012.jpg,True,284.0,638.0,423.0,709.0,139.0,71.0,
s16,d3,frame_0013.jpg,True,284.0,637.0,422.0,711.0,138.0,74.0,
s16,d3,frame_0014.jpg,True,284.0,638.0,422.0,712.0,138.0,74.0,
s16,d3,frame_0015.jpg,True,283.0,637.0,421.0,715.0,138.0,78.0,
s16,d3,frame_0016.jpg,True,283.0,638.0,421.0,716.0,138.0,78.0,
s16,d3,frame_0017.jpg,True,281.0,638.0,421.0,715.0,140.0,77.0,
s16,d3,frame_0018.jpg,True,281.0,638.0,422.0,716.0,141.0,78.0,
s16,d3,frame_0019.jpg,True,281.0,639.0,422.0,717.0,141.0,78.0,
s16,d3,frame_0020.jpg,True,283.0,639.0,422.0,718.0,139.0,79.0,
s16,d3,frame_0021.jpg,True,283.0,640.0,422.0,720.0,139.0,80.0,
s16,d3,frame_0022.jpg,True,285.0,642.0,422.0,724.0,137.0,82.0,
s16,d3,frame_0023.jpg,True,288.0,642.0,421.0,729.0,133.0,87.0,
s16,d3,frame_0024.jpg,True,288.0,642.0,421.0,731.0,133.0,89.0,
s16,d3,frame_0025.jpg,True,288.0,643.0,422.0,730.0,134.0,87.0,
s16,d3,frame_0026.jpg,True,289.0,644.0,421.0,730.0,132.0,86.0,
s16,d3,frame_0027.jpg,True,288.0,644.0,421.0,730.0,133.0,86.0,
s16,d3,frame_0028.jpg,True,288.0,645.0,421.0,729.0,133.0,84.0,
s16,d3,frame_0029.jpg,True,287.0,647.0,421.0,728.0,134.0,81.0,
s16,d3,frame_0030.jpg,True,287.0,650.0,423.0,721.0,136.0,71.0,
s16,d3,frame_0031.jpg,True,287.0,652.0,423.0,718.0,136.0,66.0,
s16,d3,frame_0032.jpg,True,287.0,652.0,423.0,718.0,136.0,66.0,
s16,d3,frame_0033.jpg,True,287.0,652.0,423.0,717.0,136.0,65.0,
s16,d3,frame_0034.jpg,True,288.0,652.0,423.0,718.0,135.0,66.0,
s16,d3,frame_0035.jpg,True,288.0,652.0,424.0,717.0,136.0,65.0,
s16,d3,frame_0036.jpg,True,287.0,652.0,424.0,718.0,137.0,66.0,
s16,d3,frame_0037.jpg,True,288.0,652.0,424.0,719.0,136.0,67.0,
s16,d3,frame_0038.jpg,True,288.0,652.0,424.0,719.0,136.0,67.0,
s16,d3,frame_0039.jpg,True,288.0,651.0,424.0,718.0,136.0,67.0,
s16,d3,frame_0040.jpg,True,288.0,651.0,424.0,718.0,136.0,67.0,
s16,d3,frame_0041.jpg,True,286.0,650.0,424.0,718.0,138.0,68.0,
s16,d3,frame_0042.jpg,True,286.0,649.0,423.0,717.0,137.0,68.0,
s16,d3,frame_0043.jpg,True,286.0,647.0,422.0,717.0,136.0,70.0,
s16,d3,frame_0044.jpg,True,285.0,646.0,421.0,716.0,136.0,70.0,
s16,d3,frame_0045.jpg,True,285.0,646.0,420.0,715.0,135.0,69.0,
s16,d4,frame_0001.jpg,True,284.0,649.0,424.0,719.0,140.0,70.0,
s16,d4,frame_0002.jpg,True,285.0,649.0,424.0,719.0,139.0,70.0,
s16,d4,frame_0003.jpg,True,285.0,648.0,424.0,719.0,139.0,71.0,
s16,d4,frame_0004.jpg,True,285.0,648.0,425.0,720.0,140.0,72.0,
s16,d4,frame_0005.jpg,True,285.0,648.0,426.0,720.0,141.0,72.0,
s16,d4,frame_0006.jpg,True,286.0,648.0,425.0,720.0,139.0,72.0,
s16,d4,frame_0007.jpg,True,286.0,648.0,426.0,719.0,140.0,71.0,
s16,d4,frame_0008.jpg,True,286.0,648.0,425.0,719.0,139.0,71.0,
s16,d4,frame_0009.jpg,True,285.0,648.0,425.0,718.0,140.0,70.0,
s16,d4,frame_0010.jpg,True,286.0,648.0,425.0,718.0,139.0,70.0,
s16,d4,frame_0011.jpg,True,285.0,648.0,426.0,718.0,141.0,70.0,
s16,d4,frame_0012.jpg,True,286.0,647.0,425.0,718.0,139.0,71.0,
s16,d4,frame_0013.jpg,True,285.0,647.0,425.0,718.0,140.0,71.0,
s16,d4,frame_0014.jpg,True,285.0,648.0,425.0,718.0,140.0,70.0,
s16,d4,frame_0015.jpg,True,285.0,648.0,426.0,719.0,141.0,71.0,
s16,d4,frame_0016.jpg,True,286.0,648.0,425.0,721.0,139.0,73.0,
s16,d4,frame_0017.jpg,True,285.0,648.0,425.0,725.0,140.0,77.0,
s16,d4,frame_0018.jpg,True,286.0,648.0,425.0,726.0,139.0,78.0,
s16,d4,frame_0019.jpg,True,287.0,648.0,426.0,727.0,139.0,79.0,
s16,d4,frame_0020.jpg,True,286.0,648.0,427.0,727.0,141.0,79.0,
s16,d4,frame_0021.jpg,True,286.0,648.0,427.0,726.0,141.0,78.0,
s16,d4,frame_0022.jpg,True,286.0,649.0,428.0,727.0,142.0,78.0,
s16,d4,frame_0023.jpg,True,287.0,650.0,427.0,728.0,140.0,78.0,
s16,d4,frame_0024.jpg,True,287.0,651.0,427.0,729.0,140.0,78.0,
s16,d4,frame_0025.jpg,True,287.0,651.0,427.0,729.0,140.0,78.0,
s16,d4,frame_0026.jpg,True,287.0,652.0,426.0,730.0,139.0,78.0,
s16,d4,frame_0027.jpg,True,287.0,654.0,426.0,732.0,139.0,78.0,
s16,d4,frame_0028.jpg,True,288.0,654.0,427.0,733.0,139.0,79.0,
s16,d4,frame_0029.jpg,True,288.0,654.0,428.0,734.0,140.0,80.0,
s16,d4,frame_0030.jpg,True,288.0,655.0,428.0,735.0,140.0,80.0,
s16,d4,frame_0031.jpg,True,288.0,656.0,429.0,734.0,141.0,78.0,
s16,d4,frame_0032.jpg,True,289.0,656.0,429.0,735.0,140.0,79.0,
s16,d4,frame_0033.jpg,True,290.0,656.0,429.0,735.0,139.0,79.0,
s16,d4,frame_0034.jpg,True,290.0,656.0,429.0,735.0,139.0,79.0,
s16,d4,frame_0035.jpg,True,291.0,655.0,429.0,734.0,138.0,79.0,
s16,d4,frame_0036.jpg,True,291.0,655.0,428.0,732.0,137.0,77.0,
s16,d4,frame_0037.jpg,True,290.0,655.0,428.0,727.0,138.0,72.0,
s16,d4,frame_0038.jpg,True,290.0,656.0,429.0,724.0,139.0,68.0,
s16,d4,frame_0039.jpg,True,289.0,657.0,428.0,722.0,139.0,65.0,
s16,d4,frame_0040.jpg,True,290.0,657.0,428.0,721.0,138.0,64.0,
s16,d4,frame_0041.jpg,True,289.0,657.0,427.0,720.0,138.0,63.0,
s16,d4,frame_0042.jpg,True,289.0,655.0,426.0,718.0,137.0,63.0,
s16,d4,frame_0043.jpg,True,289.0,654.0,426.0,718.0,137.0,64.0,
s16,d4,frame_0044.jpg,True,288.0,653.0,426.0,716.0,138.0,63.0,
s16,d4,frame_0045.jpg,True,288.0,652.0,426.0,715.0,138.0,63.0,
s16,d4,frame_0046.jpg,True,289.0,650.0,425.0,715.0,136.0,65.0,
s16,d4,frame_0047.jpg,True,287.0,648.0,426.0,714.0,139.0,66.0,
s16,d4,frame_0048.jpg,True,288.0,646.0,426.0,713.0,138.0,67.0,
s16,d4,frame_0049.jpg,True,288.0,646.0,425.0,711.0,137.0,65.0,
s16,d4,frame_0050.jpg,True,286.0,644.0,426.0,711.0,140.0,67.0,
s16,d4,frame_0051.jpg,True,285.0,643.0,425.0,711.0,140.0,68.0,
s16,d5,frame_0001.jpg,True,284.0,642.0,424.0,712.0,140.0,70.0,
s16,d5,frame_0002.jpg,True,284.0,643.0,424.0,713.0,140.0,70.0,
s16,d5,frame_0003.jpg,True,283.0,643.0,424.0,713.0,141.0,70.0,
s16,d5,frame_0004.jpg,True,284.0,643.0,425.0,713.0,141.0,70.0,
s16,d5,frame_0005.jpg,True,285.0,643.0,425.0,714.0,140.0,71.0,
s16,d5,frame_0006.jpg,True,285.0,644.0,426.0,715.0,141.0,71.0,
s16,d5,frame_0007.jpg,True,286.0,644.0,426.0,716.0,140.0,72.0,
s16,d5,frame_0008.jpg,True,288.0,643.0,424.0,717.0,136.0,74.0,
s16,d5,frame_0009.jpg,True,287.0,643.0,424.0,722.0,137.0,79.0,
s16,d5,frame_0010.jpg,True,287.0,643.0,424.0,725.0,137.0,82.0,
s16,d5,frame_0011.jpg,True,287.0,645.0,423.0,727.0,136.0,82.0,
s16,d5,frame_0012.jpg,True,287.0,646.0,422.0,731.0,135.0,85.0,
s16,d5,frame_0013.jpg,True,287.0,647.0,423.0,734.0,136.0,87.0,
s16,d5,frame_0014.jpg,True,287.0,648.0,423.0,737.0,136.0,89.0,
s16,d5,frame_0015.jpg,True,288.0,649.0,424.0,738.0,136.0,89.0,
s16,d5,frame_0016.jpg,True,288.0,649.0,424.0,739.0,136.0,90.0,
s16,d5,frame_0017.jpg,True,288.0,649.0,424.0,738.0,136.0,89.0,
s16,d5,frame_0018.jpg,True,289.0,649.0,424.0,737.0,135.0,88.0,
s16,d5,frame_0019.jpg,True,289.0,649.0,424.0,736.0,135.0,87.0,
s16,d5,frame_0020.jpg,True,290.0,650.0,424.0,734.0,134.0,84.0,
s16,d5,frame_0021.jpg,True,290.0,650.0,424.0,733.0,134.0,83.0,
s16,d5,frame_0022.jpg,True,290.0,650.0,424.0,731.0,134.0,81.0,
s16,d5,frame_0023.jpg,True,291.0,649.0,424.0,730.0,133.0,81.0,
s16,d5,frame_0024.jpg,True,290.0,649.0,424.0,730.0,134.0,81.0,
s16,d5,frame_0025.jpg,True,290.0,649.0,424.0,728.0,134.0,79.0,
s16,d5,frame_0026.jpg,True,289.0,648.0,423.0,726.0,134.0,78.0,
s16,d5,frame_0027.jpg,True,289.0,647.0,424.0,724.0,135.0,77.0,
s16,d5,frame_0028.jpg,True,288.0,648.0,424.0,722.0,136.0,74.0,
s16,d5,frame_0029.jpg,True,288.0,649.0,424.0,721.0,136.0,72.0,
s16,d5,frame_0030.jpg,True,288.0,649.0,424.0,719.0,136.0,70.0,
s16,d5,frame_0031.jpg,True,288.0,649.0,424.0,718.0,136.0,69.0,
s16,d5,frame_0032.jpg,True,287.0,650.0,425.0,716.0,138.0,66.0,
s16,d5,frame_0033.jpg,True,288.0,651.0,425.0,714.0,137.0,63.0,
s16,d5,frame_0034.jpg,True,288.0,653.0,426.0,713.0,138.0,60.0,
s16,d5,frame_0035.jpg,True,288.0,653.0,426.0,712.0,138.0,59.0,
s16,d5,frame_0036.jpg,True,289.0,652.0,425.0,711.0,136.0,59.0,
s16,d5,frame_0037.jpg,True,288.0,651.0,426.0,711.0,138.0,60.0,
s16,d5,frame_0038.jpg,True,287.0,649.0,425.0,711.0,138.0,62.0,
s16,d5,frame_0039.jpg,True,287.0,648.0,424.0,710.0,137.0,62.0,
s16,d5,frame_0040.jpg,True,287.0,647.0,423.0,710.0,136.0,63.0,
s16,d5,frame_0041.jpg,True,286.0,646.0,422.0,710.0,136.0,64.0,
s16,d5,frame_0042.jpg,True,286.0,646.0,421.0,709.0,135.0,63.0,
s16,d5,frame_0043.jpg,True,286.0,645.0,421.0,710.0,135.0,65.0,
s16,d5,frame_0044.jpg,True,287.0,644.0,421.0,709.0,134.0,65.0,
s16,d5,frame_0045.jpg,True,287.0,644.0,421.0,709.0,134.0,65.0,
s16,d5,frame_0046.jpg,True,287.0,643.0,421.0,710.0,134.0,67.0,
s16,d5,frame_0047.jpg,True,287.0,643.0,422.0,710.0,135.0,67.0,
s16,d5,frame_0048.jpg,True,287.0,643.0,421.0,709.0,134.0,66.0,
s16,d5,frame_0049.jpg,True,286.0,641.0,421.0,709.0,135.0,68.0,
s16,d5,frame_0050.jpg,True,287.0,641.0,421.0,709.0,134.0,68.0,
s16,d5,frame_0051.jpg,True,286.0,641.0,421.0,709.0,135.0,68.0,
s16,d6,frame_0001.jpg,True,253.0,683.0,441.0,778.0,188.0,95.0,
s16,d6,frame_0002.jpg,True,254.0,682.0,443.0,777.0,189.0,95.0,
s16,d6,frame_0003.jpg,True,254.0,682.0,444.0,778.0,190.0,96.0,
s16,d6,frame_0004.jpg,True,255.0,683.0,444.0,777.0,189.0,94.0,
s16,d6,frame_0005.jpg,True,255.0,683.0,444.0,778.0,189.0,95.0,
s16,d6,frame_0006.jpg,True,255.0,682.0,444.0,782.0,189.0,100.0,
s16,d6,frame_0007.jpg,True,256.0,681.0,443.0,785.0,187.0,104.0,
s16,d6,frame_0008.jpg,True,257.0,681.0,443.0,789.0,186.0,108.0,
s16,d6,frame_0009.jpg,True,255.0,682.0,441.0,790.0,186.0,108.0,
s16,d6,frame_0010.jpg,True,255.0,684.0,440.0,790.0,185.0,106.0,
s16,d6,frame_0011.jpg,True,254.0,684.0,439.0,790.0,185.0,106.0,
s16,d6,frame_0012.jpg,True,253.0,685.0,440.0,791.0,187.0,106.0,
s16,d6,frame_0013.jpg,True,253.0,686.0,439.0,792.0,186.0,106.0,
s16,d6,frame_0014.jpg,True,256.0,686.0,439.0,794.0,183.0,108.0,
s16,d6,frame_0015.jpg,True,258.0,687.0,438.0,795.0,180.0,108.0,
s16,d6,frame_0016.jpg,True,259.0,688.0,438.0,797.0,179.0,109.0,
s16,d6,frame_0017.jpg,True,263.0,690.0,436.0,799.0,173.0,109.0,
s16,d6,frame_0018.jpg,True,265.0,693.0,435.0,801.0,170.0,108.0,
s16,d6,frame_0019.jpg,True,267.0,694.0,435.0,804.0,168.0,110.0,
s16,d6,frame_0020.jpg,True,267.0,695.0,435.0,806.0,168.0,111.0,
s16,d6,frame_0021.jpg,True,266.0,697.0,436.0,806.0,170.0,109.0,
s16,d6,frame_0022.jpg,True,265.0,696.0,436.0,806.0,171.0,110.0,
s16,d6,frame_0023.jpg,True,263.0,697.0,434.0,804.0,171.0,107.0,
s16,d6,frame_0024.jpg,True,260.0,697.0,434.0,801.0,174.0,104.0,
s16,d6,frame_0025.jpg,True,258.0,696.0,432.0,799.0,174.0,103.0,
s16,d6,frame_0026.jpg,True,255.0,695.0,431.0,797.0,176.0,102.0,
s16,d6,frame_0027.jpg,True,255.0,695.0,433.0,798.0,178.0,103.0,
s16,d6,frame_0028.jpg,True,255.0,695.0,434.0,798.0,179.0,103.0,
s16,d6,frame_0029.jpg,True,255.0,696.0,436.0,799.0,181.0,103.0,
s16,d6,frame_0030.jpg,True,255.0,696.0,437.0,800.0,182.0,104.0,
s16,d6,frame_0031.jpg,True,256.0,696.0,437.0,800.0,181.0,104.0,
s16,d6,frame_0032.jpg,True,256.0,696.0,438.0,800.0,182.0,104.0,
s16,d6,frame_0033.jpg,True,256.0,696.0,437.0,798.0,181.0,102.0,
s16,d6,frame_0034.jpg,True,255.0,695.0,437.0,797.0,182.0,102.0,
s16,d6,frame_0035.jpg,True,254.0,696.0,437.0,795.0,183.0,99.0,
s16,d6,frame_0036.jpg,True,253.0,698.0,435.0,793.0,182.0,95.0,
s16,d6,frame_0037.jpg,True,252.0,701.0,433.0,790.0,181.0,89.0,
s16,d6,frame_0038.jpg,True,251.0,704.0,433.0,787.0,182.0,83.0,
s16,d6,frame_0039.jpg,True,251.0,706.0,432.0,785.0,181.0,79.0,
s16,d6,frame_0040.jpg,True,251.0,706.0,432.0,783.0,181.0,77.0,
s16,d7,frame_0001.jpg,True,278.0,638.0,420.0,711.0,142.0,73.0,
s16,d7,frame_0002.jpg,True,277.0,637.0,420.0,710.0,143.0,73.0,
s16,d7,frame_0003.jpg,True,278.0,637.0,420.0,710.0,142.0,73.0,
s16,d7,frame_0004.jpg,True,280.0,637.0,420.0,710.0,140.0,73.0,
s16,d7,frame_0005.jpg,True,280.0,637.0,422.0,711.0,142.0,74.0,
s16,d7,frame_0006.jpg,True,282.0,637.0,422.0,715.0,140.0,78.0,
s16,d7,frame_0007.jpg,True,283.0,637.0,422.0,716.0,139.0,79.0,
s16,d7,frame_0008.jpg,True,282.0,637.0,423.0,716.0,141.0,79.0,
s16,d7,frame_0009.jpg,True,282.0,637.0,423.0,717.0,141.0,80.0,
s16,d7,frame_0010.jpg,True,282.0,637.0,424.0,717.0,142.0,80.0,
s16,d7,frame_0011.jpg,True,282.0,637.0,424.0,717.0,142.0,80.0,
s16,d7,frame_0012.jpg,True,282.0,636.0,424.0,718.0,142.0,82.0,
s16,d7,frame_0013.jpg,True,281.0,635.0,424.0,718.0,143.0,83.0,
s16,d7,frame_0014.jpg,True,281.0,635.0,424.0,720.0,143.0,85.0,
s16,d7,frame_0015.jpg,True,282.0,636.0,423.0,721.0,141.0,85.0,
s16,d7,frame_0016.jpg,True,283.0,637.0,423.0,722.0,140.0,85.0,
s16,d7,frame_0017.jpg,True,284.0,638.0,423.0,722.0,139.0,84.0,
s16,d7,frame_0018.jpg,True,284.0,639.0,422.0,721.0,138.0,82.0,
s16,d7,frame_0019.jpg,True,284.0,639.0,422.0,721.0,138.0,82.0,
s16,d7,frame_0020.jpg,True,284.0,640.0,422.0,719.0,138.0,79.0,
s16,d7,frame_0021.jpg,True,284.0,641.0,422.0,717.0,138.0,76.0,
s16,d7,frame_0022.jpg,True,284.0,641.0,423.0,715.0,139.0,74.0,
s16,d7,frame_0023.jpg,True,284.0,642.0,421.0,714.0,137.0,72.0,
s16,d7,frame_0024.jpg,True,283.0,642.0,422.0,712.0,139.0,70.0,
s16,d7,frame_0025.jpg,True,283.0,643.0,421.0,710.0,138.0,67.0,
s16,d7,frame_0026.jpg,True,283.0,643.0,422.0,709.0,139.0,66.0,
s16,d7,frame_0027.jpg,True,281.0,643.0,420.0,709.0,139.0,66.0,
s16,d7,frame_0028.jpg,True,280.0,643.0,419.0,707.0,139.0,64.0,
s16,d7,frame_0029.jpg,True,280.0,642.0,418.0,706.0,138.0,64.0,
s16,d7,frame_0030.jpg,True,278.0,641.0,416.0,705.0,138.0,64.0,
s16,d7,frame_0031.jpg,True,276.0,640.0,414.0,705.0,138.0,65.0,
s16,d7,frame_0032.jpg,True,276.0,641.0,413.0,705.0,137.0,64.0,
s16,d7,frame_0033.jpg,True,276.0,639.0,413.0,706.0,137.0,67.0,
s16,d7,frame_0034.jpg,True,276.0,638.0,413.0,706.0,137.0,68.0,
s16,d7,frame_0035.jpg,True,275.0,637.0,413.0,707.0,138.0,70.0,
s16,d7,frame_0036.jpg,True,274.0,637.0,413.0,707.0,139.0,70.0,
s16,d7,frame_0037.jpg,True,275.0,637.0,412.0,706.0,137.0,69.0,
s16,d7,frame_0038.jpg,True,275.0,637.0,413.0,707.0,138.0,70.0,
s16,d7,frame_0039.jpg,True,274.0,637.0,413.0,708.0,139.0,71.0,
s16,d7,frame_0040.jpg,True,275.0,639.0,414.0,709.0,139.0,70.0,
s16,d7,frame_0041.jpg,True,276.0,641.0,415.0,711.0,139.0,70.0,
s16,d7,frame_0042.jpg,True,275.0,642.0,415.0,712.0,140.0,70.0,
s16,d7,frame_0043.jpg,True,275.0,642.0,417.0,713.0,142.0,71.0,
s16,d7,frame_0044.jpg,True,276.0,643.0,417.0,714.0,141.0,71.0,
s16,d7,frame_0045.jpg,True,278.0,643.0,418.0,714.0,140.0,71.0,
s16,d7,frame_0046.jpg,True,278.0,644.0,419.0,714.0,141.0,70.0,
s16,d7,frame_0047.jpg,True,279.0,644.0,419.0,714.0,140.0,70.0,
s16,d7,frame_0048.jpg,True,280.0,643.0,420.0,715.0,140.0,72.0,
s16,d7,frame_0049.jpg,True,280.0,643.0,421.0,716.0,141.0,73.0,
s16,d7,frame_0050.jpg,True,280.0,643.0,420.0,716.0,140.0,73.0,
s16,d7,frame_0051.jpg,True,280.0,644.0,420.0,716.0,140.0,72.0,
s16,d7,frame_0052.jpg,True,279.0,644.0,420.0,716.0,141.0,72.0,
s16,d7,frame_0053.jpg,True,278.0,644.0,419.0,716.0,141.0,72.0,
s16,d7,frame_0054.jpg,True,278.0,644.0,419.0,716.0,141.0,72.0,
s16,d7,frame_0055.jpg,True,278.0,644.0,419.0,716.0,141.0,72.0,
s16,d7,frame_0056.jpg,True,278.0,644.0,418.0,716.0,140.0,72.0,
s16,d7,frame_0057.jpg,True,277.0,643.0,419.0,716.0,142.0,73.0,
s16,d7,frame_0058.jpg,True,278.0,643.0,419.0,716.0,141.0,73.0,
s16,d7,frame_0059.jpg,True,278.0,643.0,419.0,716.0,141.0,73.0,
s16,d8,frame_0001.jpg,True,274.0,632.0,418.0,712.0,144.0,80.0,
s16,d8,frame_0002.jpg,True,272.0,633.0,417.0,713.0,145.0,80.0,
s16,d8,frame_0003.jpg,True,272.0,632.0,415.0,714.0,143.0,82.0,
s16,d8,frame_0004.jpg,True,272.0,632.0,415.0,716.0,143.0,84.0,
s16,d8,frame_0005.jpg,True,271.0,632.0,415.0,716.0,144.0,84.0,
s16,d8,frame_0006.jpg,True,272.0,632.0,415.0,716.0,143.0,84.0,
s16,d8,frame_0007.jpg,True,273.0,632.0,415.0,717.0,142.0,85.0,
s16,d8,frame_0008.jpg,True,272.0,633.0,415.0,717.0,143.0,84.0,
s16,d8,frame_0009.jpg,True,272.0,635.0,415.0,717.0,143.0,82.0,
s16,d8,frame_0010.jpg,True,273.0,637.0,415.0,714.0,142.0,77.0,
s16,d8,frame_0011.jpg,True,274.0,641.0,415.0,711.0,141.0,70.0,
s16,d8,frame_0012.jpg,True,274.0,642.0,415.0,709.0,141.0,67.0,
s16,d8,frame_0013.jpg,True,273.0,643.0,416.0,709.0,143.0,66.0,
s16,d8,frame_0014.jpg,True,274.0,645.0,415.0,709.0,141.0,64.0,
s16,d8,frame_0015.jpg,True,273.0,645.0,416.0,709.0,143.0,64.0,
s16,d8,frame_0016.jpg,True,274.0,645.0,416.0,710.0,142.0,65.0,
s16,d8,frame_0017.jpg,True,274.0,645.0,417.0,720.0,143.0,75.0,
s16,d8,frame_0018.jpg,True,273.0,642.0,416.0,725.0,143.0,83.0,
s16,d8,frame_0019.jpg,True,273.0,642.0,416.0,724.0,143.0,82.0,
s16,d8,frame_0020.jpg,True,273.0,642.0,417.0,722.0,144.0,80.0,
s16,d8,frame_0021.jpg,True,272.0,641.0,417.0,721.0,145.0,80.0,
s16,d8,frame_0022.jpg,True,273.0,641.0,417.0,720.0,144.0,79.0,
s16,d8,frame_0023.jpg,True,273.0,641.0,417.0,719.0,144.0,78.0,
s16,d8,frame_0024.jpg,True,276.0,641.0,419.0,719.0,143.0,78.0,
s16,d8,frame_0025.jpg,True,277.0,641.0,419.0,719.0,142.0,78.0,
s16,d8,frame_0026.jpg,True,278.0,640.0,420.0,719.0,142.0,79.0,
s16,d8,frame_0027.jpg,True,278.0,640.0,422.0,719.0,144.0,79.0,
s16,d8,frame_0028.jpg,True,278.0,640.0,422.0,719.0,144.0,79.0,
s16,d8,frame_0029.jpg,True,279.0,640.0,421.0,718.0,142.0,78.0,
s16,d8,frame_0030.jpg,True,278.0,640.0,422.0,717.0,144.0,77.0,
s16,d8,frame_0031.jpg,True,278.0,640.0,422.0,717.0,144.0,77.0,
s16,d8,frame_0032.jpg,True,279.0,640.0,422.0,716.0,143.0,76.0,
s16,d8,frame_0033.jpg,True,277.0,640.0,420.0,717.0,143.0,77.0,
s16,d8,frame_0034.jpg,True,276.0,641.0,419.0,714.0,143.0,73.0,
s16,d8,frame_0035.jpg,True,274.0,642.0,418.0,712.0,144.0,70.0,
s16,d8,frame_0036.jpg,True,272.0,641.0,419.0,710.0,147.0,69.0,
s16,d8,frame_0037.jpg,True,270.0,641.0,418.0,708.0,148.0,67.0,
s16,d8,frame_0038.jpg,True,270.0,640.0,416.0,706.0,146.0,66.0,
s16,d8,frame_0039.jpg,True,270.0,640.0,416.0,706.0,146.0,66.0,
s16,d8,frame_0040.jpg,True,269.0,639.0,413.0,704.0,144.0,65.0,
s16,d8,frame_0041.jpg,True,268.0,638.0,413.0,704.0,145.0,66.0,
s16,d8,frame_0042.jpg,True,269.0,636.0,412.0,705.0,143.0,69.0,
s16,d8,frame_0043.jpg,True,269.0,635.0,413.0,705.0,144.0,70.0,
s16,d8,frame_0044.jpg,True,269.0,634.0,412.0,706.0,143.0,72.0,
s16,d8,frame_0045.jpg,True,269.0,635.0,412.0,706.0,143.0,71.0,
s16,d8,frame_0046.jpg,True,269.0,636.0,412.0,708.0,143.0,72.0,
s16,d8,frame_0047.jpg,True,268.0,638.0,412.0,709.0,144.0,71.0,
s16,d8,frame_0048.jpg,True,268.0,639.0,412.0,710.0,144.0,71.0,
s16,d8,frame_0049.jpg,True,269.0,640.0,413.0,711.0,144.0,71.0,
s16,d8,frame_0050.jpg,True,269.0,640.0,413.0,712.0,144.0,72.0,
s16,d8,frame_0051.jpg,True,271.0,641.0,414.0,712.0,143.0,71.0,
s16,d9,frame_0001.jpg,True,290.0,650.0,428.0,721.0,138.0,71.0,
s16,d9,frame_0002.jpg,True,290.0,650.0,428.0,722.0,138.0,72.0,
s16,d9,frame_0003.jpg,True,290.0,650.0,428.0,725.0,138.0,75.0,
s16,d9,frame_0004.jpg,True,290.0,650.0,426.0,727.0,136.0,77.0,
s16,d9,frame_0005.jpg,True,289.0,651.0,427.0,730.0,138.0,79.0,
s16,d9,frame_0006.jpg,True,290.0,652.0,426.0,732.0,136.0,80.0,
s16,d9,frame_0007.jpg,True,292.0,653.0,426.0,735.0,134.0,82.0,
s16,d9,frame_0008.jpg,True,291.0,654.0,428.0,739.0,137.0,85.0,
s16,d9,frame_0009.jpg,True,292.0,655.0,429.0,744.0,137.0,89.0,
s16,d9,frame_0010.jpg,True,293.0,655.0,428.0,744.0,135.0,89.0,
s16,d9,frame_0011.jpg,True,295.0,657.0,427.0,739.0,132.0,82.0,
s16,d9,frame_0012.jpg,True,294.0,657.0,426.0,736.0,132.0,79.0,
s16,d9,frame_0013.jpg,True,292.0,657.0,427.0,734.0,135.0,77.0,
s16,d9,frame_0014.jpg,True,292.0,657.0,426.0,732.0,134.0,75.0,
s16,d9,frame_0015.jpg,True,291.0,657.0,425.0,731.0,134.0,74.0,
s16,d9,frame_0016.jpg,True,290.0,658.0,425.0,730.0,135.0,72.0,
s16,d9,frame_0017.jpg,True,290.0,657.0,425.0,729.0,135.0,72.0,
s16,d9,frame_0018.jpg,True,290.0,657.0,425.0,729.0,135.0,72.0,
s16,d9,frame_0019.jpg,True,290.0,658.0,425.0,728.0,135.0,70.0,
s16,d9,frame_0020.jpg,True,291.0,659.0,424.0,727.0,133.0,68.0,
s16,d9,frame_0021.jpg,True,291.0,659.0,425.0,726.0,134.0,67.0,
s16,d9,frame_0022.jpg,True,293.0,660.0,425.0,725.0,132.0,65.0,
s16,d9,frame_0023.jpg,True,294.0,659.0,425.0,724.0,131.0,65.0,
s16,d9,frame_0024.jpg,True,294.0,659.0,426.0,724.0,132.0,65.0,
s16,d9,frame_0025.jpg,True,294.0,659.0,426.0,724.0,132.0,65.0,
s16,d9,frame_0026.jpg,True,294.0,658.0,425.0,724.0,131.0,66.0,
s16,d9,frame_0027.jpg,True,293.0,659.0,425.0,724.0,132.0,65.0,
s16,d9,frame_0028.jpg,True,291.0,658.0,424.0,724.0,133.0,66.0,
s16,d9,frame_0029.jpg,True,291.0,659.0,425.0,724.0,134.0,65.0,
s16,d9,frame_0030.jpg,True,291.0,660.0,424.0,725.0,133.0,65.0,
s16,d9,frame_0031.jpg,True,291.0,660.0,423.0,725.0,132.0,65.0,
s16,d9,frame_0032.jpg,True,291.0,659.0,423.0,726.0,132.0,67.0,
s16,d9,frame_0033.jpg,True,290.0,659.0,423.0,726.0,133.0,67.0,
s16,d9,frame_0034.jpg,True,290.0,659.0,423.0,726.0,133.0,67.0,
s16,d9,frame_0035.jpg,True,291.0,660.0,423.0,726.0,132.0,66.0,
s16,d9,frame_0036.jpg,True,291.0,659.0,424.0,726.0,133.0,67.0,
s16,d9,frame_0037.jpg,True,291.0,659.0,424.0,726.0,133.0,67.0,
s16,d9,frame_0038.jpg,True,292.0,658.0,424.0,726.0,132.0,68.0,
s16,d9,frame_0039.jpg,True,291.0,658.0,425.0,726.0,134.0,68.0,
s16,d9,frame_0040.jpg,True,291.0,659.0,425.0,726.0,134.0,67.0,
s16,d9,frame_0041.jpg,True,291.0,659.0,425.0,726.0,134.0,67.0,
s16,d9,frame_0042.jpg,True,290.0,659.0,425.0,726.0,135.0,67.0,
s16,d9,frame_0043.jpg,True,290.0,659.0,425.0,727.0,135.0,68.0,
s16,d9,frame_0044.jpg,True,291.0,659.0,423.0,726.0,132.0,67.0,
s16,d9,frame_0045.jpg,True,290.0,659.0,423.0,726.0,133.0,67.0,
s16,d9,frame_0046.jpg,True,291.0,658.0,423.0,726.0,132.0,68.0,
s16,d10,frame_0001.jpg,True,293.0,661.0,428.0,737.0,135.0,76.0,
s16,d10,frame_0002.jpg,True,292.0,662.0,429.0,738.0,137.0,76.0,
s16,d10,frame_0003.jpg,True,292.0,662.0,429.0,738.0,137.0,76.0,
s16,d10,frame_0004.jpg,True,292.0,663.0,429.0,738.0,137.0,75.0,
s16,d10,frame_0005.jpg,True,291.0,663.0,428.0,739.0,137.0,76.0,
s16,d10,frame_0006.jpg,True,291.0,663.0,428.0,739.0,137.0,76.0,
s16,d10,frame_0007.jpg,True,291.0,664.0,428.0,739.0,137.0,75.0,
s16,d10,frame_0008.jpg,True,291.0,664.0,429.0,738.0,138.0,74.0,
s16,d10,frame_0009.jpg,True,290.0,664.0,429.0,738.0,139.0,74.0,
s16,d10,frame_0010.jpg,True,292.0,664.0,429.0,738.0,137.0,74.0,
s16,d10,frame_0011.jpg,True,293.0,664.0,430.0,739.0,137.0,75.0,
s16,d10,frame_0012.jpg,True,294.0,664.0,430.0,738.0,136.0,74.0,
s16,d10,frame_0013.jpg,True,295.0,666.0,431.0,735.0,136.0,69.0,
s16,d10,frame_0014.jpg,True,294.0,668.0,432.0,733.0,138.0,65.0,
s16,d10,frame_0015.jpg,True,294.0,669.0,433.0,731.0,139.0,62.0,
s16,d10,frame_0016.jpg,True,295.0,668.0,432.0,731.0,137.0,63.0,
s16,d10,frame_0017.jpg,True,296.0,668.0,432.0,731.0,136.0,63.0,
s16,d10,frame_0018.jpg,True,295.0,667.0,432.0,731.0,137.0,64.0,
s16,d10,frame_0019.jpg,True,296.0,667.0,432.0,732.0,136.0,65.0,
s16,d10,frame_0020.jpg,True,296.0,666.0,431.0,732.0,135.0,66.0,
s16,d10,frame_0021.jpg,True,296.0,666.0,431.0,732.0,135.0,66.0,
s16,d10,frame_0022.jpg,True,296.0,666.0,431.0,733.0,135.0,67.0,
s16,d10,frame_0023.jpg,True,296.0,665.0,431.0,734.0,135.0,69.0,
s16,d10,frame_0024.jpg,True,296.0,666.0,432.0,733.0,136.0,67.0,
s16,d10,frame_0025.jpg,True,297.0,667.0,431.0,733.0,134.0,66.0,
s16,d10,frame_0026.jpg,True,297.0,667.0,433.0,732.0,136.0,65.0,
s16,d10,frame_0027.jpg,True,297.0,667.0,433.0,732.0,136.0,65.0,
s16,d10,frame_0028.jpg,True,298.0,667.0,433.0,732.0,135.0,65.0,
s16,d10,frame_0029.jpg,True,298.0,666.0,432.0,731.0,134.0,65.0,
s16,d10,frame_0030.jpg,True,297.0,665.0,432.0,730.0,135.0,65.0,
s16,d10,frame_0031.jpg,True,296.0,665.0,430.0,729.0,134.0,64.0,
s16,d10,frame_0032.jpg,True,296.0,663.0,430.0,728.0,134.0,65.0,
s16,d10,frame_0033.jpg,True,296.0,663.0,429.0,728.0,133.0,65.0,
s16,d10,frame_0034.jpg,True,295.0,661.0,429.0,727.0,134.0,66.0,
s16,d10,frame_0035.jpg,True,295.0,660.0,428.0,726.0,133.0,66.0,
s16,d10,frame_0036.jpg,True,295.0,659.0,428.0,725.0,133.0,66.0,
s16,d10,frame_0037.jpg,True,293.0,657.0,429.0,723.0,136.0,66.0,
s16,d10,frame_0038.jpg,True,293.0,655.0,428.0,720.0,135.0,65.0,
s16,d10,frame_0039.jpg,True,292.0,653.0,428.0,718.0,136.0,65.0,
s16,d10,frame_0040.jpg,True,291.0,650.0,427.0,716.0,136.0,66.0,
s16,d10,frame_0041.jpg,True,290.0,647.0,428.0,714.0,138.0,67.0,
s16,d10,frame_0042.jpg,True,289.0,644.0,427.0,712.0,138.0,68.0,
s16,d10,frame_0043.jpg,True,290.0,642.0,426.0,711.0,136.0,69.0,
s16,d10,frame_0044.jpg,True,288.0,640.0,425.0,709.0,137.0,69.0,
s16,d10,frame_0045.jpg,True,287.0,639.0,423.0,709.0,136.0,70.0,
s16,d10,frame_0046.jpg,True,285.0,639.0,422.0,709.0,137.0,70.0,
s16,d10,frame_0047.jpg,True,282.0,640.0,420.0,711.0,138.0,71.0,
s16,d10,frame_0048.jpg,True,279.0,641.0,417.0,713.0,138.0,72.0,
s16,d10,frame_0049.jpg,True,275.0,645.0,414.0,715.0,139.0,70.0,
s16,d10,frame_0050.jpg,True,272.0,649.0,412.0,718.0,140.0,69.0,
s16,d10,frame_0051.jpg,True,270.0,652.0,410.0,723.0,140.0,71.0,
s16,d10,frame_0052.jpg,True,266.0,656.0,408.0,728.0,142.0,72.0,
s17,d0,frame_0001.jpg,True,278.0,810.0,417.0,875.0,139.0,65.0,
s17,d0,frame_0002.jpg,True,279.0,810.0,417.0,875.0,138.0,65.0,
s17,d0,frame_0003.jpg,True,278.0,809.0,418.0,874.0,140.0,65.0,
s17,d0,frame_0004.jpg,True,277.0,810.0,417.0,876.0,140.0,66.0,
s17,d0,frame_0005.jpg,True,279.0,813.0,416.0,877.0,137.0,64.0,
s17,d0,frame_0006.jpg,True,280.0,813.0,417.0,879.0,137.0,66.0,
s17,d0,frame_0007.jpg,True,281.0,813.0,417.0,878.0,136.0,65.0,
s17,d0,frame_0008.jpg,True,283.0,814.0,417.0,880.0,134.0,66.0,
s17,d0,frame_0009.jpg,True,282.0,815.0,419.0,881.0,137.0,66.0,
s17,d0,frame_0010.jpg,True,283.0,815.0,419.0,887.0,136.0,72.0,
s17,d0,frame_0011.jpg,True,283.0,813.0,419.0,902.0,136.0,89.0,
s17,d0,frame_0012.jpg,True,283.0,814.0,420.0,908.0,137.0,94.0,
s17,d0,frame_0013.jpg,True,286.0,814.0,422.0,908.0,136.0,94.0,
s17,d0,frame_0014.jpg,True,289.0,815.0,421.0,903.0,132.0,88.0,
s17,d0,frame_0015.jpg,True,288.0,816.0,420.0,899.0,132.0,83.0,
s17,d0,frame_0016.jpg,True,288.0,815.0,418.0,896.0,130.0,81.0,
s17,d0,frame_0017.jpg,True,287.0,812.0,417.0,893.0,130.0,81.0,
s17,d0,frame_0018.jpg,True,284.0,810.0,416.0,889.0,132.0,79.0,
s17,d0,frame_0019.jpg,True,282.0,810.0,415.0,886.0,133.0,76.0,
s17,d0,frame_0020.jpg,True,282.0,812.0,414.0,886.0,132.0,74.0,
s17,d0,frame_0021.jpg,True,281.0,813.0,415.0,886.0,134.0,73.0,
s17,d0,frame_0022.jpg,True,280.0,814.0,415.0,884.0,135.0,70.0,
s17,d0,frame_0023.jpg,True,278.0,815.0,414.0,882.0,136.0,67.0,
s17,d0,frame_0024.jpg,True,277.0,815.0,414.0,881.0,137.0,66.0,
s17,d0,frame_0025.jpg,True,276.0,816.0,413.0,882.0,137.0,66.0,
s17,d0,frame_0026.jpg,True,276.0,817.0,412.0,882.0,136.0,65.0,
s17,d0,frame_0027.jpg,True,275.0,817.0,412.0,882.0,137.0,65.0,
s17,d0,frame_0028.jpg,True,274.0,818.0,411.0,882.0,137.0,64.0,
s17,d0,frame_0029.jpg,True,274.0,818.0,411.0,882.0,137.0,64.0,
s17,d0,frame_0030.jpg,True,274.0,818.0,410.0,882.0,136.0,64.0,
s17,d0,frame_0031.jpg,True,274.0,819.0,411.0,882.0,137.0,63.0,
s17,d0,frame_0032.jpg,True,274.0,820.0,410.0,885.0,136.0,65.0,
s17,d1,frame_0001.jpg,True,278.0,824.0,415.0,888.0,137.0,64.0,
s17,d1,frame_0002.jpg,True,279.0,825.0,416.0,890.0,137.0,65.0,
s17,d1,frame_0003.jpg,True,280.0,827.0,416.0,893.0,136.0,66.0,
s17,d1,frame_0004.jpg,True,279.0,827.0,417.0,898.0,138.0,71.0,
s17,d1,frame_0005.jpg,True,281.0,823.0,415.0,911.0,134.0,88.0,
s17,d1,frame_0006.jpg,True,281.0,824.0,417.0,915.0,136.0,91.0,
s17,d1,frame_0007.jpg,True,281.0,824.0,418.0,916.0,137.0,92.0,
s17,d1,frame_0008.jpg,True,281.0,825.0,418.0,918.0,137.0,93.0,
s17,d1,frame_0009.jpg,True,283.0,827.0,419.0,918.0,136.0,91.0,
s17,d1,frame_0010.jpg,True,281.0,828.0,419.0,920.0,138.0,92.0,
s17,d1,frame_0011.jpg,True,282.0,830.0,419.0,922.0,137.0,92.0,
s17,d1,frame_0012.jpg,True,282.0,831.0,418.0,924.0,136.0,93.0,
s17,d1,frame_0013.jpg,True,281.0,830.0,417.0,923.0,136.0,93.0,
s17,d1,frame_0014.jpg,True,280.0,831.0,416.0,922.0,136.0,91.0,
s17,d1,frame_0015.jpg,True,279.0,832.0,416.0,921.0,137.0,89.0,
s17,d1,frame_0016.jpg,True,278.0,833.0,416.0,917.0,138.0,84.0,
s17,d1,frame_0017.jpg,True,278.0,831.0,415.0,915.0,137.0,84.0,
s17,d1,frame_0018.jpg,True,278.0,829.0,416.0,913.0,138.0,84.0,
s17,d1,frame_0019.jpg,True,277.0,828.0,415.0,911.0,138.0,83.0,
s17,d1,frame_0020.jpg,True,275.0,826.0,414.0,908.0,139.0,82.0,
s17,d1,frame_0021.jpg,True,274.0,824.0,414.0,904.0,140.0,80.0,
s17,d1,frame_0022.jpg,True,274.0,823.0,412.0,900.0,138.0,77.0,
s17,d1,frame_0023.jpg,True,274.0,821.0,411.0,896.0,137.0,75.0,
s17,d1,frame_0024.jpg,True,273.0,820.0,410.0,893.0,137.0,73.0,
s17,d1,frame_0025.jpg,True,273.0,820.0,411.0,891.0,138.0,71.0,
s17,d1,frame_0026.jpg,True,273.0,820.0,410.0,888.0,137.0,68.0,
s17,d1,frame_0027.jpg,True,272.0,820.0,411.0,887.0,139.0,67.0,
s17,d1,frame_0028.jpg,True,272.0,820.0,411.0,887.0,139.0,67.0,
s17,d1,frame_0029.jpg,True,273.0,821.0,410.0,888.0,137.0,67.0,
s17,d1,frame_0030.jpg,True,273.0,823.0,410.0,888.0,137.0,65.0,
s17,d1,frame_0031.jpg,True,272.0,826.0,410.0,891.0,138.0,65.0,
s17,d1,frame_0032.jpg,True,272.0,828.0,409.0,892.0,137.0,64.0,
s17,d1,frame_0033.jpg,True,273.0,830.0,409.0,894.0,136.0,64.0,
s17,d1,frame_0034.jpg,True,273.0,830.0,409.0,894.0,136.0,64.0,
s17,d1,frame_0035.jpg,True,272.0,832.0,409.0,896.0,137.0,64.0,
s17,d1,frame_0036.jpg,True,272.0,833.0,409.0,897.0,137.0,64.0,
s17,d1,frame_0037.jpg,True,272.0,834.0,409.0,899.0,137.0,65.0,
s17,d1,frame_0038.jpg,True,272.0,835.0,408.0,899.0,136.0,64.0,
s17,d2,frame_0001.jpg,True,255.0,829.0,396.0,895.0,141.0,66.0,
s17,d2,frame_0002.jpg,True,254.0,829.0,398.0,896.0,144.0,67.0,
s17,d2,frame_0003.jpg,True,255.0,829.0,399.0,896.0,144.0,67.0,
s17,d2,frame_0004.jpg,True,256.0,829.0,400.0,895.0,144.0,66.0,
s17,d2,frame_0005.jpg,True,256.0,829.0,400.0,896.0,144.0,67.0,
s17,d2,frame_0006.jpg,True,257.0,829.0,401.0,895.0,144.0,66.0,
s17,d2,frame_0007.jpg,True,257.0,829.0,401.0,895.0,144.0,66.0,
s17,d2,frame_0008.jpg,True,256.0,829.0,400.0,895.0,144.0,66.0,
s17,d2,frame_0009.jpg,True,256.0,829.0,400.0,895.0,144.0,66.0,
s17,d2,frame_0010.jpg,True,256.0,829.0,400.0,896.0,144.0,67.0,
s17,d2,frame_0011.jpg,True,254.0,830.0,400.0,896.0,146.0,66.0,
s17,d2,frame_0012.jpg,True,255.0,830.0,399.0,896.0,144.0,66.0,
s17,d2,frame_0013.jpg,True,255.0,830.0,399.0,896.0,144.0,66.0,
s17,d2,frame_0014.jpg,True,254.0,830.0,398.0,896.0,144.0,66.0,
s17,d2,frame_0015.jpg,True,254.0,829.0,398.0,896.0,144.0,67.0,
s17,d2,frame_0016.jpg,True,255.0,828.0,397.0,895.0,142.0,67.0,
s17,d2,frame_0017.jpg,True,255.0,828.0,399.0,895.0,144.0,67.0,
s17,d2,frame_0018.jpg,True,254.0,827.0,399.0,893.0,145.0,66.0,
s17,d2,frame_0019.jpg,True,255.0,826.0,399.0,893.0,144.0,67.0,
s17,d2,frame_0020.jpg,True,256.0,826.0,401.0,893.0,145.0,67.0,
s17,d2,frame_0021.jpg,True,258.0,826.0,402.0,892.0,144.0,66.0,
s17,d2,frame_0022.jpg,True,258.0,826.0,402.0,894.0,144.0,68.0,
s17,d2,frame_0023.jpg,True,258.0,827.0,402.0,895.0,144.0,68.0,
s17,d2,frame_0024.jpg,True,259.0,828.0,403.0,896.0,144.0,68.0,
s17,d2,frame_0025.jpg,True,260.0,829.0,403.0,898.0,143.0,69.0,
s17,d2,frame_0026.jpg,True,261.0,828.0,403.0,903.0,142.0,75.0,
s17,d2,frame_0027.jpg,True,263.0,826.0,402.0,911.0,139.0,85.0,
s17,d2,frame_0028.jpg,True,263.0,825.0,403.0,912.0,140.0,87.0,
s17,d2,frame_0029.jpg,True,263.0,824.0,402.0,912.0,139.0,88.0,
s17,d2,frame_0030.jpg,True,262.0,821.0,403.0,910.0,141.0,89.0,
s17,d2,frame_0031.jpg,True,260.0,818.0,403.0,908.0,143.0,90.0,
s17,d2,frame_0032.jpg,True,258.0,815.0,403.0,906.0,145.0,91.0,
s17,d2,frame_0033.jpg,True,257.0,814.0,402.0,904.0,145.0,90.0,
s17,d2,frame_0034.jpg,True,256.0,814.0,402.0,905.0,146.0,91.0,
s17,d2,frame_0035.jpg,True,255.0,815.0,399.0,909.0,144.0,94.0,
s17,d2,frame_0036.jpg,True,254.0,819.0,397.0,917.0,143.0,98.0,
s17,d2,frame_0037.jpg,True,255.0,822.0,395.0,921.0,140.0,99.0,
s17,d2,frame_0038.jpg,True,256.0,822.0,395.0,918.0,139.0,96.0,
s17,d2,frame_0039.jpg,True,258.0,823.0,394.0,915.0,136.0,92.0,
s17,d2,frame_0040.jpg,True,258.0,823.0,395.0,908.0,137.0,85.0,
s17,d2,frame_0041.jpg,True,257.0,823.0,396.0,903.0,139.0,80.0,
s17,d2,frame_0042.jpg,True,257.0,824.0,398.0,897.0,141.0,73.0,
s17,d2,frame_0043.jpg,True,257.0,823.0,399.0,896.0,142.0,73.0,
s17,d2,frame_0044.jpg,True,257.0,824.0,399.0,897.0,142.0,73.0,
s17,d2,frame_0045.jpg,True,259.0,825.0,399.0,905.0,140.0,80.0,
s17,d2,frame_0046.jpg,True,261.0,825.0,399.0,910.0,138.0,85.0,
s17,d2,frame_0047.jpg,True,261.0,825.0,400.0,910.0,139.0,85.0,
s17,d2,frame_0048.jpg,True,261.0,825.0,401.0,910.0,140.0,85.0,
s17,d2,frame_0049.jpg,True,261.0,826.0,402.0,909.0,141.0,83.0,
s17,d2,frame_0050.jpg,True,262.0,827.0,403.0,907.0,141.0,80.0,
s17,d2,frame_0051.jpg,True,262.0,829.0,403.0,903.0,141.0,74.0,
s17,d2,frame_0052.jpg,True,262.0,831.0,403.0,901.0,141.0,70.0,
s17,d2,frame_0053.jpg,True,260.0,832.0,404.0,900.0,144.0,68.0,
s17,d3,frame_0001.jpg,True,266.0,843.0,410.0,910.0,144.0,67.0,
s17,d3,frame_0002.jpg,True,266.0,842.0,410.0,909.0,144.0,67.0,
s17,d3,frame_0003.jpg,True,266.0,842.0,411.0,908.0,145.0,66.0,
s17,d3,frame_0004.jpg,True,266.0,842.0,411.0,908.0,145.0,66.0,
s17,d3,frame_0005.jpg,True,266.0,842.0,411.0,909.0,145.0,67.0,
s17,d3,frame_0006.jpg,True,267.0,843.0,411.0,910.0,144.0,67.0,
s17,d3,frame_0007.jpg,True,267.0,843.0,412.0,911.0,145.0,68.0,
s17,d3,frame_0008.jpg,True,268.0,840.0,412.0,914.0,144.0,74.0,
s17,d3,frame_0009.jpg,True,268.0,836.0,411.0,924.0,143.0,88.0,
s17,d3,frame_0010.jpg,True,268.0,834.0,412.0,924.0,144.0,90.0,
s17,d3,frame_0011.jpg,True,268.0,832.0,412.0,924.0,144.0,92.0,
s17,d3,frame_0012.jpg,True,267.0,831.0,412.0,923.0,145.0,92.0,
s17,d3,frame_0013.jpg,True,267.0,831.0,412.0,925.0,145.0,94.0,
s17,d3,frame_0014.jpg,True,265.0,834.0,411.0,933.0,146.0,99.0,
s17,d3,frame_0015.jpg,True,265.0,836.0,408.0,939.0,143.0,103.0,
s17,d3,frame_0016.jpg,True,265.0,838.0,408.0,941.0,143.0,103.0,
s17,d3,frame_0017.jpg,True,266.0,840.0,408.0,938.0,142.0,98.0,
s17,d3,frame_0018.jpg,True,266.0,843.0,410.0,924.0,144.0,81.0,
s17,d3,frame_0019.jpg,True,265.0,845.0,411.0,912.0,146.0,67.0,
s17,d3,frame_0020.jpg,True,265.0,844.0,411.0,908.0,146.0,64.0,
s17,d3,frame_0021.jpg,True,265.0,840.0,410.0,905.0,145.0,65.0,
s17,d3,frame_0022.jpg,True,264.0,840.0,409.0,904.0,145.0,64.0,
s17,d3,frame_0023.jpg,True,264.0,840.0,409.0,904.0,145.0,64.0,
s17,d3,frame_0024.jpg,True,264.0,839.0,408.0,903.0,144.0,64.0,
s17,d3,frame_0025.jpg,True,264.0,840.0,408.0,903.0,144.0,63.0,
s17,d3,frame_0026.jpg,True,263.0,841.0,408.0,903.0,145.0,62.0,
s17,d3,frame_0027.jpg,True,262.0,842.0,408.0,905.0,146.0,63.0,
s17,d3,frame_0028.jpg,True,261.0,842.0,407.0,906.0,146.0,64.0,
s17,d3,frame_0029.jpg,True,260.0,843.0,407.0,907.0,147.0,64.0,
s17,d3,frame_0030.jpg,True,261.0,843.0,405.0,908.0,144.0,65.0,
s17,d3,frame_0031.jpg,True,261.0,843.0,405.0,908.0,144.0,65.0,
s17,d3,frame_0032.jpg,True,259.0,842.0,405.0,907.0,146.0,65.0,
s17,d3,frame_0033.jpg,True,258.0,842.0,404.0,907.0,146.0,65.0,
s17,d3,frame_0034.jpg,True,258.0,842.0,404.0,907.0,146.0,65.0,
s17,d3,frame_0035.jpg,True,257.0,843.0,403.0,908.0,146.0,65.0,
s17,d3,frame_0036.jpg,True,257.0,844.0,403.0,909.0,146.0,65.0,
s17,d3,frame_0037.jpg,True,257.0,844.0,402.0,909.0,145.0,65.0,
s17,d4,frame_0001.jpg,True,263.0,843.0,406.0,908.0,143.0,65.0,
s17,d4,frame_0002.jpg,True,262.0,842.0,406.0,909.0,144.0,67.0,
s17,d4,frame_0003.jpg,True,263.0,842.0,406.0,910.0,143.0,68.0,
s17,d4,frame_0004.jpg,True,264.0,842.0,406.0,911.0,142.0,69.0,
s17,d4,frame_0005.jpg,True,265.0,841.0,407.0,912.0,142.0,71.0,
s17,d4,frame_0006.jpg,True,265.0,837.0,407.0,921.0,142.0,84.0,
s17,d4,frame_0007.jpg,True,264.0,834.0,410.0,923.0,146.0,89.0,
s17,d4,frame_0008.jpg,True,264.0,832.0,413.0,924.0,149.0,92.0,
s17,d4,frame_0009.jpg,True,264.0,831.0,414.0,926.0,150.0,95.0,
s17,d4,frame_0010.jpg,True,263.0,831.0,416.0,927.0,153.0,96.0,
s17,d4,frame_0011.jpg,True,264.0,832.0,416.0,930.0,152.0,98.0,
s17,d4,frame_0012.jpg,True,264.0,835.0,416.0,933.0,152.0,98.0,
s17,d4,frame_0013.jpg,True,265.0,837.0,416.0,935.0,151.0,98.0,
s17,d4,frame_0014.jpg,True,265.0,840.0,416.0,938.0,151.0,98.0,
s17,d4,frame_0015.jpg,True,265.0,842.0,416.0,940.0,151.0,98.0,
s17,d4,frame_0016.jpg,True,266.0,843.0,415.0,940.0,149.0,97.0,
s17,d4,frame_0017.jpg,True,266.0,845.0,415.0,940.0,149.0,95.0,
s17,d4,frame_0018.jpg,True,267.0,844.0,415.0,940.0,148.0,96.0,
s17,d4,frame_0019.jpg,True,267.0,844.0,416.0,938.0,149.0,94.0,
s17,d4,frame_0020.jpg,True,267.0,846.0,414.0,936.0,147.0,90.0,
s17,d4,frame_0021.jpg,True,268.0,844.0,414.0,931.0,146.0,87.0,
s17,d4,frame_0022.jpg,True,268.0,844.0,413.0,929.0,145.0,85.0,
s17,d4,frame_0023.jpg,True,267.0,846.0,412.0,921.0,145.0,75.0,
s17,d4,frame_0024.jpg,True,267.0,847.0,412.0,916.0,145.0,69.0,
s17,d4,frame_0025.jpg,True,265.0,848.0,411.0,914.0,146.0,66.0,
s17,d4,frame_0026.jpg,True,265.0,848.0,410.0,914.0,145.0,66.0,
s17,d4,frame_0027.jpg,True,264.0,849.0,409.0,915.0,145.0,66.0,
s17,d4,frame_0028.jpg,True,265.0,849.0,408.0,915.0,143.0,66.0,
s17,d4,frame_0029.jpg,True,264.0,849.0,408.0,914.0,144.0,65.0,
s17,d4,frame_0030.jpg,True,263.0,849.0,407.0,914.0,144.0,65.0,
s17,d4,frame_0031.jpg,True,264.0,850.0,407.0,915.0,143.0,65.0,
s17,d4,frame_0032.jpg,True,263.0,851.0,406.0,917.0,143.0,66.0,
s17,d4,frame_0033.jpg,True,264.0,853.0,406.0,917.0,142.0,64.0,
s17,d4,frame_0034.jpg,True,262.0,854.0,406.0,919.0,144.0,65.0,
s17,d4,frame_0035.jpg,True,261.0,856.0,406.0,921.0,145.0,65.0,
s17,d4,frame_0036.jpg,True,261.0,856.0,405.0,922.0,144.0,66.0,
s17,d4,frame_0037.jpg,True,262.0,857.0,405.0,923.0,143.0,66.0,
s17,d4,frame_0038.jpg,True,261.0,859.0,405.0,924.0,144.0,65.0,
s17,d4,frame_0039.jpg,True,262.0,860.0,404.0,925.0,142.0,65.0,
s17,d4,frame_0040.jpg,True,262.0,861.0,403.0,926.0,141.0,65.0,
s17,d4,frame_0041.jpg,True,262.0,860.0,403.0,926.0,141.0,66.0,
s17,d5,frame_0001.jpg,True,262.0,857.0,405.0,923.0,143.0,66.0,
s17,d5,frame_0002.jpg,True,262.0,857.0,406.0,924.0,144.0,67.0,
s17,d5,frame_0003.jpg,True,263.0,858.0,406.0,927.0,143.0,69.0,
s17,d5,frame_0004.jpg,True,264.0,857.0,406.0,940.0,142.0,83.0,
s17,d5,frame_0005.jpg,True,265.0,856.0,407.0,949.0,142.0,93.0,
s17,d5,frame_0006.jpg,True,267.0,856.0,408.0,955.0,141.0,99.0,
s17,d5,frame_0007.jpg,True,264.0,854.0,410.0,959.0,146.0,105.0,
s17,d5,frame_0008.jpg,True,264.0,851.0,410.0,960.0,146.0,109.0,
s17,d5,frame_0009.jpg,True,263.0,849.0,411.0,960.0,148.0,111.0,
s17,d5,frame_0010.jpg,True,262.0,849.0,411.0,961.0,149.0,112.0,
s17,d5,frame_0011.jpg,True,263.0,851.0,412.0,962.0,149.0,111.0,
s17,d5,frame_0012.jpg,True,263.0,851.0,412.0,961.0,149.0,110.0,
s17,d5,frame_0013.jpg,True,263.0,850.0,412.0,960.0,149.0,110.0,
s17,d5,frame_0014.jpg,True,263.0,851.0,413.0,959.0,150.0,108.0,
s17,d5,frame_0015.jpg,True,264.0,850.0,412.0,955.0,148.0,105.0,
s17,d5,frame_0016.jpg,True,265.0,850.0,413.0,951.0,148.0,101.0,
s17,d5,frame_0017.jpg,True,267.0,850.0,414.0,948.0,147.0,98.0,
s17,d5,frame_0018.jpg,True,268.0,850.0,414.0,947.0,146.0,97.0,
s17,d5,frame_0019.jpg,True,270.0,852.0,415.0,946.0,145.0,94.0,
s17,d5,frame_0020.jpg,True,269.0,853.0,414.0,943.0,145.0,90.0,
s17,d5,frame_0021.jpg,True,270.0,854.0,413.0,937.0,143.0,83.0,
s17,d5,frame_0022.jpg,True,268.0,854.0,412.0,931.0,144.0,77.0,
s17,d5,frame_0023.jpg,True,267.0,855.0,412.0,925.0,145.0,70.0,
s17,d5,frame_0024.jpg,True,265.0,854.0,411.0,921.0,146.0,67.0,
s17,d5,frame_0025.jpg,True,265.0,854.0,411.0,921.0,146.0,67.0,
s17,d6,frame_0001.jpg,True,270.0,860.0,413.0,926.0,143.0,66.0,
s17,d6,frame_0002.jpg,True,271.0,859.0,413.0,928.0,142.0,69.0,
s17,d6,frame_0003.jpg,True,273.0,861.0,411.0,933.0,138.0,72.0,
s17,d6,frame_0004.jpg,True,273.0,860.0,411.0,941.0,138.0,81.0,
s17,d6,frame_0005.jpg,True,274.0,858.0,411.0,945.0,137.0,87.0,
s17,d6,frame_0006.jpg,True,273.0,857.0,410.0,947.0,137.0,90.0,
s17,d6,frame_0007.jpg,True,272.0,855.0,410.0,950.0,138.0,95.0,
s17,d6,frame_0008.jpg,True,273.0,853.0,408.0,950.0,135.0,97.0,
s17,d6,frame_0009.jpg,True,274.0,851.0,408.0,948.0,134.0,97.0,
s17,d6,frame_0010.jpg,True,274.0,850.0,406.0,944.0,132.0,94.0,
s17,d6,frame_0011.jpg,True,274.0,850.0,404.0,941.0,130.0,91.0,
s17,d6,frame_0012.jpg,True,274.0,851.0,403.0,941.0,129.0,90.0,
s17,d6,frame_0013.jpg,True,274.0,854.0,402.0,940.0,128.0,86.0,
s17,d6,frame_0014.jpg,True,274.0,857.0,402.0,942.0,128.0,85.0,
s17,d6,frame_0015.jpg,True,273.0,858.0,402.0,943.0,129.0,85.0,
s17,d6,frame_0016.jpg,True,272.0,859.0,403.0,942.0,131.0,83.0,
s17,d6,frame_0017.jpg,True,270.0,859.0,404.0,942.0,134.0,83.0,
s17,d6,frame_0018.jpg,True,270.0,859.0,405.0,949.0,135.0,90.0,
s17,d6,frame_0019.jpg,True,269.0,861.0,406.0,951.0,137.0,90.0,
s17,d6,frame_0020.jpg,True,268.0,862.0,408.0,952.0,140.0,90.0,
s17,d6,frame_0021.jpg,True,268.0,865.0,407.0,954.0,139.0,89.0,
s17,d6,frame_0022.jpg,True,269.0,867.0,408.0,954.0,139.0,87.0,
s17,d6,frame_0023.jpg,True,268.0,868.0,410.0,951.0,142.0,83.0,
s17,d6,frame_0024.jpg,True,267.0,871.0,409.0,946.0,142.0,75.0,
s17,d6,frame_0025.jpg,True,266.0,872.0,409.0,943.0,143.0,71.0,
s17,d6,frame_0026.jpg,True,267.0,875.0,409.0,942.0,142.0,67.0,
s17,d6,frame_0027.jpg,True,267.0,877.0,409.0,943.0,142.0,66.0,
s17,d6,frame_0028.jpg,True,266.0,879.0,409.0,943.0,143.0,64.0,
s17,d6,frame_0029.jpg,True,265.0,879.0,409.0,943.0,144.0,64.0,
s17,d6,frame_0030.jpg,True,265.0,879.0,409.0,944.0,144.0,65.0,
s17,d6,frame_0031.jpg,True,266.0,879.0,409.0,944.0,143.0,65.0,
s17,d6,frame_0032.jpg,True,265.0,879.0,408.0,943.0,143.0,64.0,
s17,d6,frame_0033.jpg,True,264.0,879.0,407.0,943.0,143.0,64.0,
s17,d6,frame_0034.jpg,True,265.0,879.0,406.0,943.0,141.0,64.0,
s17,d6,frame_0035.jpg,True,265.0,879.0,406.0,943.0,141.0,64.0,
s17,d6,frame_0036.jpg,True,264.0,877.0,406.0,942.0,142.0,65.0,
s17,d6,frame_0037.jpg,True,262.0,876.0,406.0,940.0,144.0,64.0,
s17,d7,frame_0001.jpg,True,269.0,874.0,409.0,939.0,140.0,65.0,
s17,d7,frame_0002.jpg,True,269.0,874.0,409.0,940.0,140.0,66.0,
s17,d7,frame_0003.jpg,True,269.0,873.0,410.0,940.0,141.0,67.0,
s17,d7,frame_0004.jpg,True,269.0,872.0,410.0,940.0,141.0,68.0,
s17,d7,frame_0005.jpg,True,269.0,870.0,410.0,940.0,141.0,70.0,
s17,d7,frame_0006.jpg,True,271.0,866.0,410.0,952.0,139.0,86.0,
s17,d7,frame_0007.jpg,True,269.0,864.0,409.0,953.0,140.0,89.0,
s17,d7,frame_0008.jpg,True,269.0,862.0,410.0,952.0,141.0,90.0,
s17,d7,frame_0009.jpg,True,267.0,861.0,411.0,950.0,144.0,89.0,
s17,d7,frame_0010.jpg,True,266.0,860.0,411.0,950.0,145.0,90.0,
s17,d7,frame_0011.jpg,True,266.0,861.0,412.0,952.0,146.0,91.0,
s17,d7,frame_0012.jpg,True,267.0,864.0,411.0,956.0,144.0,92.0,
s17,d7,frame_0013.jpg,True,268.0,868.0,412.0,960.0,144.0,92.0,
s17,d7,frame_0014.jpg,True,267.0,871.0,411.0,964.0,144.0,93.0,
s17,d7,frame_0015.jpg,True,268.0,874.0,411.0,965.0,143.0,91.0,
s17,d7,frame_0016.jpg,True,267.0,874.0,411.0,964.0,144.0,90.0,
s17,d7,frame_0017.jpg,True,267.0,876.0,412.0,962.0,145.0,86.0,
s17,d7,frame_0018.jpg,True,267.0,877.0,411.0,962.0,144.0,85.0,
s17,d7,frame_0019.jpg,True,266.0,877.0,411.0,962.0,145.0,85.0,
s17,d7,frame_0020.jpg,True,266.0,880.0,411.0,964.0,145.0,84.0,
s17,d7,frame_0021.jpg,True,264.0,882.0,409.0,965.0,145.0,83.0,
s17,d7,frame_0022.jpg,True,262.0,882.0,406.0,962.0,144.0,80.0,
s17,d7,frame_0023.jpg,True,261.0,881.0,404.0,955.0,143.0,74.0,
s17,d7,frame_0024.jpg,True,261.0,881.0,402.0,951.0,141.0,70.0,
s17,d7,frame_0025.jpg,True,260.0,880.0,402.0,948.0,142.0,68.0,
s17,d7,frame_0026.jpg,True,259.0,880.0,403.0,946.0,144.0,66.0,
s17,d7,frame_0027.jpg,True,259.0,879.0,403.0,944.0,144.0,65.0,
s17,d7,frame_0028.jpg,True,260.0,879.0,403.0,944.0,143.0,65.0,
s17,d7,frame_0029.jpg,True,262.0,879.0,403.0,944.0,141.0,65.0,
s17,d7,frame_0030.jpg,True,263.0,880.0,404.0,944.0,141.0,64.0,
s17,d7,frame_0031.jpg,True,264.0,881.0,405.0,946.0,141.0,65.0,
s17,d7,frame_0032.jpg,True,264.0,883.0,405.0,948.0,141.0,65.0,
s17,d7,frame_0033.jpg,True,265.0,883.0,405.0,948.0,140.0,65.0,
s17,d7,frame_0034.jpg,True,264.0,883.0,404.0,948.0,140.0,65.0,
s17,d7,frame_0035.jpg,True,264.0,883.0,404.0,948.0,140.0,65.0,
s17,d8,frame_0001.jpg,True,268.0,878.0,409.0,943.0,141.0,65.0,
s17,d8,frame_0002.jpg,True,268.0,877.0,409.0,941.0,141.0,64.0,
s17,d8,frame_0003.jpg,True,268.0,877.0,409.0,941.0,141.0,64.0,
s17,d8,frame_0004.jpg,True,268.0,876.0,409.0,941.0,141.0,65.0,
s17,d8,frame_0005.jpg,True,268.0,875.0,409.0,940.0,141.0,65.0,
s17,d8,frame_0006.jpg,True,267.0,876.0,409.0,940.0,142.0,64.0,
s17,d8,frame_0007.jpg,True,268.0,876.0,410.0,941.0,142.0,65.0,
s17,d8,frame_0008.jpg,True,268.0,876.0,409.0,941.0,141.0,65.0,
s17,d8,frame_0009.jpg,True,268.0,876.0,411.0,941.0,143.0,65.0,
s17,d8,frame_0010.jpg,True,268.0,877.0,410.0,941.0,142.0,64.0,
s17,d8,frame_0011.jpg,True,268.0,877.0,410.0,942.0,142.0,65.0,
s17,d8,frame_0012.jpg,True,267.0,877.0,410.0,942.0,143.0,65.0,
s17,d8,frame_0013.jpg,True,266.0,879.0,410.0,944.0,144.0,65.0,
s17,d8,frame_0014.jpg,True,264.0,881.0,410.0,946.0,146.0,65.0,
s17,d8,frame_0015.jpg,True,264.0,881.0,407.0,954.0,143.0,73.0,
s17,d8,frame_0016.jpg,True,262.0,878.0,408.0,970.0,146.0,92.0,
s17,d8,frame_0017.jpg,True,261.0,877.0,408.0,975.0,147.0,98.0,
s17,d8,frame_0018.jpg,True,259.0,878.0,410.0,976.0,151.0,98.0,
s17,d8,frame_0019.jpg,True,259.0,878.0,410.0,972.0,151.0,94.0,
s17,d8,frame_0020.jpg,True,259.0,876.0,409.0,969.0,150.0,93.0,
s17,d8,frame_0021.jpg,True,259.0,875.0,408.0,966.0,149.0,91.0,
s17,d8,frame_0022.jpg,True,259.0,875.0,406.0,963.0,147.0,88.0,
s17,d8,frame_0023.jpg,True,260.0,873.0,405.0,960.0,145.0,87.0,
s17,d8,frame_0024.jpg,True,260.0,872.0,404.0,957.0,144.0,85.0,
s17,d8,frame_0025.jpg,True,260.0,874.0,404.0,952.0,144.0,78.0,
s17,d8,frame_0026.jpg,True,260.0,874.0,402.0,948.0,142.0,74.0,
s17,d8,frame_0027.jpg,True,259.0,873.0,401.0,944.0,142.0,71.0,
s17,d8,frame_0028.jpg,True,258.0,873.0,401.0,941.0,143.0,68.0,
s17,d8,frame_0029.jpg,True,259.0,873.0,400.0,939.0,141.0,66.0,
s17,d8,frame_0030.jpg,True,258.0,873.0,401.0,939.0,143.0,66.0,
s17,d8,frame_0031.jpg,True,259.0,873.0,401.0,938.0,142.0,65.0,
s17,d8,frame_0032.jpg,True,259.0,873.0,402.0,938.0,143.0,65.0,
s17,d8,frame_0033.jpg,True,259.0,872.0,402.0,937.0,143.0,65.0,
s17,d8,frame_0034.jpg,True,259.0,872.0,402.0,936.0,143.0,64.0,
s17,d8,frame_0035.jpg,True,260.0,873.0,403.0,937.0,143.0,64.0,
s17,d8,frame_0036.jpg,True,261.0,873.0,403.0,938.0,142.0,65.0,
s17,d8,frame_0037.jpg,True,261.0,874.0,404.0,939.0,143.0,65.0,
s17,d8,frame_0038.jpg,True,263.0,875.0,405.0,940.0,142.0,65.0,
s17,d9,frame_0001.jpg,True,269.0,872.0,409.0,938.0,140.0,66.0,
s17,d9,frame_0002.jpg,True,268.0,874.0,409.0,939.0,141.0,65.0,
s17,d9,frame_0003.jpg,True,268.0,875.0,409.0,940.0,141.0,65.0,
s17,d9,frame_0004.jpg,True,268.0,876.0,409.0,941.0,141.0,65.0,
s17,d9,frame_0005.jpg,True,269.0,877.0,409.0,942.0,140.0,65.0,
s17,d9,frame_0006.jpg,True,270.0,878.0,409.0,945.0,139.0,67.0,
s17,d9,frame_0007.jpg,True,271.0,881.0,410.0,948.0,139.0,67.0,
s17,d9,frame_0008.jpg,True,270.0,880.0,410.0,953.0,140.0,73.0,
s17,d9,frame_0009.jpg,True,272.0,877.0,409.0,962.0,137.0,85.0,
s17,d9,frame_0010.jpg,True,271.0,876.0,409.0,963.0,138.0,87.0,
s17,d9,frame_0011.jpg,True,271.0,874.0,410.0,963.0,139.0,89.0,
s17,d9,frame_0012.jpg,True,270.0,873.0,410.0,966.0,140.0,93.0,
s17,d9,frame_0013.jpg,True,269.0,874.0,409.0,970.0,140.0,96.0,
s17,d9,frame_0014.jpg,True,269.0,875.0,409.0,973.0,140.0,98.0,
s17,d9,frame_0015.jpg,True,269.0,874.0,410.0,976.0,141.0,102.0,
s17,d9,frame_0016.jpg,True,269.0,876.0,411.0,979.0,142.0,103.0,
s17,d9,frame_0017.jpg,True,269.0,877.0,410.0,980.0,141.0,103.0,
s17,d9,frame_0018.jpg,True,268.0,876.0,410.0,980.0,142.0,104.0,
s17,d9,frame_0019.jpg,True,269.0,877.0,409.0,978.0,140.0,101.0,
s17,d9,frame_0020.jpg,True,271.0,877.0,409.0,974.0,138.0,97.0,
s17,d9,frame_0021.jpg,True,271.0,877.0,408.0,967.0,137.0,90.0,
s17,d9,frame_0022.jpg,True,271.0,878.0,409.0,961.0,138.0,83.0,
s17,d9,frame_0023.jpg,True,270.0,878.0,408.0,956.0,138.0,78.0,
s17,d9,frame_0024.jpg,True,269.0,878.0,408.0,953.0,139.0,75.0,
s17,d9,frame_0025.jpg,True,268.0,878.0,408.0,952.0,140.0,74.0,
s17,d9,frame_0026.jpg,True,268.0,880.0,406.0,952.0,138.0,72.0,
s17,d9,frame_0027.jpg,True,268.0,880.0,406.0,951.0,138.0,71.0,
s17,d9,frame_0028.jpg,True,266.0,881.0,406.0,949.0,140.0,68.0,
s17,d9,frame_0029.jpg,True,266.0,881.0,406.0,947.0,140.0,66.0,
s17,d9,frame_0030.jpg,True,266.0,881.0,407.0,946.0,141.0,65.0,
s17,d9,frame_0031.jpg,True,265.0,881.0,407.0,946.0,142.0,65.0,
s17,d9,frame_0032.jpg,True,264.0,882.0,406.0,946.0,142.0,64.0,
s17,d9,frame_0033.jpg,True,263.0,882.0,405.0,946.0,142.0,64.0,
s17,d9,frame_0034.jpg,True,264.0,882.0,405.0,946.0,141.0,64.0,
s17,d9,frame_0035.jpg,True,263.0,880.0,406.0,945.0,143.0,65.0,
s17,d9,frame_0036.jpg,True,264.0,880.0,406.0,945.0,142.0,65.0,
s17,d10,frame_0001.jpg,True,266.0,879.0,407.0,948.0,141.0,69.0,
s17,d10,frame_0002.jpg,True,266.0,875.0,405.0,959.0,139.0,84.0,
s17,d10,frame_0003.jpg,True,265.0,874.0,406.0,960.0,141.0,86.0,
s17,d10,frame_0004.jpg,True,263.0,871.0,406.0,960.0,143.0,89.0,
s17,d10,frame_0005.jpg,True,262.0,868.0,406.0,959.0,144.0,91.0,
s17,d10,frame_0006.jpg,True,260.0,868.0,407.0,958.0,147.0,90.0,
s17,d10,frame_0007.jpg,True,261.0,869.0,407.0,960.0,146.0,91.0,
s17,d10,frame_0008.jpg,True,261.0,871.0,408.0,961.0,147.0,90.0,
s17,d10,frame_0009.jpg,True,263.0,871.0,408.0,964.0,145.0,93.0,
s17,d10,frame_0010.jpg,True,262.0,871.0,409.0,965.0,147.0,94.0,
s17,d10,frame_0011.jpg,True,264.0,873.0,409.0,963.0,145.0,90.0,
s17,d10,frame_0012.jpg,True,263.0,876.0,411.0,952.0,148.0,76.0,
s17,d10,frame_0013.jpg,True,263.0,878.0,409.0,941.0,146.0,63.0,
s17,d10,frame_0014.jpg,True,262.0,877.0,410.0,938.0,148.0,61.0,
s17,d10,frame_0015.jpg,True,262.0,877.0,409.0,938.0,147.0,61.0,
s17,d10,frame_0016.jpg,True,261.0,877.0,409.0,938.0,148.0,61.0,
s17,d10,frame_0017.jpg,True,260.0,876.0,409.0,938.0,149.0,62.0,
s17,d10,frame_0018.jpg,True,260.0,876.0,407.0,939.0,147.0,63.0,
s17,d10,frame_0019.jpg,True,258.0,876.0,406.0,944.0,148.0,68.0,
s17,d10,frame_0020.jpg,True,260.0,874.0,402.0,956.0,142.0,82.0,
s17,d10,frame_0021.jpg,True,259.0,874.0,401.0,960.0,142.0,86.0,
s17,d10,frame_0022.jpg,True,259.0,874.0,401.0,961.0,142.0,87.0,
s17,d10,frame_0023.jpg,True,259.0,874.0,402.0,957.0,143.0,83.0,
s17,d10,frame_0024.jpg,True,261.0,876.0,401.0,954.0,140.0,78.0,
s17,d10,frame_0025.jpg,True,261.0,877.0,400.0,952.0,139.0,75.0,
s17,d10,frame_0026.jpg,True,258.0,878.0,400.0,949.0,142.0,71.0,
s17,d10,frame_0027.jpg,True,257.0,879.0,399.0,946.0,142.0,67.0,
s17,d10,frame_0028.jpg,True,257.0,878.0,399.0,944.0,142.0,66.0,
s17,d10,frame_0029.jpg,True,257.0,877.0,399.0,943.0,142.0,66.0,
s17,d10,frame_0030.jpg,True,257.0,877.0,400.0,943.0,143.0,66.0,
s17,d10,frame_0031.jpg,True,258.0,877.0,400.0,942.0,142.0,65.0,
s18,d0,frame_0001.jpg,True,289.0,544.0,416.0,611.0,127.0,67.0,
s18,d0,frame_0002.jpg,True,288.0,543.0,415.0,611.0,127.0,68.0,
s18,d0,frame_0003.jpg,True,286.0,542.0,417.0,611.0,131.0,69.0,
s18,d0,frame_0004.jpg,True,286.0,543.0,417.0,612.0,131.0,69.0,
s18,d0,frame_0005.jpg,True,285.0,543.0,416.0,611.0,131.0,68.0,
s18,d0,frame_0006.jpg,True,287.0,546.0,415.0,611.0,128.0,65.0,
s18,d0,frame_0007.jpg,True,288.0,545.0,416.0,614.0,128.0,69.0,
s18,d0,frame_0008.jpg,True,290.0,544.0,414.0,623.0,124.0,79.0,
s18,d0,frame_0009.jpg,True,287.0,539.0,415.0,629.0,128.0,90.0,
s18,d0,frame_0010.jpg,True,286.0,537.0,416.0,631.0,130.0,94.0,
s18,d0,frame_0011.jpg,True,286.0,537.0,415.0,629.0,129.0,92.0,
s18,d0,frame_0012.jpg,True,287.0,538.0,414.0,625.0,127.0,87.0,
s18,d0,frame_0013.jpg,True,287.0,538.0,414.0,621.0,127.0,83.0,
s18,d0,frame_0014.jpg,True,287.0,537.0,413.0,619.0,126.0,82.0,
s18,d0,frame_0015.jpg,True,286.0,536.0,414.0,617.0,128.0,81.0,
s18,d0,frame_0016.jpg,True,283.0,536.0,413.0,615.0,130.0,79.0,
s18,d0,frame_0017.jpg,True,282.0,536.0,413.0,613.0,131.0,77.0,
s18,d0,frame_0018.jpg,True,282.0,537.0,411.0,610.0,129.0,73.0,
s18,d0,frame_0019.jpg,True,281.0,537.0,410.0,610.0,129.0,73.0,
s18,d0,frame_0020.jpg,True,280.0,538.0,411.0,611.0,131.0,73.0,
s18,d0,frame_0021.jpg,True,278.0,538.0,408.0,613.0,130.0,75.0,
s18,d0,frame_0022.jpg,True,279.0,540.0,406.0,612.0,127.0,72.0,
s18,d0,frame_0023.jpg,True,279.0,539.0,405.0,610.0,126.0,71.0,
s18,d0,frame_0024.jpg,True,278.0,538.0,405.0,608.0,127.0,70.0,
s18,d0,frame_0025.jpg,True,278.0,537.0,406.0,607.0,128.0,70.0,
s18,d0,frame_0026.jpg,True,277.0,537.0,406.0,605.0,129.0,68.0,
s18,d0,frame_0027.jpg,True,278.0,537.0,406.0,606.0,128.0,69.0,
s18,d0,frame_0028.jpg,True,277.0,536.0,408.0,603.0,131.0,67.0,
s18,d0,frame_0029.jpg,True,278.0,536.0,409.0,603.0,131.0,67.0,
s18,d1,frame_0001.jpg,True,289.0,545.0,419.0,611.0,130.0,66.0,
s18,d1,frame_0002.jpg,True,289.0,543.0,418.0,610.0,129.0,67.0,
s18,d1,frame_0003.jpg,True,290.0,543.0,419.0,611.0,129.0,68.0,
s18,d1,frame_0004.jpg,True,291.0,544.0,420.0,611.0,129.0,67.0,
s18,d1,frame_0005.jpg,True,292.0,545.0,419.0,612.0,127.0,67.0,
s18,d1,frame_0006.jpg,True,292.0,545.0,420.0,612.0,128.0,67.0,
s18,d1,frame_0007.jpg,True,292.0,544.0,421.0,613.0,129.0,69.0,
s18,d1,frame_0008.jpg,True,292.0,543.0,421.0,612.0,129.0,69.0,
s18,d1,frame_0009.jpg,True,292.0,542.0,421.0,610.0,129.0,68.0,
s18,d1,frame_0010.jpg,True,291.0,542.0,419.0,610.0,128.0,68.0,
s18,d1,frame_0011.jpg,True,291.0,541.0,419.0,611.0,128.0,70.0,
s18,d1,frame_0012.jpg,True,291.0,544.0,419.0,613.0,128.0,69.0,
s18,d1,frame_0013.jpg,True,291.0,543.0,418.0,616.0,127.0,73.0,
s18,d1,frame_0014.jpg,True,290.0,538.0,414.0,624.0,124.0,86.0,
s18,d1,frame_0015.jpg,True,288.0,537.0,416.0,627.0,128.0,90.0,
s18,d1,frame_0016.jpg,True,286.0,538.0,417.0,630.0,131.0,92.0,
s18,d1,frame_0017.jpg,True,285.0,537.0,415.0,631.0,130.0,94.0,
s18,d1,frame_0018.jpg,True,285.0,539.0,416.0,633.0,131.0,94.0,
s18,d1,frame_0019.jpg,True,287.0,539.0,416.0,633.0,129.0,94.0,
s18,d1,frame_0020.jpg,True,286.0,540.0,416.0,632.0,130.0,92.0,
s18,d1,frame_0021.jpg,True,287.0,543.0,416.0,633.0,129.0,90.0,
s18,d1,frame_0022.jpg,True,287.0,542.0,415.0,632.0,128.0,90.0,
s18,d1,frame_0023.jpg,True,288.0,542.0,417.0,630.0,129.0,88.0,
s18,d1,frame_0024.jpg,True,288.0,542.0,417.0,628.0,129.0,86.0,
s18,d1,frame_0025.jpg,True,289.0,543.0,419.0,625.0,130.0,82.0,
s18,d1,frame_0026.jpg,True,289.0,542.0,418.0,623.0,129.0,81.0,
s18,d1,frame_0027.jpg,True,289.0,543.0,419.0,621.0,130.0,78.0,
s18,d1,frame_0028.jpg,True,289.0,544.0,420.0,620.0,131.0,76.0,
s18,d1,frame_0029.jpg,True,288.0,544.0,420.0,620.0,132.0,76.0,
s18,d1,frame_0030.jpg,True,288.0,544.0,419.0,620.0,131.0,76.0,
s18,d1,frame_0031.jpg,True,289.0,544.0,419.0,619.0,130.0,75.0,
s18,d1,frame_0032.jpg,True,289.0,544.0,418.0,618.0,129.0,74.0,
s18,d1,frame_0033.jpg,True,289.0,544.0,418.0,616.0,129.0,72.0,
s18,d1,frame_0034.jpg,True,289.0,542.0,419.0,615.0,130.0,73.0,
s18,d1,frame_0035.jpg,True,290.0,541.0,417.0,612.0,127.0,71.0,
s18,d1,frame_0036.jpg,True,290.0,539.0,416.0,611.0,126.0,72.0,
s18,d1,frame_0037.jpg,True,290.0,538.0,418.0,610.0,128.0,72.0,
s18,d1,frame_0038.jpg,True,290.0,538.0,418.0,611.0,128.0,73.0,
s18,d1,frame_0039.jpg,True,291.0,539.0,419.0,612.0,128.0,73.0,
s18,d1,frame_0040.jpg,True,292.0,539.0,420.0,611.0,128.0,72.0,
s18,d1,frame_0041.jpg,True,292.0,539.0,420.0,611.0,128.0,72.0,
s18,d2,frame_0001.jpg,True,294.0,547.0,424.0,615.0,130.0,68.0,
s18,d2,frame_0002.jpg,True,294.0,548.0,423.0,615.0,129.0,67.0,
s18,d2,frame_0003.jpg,True,294.0,548.0,423.0,616.0,129.0,68.0,
s18,d2,frame_0004.jpg,True,294.0,549.0,424.0,616.0,130.0,67.0,
s18,d2,frame_0005.jpg,True,296.0,549.0,425.0,616.0,129.0,67.0,
s18,d2,frame_0006.jpg,True,296.0,548.0,425.0,616.0,129.0,68.0,
s18,d2,frame_0007.jpg,True,297.0,546.0,426.0,614.0,129.0,68.0,
s18,d2,frame_0008.jpg,True,297.0,544.0,426.0,613.0,129.0,69.0,
s18,d2,frame_0009.jpg,True,298.0,548.0,426.0,617.0,128.0,69.0,
s18,d2,frame_0010.jpg,True,298.0,549.0,426.0,618.0,128.0,69.0,
s18,d2,frame_0011.jpg,True,298.0,550.0,426.0,619.0,128.0,69.0,
s18,d2,frame_0012.jpg,True,298.0,550.0,426.0,619.0,128.0,69.0,
s18,d2,frame_0013.jpg,True,298.0,549.0,426.0,619.0,128.0,70.0,
s18,d2,frame_0014.jpg,True,298.0,549.0,425.0,619.0,127.0,70.0,
s18,d2,frame_0015.jpg,True,298.0,548.0,425.0,622.0,127.0,74.0,
s18,d2,frame_0016.jpg,True,296.0,546.0,424.0,624.0,128.0,78.0,
s18,d2,frame_0017.jpg,True,295.0,545.0,424.0,625.0,129.0,80.0,
s18,d2,frame_0018.jpg,True,293.0,543.0,424.0,626.0,131.0,83.0,
s18,d2,frame_0019.jpg,True,294.0,542.0,423.0,625.0,129.0,83.0,
s18,d2,frame_0020.jpg,True,293.0,541.0,423.0,626.0,130.0,85.0,
s18,d2,frame_0021.jpg,True,291.0,542.0,423.0,630.0,132.0,88.0,
s18,d2,frame_0022.jpg,True,291.0,541.0,424.0,638.0,133.0,97.0,
s18,d2,frame_0023.jpg,True,292.0,543.0,425.0,642.0,133.0,99.0,
s18,d2,frame_0024.jpg,True,293.0,544.0,425.0,637.0,132.0,93.0,
s18,d2,frame_0025.jpg,True,295.0,545.0,423.0,633.0,128.0,88.0,
s18,d2,frame_0026.jpg,True,296.0,547.0,423.0,629.0,127.0,82.0,
s18,d2,frame_0027.jpg,True,297.0,546.0,422.0,624.0,125.0,78.0,
s18,d2,frame_0028.jpg,True,297.0,545.0,424.0,620.0,127.0,75.0,
s18,d2,frame_0029.jpg,True,297.0,542.0,424.0,619.0,127.0,77.0,
s18,d2,frame_0030.jpg,True,297.0,542.0,425.0,616.0,128.0,74.0,
s18,d2,frame_0031.jpg,True,298.0,541.0,423.0,615.0,125.0,74.0,
s18,d2,frame_0032.jpg,True,299.0,539.0,424.0,615.0,125.0,76.0,
s18,d2,frame_0033.jpg,True,298.0,538.0,424.0,615.0,126.0,77.0,
s18,d2,frame_0034.jpg,True,298.0,540.0,424.0,615.0,126.0,75.0,
s18,d2,frame_0035.jpg,True,298.0,539.0,425.0,615.0,127.0,76.0,
s18,d2,frame_0036.jpg,True,297.0,539.0,425.0,615.0,128.0,76.0,
s18,d2,frame_0037.jpg,True,298.0,539.0,425.0,614.0,127.0,75.0,
s18,d2,frame_0038.jpg,True,298.0,539.0,424.0,613.0,126.0,74.0,
s18,d2,frame_0039.jpg,True,298.0,537.0,426.0,613.0,128.0,76.0,
s18,d2,frame_0040.jpg,True,297.0,539.0,426.0,611.0,129.0,72.0,
s18,d2,frame_0041.jpg,True,297.0,537.0,426.0,611.0,129.0,74.0,
s18,d2,frame_0042.jpg,True,297.0,535.0,425.0,610.0,128.0,75.0,
s18,d2,frame_0043.jpg,True,298.0,536.0,425.0,610.0,127.0,74.0,
s18,d2,frame_0044.jpg,True,298.0,537.0,427.0,610.0,129.0,73.0,
s18,d2,frame_0045.jpg,True,298.0,537.0,427.0,613.0,129.0,76.0,
s18,d2,frame_0046.jpg,True,299.0,543.0,427.0,612.0,128.0,69.0,
s18,d2,frame_0047.jpg,True,299.0,540.0,427.0,614.0,128.0,74.0,
s18,d2,frame_0048.jpg,True,300.0,542.0,428.0,614.0,128.0,72.0,
s18,d2,frame_0049.jpg,True,299.0,541.0,428.0,614.0,129.0,73.0,
s18,d3,frame_0001.jpg,True,301.0,567.0,432.0,630.0,131.0,63.0,
s18,d3,frame_0002.jpg,True,303.0,570.0,432.0,630.0,129.0,60.0,
s18,d3,frame_0003.jpg,True,304.0,569.0,434.0,631.0,130.0,62.0,
s18,d3,frame_0004.jpg,True,305.0,568.0,434.0,630.0,129.0,62.0,
s18,d3,frame_0005.jpg,True,306.0,568.0,434.0,629.0,128.0,61.0,
s18,d3,frame_0006.jpg,True,306.0,568.0,436.0,629.0,130.0,61.0,
s18,d3,frame_0007.jpg,True,307.0,567.0,437.0,629.0,130.0,62.0,
s18,d3,frame_0008.jpg,True,307.0,566.0,437.0,629.0,130.0,63.0,
s18,d3,frame_0009.jpg,True,307.0,567.0,437.0,629.0,130.0,62.0,
s18,d3,frame_0010.jpg,True,307.0,568.0,437.0,630.0,130.0,62.0,
s18,d3,frame_0011.jpg,True,307.0,568.0,437.0,630.0,130.0,62.0,
s18,d3,frame_0012.jpg,True,307.0,569.0,437.0,630.0,130.0,61.0,
s18,d3,frame_0013.jpg,True,306.0,567.0,437.0,631.0,131.0,64.0,
s18,d3,frame_0014.jpg,True,306.0,567.0,437.0,631.0,131.0,64.0,
s18,d3,frame_0015.jpg,True,305.0,568.0,435.0,634.0,130.0,66.0,
s18,d3,frame_0016.jpg,True,306.0,569.0,434.0,638.0,128.0,69.0,
s18,d3,frame_0017.jpg,True,304.0,561.0,435.0,647.0,131.0,86.0,
s18,d3,frame_0018.jpg,True,302.0,559.0,436.0,648.0,134.0,89.0,
s18,d3,frame_0019.jpg,True,302.0,559.0,437.0,648.0,135.0,89.0,
s18,d3,frame_0020.jpg,True,301.0,561.0,436.0,651.0,135.0,90.0,
s18,d3,frame_0021.jpg,True,302.0,566.0,435.0,658.0,133.0,92.0,
s18,d3,frame_0022.jpg,True,302.0,572.0,435.0,663.0,133.0,91.0,
s18,d3,frame_0023.jpg,True,301.0,575.0,434.0,665.0,133.0,90.0,
s18,d3,frame_0024.jpg,True,301.0,580.0,433.0,663.0,132.0,83.0,
s18,d3,frame_0025.jpg,True,304.0,584.0,431.0,653.0,127.0,69.0,
s18,d3,frame_0026.jpg,True,306.0,587.0,429.0,646.0,123.0,59.0,
s18,d3,frame_0027.jpg,True,305.0,588.0,429.0,644.0,124.0,56.0,
s18,d3,frame_0028.jpg,True,304.0,588.0,430.0,643.0,126.0,55.0,
s18,d3,frame_0029.jpg,True,303.0,587.0,430.0,643.0,127.0,56.0,
s18,d3,frame_0030.jpg,True,302.0,585.0,431.0,643.0,129.0,58.0,
s18,d3,frame_0031.jpg,True,300.0,585.0,430.0,642.0,130.0,57.0,
s18,d3,frame_0032.jpg,True,300.0,584.0,430.0,642.0,130.0,58.0,
s18,d3,frame_0033.jpg,True,299.0,584.0,430.0,642.0,131.0,58.0,
s18,d3,frame_0034.jpg,True,298.0,584.0,430.0,642.0,132.0,58.0,
s18,d3,frame_0035.jpg,True,299.0,582.0,429.0,640.0,130.0,58.0,
s18,d3,frame_0036.jpg,True,298.0,580.0,430.0,638.0,132.0,58.0,
s18,d3,frame_0037.jpg,True,298.0,579.0,431.0,638.0,133.0,59.0,
s18,d3,frame_0038.jpg,True,298.0,579.0,430.0,639.0,132.0,60.0,
s18,d3,frame_0039.jpg,True,298.0,581.0,430.0,639.0,132.0,58.0,
s18,d3,frame_0040.jpg,True,298.0,581.0,430.0,640.0,132.0,59.0,
s18,d3,frame_0041.jpg,True,298.0,582.0,430.0,639.0,132.0,57.0,
s18,d3,frame_0042.jpg,True,299.0,582.0,430.0,639.0,131.0,57.0,
s18,d3,frame_0043.jpg,True,297.0,581.0,429.0,640.0,132.0,59.0,
s18,d3,frame_0044.jpg,True,297.0,581.0,428.0,639.0,131.0,58.0,
s18,d3,frame_0045.jpg,True,296.0,579.0,428.0,639.0,132.0,60.0,
s18,d4,frame_0001.jpg,True,299.0,578.0,429.0,637.0,130.0,59.0,
s18,d4,frame_0002.jpg,True,299.0,578.0,429.0,637.0,130.0,59.0,
s18,d4,frame_0003.jpg,True,300.0,578.0,430.0,638.0,130.0,60.0,
s18,d4,frame_0004.jpg,True,300.0,578.0,431.0,638.0,131.0,60.0,
s18,d4,frame_0005.jpg,True,301.0,578.0,430.0,638.0,129.0,60.0,
s18,d4,frame_0006.jpg,True,301.0,577.0,431.0,640.0,130.0,63.0,
s18,d4,frame_0007.jpg,True,303.0,578.0,431.0,643.0,128.0,65.0,
s18,d4,frame_0008.jpg,True,302.0,573.0,432.0,650.0,130.0,77.0,
s18,d4,frame_0009.jpg,True,302.0,568.0,431.0,655.0,129.0,87.0,
s18,d4,frame_0010.jpg,True,300.0,568.0,432.0,656.0,132.0,88.0,
s18,d4,frame_0011.jpg,True,299.0,568.0,433.0,656.0,134.0,88.0,
s18,d4,frame_0012.jpg,True,300.0,573.0,432.0,657.0,132.0,84.0,
s18,d4,frame_0013.jpg,True,299.0,576.0,431.0,658.0,132.0,82.0,
s18,d4,frame_0014.jpg,True,297.0,575.0,431.0,660.0,134.0,85.0,
s18,d4,frame_0015.jpg,True,297.0,576.0,430.0,661.0,133.0,85.0,
s18,d4,frame_0016.jpg,True,298.0,576.0,430.0,660.0,132.0,84.0,
s18,d4,frame_0017.jpg,True,297.0,575.0,431.0,661.0,134.0,86.0,
s18,d4,frame_0018.jpg,True,297.0,576.0,429.0,661.0,132.0,85.0,
s18,d4,frame_0019.jpg,True,295.0,577.0,431.0,661.0,136.0,84.0,
s18,d4,frame_0020.jpg,True,297.0,578.0,431.0,660.0,134.0,82.0,
s18,d4,frame_0021.jpg,True,297.0,581.0,431.0,661.0,134.0,80.0,
s18,d4,frame_0022.jpg,True,299.0,581.0,431.0,661.0,132.0,80.0,
s18,d4,frame_0023.jpg,True,299.0,582.0,431.0,659.0,132.0,77.0,
s18,d4,frame_0024.jpg,True,300.0,583.0,430.0,658.0,130.0,75.0,
s18,d4,frame_0025.jpg,True,301.0,584.0,430.0,657.0,129.0,73.0,
s18,d4,frame_0026.jpg,True,301.0,585.0,429.0,655.0,128.0,70.0,
s18,d4,frame_0027.jpg,True,301.0,587.0,429.0,654.0,128.0,67.0,
s18,d4,frame_0028.jpg,True,300.0,587.0,429.0,652.0,129.0,65.0,
s18,d4,frame_0029.jpg,True,299.0,587.0,428.0,650.0,129.0,63.0,
s18,d4,frame_0030.jpg,True,299.0,586.0,428.0,650.0,129.0,64.0,
s18,d4,frame_0031.jpg,True,298.0,587.0,427.0,650.0,129.0,63.0,
s18,d4,frame_0032.jpg,True,297.0,587.0,426.0,650.0,129.0,63.0,
s18,d4,frame_0033.jpg,True,295.0,587.0,425.0,649.0,130.0,62.0,
s18,d4,frame_0034.jpg,True,295.0,587.0,425.0,648.0,130.0,61.0,
s18,d5,frame_0001.jpg,True,293.0,586.0,423.0,651.0,130.0,65.0,
s18,d5,frame_0002.jpg,True,293.0,586.0,422.0,651.0,129.0,65.0,
s18,d5,frame_0003.jpg,True,293.0,588.0,422.0,652.0,129.0,64.0,
s18,d5,frame_0004.jpg,True,293.0,588.0,422.0,653.0,129.0,65.0,
s18,d5,frame_0005.jpg,True,292.0,588.0,421.0,655.0,129.0,67.0,
s18,d5,frame_0006.jpg,True,293.0,588.0,421.0,653.0,128.0,65.0,
s18,d5,frame_0007.jpg,True,293.0,587.0,421.0,652.0,128.0,65.0,
s18,d5,frame_0008.jpg,True,294.0,587.0,421.0,653.0,127.0,66.0,
s18,d5,frame_0009.jpg,True,295.0,588.0,421.0,656.0,126.0,68.0,
s18,d5,frame_0010.jpg,True,294.0,592.0,421.0,658.0,127.0,66.0,
s18,d5,frame_0011.jpg,True,293.0,586.0,421.0,671.0,128.0,85.0,
s18,d5,frame_0012.jpg,True,292.0,586.0,422.0,676.0,130.0,90.0,
s18,d5,frame_0013.jpg,True,291.0,585.0,423.0,681.0,132.0,96.0,
s18,d5,frame_0014.jpg,True,292.0,586.0,424.0,683.0,132.0,97.0,
s18,d5,frame_0015.jpg,True,292.0,587.0,424.0,684.0,132.0,97.0,
s18,d5,frame_0016.jpg,True,292.0,587.0,424.0,685.0,132.0,98.0,
s18,d5,frame_0017.jpg,True,290.0,589.0,423.0,686.0,133.0,97.0,
s18,d5,frame_0018.jpg,True,290.0,589.0,424.0,685.0,134.0,96.0,
s18,d5,frame_0019.jpg,True,290.0,588.0,424.0,685.0,134.0,97.0,
s18,d5,frame_0020.jpg,True,289.0,588.0,424.0,683.0,135.0,95.0,
s18,d5,frame_0021.jpg,True,290.0,588.0,424.0,680.0,134.0,92.0,
s18,d5,frame_0022.jpg,True,289.0,587.0,424.0,679.0,135.0,92.0,
s18,d5,frame_0023.jpg,True,288.0,587.0,422.0,677.0,134.0,90.0,
s18,d5,frame_0024.jpg,True,289.0,586.0,422.0,671.0,133.0,85.0,
s18,d5,frame_0025.jpg,True,288.0,584.0,423.0,668.0,135.0,84.0,
s18,d5,frame_0026.jpg,True,290.0,583.0,423.0,668.0,133.0,85.0,
s18,d5,frame_0027.jpg,True,290.0,583.0,423.0,667.0,133.0,84.0,
s18,d5,frame_0028.jpg,True,291.0,583.0,422.0,664.0,131.0,81.0,
s18,d5,frame_0029.jpg,True,291.0,582.0,422.0,663.0,131.0,81.0,
s18,d5,frame_0030.jpg,True,290.0,583.0,422.0,662.0,132.0,79.0,
s18,d5,frame_0031.jpg,True,291.0,582.0,422.0,660.0,131.0,78.0,
s18,d5,frame_0032.jpg,True,291.0,583.0,422.0,657.0,131.0,74.0,
s18,d5,frame_0033.jpg,True,291.0,582.0,421.0,655.0,130.0,73.0,
s18,d5,frame_0034.jpg,True,291.0,581.0,420.0,653.0,129.0,72.0,
s18,d5,frame_0035.jpg,True,290.0,581.0,420.0,651.0,130.0,70.0,
s18,d5,frame_0036.jpg,True,290.0,581.0,420.0,651.0,130.0,70.0,
s18,d5,frame_0037.jpg,True,290.0,581.0,419.0,651.0,129.0,70.0,
s18,d5,frame_0038.jpg,True,290.0,583.0,419.0,652.0,129.0,69.0,
s18,d5,frame_0039.jpg,True,290.0,585.0,420.0,653.0,130.0,68.0,
s18,d5,frame_0040.jpg,True,290.0,587.0,419.0,654.0,129.0,67.0,
s18,d5,frame_0041.jpg,True,290.0,588.0,419.0,654.0,129.0,66.0,
s18,d5,frame_0042.jpg,True,290.0,588.0,419.0,653.0,129.0,65.0,
s18,d5,frame_0043.jpg,True,291.0,588.0,420.0,653.0,129.0,65.0,
s18,d5,frame_0044.jpg,True,291.0,590.0,421.0,653.0,130.0,63.0,
s18,d6,frame_0001.jpg,True,292.0,590.0,421.0,655.0,129.0,65.0,
s18,d6,frame_0002.jpg,True,292.0,589.0,421.0,656.0,129.0,67.0,
s18,d6,frame_0003.jpg,True,293.0,591.0,421.0,660.0,128.0,69.0,
s18,d6,frame_0004.jpg,True,292.0,594.0,421.0,661.0,129.0,67.0,
s18,d6,frame_0005.jpg,True,292.0,595.0,420.0,663.0,128.0,68.0,
s18,d6,frame_0006.jpg,True,291.0,590.0,420.0,672.0,129.0,82.0,
s18,d6,frame_0007.jpg,True,291.0,590.0,418.0,675.0,127.0,85.0,
s18,d6,frame_0008.jpg,True,291.0,590.0,417.0,678.0,126.0,88.0,
s18,d6,frame_0009.jpg,True,290.0,590.0,417.0,679.0,127.0,89.0,
s18,d6,frame_0010.jpg,True,292.0,590.0,416.0,678.0,124.0,88.0,
s18,d6,frame_0011.jpg,True,291.0,593.0,417.0,677.0,126.0,84.0,
s18,d6,frame_0012.jpg,True,291.0,593.0,417.0,678.0,126.0,85.0,
s18,d6,frame_0013.jpg,True,291.0,594.0,416.0,678.0,125.0,84.0,
s18,d6,frame_0014.jpg,True,290.0,594.0,417.0,677.0,127.0,83.0,
s18,d6,frame_0015.jpg,True,289.0,593.0,417.0,676.0,128.0,83.0,
s18,d6,frame_0016.jpg,True,288.0,592.0,416.0,672.0,128.0,80.0,
s18,d6,frame_0017.jpg,True,287.0,588.0,418.0,669.0,131.0,81.0,
s18,d6,frame_0018.jpg,True,288.0,588.0,416.0,668.0,128.0,80.0,
s18,d6,frame_0019.jpg,True,287.0,588.0,416.0,667.0,129.0,79.0,
s18,d6,frame_0020.jpg,True,287.0,588.0,417.0,666.0,130.0,78.0,
s18,d6,frame_0021.jpg,True,287.0,587.0,414.0,665.0,127.0,78.0,
s18,d6,frame_0022.jpg,True,286.0,588.0,413.0,665.0,127.0,77.0,
s18,d6,frame_0023.jpg,True,286.0,588.0,414.0,664.0,128.0,76.0,
s18,d6,frame_0024.jpg,True,285.0,588.0,413.0,661.0,128.0,73.0,
s18,d6,frame_0025.jpg,True,285.0,588.0,412.0,661.0,127.0,73.0,
s18,d6,frame_0026.jpg,True,284.0,587.0,412.0,660.0,128.0,73.0,
s18,d6,frame_0027.jpg,True,284.0,586.0,412.0,657.0,128.0,71.0,
s18,d6,frame_0028.jpg,True,284.0,585.0,413.0,657.0,129.0,72.0,
s18,d6,frame_0029.jpg,True,284.0,585.0,413.0,656.0,129.0,71.0,
s18,d6,frame_0030.jpg,True,285.0,587.0,412.0,656.0,127.0,69.0,
s18,d6,frame_0031.jpg,True,285.0,587.0,412.0,657.0,127.0,70.0,
s18,d6,frame_0032.jpg,True,285.0,587.0,414.0,657.0,129.0,70.0,
s18,d6,frame_0033.jpg,True,285.0,587.0,413.0,657.0,128.0,70.0,
s18,d6,frame_0034.jpg,True,286.0,586.0,414.0,656.0,128.0,70.0,
s18,d6,frame_0035.jpg,True,288.0,584.0,414.0,654.0,126.0,70.0,
s18,d6,frame_0036.jpg,True,286.0,584.0,414.0,653.0,128.0,69.0,
s18,d6,frame_0037.jpg,True,286.0,584.0,414.0,652.0,128.0,68.0,
s18,d6,frame_0038.jpg,True,286.0,584.0,415.0,652.0,129.0,68.0,
s18,d6,frame_0039.jpg,True,286.0,584.0,414.0,653.0,128.0,69.0,
s18,d6,frame_0040.jpg,True,286.0,584.0,414.0,652.0,128.0,68.0,
s18,d6,frame_0041.jpg,True,286.0,584.0,414.0,651.0,128.0,67.0,
s18,d6,frame_0042.jpg,True,285.0,583.0,413.0,651.0,128.0,68.0,
s18,d6,frame_0043.jpg,True,283.0,584.0,413.0,651.0,130.0,67.0,
s18,d6,frame_0044.jpg,True,283.0,585.0,413.0,651.0,130.0,66.0,
s18,d6,frame_0045.jpg,True,283.0,586.0,413.0,650.0,130.0,64.0,
s18,d6,frame_0046.jpg,True,283.0,586.0,412.0,651.0,129.0,65.0,
s18,d7,frame_0001.jpg,True,286.0,588.0,417.0,657.0,131.0,69.0,
s18,d7,frame_0002.jpg,True,287.0,592.0,416.0,656.0,129.0,64.0,
s18,d7,frame_0003.jpg,True,287.0,591.0,417.0,657.0,130.0,66.0,
s18,d7,frame_0004.jpg,True,287.0,591.0,416.0,657.0,129.0,66.0,
s18,d7,frame_0005.jpg,True,287.0,590.0,417.0,657.0,130.0,67.0,
s18,d7,frame_0006.jpg,True,287.0,590.0,416.0,659.0,129.0,69.0,
s18,d7,frame_0007.jpg,True,286.0,590.0,415.0,660.0,129.0,70.0,
s18,d7,frame_0008.jpg,True,287.0,590.0,415.0,662.0,128.0,72.0,
s18,d7,frame_0009.jpg,True,286.0,588.0,413.0,667.0,127.0,79.0,
s18,d7,frame_0010.jpg,True,286.0,588.0,412.0,669.0,126.0,81.0,
s18,d7,frame_0011.jpg,True,286.0,587.0,413.0,670.0,127.0,83.0,
s18,d7,frame_0012.jpg,True,284.0,586.0,414.0,673.0,130.0,87.0,
s18,d7,frame_0013.jpg,True,284.0,586.0,414.0,676.0,130.0,90.0,
s18,d7,frame_0014.jpg,True,284.0,585.0,415.0,677.0,131.0,92.0,
s18,d7,frame_0015.jpg,True,285.0,585.0,415.0,677.0,130.0,92.0,
s18,d7,frame_0016.jpg,True,283.0,587.0,417.0,677.0,134.0,90.0,
s18,d7,frame_0017.jpg,True,284.0,589.0,415.0,673.0,131.0,84.0,
s18,d7,frame_0018.jpg,True,284.0,590.0,415.0,671.0,131.0,81.0,
s18,d7,frame_0019.jpg,True,284.0,590.0,415.0,669.0,131.0,79.0,
s18,d7,frame_0020.jpg,True,284.0,591.0,417.0,669.0,133.0,78.0,
s18,d7,frame_0021.jpg,True,285.0,591.0,415.0,667.0,130.0,76.0,
s18,d7,frame_0022.jpg,True,285.0,592.0,414.0,666.0,129.0,74.0,
s18,d7,frame_0023.jpg,True,285.0,592.0,413.0,665.0,128.0,73.0,
s18,d7,frame_0024.jpg,True,284.0,592.0,413.0,664.0,129.0,72.0,
s18,d7,frame_0025.jpg,True,283.0,592.0,413.0,664.0,130.0,72.0,
s18,d7,frame_0026.jpg,True,282.0,592.0,412.0,663.0,130.0,71.0,
s18,d7,frame_0027.jpg,True,283.0,591.0,411.0,662.0,128.0,71.0,
s18,d7,frame_0028.jpg,True,282.0,590.0,412.0,661.0,130.0,71.0,
s18,d7,frame_0029.jpg,True,281.0,588.0,412.0,660.0,131.0,72.0,
s18,d7,frame_0030.jpg,True,281.0,588.0,410.0,660.0,129.0,72.0,
s18,d7,frame_0031.jpg,True,281.0,587.0,409.0,658.0,128.0,71.0,
s18,d7,frame_0032.jpg,True,282.0,586.0,409.0,656.0,127.0,70.0,
s18,d7,frame_0033.jpg,True,282.0,584.0,409.0,654.0,127.0,70.0,
s18,d7,frame_0034.jpg,True,283.0,583.0,410.0,654.0,127.0,71.0,
s18,d7,frame_0035.jpg,True,284.0,585.0,411.0,656.0,127.0,71.0,
s18,d7,frame_0036.jpg,True,283.0,585.0,411.0,655.0,128.0,70.0,
s18,d7,frame_0037.jpg,True,283.0,584.0,411.0,655.0,128.0,71.0,
s18,d7,frame_0038.jpg,True,283.0,585.0,412.0,655.0,129.0,70.0,
s18,d7,frame_0039.jpg,True,284.0,585.0,412.0,655.0,128.0,70.0,
s18,d7,frame_0040.jpg,True,285.0,584.0,411.0,655.0,126.0,71.0,
s18,d7,frame_0041.jpg,True,284.0,586.0,413.0,654.0,129.0,68.0,
s18,d7,frame_0042.jpg,True,284.0,585.0,413.0,654.0,129.0,69.0,
s18,d7,frame_0043.jpg,True,284.0,587.0,413.0,654.0,129.0,67.0,
s18,d7,frame_0044.jpg,True,283.0,588.0,413.0,655.0,130.0,67.0,
s18,d8,frame_0001.jpg,True,285.0,591.0,416.0,656.0,131.0,65.0,
s18,d8,frame_0002.jpg,True,286.0,592.0,416.0,655.0,130.0,63.0,
s18,d8,frame_0003.jpg,True,287.0,593.0,417.0,655.0,130.0,62.0,
s18,d8,frame_0004.jpg,True,287.0,592.0,418.0,656.0,131.0,64.0,
s18,d8,frame_0005.jpg,True,288.0,594.0,418.0,657.0,130.0,63.0,
s18,d8,frame_0006.jpg,True,289.0,595.0,419.0,658.0,130.0,63.0,
s18,d8,frame_0007.jpg,True,289.0,598.0,420.0,662.0,131.0,64.0,
s18,d8,frame_0008.jpg,True,290.0,602.0,420.0,664.0,130.0,62.0,
s18,d8,frame_0009.jpg,True,291.0,605.0,420.0,670.0,129.0,65.0,
s18,d8,frame_0010.jpg,True,292.0,604.0,420.0,678.0,128.0,74.0,
s18,d8,frame_0011.jpg,True,291.0,601.0,420.0,687.0,129.0,86.0,
s18,d8,frame_0012.jpg,True,289.0,598.0,421.0,688.0,132.0,90.0,
s18,d8,frame_0013.jpg,True,287.0,596.0,420.0,685.0,133.0,89.0,
s18,d8,frame_0014.jpg,True,285.0,593.0,421.0,680.0,136.0,87.0,
s18,d8,frame_0015.jpg,True,285.0,595.0,419.0,678.0,134.0,83.0,
s18,d8,frame_0016.jpg,True,286.0,596.0,418.0,676.0,132.0,80.0,
s18,d8,frame_0017.jpg,True,286.0,598.0,417.0,674.0,131.0,76.0,
s18,d8,frame_0018.jpg,True,285.0,597.0,416.0,671.0,131.0,74.0,
s18,d8,frame_0019.jpg,True,284.0,595.0,417.0,669.0,133.0,74.0,
s18,d8,frame_0020.jpg,True,284.0,595.0,415.0,668.0,131.0,73.0,
s18,d8,frame_0021.jpg,True,284.0,595.0,416.0,667.0,132.0,72.0,
s18,d8,frame_0022.jpg,True,284.0,596.0,417.0,666.0,133.0,70.0,
s18,d8,frame_0023.jpg,True,284.0,595.0,416.0,666.0,132.0,71.0,
s18,d8,frame_0024.jpg,True,284.0,595.0,415.0,665.0,131.0,70.0,
s18,d8,frame_0025.jpg,True,285.0,595.0,413.0,665.0,128.0,70.0,
s18,d8,frame_0026.jpg,True,283.0,594.0,414.0,664.0,131.0,70.0,
s18,d8,frame_0027.jpg,True,284.0,595.0,413.0,665.0,129.0,70.0,
s18,d8,frame_0028.jpg,True,284.0,596.0,414.0,665.0,130.0,69.0,
s18,d8,frame_0029.jpg,True,283.0,595.0,413.0,665.0,130.0,70.0,
s18,d8,frame_0030.jpg,True,282.0,595.0,413.0,665.0,131.0,70.0,
s18,d8,frame_0031.jpg,True,282.0,596.0,411.0,665.0,129.0,69.0,
s18,d8,frame_0032.jpg,True,282.0,596.0,411.0,664.0,129.0,68.0,
s18,d8,frame_0033.jpg,True,283.0,596.0,410.0,662.0,127.0,66.0,
s18,d8,frame_0034.jpg,True,283.0,595.0,412.0,662.0,129.0,67.0,
s18,d8,frame_0035.jpg,True,284.0,595.0,411.0,662.0,127.0,67.0,
s18,d8,frame_0036.jpg,True,284.0,595.0,411.0,661.0,127.0,66.0,
s18,d8,frame_0037.jpg,True,283.0,596.0,412.0,660.0,129.0,64.0,
s18,d8,frame_0038.jpg,True,283.0,596.0,411.0,660.0,128.0,64.0,
s18,d8,frame_0039.jpg,True,283.0,596.0,411.0,660.0,128.0,64.0,
s18,d9,frame_0001.jpg,True,284.0,604.0,415.0,670.0,131.0,66.0,
s18,d9,frame_0002.jpg,True,284.0,605.0,414.0,670.0,130.0,65.0,
s18,d9,frame_0003.jpg,True,284.0,607.0,414.0,671.0,130.0,64.0,
s18,d9,frame_0004.jpg,True,285.0,606.0,416.0,673.0,131.0,67.0,
s18,d9,frame_0005.jpg,True,285.0,610.0,415.0,674.0,130.0,64.0,
s18,d9,frame_0006.jpg,True,286.0,611.0,416.0,675.0,130.0,64.0,
s18,d9,frame_0007.jpg,True,286.0,611.0,416.0,676.0,130.0,65.0,
s18,d9,frame_0008.jpg,True,286.0,612.0,416.0,678.0,130.0,66.0,
s18,d9,frame_0009.jpg,True,287.0,613.0,416.0,680.0,129.0,67.0,
s18,d9,frame_0010.jpg,True,287.0,615.0,416.0,683.0,129.0,68.0,
s18,d9,frame_0011.jpg,True,287.0,618.0,414.0,688.0,127.0,70.0,
s18,d9,frame_0012.jpg,True,285.0,610.0,415.0,701.0,130.0,91.0,
s18,d9,frame_0013.jpg,True,283.0,612.0,415.0,708.0,132.0,96.0,
s18,d9,frame_0014.jpg,True,282.0,612.0,414.0,712.0,132.0,100.0,
s18,d9,frame_0015.jpg,True,283.0,613.0,413.0,712.0,130.0,99.0,
s18,d9,frame_0016.jpg,True,282.0,611.0,414.0,709.0,132.0,98.0,
s18,d9,frame_0017.jpg,True,285.0,611.0,412.0,701.0,127.0,90.0,
s18,d9,frame_0018.jpg,True,285.0,612.0,411.0,697.0,126.0,85.0,
s18,d9,frame_0019.jpg,True,286.0,614.0,410.0,694.0,124.0,80.0,
s18,d9,frame_0020.jpg,True,284.0,612.0,409.0,692.0,125.0,80.0,
s18,d9,frame_0021.jpg,True,283.0,611.0,409.0,690.0,126.0,79.0,
s18,d9,frame_0022.jpg,True,283.0,611.0,409.0,688.0,126.0,77.0,
s18,d9,frame_0023.jpg,True,284.0,612.0,409.0,687.0,125.0,75.0,
s18,d9,frame_0024.jpg,True,284.0,612.0,409.0,685.0,125.0,73.0,
s18,d9,frame_0025.jpg,True,284.0,612.0,410.0,684.0,126.0,72.0,
s18,d9,frame_0026.jpg,True,283.0,612.0,410.0,683.0,127.0,71.0,
s18,d9,frame_0027.jpg,True,283.0,612.0,409.0,681.0,126.0,69.0,
s18,d9,frame_0028.jpg,True,282.0,613.0,409.0,681.0,127.0,68.0,
s18,d9,frame_0029.jpg,True,282.0,612.0,409.0,681.0,127.0,69.0,
s18,d9,frame_0030.jpg,True,281.0,613.0,410.0,681.0,129.0,68.0,
s18,d9,frame_0031.jpg,True,281.0,614.0,408.0,681.0,127.0,67.0,
s18,d9,frame_0032.jpg,True,281.0,614.0,409.0,681.0,128.0,67.0,
s18,d9,frame_0033.jpg,True,282.0,613.0,409.0,678.0,127.0,65.0,
s18,d9,frame_0034.jpg,True,281.0,613.0,409.0,677.0,128.0,64.0,
s18,d9,frame_0035.jpg,True,281.0,613.0,408.0,677.0,127.0,64.0,
s18,d9,frame_0036.jpg,True,280.0,613.0,408.0,677.0,128.0,64.0,
s18,d9,frame_0037.jpg,True,280.0,613.0,408.0,676.0,128.0,63.0,
s18,d9,frame_0038.jpg,True,279.0,612.0,409.0,676.0,130.0,64.0,
s18,d10,frame_0001.jpg,True,281.0,614.0,410.0,678.0,129.0,64.0,
s18,d10,frame_0002.jpg,True,281.0,613.0,410.0,677.0,129.0,64.0,
s18,d10,frame_0003.jpg,True,280.0,614.0,409.0,678.0,129.0,64.0,
s18,d10,frame_0004.jpg,True,280.0,614.0,410.0,679.0,130.0,65.0,
s18,d10,frame_0005.jpg,True,280.0,614.0,409.0,678.0,129.0,64.0,
s18,d10,frame_0006.jpg,True,281.0,613.0,410.0,677.0,129.0,64.0,
s18,d10,frame_0007.jpg,True,281.0,613.0,411.0,678.0,130.0,65.0,
s18,d10,frame_0008.jpg,True,283.0,614.0,412.0,681.0,129.0,67.0,
s18,d10,frame_0009.jpg,True,284.0,615.0,412.0,686.0,128.0,71.0,
s18,d10,frame_0010.jpg,True,284.0,616.0,413.0,690.0,129.0,74.0,
s18,d10,frame_0011.jpg,True,283.0,613.0,413.0,695.0,130.0,82.0,
s18,d10,frame_0012.jpg,True,281.0,611.0,414.0,696.0,133.0,85.0,
s18,d10,frame_0013.jpg,True,281.0,613.0,415.0,696.0,134.0,83.0,
s18,d10,frame_0014.jpg,True,280.0,613.0,415.0,697.0,135.0,84.0,
s18,d10,frame_0015.jpg,True,279.0,612.0,415.0,698.0,136.0,86.0,
s18,d10,frame_0016.jpg,True,280.0,612.0,414.0,698.0,134.0,86.0,
s18,d10,frame_0017.jpg,True,279.0,614.0,414.0,700.0,135.0,86.0,
s18,d10,frame_0018.jpg,True,280.0,618.0,412.0,699.0,132.0,81.0,
s18,d10,frame_0019.jpg,True,283.0,625.0,409.0,691.0,126.0,66.0,
s18,d10,frame_0020.jpg,True,281.0,628.0,407.0,686.0,126.0,58.0,
s18,d10,frame_0021.jpg,True,281.0,627.0,407.0,685.0,126.0,58.0,
s18,d10,frame_0022.jpg,True,281.0,627.0,407.0,684.0,126.0,57.0,
s18,d10,frame_0023.jpg,True,281.0,624.0,406.0,682.0,125.0,58.0,
s18,d10,frame_0024.jpg,True,281.0,624.0,407.0,682.0,126.0,58.0,
s18,d10,frame_0025.jpg,True,280.0,624.0,408.0,682.0,128.0,58.0,
s18,d10,frame_0026.jpg,True,281.0,625.0,408.0,682.0,127.0,57.0,
s18,d10,frame_0027.jpg,True,281.0,624.0,408.0,681.0,127.0,57.0,
s18,d10,frame_0028.jpg,True,280.0,622.0,408.0,680.0,128.0,58.0,
s18,d10,frame_0029.jpg,True,280.0,622.0,408.0,680.0,128.0,58.0,
s18,d10,frame_0030.jpg,True,280.0,622.0,409.0,681.0,129.0,59.0,
s18,d10,frame_0031.jpg,True,279.0,622.0,409.0,681.0,130.0,59.0,
s18,d10,frame_0032.jpg,True,279.0,621.0,409.0,680.0,130.0,59.0,
s18,d10,frame_0033.jpg,True,279.0,621.0,409.0,679.0,130.0,58.0,
s18,d10,frame_0034.jpg,True,278.0,621.0,407.0,680.0,129.0,59.0,
s18,d10,frame_0035.jpg,True,277.0,621.0,407.0,679.0,130.0,58.0,
s18,d10,frame_0036.jpg,True,276.0,620.0,406.0,680.0,130.0,60.0,
s18,d10,frame_0037.jpg,True,276.0,620.0,406.0,679.0,130.0,59.0,
s18,d10,frame_0038.jpg,True,275.0,620.0,405.0,678.0,130.0,58.0,
s18,d10,frame_0039.jpg,True,274.0,618.0,404.0,678.0,130.0,60.0,
s18,d10,frame_0040.jpg,True,274.0,617.0,404.0,674.0,130.0,57.0,
s18,d10,frame_0041.jpg,True,274.0,615.0,405.0,675.0,131.0,60.0,
s18,d10,frame_0042.jpg,True,274.0,614.0,405.0,675.0,131.0,61.0,
s18,d10,frame_0043.jpg,True,275.0,616.0,406.0,674.0,131.0,58.0,
s18,d10,frame_0044.jpg,True,275.0,616.0,406.0,674.0,131.0,58.0,
s18,d10,frame_0045.jpg,True,275.0,615.0,406.0,674.0,131.0,59.0,
s18,d10,frame_0046.jpg,True,276.0,614.0,406.0,674.0,130.0,60.0,
s18,d10,frame_0047.jpg,True,276.0,613.0,406.0,672.0,130.0,59.0,
s18,d10,frame_0048.jpg,True,276.0,612.0,407.0,672.0,131.0,60.0,
s18,d10,frame_0049.jpg,True,276.0,611.0,407.0,673.0,131.0,62.0,
s19,d0,frame_0001.jpg,True,285.0,652.0,400.0,712.0,115.0,60.0,
s19,d0,frame_0002.jpg,True,286.0,652.0,401.0,712.0,115.0,60.0,
s19,d0,frame_0003.jpg,True,287.0,652.0,402.0,711.0,115.0,59.0,
s19,d0,frame_0004.jpg,True,288.0,651.0,404.0,710.0,116.0,59.0,
s19,d0,frame_0005.jpg,True,290.0,650.0,404.0,708.0,114.0,58.0,
s19,d0,frame_0006.jpg,True,292.0,649.0,404.0,710.0,112.0,61.0,
s19,d0,frame_0007.jpg,True,296.0,648.0,403.0,714.0,107.0,66.0,
s19,d0,frame_0008.jpg,True,297.0,646.0,403.0,719.0,106.0,73.0,
s19,d0,frame_0009.jpg,True,297.0,645.0,404.0,722.0,107.0,77.0,
s19,d0,frame_0010.jpg,True,296.0,645.0,403.0,723.0,107.0,78.0,
s19,d0,frame_0011.jpg,True,297.0,646.0,403.0,723.0,106.0,77.0,
s19,d0,frame_0012.jpg,True,296.0,651.0,404.0,718.0,108.0,67.0,
s19,d0,frame_0013.jpg,True,293.0,657.0,408.0,714.0,115.0,57.0,
s19,d0,frame_0014.jpg,True,291.0,657.0,409.0,711.0,118.0,54.0,
s19,d0,frame_0015.jpg,True,290.0,659.0,408.0,710.0,118.0,51.0,
s19,d0,frame_0016.jpg,True,290.0,659.0,408.0,714.0,118.0,55.0,
s19,d0,frame_0017.jpg,True,289.0,656.0,409.0,724.0,120.0,68.0,
s19,d0,frame_0018.jpg,True,288.0,654.0,408.0,738.0,120.0,84.0,
s19,d0,frame_0019.jpg,True,288.0,655.0,408.0,745.0,120.0,90.0,
s19,d0,frame_0020.jpg,True,290.0,654.0,409.0,750.0,119.0,96.0,
s19,d0,frame_0021.jpg,True,292.0,653.0,408.0,752.0,116.0,99.0,
s19,d0,frame_0022.jpg,True,293.0,653.0,407.0,750.0,114.0,97.0,
s19,d0,frame_0023.jpg,True,296.0,654.0,403.0,742.0,107.0,88.0,
s19,d0,frame_0024.jpg,True,298.0,656.0,400.0,739.0,102.0,83.0,
s19,d0,frame_0025.jpg,True,299.0,660.0,400.0,736.0,101.0,76.0,
s19,d0,frame_0026.jpg,True,300.0,662.0,399.0,736.0,99.0,74.0,
s19,d0,frame_0027.jpg,True,301.0,665.0,399.0,735.0,98.0,70.0,
s19,d0,frame_0028.jpg,True,299.0,666.0,400.0,732.0,101.0,66.0,
s19,d0,frame_0029.jpg,True,297.0,665.0,402.0,732.0,105.0,67.0,
s19,d0,frame_0030.jpg,True,295.0,665.0,403.0,730.0,108.0,65.0,
s19,d0,frame_0031.jpg,True,294.0,665.0,404.0,728.0,110.0,63.0,
s19,d0,frame_0032.jpg,True,292.0,665.0,405.0,725.0,113.0,60.0,
s19,d0,frame_0033.jpg,True,292.0,664.0,405.0,724.0,113.0,60.0,
s19,d0,frame_0034.jpg,True,291.0,665.0,405.0,724.0,114.0,59.0,
s19,d0,frame_0035.jpg,True,291.0,665.0,405.0,723.0,114.0,58.0,
s19,d0,frame_0036.jpg,True,292.0,665.0,405.0,723.0,113.0,58.0,
s19,d0,frame_0037.jpg,True,292.0,665.0,405.0,723.0,113.0,58.0,
s19,d0,frame_0038.jpg,True,292.0,664.0,406.0,722.0,114.0,58.0,
s19,d0,frame_0039.jpg,True,292.0,666.0,407.0,722.0,115.0,56.0,
s19,d0,frame_0040.jpg,True,293.0,667.0,407.0,725.0,114.0,58.0,
s19,d0,frame_0041.jpg,True,291.0,670.0,406.0,727.0,115.0,57.0,
s19,d1,frame_0001.jpg,True,296.0,666.0,410.0,725.0,114.0,59.0,
s19,d1,frame_0002.jpg,True,297.0,666.0,413.0,725.0,116.0,59.0,
s19,d1,frame_0003.jpg,True,298.0,666.0,413.0,726.0,115.0,60.0,
s19,d1,frame_0004.jpg,True,297.0,668.0,413.0,727.0,116.0,59.0,
s19,d1,frame_0005.jpg,True,296.0,670.0,412.0,728.0,116.0,58.0,
s19,d1,frame_0006.jpg,True,296.0,670.0,410.0,730.0,114.0,60.0,
s19,d1,frame_0007.jpg,True,294.0,669.0,406.0,733.0,112.0,64.0,
s19,d1,frame_0008.jpg,True,294.0,669.0,401.0,741.0,107.0,72.0,
s19,d1,frame_0009.jpg,True,292.0,667.0,399.0,743.0,107.0,76.0,
s19,d1,frame_0010.jpg,True,291.0,666.0,397.0,745.0,106.0,79.0,
s19,d1,frame_0011.jpg,True,289.0,664.0,397.0,745.0,108.0,81.0,
s19,d1,frame_0012.jpg,True,289.0,664.0,397.0,745.0,108.0,81.0,
s19,d1,frame_0013.jpg,True,287.0,665.0,397.0,745.0,110.0,80.0,
s19,d1,frame_0014.jpg,True,288.0,667.0,398.0,745.0,110.0,78.0,
s19,d1,frame_0015.jpg,True,290.0,668.0,399.0,745.0,109.0,77.0,
s19,d1,frame_0016.jpg,True,291.0,670.0,401.0,746.0,110.0,76.0,
s19,d1,frame_0017.jpg,True,291.0,671.0,403.0,747.0,112.0,76.0,
s19,d1,frame_0018.jpg,True,292.0,672.0,404.0,748.0,112.0,76.0,
s19,d1,frame_0019.jpg,True,292.0,674.0,405.0,749.0,113.0,75.0,
s19,d1,frame_0020.jpg,True,293.0,675.0,404.0,751.0,111.0,76.0,
s19,d1,frame_0021.jpg,True,293.0,677.0,404.0,752.0,111.0,75.0,
s19,d1,frame_0022.jpg,True,292.0,678.0,403.0,754.0,111.0,76.0,
s19,d1,frame_0023.jpg,True,291.0,679.0,403.0,757.0,112.0,78.0,
s19,d1,frame_0024.jpg,True,292.0,679.0,403.0,757.0,111.0,78.0,
s19,d1,frame_0025.jpg,True,292.0,678.0,404.0,755.0,112.0,77.0,
s19,d1,frame_0026.jpg,True,292.0,677.0,404.0,754.0,112.0,77.0,
s19,d1,frame_0027.jpg,True,293.0,678.0,405.0,749.0,112.0,71.0,
s19,d1,frame_0028.jpg,True,294.0,679.0,406.0,743.0,112.0,64.0,
s19,d1,frame_0029.jpg,True,294.0,680.0,410.0,740.0,116.0,60.0,
s19,d1,frame_0030.jpg,True,294.0,681.0,411.0,739.0,117.0,58.0,
s19,d1,frame_0031.jpg,True,294.0,681.0,411.0,738.0,117.0,57.0,
s19,d1,frame_0032.jpg,True,294.0,681.0,411.0,739.0,117.0,58.0,
s19,d1,frame_0033.jpg,True,295.0,680.0,411.0,738.0,116.0,58.0,
s19,d1,frame_0034.jpg,True,294.0,679.0,410.0,736.0,116.0,57.0,
s19,d1,frame_0035.jpg,True,294.0,678.0,410.0,735.0,116.0,57.0,
s19,d1,frame_0036.jpg,True,293.0,678.0,410.0,735.0,117.0,57.0,
s19,d1,frame_0037.jpg,True,293.0,679.0,409.0,735.0,116.0,56.0,
s19,d1,frame_0038.jpg,True,292.0,679.0,409.0,736.0,117.0,57.0,
s19,d1,frame_0039.jpg,True,293.0,680.0,409.0,736.0,116.0,56.0,
s19,d1,frame_0040.jpg,True,292.0,679.0,410.0,736.0,118.0,57.0,
s19,d2,frame_0001.jpg,True,289.0,671.0,404.0,728.0,115.0,57.0,
s19,d2,frame_0002.jpg,True,288.0,670.0,404.0,728.0,116.0,58.0,
s19,d2,frame_0003.jpg,True,287.0,670.0,403.0,728.0,116.0,58.0,
s19,d2,frame_0004.jpg,True,285.0,670.0,401.0,728.0,116.0,58.0,
s19,d2,frame_0005.jpg,True,285.0,670.0,400.0,729.0,115.0,59.0,
s19,d2,frame_0006.jpg,True,284.0,671.0,398.0,730.0,114.0,59.0,
s19,d2,frame_0007.jpg,True,285.0,671.0,397.0,732.0,112.0,61.0,
s19,d2,frame_0008.jpg,True,286.0,670.0,395.0,740.0,109.0,70.0,
s19,d2,frame_0009.jpg,True,287.0,670.0,394.0,744.0,107.0,74.0,
s19,d2,frame_0010.jpg,True,287.0,668.0,396.0,746.0,109.0,78.0,
s19,d2,frame_0011.jpg,True,288.0,667.0,396.0,745.0,108.0,78.0,
s19,d2,frame_0012.jpg,True,287.0,665.0,395.0,742.0,108.0,77.0,
s19,d2,frame_0013.jpg,True,288.0,664.0,397.0,740.0,109.0,76.0,
s19,d2,frame_0014.jpg,True,288.0,664.0,398.0,736.0,110.0,72.0,
s19,d2,frame_0015.jpg,True,287.0,664.0,398.0,735.0,111.0,71.0,
s19,d2,frame_0016.jpg,True,286.0,664.0,399.0,735.0,113.0,71.0,
s19,d2,frame_0017.jpg,True,286.0,664.0,398.0,737.0,112.0,73.0,
s19,d2,frame_0018.jpg,True,286.0,666.0,398.0,744.0,112.0,78.0,
s19,d2,frame_0019.jpg,True,285.0,669.0,397.0,751.0,112.0,82.0,
s19,d2,frame_0020.jpg,True,285.0,672.0,396.0,756.0,111.0,84.0,
s19,d2,frame_0021.jpg,True,285.0,673.0,397.0,759.0,112.0,86.0,
s19,d2,frame_0022.jpg,True,285.0,673.0,397.0,760.0,112.0,87.0,
s19,d2,frame_0023.jpg,True,285.0,674.0,398.0,760.0,113.0,86.0,
s19,d2,frame_0024.jpg,True,285.0,673.0,398.0,758.0,113.0,85.0,
s19,d2,frame_0025.jpg,True,285.0,674.0,398.0,758.0,113.0,84.0,
s19,d2,frame_0026.jpg,True,285.0,675.0,398.0,757.0,113.0,82.0,
s19,d2,frame_0027.jpg,True,287.0,675.0,400.0,754.0,113.0,79.0,
s19,d2,frame_0028.jpg,True,287.0,673.0,400.0,752.0,113.0,79.0,
s19,d2,frame_0029.jpg,True,287.0,673.0,399.0,748.0,112.0,75.0,
s19,d2,frame_0030.jpg,True,286.0,672.0,400.0,745.0,114.0,73.0,
s19,d2,frame_0031.jpg,True,286.0,670.0,401.0,742.0,115.0,72.0,
s19,d2,frame_0032.jpg,True,288.0,669.0,400.0,738.0,112.0,69.0,
s19,d2,frame_0033.jpg,True,286.0,668.0,401.0,732.0,115.0,64.0,
s19,d2,frame_0034.jpg,True,286.0,668.0,401.0,732.0,115.0,64.0,
s19,d2,frame_0035.jpg,True,284.0,669.0,401.0,730.0,117.0,61.0,
s19,d2,frame_0036.jpg,True,285.0,671.0,401.0,730.0,116.0,59.0,
s19,d2,frame_0037.jpg,True,284.0,674.0,401.0,731.0,117.0,57.0,
s19,d2,frame_0038.jpg,True,284.0,677.0,401.0,732.0,117.0,55.0,
s19,d2,frame_0039.jpg,True,283.0,679.0,401.0,733.0,118.0,54.0,
s19,d2,frame_0040.jpg,True,283.0,678.0,399.0,734.0,116.0,56.0,
s19,d2,frame_0041.jpg,True,282.0,680.0,399.0,736.0,117.0,56.0,
s19,d2,frame_0042.jpg,True,281.0,681.0,398.0,737.0,117.0,56.0,
s19,d2,frame_0043.jpg,True,281.0,681.0,398.0,737.0,117.0,56.0,
s19,d2,frame_0044.jpg,True,279.0,680.0,397.0,737.0,118.0,57.0,
s19,d2,frame_0045.jpg,True,280.0,679.0,397.0,737.0,117.0,58.0,
s19,d3,frame_0001.jpg,True,276.0,675.0,392.0,733.0,116.0,58.0,
s19,d3,frame_0002.jpg,True,277.0,674.0,391.0,731.0,114.0,57.0,
s19,d3,frame_0003.jpg,True,275.0,672.0,392.0,730.0,117.0,58.0,
s19,d3,frame_0004.jpg,True,276.0,671.0,393.0,729.0,117.0,58.0,
s19,d3,frame_0005.jpg,True,277.0,671.0,393.0,730.0,116.0,59.0,
s19,d3,frame_0006.jpg,True,278.0,672.0,394.0,730.0,116.0,58.0,
s19,d3,frame_0007.jpg,True,279.0,673.0,396.0,731.0,117.0,58.0,
s19,d3,frame_0008.jpg,True,280.0,673.0,396.0,732.0,116.0,59.0,
s19,d3,frame_0009.jpg,True,280.0,672.0,397.0,731.0,117.0,59.0,
s19,d3,frame_0010.jpg,True,282.0,670.0,398.0,729.0,116.0,59.0,
s19,d3,frame_0011.jpg,True,282.0,669.0,398.0,728.0,116.0,59.0,
s19,d3,frame_0012.jpg,True,284.0,669.0,398.0,729.0,114.0,60.0,
s19,d3,frame_0013.jpg,True,284.0,669.0,399.0,731.0,115.0,62.0,
s19,d3,frame_0014.jpg,True,287.0,669.0,396.0,737.0,109.0,68.0,
s19,d3,frame_0015.jpg,True,287.0,670.0,396.0,741.0,109.0,71.0,
s19,d3,frame_0016.jpg,True,286.0,672.0,396.0,744.0,110.0,72.0,
s19,d3,frame_0017.jpg,True,285.0,672.0,396.0,745.0,111.0,73.0,
s19,d3,frame_0018.jpg,True,286.0,672.0,395.0,745.0,109.0,73.0,
s19,d3,frame_0019.jpg,True,286.0,672.0,397.0,744.0,111.0,72.0,
s19,d3,frame_0020.jpg,True,286.0,670.0,397.0,741.0,111.0,71.0,
s19,d3,frame_0021.jpg,True,286.0,670.0,398.0,741.0,112.0,71.0,
s19,d3,frame_0022.jpg,True,286.0,671.0,399.0,744.0,113.0,73.0,
s19,d3,frame_0023.jpg,True,285.0,672.0,400.0,751.0,115.0,79.0,
s19,d3,frame_0024.jpg,True,286.0,673.0,402.0,759.0,116.0,86.0,
s19,d3,frame_0025.jpg,True,286.0,675.0,403.0,766.0,117.0,91.0,
s19,d3,frame_0026.jpg,True,286.0,678.0,403.0,769.0,117.0,91.0,
s19,d3,frame_0027.jpg,True,287.0,679.0,402.0,770.0,115.0,91.0,
s19,d3,frame_0028.jpg,True,286.0,681.0,402.0,769.0,116.0,88.0,
s19,d3,frame_0029.jpg,True,286.0,684.0,401.0,763.0,115.0,79.0,
s19,d3,frame_0030.jpg,True,286.0,691.0,403.0,753.0,117.0,62.0,
s19,d3,frame_0031.jpg,True,285.0,695.0,404.0,748.0,119.0,53.0,
s19,d3,frame_0032.jpg,True,285.0,696.0,403.0,747.0,118.0,51.0,
s19,d3,frame_0033.jpg,True,284.0,694.0,403.0,745.0,119.0,51.0,
s19,d3,frame_0034.jpg,True,282.0,692.0,401.0,744.0,119.0,52.0,
s19,d3,frame_0035.jpg,True,281.0,690.0,400.0,742.0,119.0,52.0,
s19,d3,frame_0036.jpg,True,281.0,688.0,399.0,741.0,118.0,53.0,
s19,d3,frame_0037.jpg,True,280.0,684.0,398.0,738.0,118.0,54.0,
s19,d3,frame_0038.jpg,True,279.0,682.0,398.0,734.0,119.0,52.0,
s19,d3,frame_0039.jpg,True,277.0,679.0,398.0,734.0,121.0,55.0,
s19,d3,frame_0040.jpg,True,277.0,677.0,397.0,731.0,120.0,54.0,
s19,d3,frame_0041.jpg,True,277.0,676.0,397.0,731.0,120.0,55.0,
s19,d3,frame_0042.jpg,True,277.0,676.0,397.0,731.0,120.0,55.0,
s19,d3,frame_0043.jpg,True,277.0,677.0,396.0,732.0,119.0,55.0,
s19,d3,frame_0044.jpg,True,276.0,676.0,395.0,732.0,119.0,56.0,
s19,d3,frame_0045.jpg,True,275.0,676.0,395.0,732.0,120.0,56.0,
s19,d4,frame_0001.jpg,True,270.0,666.0,389.0,723.0,119.0,57.0,
s19,d4,frame_0002.jpg,True,269.0,665.0,389.0,722.0,120.0,57.0,
s19,d4,frame_0003.jpg,True,269.0,665.0,388.0,723.0,119.0,58.0,
s19,d4,frame_0004.jpg,True,269.0,666.0,386.0,723.0,117.0,57.0,
s19,d4,frame_0005.jpg,True,269.0,666.0,387.0,723.0,118.0,57.0,
s19,d4,frame_0006.jpg,True,269.0,666.0,387.0,723.0,118.0,57.0,
s19,d4,frame_0007.jpg,True,268.0,668.0,387.0,725.0,119.0,57.0,
s19,d4,frame_0008.jpg,True,268.0,668.0,387.0,726.0,119.0,58.0,
s19,d4,frame_0009.jpg,True,268.0,669.0,387.0,727.0,119.0,58.0,
s19,d4,frame_0010.jpg,True,269.0,670.0,387.0,726.0,118.0,56.0,
s19,d4,frame_0011.jpg,True,270.0,670.0,386.0,726.0,116.0,56.0,
s19,d4,frame_0012.jpg,True,269.0,670.0,386.0,727.0,117.0,57.0,
s19,d4,frame_0013.jpg,True,270.0,669.0,387.0,725.0,117.0,56.0,
s19,d4,frame_0014.jpg,True,270.0,667.0,387.0,725.0,117.0,58.0,
s19,d4,frame_0015.jpg,True,271.0,665.0,388.0,723.0,117.0,58.0,
s19,d4,frame_0016.jpg,True,271.0,665.0,389.0,723.0,118.0,58.0,
s19,d4,frame_0017.jpg,True,273.0,665.0,391.0,723.0,118.0,58.0,
s19,d4,frame_0018.jpg,True,274.0,666.0,391.0,724.0,117.0,58.0,
s19,d4,frame_0019.jpg,True,274.0,668.0,392.0,726.0,118.0,58.0,
s19,d4,frame_0020.jpg,True,276.0,669.0,394.0,727.0,118.0,58.0,
s19,d4,frame_0021.jpg,True,277.0,670.0,394.0,727.0,117.0,57.0,
s19,d4,frame_0022.jpg,True,278.0,671.0,395.0,728.0,117.0,57.0,
s19,d4,frame_0023.jpg,True,279.0,671.0,397.0,728.0,118.0,57.0,
s19,d4,frame_0024.jpg,True,280.0,672.0,398.0,729.0,118.0,57.0,
s19,d4,frame_0025.jpg,True,282.0,674.0,397.0,732.0,115.0,58.0,
s19,d4,frame_0026.jpg,True,284.0,675.0,397.0,738.0,113.0,63.0,
s19,d4,frame_0027.jpg,True,285.0,674.0,394.0,749.0,109.0,75.0,
s19,d4,frame_0028.jpg,True,285.0,672.0,395.0,750.0,110.0,78.0,
s19,d4,frame_0029.jpg,True,283.0,672.0,396.0,749.0,113.0,77.0,
s19,d4,frame_0030.jpg,True,283.0,673.0,396.0,747.0,113.0,74.0,
s19,d4,frame_0031.jpg,True,282.0,672.0,396.0,745.0,114.0,73.0,
s19,d4,frame_0032.jpg,True,282.0,672.0,397.0,743.0,115.0,71.0,
s19,d4,frame_0033.jpg,True,282.0,673.0,397.0,744.0,115.0,71.0,
s19,d4,frame_0034.jpg,True,283.0,676.0,398.0,746.0,115.0,70.0,
s19,d4,frame_0035.jpg,True,283.0,678.0,399.0,750.0,116.0,72.0,
s19,d4,frame_0036.jpg,True,283.0,681.0,399.0,753.0,116.0,72.0,
s19,d4,frame_0037.jpg,True,284.0,683.0,401.0,756.0,117.0,73.0,
s19,d4,frame_0038.jpg,True,285.0,684.0,401.0,757.0,116.0,73.0,
s19,d4,frame_0039.jpg,True,285.0,684.0,401.0,757.0,116.0,73.0,
s19,d4,frame_0040.jpg,True,285.0,684.0,401.0,758.0,116.0,74.0,
s19,d4,frame_0041.jpg,True,285.0,684.0,400.0,757.0,115.0,73.0,
s19,d4,frame_0042.jpg,True,285.0,683.0,400.0,757.0,115.0,74.0,
s19,d4,frame_0043.jpg,True,285.0,681.0,399.0,754.0,114.0,73.0,
s19,d4,frame_0044.jpg,True,284.0,679.0,398.0,753.0,114.0,74.0,
s19,d4,frame_0045.jpg,True,283.0,677.0,398.0,752.0,115.0,75.0,
s19,d4,frame_0046.jpg,True,284.0,677.0,397.0,750.0,113.0,73.0,
s19,d4,frame_0047.jpg,True,283.0,675.0,396.0,748.0,113.0,73.0,
s19,d4,frame_0048.jpg,True,281.0,674.0,395.0,745.0,114.0,71.0,
s19,d4,frame_0049.jpg,True,281.0,671.0,395.0,740.0,114.0,69.0,
s19,d4,frame_0050.jpg,True,281.0,670.0,396.0,734.0,115.0,64.0,
s19,d4,frame_0051.jpg,True,280.0,672.0,398.0,730.0,118.0,58.0,
s19,d4,frame_0052.jpg,True,280.0,673.0,398.0,729.0,118.0,56.0,
s19,d4,frame_0053.jpg,True,280.0,672.0,398.0,728.0,118.0,56.0,
s19,d4,frame_0054.jpg,True,280.0,671.0,398.0,726.0,118.0,55.0,
s19,d4,frame_0055.jpg,True,280.0,669.0,398.0,725.0,118.0,56.0,
s19,d4,frame_0056.jpg,True,280.0,670.0,398.0,725.0,118.0,55.0,
s19,d4,frame_0057.jpg,True,279.0,670.0,395.0,725.0,116.0,55.0,
s19,d4,frame_0058.jpg,True,278.0,671.0,395.0,727.0,117.0,56.0,
s19,d4,frame_0059.jpg,True,277.0,671.0,393.0,727.0,116.0,56.0,
s19,d4,frame_0060.jpg,True,275.0,670.0,392.0,726.0,117.0,56.0,
s19,d5,frame_0001.jpg,True,274.0,667.0,391.0,725.0,117.0,58.0,
s19,d5,frame_0002.jpg,True,274.0,667.0,390.0,725.0,116.0,58.0,
s19,d5,frame_0003.jpg,True,273.0,666.0,390.0,725.0,117.0,59.0,
s19,d5,frame_0004.jpg,True,272.0,668.0,389.0,725.0,117.0,57.0,
s19,d5,frame_0005.jpg,True,271.0,668.0,389.0,726.0,118.0,58.0,
s19,d5,frame_0006.jpg,True,271.0,668.0,389.0,726.0,118.0,58.0,
s19,d5,frame_0007.jpg,True,271.0,668.0,388.0,727.0,117.0,59.0,
s19,d5,frame_0008.jpg,True,271.0,670.0,389.0,729.0,118.0,59.0,
s19,d5,frame_0009.jpg,True,271.0,673.0,388.0,731.0,117.0,58.0,
s19,d5,frame_0010.jpg,True,272.0,673.0,388.0,732.0,116.0,59.0,
s19,d5,frame_0011.jpg,True,271.0,674.0,388.0,733.0,117.0,59.0,
s19,d5,frame_0012.jpg,True,273.0,674.0,388.0,733.0,115.0,59.0,
s19,d5,frame_0013.jpg,True,274.0,674.0,387.0,736.0,113.0,62.0,
s19,d5,frame_0014.jpg,True,276.0,672.0,386.0,742.0,110.0,70.0,
s19,d5,frame_0015.jpg,True,278.0,672.0,385.0,746.0,107.0,74.0,
s19,d5,frame_0016.jpg,True,278.0,671.0,386.0,746.0,108.0,75.0,
s19,d5,frame_0017.jpg,True,278.0,672.0,386.0,748.0,108.0,76.0,
s19,d5,frame_0018.jpg,True,278.0,673.0,386.0,751.0,108.0,78.0,
s19,d5,frame_0019.jpg,True,278.0,673.0,387.0,754.0,109.0,81.0,
s19,d5,frame_0020.jpg,True,277.0,671.0,389.0,757.0,112.0,86.0,
s19,d5,frame_0021.jpg,True,276.0,673.0,390.0,760.0,114.0,87.0,
s19,d5,frame_0022.jpg,True,277.0,670.0,392.0,761.0,115.0,91.0,
s19,d5,frame_0023.jpg,True,277.0,670.0,393.0,762.0,116.0,92.0,
s19,d5,frame_0024.jpg,True,277.0,671.0,393.0,765.0,116.0,94.0,
s19,d5,frame_0025.jpg,True,278.0,673.0,395.0,767.0,117.0,94.0,
s19,d5,frame_0026.jpg,True,278.0,674.0,396.0,768.0,118.0,94.0,
s19,d5,frame_0027.jpg,True,279.0,675.0,396.0,768.0,117.0,93.0,
s19,d5,frame_0028.jpg,True,280.0,677.0,396.0,767.0,116.0,90.0,
s19,d5,frame_0029.jpg,True,280.0,676.0,397.0,766.0,117.0,90.0,
s19,d5,frame_0030.jpg,True,280.0,676.0,397.0,765.0,117.0,89.0,
s19,d5,frame_0031.jpg,True,281.0,675.0,396.0,761.0,115.0,86.0,
s19,d5,frame_0032.jpg,True,282.0,674.0,396.0,759.0,114.0,85.0,
s19,d5,frame_0033.jpg,True,283.0,672.0,396.0,753.0,113.0,81.0,
s19,d5,frame_0034.jpg,True,282.0,671.0,395.0,748.0,113.0,77.0,
s19,d5,frame_0035.jpg,True,282.0,670.0,395.0,744.0,113.0,74.0,
s19,d5,frame_0036.jpg,True,282.0,669.0,395.0,739.0,113.0,70.0,
s19,d5,frame_0037.jpg,True,281.0,668.0,396.0,733.0,115.0,65.0,
s19,d5,frame_0038.jpg,True,281.0,667.0,395.0,731.0,114.0,64.0,
s19,d5,frame_0039.jpg,True,280.0,667.0,396.0,728.0,116.0,61.0,
s19,d5,frame_0040.jpg,True,281.0,667.0,397.0,726.0,116.0,59.0,
s19,d5,frame_0041.jpg,True,281.0,667.0,398.0,725.0,117.0,58.0,
s19,d5,frame_0042.jpg,True,282.0,667.0,398.0,726.0,116.0,59.0,
s19,d5,frame_0043.jpg,True,282.0,668.0,398.0,726.0,116.0,58.0,
s19,d5,frame_0044.jpg,True,283.0,668.0,399.0,726.0,116.0,58.0,
s19,d5,frame_0045.jpg,True,284.0,667.0,399.0,725.0,115.0,58.0,
s19,d6,frame_0001.jpg,True,287.0,580.0,403.0,641.0,116.0,61.0,
s19,d6,frame_0002.jpg,True,286.0,577.0,402.0,638.0,116.0,61.0,
s19,d6,frame_0003.jpg,True,286.0,574.0,402.0,635.0,116.0,61.0,
s19,d6,frame_0004.jpg,True,285.0,573.0,401.0,634.0,116.0,61.0,
s19,d6,frame_0005.jpg,True,285.0,575.0,400.0,636.0,115.0,61.0,
s19,d6,frame_0006.jpg,True,284.0,576.0,399.0,637.0,115.0,61.0,
s19,d6,frame_0007.jpg,True,283.0,576.0,397.0,638.0,114.0,62.0,
s19,d6,frame_0008.jpg,True,280.0,575.0,395.0,637.0,115.0,62.0,
s19,d6,frame_0009.jpg,True,277.0,574.0,394.0,635.0,117.0,61.0,
s19,d6,frame_0010.jpg,True,278.0,568.0,393.0,629.0,115.0,61.0,
s19,d6,frame_0011.jpg,True,279.0,562.0,395.0,624.0,116.0,62.0,
s19,d6,frame_0012.jpg,True,282.0,561.0,397.0,623.0,115.0,62.0,
s19,d6,frame_0013.jpg,True,283.0,563.0,401.0,624.0,118.0,61.0,
s19,d6,frame_0014.jpg,True,285.0,564.0,401.0,627.0,116.0,63.0,
s19,d6,frame_0015.jpg,True,286.0,565.0,403.0,626.0,117.0,61.0,
s19,d6,frame_0016.jpg,True,286.0,565.0,402.0,627.0,116.0,62.0,
s19,d6,frame_0017.jpg,True,286.0,565.0,403.0,627.0,117.0,62.0,
s19,d6,frame_0018.jpg,True,286.0,564.0,403.0,626.0,117.0,62.0,
s19,d6,frame_0019.jpg,True,286.0,564.0,403.0,627.0,117.0,63.0,
s19,d6,frame_0020.jpg,True,288.0,564.0,399.0,634.0,111.0,70.0,
s19,d6,frame_0021.jpg,True,289.0,565.0,396.0,641.0,107.0,76.0,
s19,d6,frame_0022.jpg,True,291.0,566.0,395.0,645.0,104.0,79.0,
s19,d6,frame_0023.jpg,True,290.0,567.0,394.0,647.0,104.0,80.0,
s19,d6,frame_0024.jpg,True,290.0,568.0,393.0,649.0,103.0,81.0,
s19,d6,frame_0025.jpg,True,291.0,569.0,391.0,650.0,100.0,81.0,
s19,d6,frame_0026.jpg,True,291.0,569.0,391.0,651.0,100.0,82.0,
s19,d6,frame_0027.jpg,True,292.0,569.0,391.0,650.0,99.0,81.0,
s19,d6,frame_0028.jpg,True,294.0,567.0,391.0,649.0,97.0,82.0,
s19,d6,frame_0029.jpg,True,294.0,566.0,390.0,648.0,96.0,82.0,
s19,d6,frame_0030.jpg,True,294.0,565.0,391.0,647.0,97.0,82.0,
s19,d6,frame_0031.jpg,True,294.0,565.0,391.0,643.0,97.0,78.0,
s19,d6,frame_0032.jpg,True,295.0,565.0,394.0,642.0,99.0,77.0,
s19,d6,frame_0033.jpg,True,294.0,565.0,397.0,642.0,103.0,77.0,
s19,d6,frame_0034.jpg,True,292.0,567.0,398.0,642.0,106.0,75.0,
s19,d6,frame_0035.jpg,True,291.0,568.0,399.0,642.0,108.0,74.0,
s19,d6,frame_0036.jpg,True,291.0,568.0,400.0,641.0,109.0,73.0,
s19,d6,frame_0037.jpg,True,290.0,568.0,401.0,641.0,111.0,73.0,
s19,d6,frame_0038.jpg,True,289.0,570.0,401.0,640.0,112.0,70.0,
s19,d6,frame_0039.jpg,True,288.0,573.0,401.0,639.0,113.0,66.0,
s19,d6,frame_0040.jpg,True,287.0,574.0,402.0,638.0,115.0,64.0,
s19,d6,frame_0041.jpg,True,286.0,575.0,402.0,637.0,116.0,62.0,
s19,d6,frame_0042.jpg,True,287.0,576.0,402.0,636.0,115.0,60.0,
s19,d6,frame_0043.jpg,True,288.0,576.0,403.0,635.0,115.0,59.0,
s19,d6,frame_0044.jpg,True,288.0,576.0,405.0,634.0,117.0,58.0,
s19,d6,frame_0045.jpg,True,289.0,574.0,406.0,633.0,117.0,59.0,
s19,d6,frame_0046.jpg,True,289.0,573.0,407.0,630.0,118.0,57.0,
s19,d6,frame_0047.jpg,True,290.0,573.0,408.0,629.0,118.0,56.0,
s19,d6,frame_0048.jpg,True,290.0,573.0,409.0,629.0,119.0,56.0,
s19,d6,frame_0049.jpg,True,291.0,574.0,410.0,628.0,119.0,54.0,
s19,d6,frame_0050.jpg,True,291.0,574.0,410.0,628.0,119.0,54.0,
s19,d6,frame_0051.jpg,True,290.0,575.0,411.0,628.0,121.0,53.0,
s19,d6,frame_0052.jpg,True,291.0,575.0,411.0,628.0,120.0,53.0,
s19,d6,frame_0053.jpg,True,290.0,575.0,411.0,628.0,121.0,53.0,
s19,d6,frame_0054.jpg,True,290.0,575.0,412.0,628.0,122.0,53.0,
s19,d6,frame_0055.jpg,True,290.0,575.0,412.0,627.0,122.0,52.0,
s19,d6,frame_0056.jpg,True,289.0,575.0,410.0,627.0,121.0,52.0,
s19,d6,frame_0057.jpg,True,289.0,573.0,409.0,626.0,120.0,53.0,
s19,d6,frame_0058.jpg,True,289.0,573.0,410.0,625.0,121.0,52.0,
s19,d6,frame_0059.jpg,True,289.0,572.0,410.0,625.0,121.0,53.0,
s19,d6,frame_0060.jpg,True,289.0,571.0,409.0,624.0,120.0,53.0,
s19,d6,frame_0061.jpg,True,289.0,572.0,409.0,625.0,120.0,53.0,
s19,d6,frame_0062.jpg,True,288.0,572.0,409.0,625.0,121.0,53.0,
s19,d6,frame_0063.jpg,True,288.0,570.0,408.0,624.0,120.0,54.0,
s19,d6,frame_0064.jpg,True,288.0,570.0,408.0,624.0,120.0,54.0,
s19,d7,frame_0001.jpg,True,291.0,568.0,409.0,624.0,118.0,56.0,
s19,d7,frame_0002.jpg,True,291.0,568.0,410.0,624.0,119.0,56.0,
s19,d7,frame_0003.jpg,True,291.0,568.0,408.0,626.0,117.0,58.0,
s19,d7,frame_0004.jpg,True,293.0,566.0,406.0,631.0,113.0,65.0,
s19,d7,frame_0005.jpg,True,293.0,567.0,403.0,635.0,110.0,68.0,
s19,d7,frame_0006.jpg,True,292.0,566.0,403.0,635.0,111.0,69.0,
s19,d7,frame_0007.jpg,True,292.0,566.0,403.0,634.0,111.0,68.0,
s19,d7,frame_0008.jpg,True,291.0,564.0,404.0,633.0,113.0,69.0,
s19,d7,frame_0009.jpg,True,291.0,564.0,405.0,632.0,114.0,68.0,
s19,d7,frame_0010.jpg,True,293.0,563.0,405.0,632.0,112.0,69.0,
s19,d7,frame_0011.jpg,True,293.0,564.0,405.0,634.0,112.0,70.0,
s19,d7,frame_0012.jpg,True,292.0,564.0,407.0,637.0,115.0,73.0,
s19,d7,frame_0013.jpg,True,293.0,564.0,408.0,639.0,115.0,75.0,
s19,d7,frame_0014.jpg,True,293.0,565.0,409.0,642.0,116.0,77.0,
s19,d7,frame_0015.jpg,True,294.0,565.0,410.0,643.0,116.0,78.0,
s19,d7,frame_0016.jpg,True,294.0,566.0,410.0,642.0,116.0,76.0,
s19,d7,frame_0017.jpg,True,294.0,565.0,410.0,640.0,116.0,75.0,
s19,d7,frame_0018.jpg,True,294.0,565.0,410.0,639.0,116.0,74.0,
s19,d7,frame_0019.jpg,True,295.0,566.0,409.0,639.0,114.0,73.0,
s19,d7,frame_0020.jpg,True,296.0,566.0,412.0,640.0,116.0,74.0,
s19,d7,frame_0021.jpg,True,297.0,567.0,412.0,640.0,115.0,73.0,
s19,d7,frame_0022.jpg,True,297.0,569.0,413.0,638.0,116.0,69.0,
s19,d7,frame_0023.jpg,True,296.0,570.0,415.0,631.0,119.0,61.0,
s19,d7,frame_0024.jpg,True,295.0,572.0,416.0,630.0,121.0,58.0,
s19,d7,frame_0025.jpg,True,296.0,574.0,416.0,628.0,120.0,54.0,
s19,d7,frame_0026.jpg,True,295.0,572.0,417.0,627.0,122.0,55.0,
s19,d7,frame_0027.jpg,True,296.0,572.0,417.0,626.0,121.0,54.0,
s19,d7,frame_0028.jpg,True,295.0,572.0,417.0,627.0,122.0,55.0,
s19,d7,frame_0029.jpg,True,296.0,574.0,418.0,627.0,122.0,53.0,
s19,d7,frame_0030.jpg,True,296.0,574.0,418.0,627.0,122.0,53.0,
s19,d7,frame_0031.jpg,True,297.0,574.0,418.0,628.0,121.0,54.0,
s19,d7,frame_0032.jpg,True,298.0,575.0,418.0,629.0,120.0,54.0,
s19,d7,frame_0033.jpg,True,299.0,575.0,419.0,629.0,120.0,54.0,
s19,d7,frame_0034.jpg,True,299.0,576.0,419.0,629.0,120.0,53.0,
s19,d7,frame_0035.jpg,True,298.0,576.0,418.0,631.0,120.0,55.0,
s19,d7,frame_0036.jpg,True,298.0,576.0,418.0,632.0,120.0,56.0,
s19,d7,frame_0037.jpg,True,297.0,577.0,418.0,633.0,121.0,56.0,
s19,d7,frame_0038.jpg,True,297.0,579.0,417.0,634.0,120.0,55.0,
s19,d7,frame_0039.jpg,True,296.0,580.0,416.0,635.0,120.0,55.0,
s19,d7,frame_0040.jpg,True,295.0,580.0,415.0,635.0,120.0,55.0,
s19,d7,frame_0041.jpg,True,294.0,580.0,415.0,636.0,121.0,56.0,
s19,d7,frame_0042.jpg,True,294.0,579.0,414.0,635.0,120.0,56.0,
s19,d7,frame_0043.jpg,True,293.0,578.0,413.0,634.0,120.0,56.0,
s19,d7,frame_0044.jpg,True,292.0,578.0,412.0,635.0,120.0,57.0,
s19,d8,frame_0001.jpg,True,287.0,576.0,406.0,634.0,119.0,58.0,
s19,d8,frame_0002.jpg,True,287.0,574.0,405.0,634.0,118.0,60.0,
s19,d8,frame_0003.jpg,True,288.0,574.0,404.0,637.0,116.0,63.0,
s19,d8,frame_0004.jpg,True,289.0,573.0,400.0,644.0,111.0,71.0,
s19,d8,frame_0005.jpg,True,291.0,573.0,399.0,648.0,108.0,75.0,
s19,d8,frame_0006.jpg,True,290.0,573.0,400.0,648.0,110.0,75.0,
s19,d8,frame_0007.jpg,True,290.0,572.0,401.0,645.0,111.0,73.0,
s19,d8,frame_0008.jpg,True,290.0,574.0,404.0,639.0,114.0,65.0,
s19,d8,frame_0009.jpg,True,288.0,578.0,407.0,636.0,119.0,58.0,
s19,d8,frame_0010.jpg,True,287.0,579.0,407.0,636.0,120.0,57.0,
s19,d8,frame_0011.jpg,True,288.0,579.0,408.0,637.0,120.0,58.0,
s19,d8,frame_0012.jpg,True,291.0,580.0,408.0,643.0,117.0,63.0,
s19,d8,frame_0013.jpg,True,292.0,579.0,407.0,650.0,115.0,71.0,
s19,d8,frame_0014.jpg,True,292.0,578.0,408.0,653.0,116.0,75.0,
s19,d8,frame_0015.jpg,True,292.0,578.0,408.0,654.0,116.0,76.0,
s19,d8,frame_0016.jpg,True,292.0,578.0,409.0,653.0,117.0,75.0,
s19,d8,frame_0017.jpg,True,293.0,578.0,408.0,653.0,115.0,75.0,
s19,d8,frame_0018.jpg,True,294.0,577.0,410.0,652.0,116.0,75.0,
s19,d8,frame_0019.jpg,True,294.0,576.0,409.0,650.0,115.0,74.0,
s19,d8,frame_0020.jpg,True,294.0,574.0,409.0,648.0,115.0,74.0,
s19,d8,frame_0021.jpg,True,295.0,574.0,409.0,648.0,114.0,74.0,
s19,d8,frame_0022.jpg,True,292.0,575.0,410.0,648.0,118.0,73.0,
s19,d8,frame_0023.jpg,True,294.0,575.0,409.0,648.0,115.0,73.0,
s19,d8,frame_0024.jpg,True,294.0,576.0,410.0,648.0,116.0,72.0,
s19,d8,frame_0025.jpg,True,294.0,577.0,411.0,648.0,117.0,71.0,
s19,d8,frame_0026.jpg,True,294.0,576.0,412.0,647.0,118.0,71.0,
s19,d8,frame_0027.jpg,True,294.0,576.0,412.0,644.0,118.0,68.0,
s19,d8,frame_0028.jpg,True,296.0,576.0,412.0,644.0,116.0,68.0,
s19,d8,frame_0029.jpg,True,296.0,578.0,413.0,643.0,117.0,65.0,
s19,d8,frame_0030.jpg,True,296.0,579.0,414.0,640.0,118.0,61.0,
s19,d8,frame_0031.jpg,True,295.0,581.0,415.0,638.0,120.0,57.0,
s19,d8,frame_0032.jpg,True,295.0,581.0,415.0,638.0,120.0,57.0,
s19,d8,frame_0033.jpg,True,296.0,581.0,416.0,639.0,120.0,58.0,
s19,d8,frame_0034.jpg,True,296.0,581.0,415.0,639.0,119.0,58.0,
s19,d8,frame_0035.jpg,True,295.0,581.0,416.0,639.0,121.0,58.0,
s19,d8,frame_0036.jpg,True,295.0,581.0,416.0,638.0,121.0,57.0,
s19,d8,frame_0037.jpg,True,296.0,581.0,416.0,639.0,120.0,58.0,
s19,d8,frame_0038.jpg,True,296.0,581.0,416.0,640.0,120.0,59.0,
s19,d8,frame_0039.jpg,True,296.0,582.0,417.0,640.0,121.0,58.0,
s19,d8,frame_0040.jpg,True,297.0,583.0,417.0,641.0,120.0,58.0,
s19,d8,frame_0041.jpg,True,297.0,583.0,418.0,641.0,121.0,58.0,
s19,d9,frame_0001.jpg,True,290.0,621.0,412.0,683.0,122.0,62.0,
s19,d9,frame_0002.jpg,True,291.0,623.0,412.0,685.0,121.0,62.0,
s19,d9,frame_0003.jpg,True,292.0,624.0,412.0,685.0,120.0,61.0,
s19,d9,frame_0004.jpg,True,292.0,624.0,413.0,686.0,121.0,62.0,
s19,d9,frame_0005.jpg,True,292.0,623.0,413.0,686.0,121.0,63.0,
s19,d9,frame_0006.jpg,True,292.0,621.0,413.0,684.0,121.0,63.0,
s19,d9,frame_0007.jpg,True,291.0,621.0,412.0,684.0,121.0,63.0,
s19,d9,frame_0008.jpg,True,290.0,622.0,411.0,685.0,121.0,63.0,
s19,d9,frame_0009.jpg,True,291.0,623.0,411.0,685.0,120.0,62.0,
s19,d9,frame_0010.jpg,True,292.0,624.0,411.0,688.0,119.0,64.0,
s19,d9,frame_0011.jpg,True,293.0,623.0,408.0,694.0,115.0,71.0,
s19,d9,frame_0012.jpg,True,293.0,620.0,407.0,700.0,114.0,80.0,
s19,d9,frame_0013.jpg,True,294.0,618.0,406.0,703.0,112.0,85.0,
s19,d9,frame_0014.jpg,True,293.0,616.0,408.0,704.0,115.0,88.0,
s19,d9,frame_0015.jpg,True,293.0,614.0,409.0,706.0,116.0,92.0,
s19,d9,frame_0016.jpg,True,293.0,615.0,410.0,709.0,117.0,94.0,
s19,d9,frame_0017.jpg,True,292.0,616.0,410.0,714.0,118.0,98.0,
s19,d9,frame_0018.jpg,True,292.0,618.0,410.0,715.0,118.0,97.0,
s19,d9,frame_0019.jpg,True,293.0,621.0,411.0,716.0,118.0,95.0,
s19,d9,frame_0020.jpg,True,293.0,621.0,410.0,716.0,117.0,95.0,
s19,d9,frame_0021.jpg,True,292.0,622.0,409.0,714.0,117.0,92.0,
s19,d9,frame_0022.jpg,True,294.0,623.0,406.0,709.0,112.0,86.0,
s19,d9,frame_0023.jpg,True,294.0,620.0,404.0,704.0,110.0,84.0,
s19,d9,frame_0024.jpg,True,294.0,620.0,404.0,699.0,110.0,79.0,
s19,d9,frame_0025.jpg,True,294.0,622.0,402.0,695.0,108.0,73.0,
s19,d9,frame_0026.jpg,True,294.0,623.0,401.0,692.0,107.0,69.0,
s19,d9,frame_0027.jpg,True,294.0,622.0,401.0,690.0,107.0,68.0,
s19,d9,frame_0028.jpg,True,294.0,621.0,403.0,689.0,109.0,68.0,
s19,d9,frame_0029.jpg,True,291.0,619.0,404.0,687.0,113.0,68.0,
s19,d9,frame_0030.jpg,True,292.0,618.0,404.0,687.0,112.0,69.0,
s19,d9,frame_0031.jpg,True,292.0,618.0,404.0,684.0,112.0,66.0,
s19,d9,frame_0032.jpg,True,291.0,617.0,406.0,685.0,115.0,68.0,
s19,d9,frame_0033.jpg,True,291.0,617.0,406.0,685.0,115.0,68.0,
s19,d9,frame_0034.jpg,True,291.0,617.0,407.0,684.0,116.0,67.0,
s19,d9,frame_0035.jpg,True,290.0,618.0,407.0,684.0,117.0,66.0,
s19,d9,frame_0036.jpg,True,291.0,618.0,408.0,684.0,117.0,66.0,
s19,d9,frame_0037.jpg,True,291.0,619.0,408.0,683.0,117.0,64.0,
s19,d9,frame_0038.jpg,True,291.0,620.0,408.0,683.0,117.0,63.0,
s19,d9,frame_0039.jpg,True,290.0,620.0,409.0,684.0,119.0,64.0,
s19,d9,frame_0040.jpg,True,290.0,621.0,408.0,684.0,118.0,63.0,
s19,d9,frame_0041.jpg,True,290.0,620.0,408.0,682.0,118.0,62.0,
s19,d9,frame_0042.jpg,True,289.0,619.0,406.0,681.0,117.0,62.0,
s19,d9,frame_0043.jpg,True,289.0,618.0,408.0,680.0,119.0,62.0,
s19,d9,frame_0044.jpg,True,289.0,617.0,407.0,679.0,118.0,62.0,
s19,d9,frame_0045.jpg,True,287.0,617.0,406.0,678.0,119.0,61.0,
s19,d9,frame_0046.jpg,True,286.0,616.0,405.0,677.0,119.0,61.0,
s19,d9,frame_0047.jpg,True,286.0,616.0,405.0,676.0,119.0,60.0,
s19,d9,frame_0048.jpg,True,287.0,618.0,406.0,679.0,119.0,61.0,
s19,d10,frame_0001.jpg,True,284.0,569.0,412.0,631.0,128.0,62.0,
s19,d10,frame_0002.jpg,True,284.0,570.0,412.0,632.0,128.0,62.0,
s19,d10,frame_0003.jpg,True,285.0,571.0,412.0,633.0,127.0,62.0,
s19,d10,frame_0004.jpg,True,285.0,573.0,412.0,635.0,127.0,62.0,
s19,d10,frame_0005.jpg,True,284.0,575.0,413.0,636.0,129.0,61.0,
s19,d10,frame_0006.jpg,True,284.0,577.0,413.0,639.0,129.0,62.0,
s19,d10,frame_0007.jpg,True,284.0,581.0,412.0,641.0,128.0,60.0,
s19,d10,frame_0008.jpg,True,283.0,583.0,412.0,646.0,129.0,63.0,
s19,d10,frame_0009.jpg,True,284.0,586.0,411.0,651.0,127.0,65.0,
s19,d10,frame_0010.jpg,True,286.0,586.0,411.0,655.0,125.0,69.0,
s19,d10,frame_0011.jpg,True,287.0,584.0,412.0,657.0,125.0,73.0,
s19,d10,frame_0012.jpg,True,289.0,584.0,413.0,658.0,124.0,74.0,
s19,d10,frame_0013.jpg,True,290.0,584.0,415.0,660.0,125.0,76.0,
s19,d10,frame_0014.jpg,True,290.0,582.0,415.0,660.0,125.0,78.0,
s19,d10,frame_0015.jpg,True,290.0,580.0,415.0,655.0,125.0,75.0,
s19,d10,frame_0016.jpg,True,291.0,577.0,417.0,651.0,126.0,74.0,
s19,d10,frame_0017.jpg,True,291.0,576.0,418.0,651.0,127.0,75.0,
s19,d10,frame_0018.jpg,True,290.0,577.0,418.0,653.0,128.0,76.0,
s19,d10,frame_0019.jpg,True,291.0,577.0,419.0,657.0,128.0,80.0,
s19,d10,frame_0020.jpg,True,292.0,583.0,420.0,661.0,128.0,78.0,
s19,d10,frame_0021.jpg,True,291.0,587.0,421.0,667.0,130.0,80.0,
s19,d10,frame_0022.jpg,True,293.0,591.0,420.0,664.0,127.0,73.0,
s19,d10,frame_0023.jpg,True,293.0,600.0,421.0,657.0,128.0,57.0,
s19,d10,frame_0024.jpg,True,294.0,602.0,423.0,658.0,129.0,56.0,
s19,d10,frame_0025.jpg,True,293.0,603.0,421.0,659.0,128.0,56.0,
s19,d10,frame_0026.jpg,True,294.0,604.0,420.0,659.0,126.0,55.0,
s19,d10,frame_0027.jpg,True,293.0,604.0,420.0,659.0,127.0,55.0,
s19,d10,frame_0028.jpg,True,293.0,601.0,419.0,658.0,126.0,57.0,
s19,d10,frame_0029.jpg,True,292.0,601.0,419.0,658.0,127.0,57.0,
s19,d10,frame_0030.jpg,True,293.0,603.0,420.0,658.0,127.0,55.0,
s19,d10,frame_0031.jpg,True,293.0,603.0,421.0,660.0,128.0,57.0,
s19,d10,frame_0032.jpg,True,293.0,606.0,421.0,662.0,128.0,56.0,
s19,d10,frame_0033.jpg,True,294.0,607.0,421.0,664.0,127.0,57.0,
s19,d10,frame_0034.jpg,True,295.0,606.0,420.0,664.0,125.0,58.0,
s19,d10,frame_0035.jpg,True,295.0,606.0,422.0,663.0,127.0,57.0,
s19,d10,frame_0036.jpg,True,295.0,607.0,421.0,665.0,126.0,58.0,
s19,d10,frame_0037.jpg,True,294.0,608.0,421.0,666.0,127.0,58.0,
s19,d10,frame_0038.jpg,True,294.0,608.0,420.0,666.0,126.0,58.0,
s19,d10,frame_0039.jpg,True,295.0,608.0,421.0,666.0,126.0,58.0,
s19,d10,frame_0040.jpg,True,294.0,609.0,420.0,666.0,126.0,57.0,
s19,d10,frame_0041.jpg,True,292.0,610.0,419.0,667.0,127.0,57.0,
s19,d10,frame_0042.jpg,True,291.0,611.0,419.0,668.0,128.0,57.0,
s19,d10,frame_0043.jpg,True,291.0,612.0,418.0,668.0,127.0,56.0,
s20,d0,frame_0001.jpg,True,307.0,586.0,429.0,652.0,122.0,66.0,
s20,d0,frame_0002.jpg,True,308.0,585.0,429.0,652.0,121.0,67.0,
s20,d0,frame_0003.jpg,True,309.0,584.0,429.0,651.0,120.0,67.0,
s20,d0,frame_0004.jpg,True,308.0,584.0,432.0,651.0,124.0,67.0,
s20,d0,frame_0005.jpg,True,310.0,583.0,431.0,651.0,121.0,68.0,
s20,d0,frame_0006.jpg,True,310.0,584.0,431.0,650.0,121.0,66.0,
s20,d0,frame_0007.jpg,True,311.0,584.0,432.0,651.0,121.0,67.0,
s20,d0,frame_0008.jpg,True,310.0,585.0,432.0,653.0,122.0,68.0,
s20,d0,frame_0009.jpg,True,310.0,587.0,432.0,653.0,122.0,66.0,
s20,d0,frame_0010.jpg,True,311.0,590.0,431.0,654.0,120.0,64.0,
s20,d0,frame_0011.jpg,True,310.0,592.0,431.0,655.0,121.0,63.0,
s20,d0,frame_0012.jpg,True,310.0,594.0,431.0,655.0,121.0,61.0,
s20,d0,frame_0013.jpg,True,310.0,595.0,432.0,656.0,122.0,61.0,
s20,d0,frame_0014.jpg,True,311.0,595.0,432.0,656.0,121.0,61.0,
s20,d0,frame_0015.jpg,True,310.0,596.0,432.0,656.0,122.0,60.0,
s20,d0,frame_0016.jpg,True,310.0,596.0,433.0,657.0,123.0,61.0,
s20,d0,frame_0017.jpg,True,310.0,597.0,434.0,657.0,124.0,60.0,
s20,d0,frame_0018.jpg,True,313.0,596.0,435.0,658.0,122.0,62.0,
s20,d0,frame_0019.jpg,True,313.0,594.0,436.0,657.0,123.0,63.0,
s20,d0,frame_0020.jpg,True,313.0,585.0,436.0,667.0,123.0,82.0,
s20,d0,frame_0021.jpg,True,311.0,582.0,438.0,677.0,127.0,95.0,
s20,d0,frame_0022.jpg,True,312.0,580.0,439.0,682.0,127.0,102.0,
s20,d0,frame_0023.jpg,True,312.0,579.0,440.0,683.0,128.0,104.0,
s20,d0,frame_0024.jpg,True,313.0,579.0,438.0,685.0,125.0,106.0,
s20,d0,frame_0025.jpg,True,317.0,581.0,438.0,683.0,121.0,102.0,
s20,d0,frame_0026.jpg,True,319.0,583.0,435.0,678.0,116.0,95.0,
s20,d0,frame_0027.jpg,True,320.0,585.0,434.0,673.0,114.0,88.0,
s20,d0,frame_0028.jpg,True,321.0,584.0,434.0,670.0,113.0,86.0,
s20,d0,frame_0029.jpg,True,320.0,585.0,436.0,667.0,116.0,82.0,
s20,d0,frame_0030.jpg,True,320.0,586.0,436.0,665.0,116.0,79.0,
s20,d0,frame_0031.jpg,True,320.0,588.0,436.0,663.0,116.0,75.0,
s20,d0,frame_0032.jpg,True,319.0,587.0,436.0,662.0,117.0,75.0,
s20,d0,frame_0033.jpg,True,319.0,587.0,437.0,661.0,118.0,74.0,
s20,d0,frame_0034.jpg,True,318.0,588.0,437.0,660.0,119.0,72.0,
s20,d0,frame_0035.jpg,True,318.0,587.0,438.0,658.0,120.0,71.0,
s20,d0,frame_0036.jpg,True,317.0,586.0,439.0,655.0,122.0,69.0,
s20,d0,frame_0037.jpg,True,316.0,585.0,441.0,653.0,125.0,68.0,
s20,d0,frame_0038.jpg,True,317.0,584.0,440.0,651.0,123.0,67.0,
s20,d0,frame_0039.jpg,True,317.0,585.0,439.0,651.0,122.0,66.0,
s20,d0,frame_0040.jpg,True,317.0,584.0,440.0,651.0,123.0,67.0,
s20,d0,frame_0041.jpg,True,317.0,584.0,441.0,650.0,124.0,66.0,
s20,d0,frame_0042.jpg,True,317.0,584.0,440.0,650.0,123.0,66.0,
s20,d0,frame_0043.jpg,True,317.0,584.0,440.0,651.0,123.0,67.0,
s20,d0,frame_0044.jpg,True,316.0,584.0,440.0,651.0,124.0,67.0,
s20,d0,frame_0045.jpg,True,315.0,584.0,440.0,651.0,125.0,67.0,
s20,d1,frame_0001.jpg,True,307.0,583.0,432.0,652.0,125.0,69.0,
s20,d1,frame_0002.jpg,True,308.0,584.0,432.0,653.0,124.0,69.0,
s20,d1,frame_0003.jpg,True,308.0,584.0,431.0,655.0,123.0,71.0,
s20,d1,frame_0004.jpg,True,308.0,584.0,432.0,658.0,124.0,74.0,
s20,d1,frame_0005.jpg,True,307.0,585.0,433.0,662.0,126.0,77.0,
s20,d1,frame_0006.jpg,True,308.0,585.0,433.0,663.0,125.0,78.0,
s20,d1,frame_0007.jpg,True,308.0,586.0,434.0,666.0,126.0,80.0,
s20,d1,frame_0008.jpg,True,308.0,587.0,434.0,668.0,126.0,81.0,
s20,d1,frame_0009.jpg,True,308.0,586.0,436.0,670.0,128.0,84.0,
s20,d1,frame_0010.jpg,True,307.0,586.0,438.0,670.0,131.0,84.0,
s20,d1,frame_0011.jpg,True,307.0,585.0,438.0,673.0,131.0,88.0,
s20,d1,frame_0012.jpg,True,307.0,585.0,438.0,673.0,131.0,88.0,
s20,d1,frame_0013.jpg,True,308.0,586.0,439.0,683.0,131.0,97.0,
s20,d1,frame_0014.jpg,True,308.0,587.0,439.0,690.0,131.0,103.0,
s20,d1,frame_0015.jpg,True,309.0,587.0,438.0,694.0,129.0,107.0,
s20,d1,frame_0016.jpg,True,309.0,586.0,439.0,697.0,130.0,111.0,
s20,d1,frame_0017.jpg,True,310.0,587.0,438.0,697.0,128.0,110.0,
s20,d1,frame_0018.jpg,True,310.0,588.0,438.0,696.0,128.0,108.0,
s20,d1,frame_0019.jpg,True,310.0,587.0,438.0,694.0,128.0,107.0,
s20,d1,frame_0020.jpg,True,312.0,587.0,439.0,690.0,127.0,103.0,
s20,d1,frame_0021.jpg,True,313.0,587.0,438.0,685.0,125.0,98.0,
s20,d1,frame_0022.jpg,True,313.0,587.0,439.0,679.0,126.0,92.0,
s20,d1,frame_0023.jpg,True,314.0,585.0,438.0,672.0,124.0,87.0,
s20,d1,frame_0024.jpg,True,313.0,583.0,438.0,671.0,125.0,88.0,
s20,d1,frame_0025.jpg,True,314.0,583.0,438.0,669.0,124.0,86.0,
s20,d1,frame_0026.jpg,True,312.0,585.0,438.0,666.0,126.0,81.0,
s20,d1,frame_0027.jpg,True,311.0,586.0,437.0,664.0,126.0,78.0,
s20,d1,frame_0028.jpg,True,311.0,587.0,437.0,660.0,126.0,73.0,
s20,d1,frame_0029.jpg,True,311.0,586.0,438.0,658.0,127.0,72.0,
s20,d1,frame_0030.jpg,True,311.0,585.0,439.0,657.0,128.0,72.0,
s20,d1,frame_0031.jpg,True,311.0,585.0,438.0,656.0,127.0,71.0,
s20,d1,frame_0032.jpg,True,311.0,584.0,439.0,656.0,128.0,72.0,
s20,d1,frame_0033.jpg,True,311.0,584.0,440.0,655.0,129.0,71.0,
s20,d1,frame_0034.jpg,True,311.0,584.0,440.0,654.0,129.0,70.0,
s20,d1,frame_0035.jpg,True,312.0,584.0,440.0,654.0,128.0,70.0,
s20,d1,frame_0036.jpg,True,312.0,584.0,440.0,655.0,128.0,71.0,
s20,d1,frame_0037.jpg,True,312.0,584.0,440.0,654.0,128.0,70.0,
s20,d2,frame_0001.jpg,True,478.0,882.0,654.0,976.0,176.0,94.0,
s20,d2,frame_0002.jpg,True,477.0,882.0,655.0,977.0,178.0,95.0,
s20,d2,frame_0003.jpg,True,478.0,882.0,654.0,977.0,176.0,95.0,
s20,d2,frame_0004.jpg,True,479.0,881.0,655.0,977.0,176.0,96.0,
s20,d2,frame_0005.jpg,True,479.0,882.0,656.0,977.0,177.0,95.0,
s20,d2,frame_0006.jpg,True,480.0,882.0,656.0,976.0,176.0,94.0,
s20,d2,frame_0007.jpg,True,481.0,883.0,655.0,977.0,174.0,94.0,
s20,d2,frame_0008.jpg,True,481.0,883.0,655.0,978.0,174.0,95.0,
s20,d2,frame_0009.jpg,True,481.0,883.0,655.0,978.0,174.0,95.0,
s20,d2,frame_0010.jpg,True,482.0,882.0,654.0,978.0,172.0,96.0,
s20,d2,frame_0011.jpg,True,481.0,883.0,653.0,976.0,172.0,93.0,
s20,d2,frame_0012.jpg,True,481.0,883.0,654.0,976.0,173.0,93.0,
s20,d2,frame_0013.jpg,True,482.0,882.0,653.0,978.0,171.0,96.0,
s20,d2,frame_0014.jpg,True,482.0,884.0,655.0,982.0,173.0,98.0,
s20,d2,frame_0015.jpg,True,482.0,882.0,656.0,988.0,174.0,106.0,
s20,d2,frame_0016.jpg,True,482.0,882.0,657.0,994.0,175.0,112.0,
s20,d2,frame_0017.jpg,True,481.0,881.0,657.0,997.0,176.0,116.0,
s20,d2,frame_0018.jpg,True,481.0,883.0,656.0,996.0,175.0,113.0,
s20,d2,frame_0019.jpg,True,479.0,881.0,656.0,996.0,177.0,115.0,
s20,d2,frame_0020.jpg,True,479.0,881.0,657.0,997.0,178.0,116.0,
s20,d2,frame_0021.jpg,True,477.0,880.0,657.0,997.0,180.0,117.0,
s20,d2,frame_0022.jpg,True,479.0,879.0,654.0,997.0,175.0,118.0,
s20,d2,frame_0023.jpg,True,476.0,878.0,655.0,998.0,179.0,120.0,
s20,d2,frame_0024.jpg,True,475.0,878.0,655.0,1003.0,180.0,125.0,
s20,d2,frame_0025.jpg,True,475.0,880.0,655.0,1016.0,180.0,136.0,
s20,d2,frame_0026.jpg,True,475.0,880.0,653.0,1029.0,178.0,149.0,
s20,d2,frame_0027.jpg,True,476.0,881.0,647.0,1037.0,171.0,156.0,
s20,d2,frame_0028.jpg,True,478.0,881.0,646.0,1040.0,168.0,159.0,
s20,d2,frame_0029.jpg,True,483.0,884.0,640.0,1034.0,157.0,150.0,
s20,d2,frame_0030.jpg,True,485.0,885.0,636.0,1026.0,151.0,141.0,
s20,d2,frame_0031.jpg,True,483.0,886.0,635.0,1018.0,152.0,132.0,
s20,d2,frame_0032.jpg,True,482.0,884.0,635.0,1008.0,153.0,124.0,
s20,d2,frame_0033.jpg,True,480.0,881.0,637.0,1000.0,157.0,119.0,
s20,d2,frame_0034.jpg,True,477.0,877.0,638.0,994.0,161.0,117.0,
s20,d2,frame_0035.jpg,True,476.0,875.0,639.0,991.0,163.0,116.0,
s20,d2,frame_0036.jpg,True,475.0,876.0,639.0,990.0,164.0,114.0,
s20,d2,frame_0037.jpg,True,475.0,874.0,640.0,990.0,165.0,116.0,
s20,d2,frame_0038.jpg,True,473.0,875.0,642.0,988.0,169.0,113.0,
s20,d2,frame_0039.jpg,True,472.0,875.0,642.0,986.0,170.0,111.0,
s20,d2,frame_0040.jpg,True,472.0,876.0,643.0,982.0,171.0,106.0,
s20,d2,frame_0041.jpg,True,472.0,877.0,643.0,977.0,171.0,100.0,
s20,d2,frame_0042.jpg,True,472.0,879.0,643.0,974.0,171.0,95.0,
s20,d2,frame_0043.jpg,True,472.0,879.0,643.0,973.0,171.0,94.0,
s20,d2,frame_0044.jpg,True,472.0,878.0,641.0,972.0,169.0,94.0,
s20,d2,frame_0045.jpg,True,471.0,878.0,641.0,970.0,170.0,92.0,
s20,d2,frame_0046.jpg,True,470.0,878.0,642.0,970.0,172.0,92.0,
s20,d3,frame_0001.jpg,True,305.0,584.0,432.0,652.0,127.0,68.0,
s20,d3,frame_0002.jpg,True,306.0,585.0,431.0,652.0,125.0,67.0,
s20,d3,frame_0003.jpg,True,305.0,584.0,432.0,652.0,127.0,68.0,
s20,d3,frame_0004.jpg,True,306.0,584.0,432.0,652.0,126.0,68.0,
s20,d3,frame_0005.jpg,True,306.0,584.0,432.0,651.0,126.0,67.0,
s20,d3,frame_0006.jpg,True,306.0,584.0,432.0,651.0,126.0,67.0,
s20,d3,frame_0007.jpg,True,306.0,583.0,431.0,651.0,125.0,68.0,
s20,d3,frame_0008.jpg,True,307.0,583.0,431.0,651.0,124.0,68.0,
s20,d3,frame_0009.jpg,True,307.0,583.0,431.0,653.0,124.0,70.0,
s20,d3,frame_0010.jpg,True,307.0,583.0,431.0,657.0,124.0,74.0,
s20,d3,frame_0011.jpg,True,306.0,583.0,433.0,663.0,127.0,80.0,
s20,d3,frame_0012.jpg,True,305.0,582.0,433.0,665.0,128.0,83.0,
s20,d3,frame_0013.jpg,True,305.0,582.0,435.0,667.0,130.0,85.0,
s20,d3,frame_0014.jpg,True,304.0,582.0,435.0,666.0,131.0,84.0,
s20,d3,frame_0015.jpg,True,304.0,582.0,436.0,666.0,132.0,84.0,
s20,d3,frame_0016.jpg,True,303.0,581.0,437.0,667.0,134.0,86.0,
s20,d3,frame_0017.jpg,True,302.0,581.0,438.0,670.0,136.0,89.0,
s20,d3,frame_0018.jpg,True,302.0,581.0,439.0,673.0,137.0,92.0,
s20,d3,frame_0019.jpg,True,302.0,580.0,438.0,680.0,136.0,100.0,
s20,d3,frame_0020.jpg,True,303.0,581.0,437.0,684.0,134.0,103.0,
s20,d3,frame_0021.jpg,True,304.0,581.0,435.0,688.0,131.0,107.0,
s20,d3,frame_0022.jpg,True,305.0,582.0,434.0,691.0,129.0,109.0,
s20,d3,frame_0023.jpg,True,305.0,583.0,434.0,693.0,129.0,110.0,
s20,d3,frame_0024.jpg,True,305.0,584.0,434.0,693.0,129.0,109.0,
s20,d3,frame_0025.jpg,True,305.0,588.0,434.0,684.0,129.0,96.0,
s20,d3,frame_0026.jpg,True,306.0,596.0,432.0,664.0,126.0,68.0,
s20,d3,frame_0027.jpg,True,306.0,601.0,434.0,657.0,128.0,56.0,
s20,d3,frame_0028.jpg,True,304.0,602.0,434.0,655.0,130.0,53.0,
s20,d3,frame_0029.jpg,True,303.0,603.0,434.0,654.0,131.0,51.0,
s20,d3,frame_0030.jpg,True,303.0,602.0,434.0,654.0,131.0,52.0,
s20,d3,frame_0031.jpg,True,303.0,601.0,434.0,654.0,131.0,53.0,
s20,d3,frame_0032.jpg,True,303.0,600.0,434.0,655.0,131.0,55.0,
s20,d3,frame_0033.jpg,True,304.0,599.0,433.0,656.0,129.0,57.0,
s20,d3,frame_0034.jpg,True,304.0,598.0,434.0,657.0,130.0,59.0,
s20,d3,frame_0035.jpg,True,304.0,598.0,434.0,658.0,130.0,60.0,
s20,d3,frame_0036.jpg,True,306.0,596.0,434.0,659.0,128.0,63.0,
s20,d3,frame_0037.jpg,True,306.0,595.0,434.0,658.0,128.0,63.0,
s20,d3,frame_0038.jpg,True,307.0,593.0,434.0,657.0,127.0,64.0,
s20,d3,frame_0039.jpg,True,307.0,592.0,434.0,657.0,127.0,65.0,
s20,d3,frame_0040.jpg,True,306.0,592.0,434.0,656.0,128.0,64.0,
s20,d3,frame_0041.jpg,True,306.0,591.0,434.0,655.0,128.0,64.0,
s20,d3,frame_0042.jpg,True,306.0,591.0,434.0,655.0,128.0,64.0,
s20,d3,frame_0043.jpg,True,306.0,590.0,434.0,654.0,128.0,64.0,
s20,d3,frame_0044.jpg,True,306.0,589.0,435.0,654.0,129.0,65.0,
s20,d3,frame_0045.jpg,True,306.0,590.0,435.0,655.0,129.0,65.0,
s20,d3,frame_0046.jpg,True,306.0,590.0,436.0,655.0,130.0,65.0,
s20,d3,frame_0047.jpg,True,307.0,589.0,434.0,655.0,127.0,66.0,
s20,d3,frame_0048.jpg,True,306.0,589.0,435.0,655.0,129.0,66.0,
s20,d4,frame_0001.jpg,True,306.0,589.0,433.0,655.0,127.0,66.0,
s20,d4,frame_0002.jpg,True,306.0,589.0,434.0,654.0,128.0,65.0,
s20,d4,frame_0003.jpg,True,306.0,588.0,434.0,654.0,128.0,66.0,
s20,d4,frame_0004.jpg,True,306.0,588.0,434.0,654.0,128.0,66.0,
s20,d4,frame_0005.jpg,True,306.0,587.0,434.0,655.0,128.0,68.0,
s20,d4,frame_0006.jpg,True,306.0,588.0,434.0,655.0,128.0,67.0,
s20,d4,frame_0007.jpg,True,307.0,588.0,433.0,655.0,126.0,67.0,
s20,d4,frame_0008.jpg,True,307.0,588.0,432.0,656.0,125.0,68.0,
s20,d4,frame_0009.jpg,True,307.0,588.0,431.0,657.0,124.0,69.0,
s20,d4,frame_0010.jpg,True,306.0,589.0,431.0,659.0,125.0,70.0,
s20,d4,frame_0011.jpg,True,306.0,590.0,430.0,659.0,124.0,69.0,
s20,d4,frame_0012.jpg,True,305.0,587.0,431.0,663.0,126.0,76.0,
s20,d4,frame_0013.jpg,True,304.0,585.0,432.0,669.0,128.0,84.0,
s20,d4,frame_0014.jpg,True,304.0,585.0,432.0,671.0,128.0,86.0,
s20,d4,frame_0015.jpg,True,304.0,585.0,433.0,671.0,129.0,86.0,
s20,d4,frame_0016.jpg,True,303.0,585.0,436.0,670.0,133.0,85.0,
s20,d4,frame_0017.jpg,True,303.0,584.0,436.0,669.0,133.0,85.0,
s20,d4,frame_0018.jpg,True,303.0,584.0,437.0,670.0,134.0,86.0,
s20,d4,frame_0019.jpg,True,302.0,585.0,438.0,670.0,136.0,85.0,
s20,d4,frame_0020.jpg,True,302.0,585.0,438.0,669.0,136.0,84.0,
s20,d4,frame_0021.jpg,True,303.0,585.0,437.0,668.0,134.0,83.0,
s20,d4,frame_0022.jpg,True,301.0,584.0,439.0,668.0,138.0,84.0,
s20,d4,frame_0023.jpg,True,300.0,584.0,440.0,668.0,140.0,84.0,
s20,d4,frame_0024.jpg,True,302.0,584.0,440.0,668.0,138.0,84.0,
s20,d4,frame_0025.jpg,True,301.0,584.0,440.0,669.0,139.0,85.0,
s20,d4,frame_0026.jpg,True,301.0,583.0,441.0,672.0,140.0,89.0,
s20,d4,frame_0027.jpg,True,300.0,584.0,442.0,674.0,142.0,90.0,
s20,d4,frame_0028.jpg,True,300.0,585.0,442.0,677.0,142.0,92.0,
s20,d4,frame_0029.jpg,True,299.0,586.0,442.0,678.0,143.0,92.0,
s20,d4,frame_0030.jpg,True,300.0,586.0,441.0,679.0,141.0,93.0,
s20,d4,frame_0031.jpg,True,300.0,586.0,442.0,680.0,142.0,94.0,
s20,d4,frame_0032.jpg,True,301.0,586.0,441.0,680.0,140.0,94.0,
s20,d4,frame_0033.jpg,True,301.0,586.0,440.0,679.0,139.0,93.0,
s20,d4,frame_0034.jpg,True,301.0,586.0,440.0,680.0,139.0,94.0,
s20,d4,frame_0035.jpg,True,301.0,584.0,440.0,680.0,139.0,96.0,
s20,d4,frame_0036.jpg,True,302.0,584.0,440.0,679.0,138.0,95.0,
s20,d4,frame_0037.jpg,True,302.0,583.0,440.0,678.0,138.0,95.0,
s20,d4,frame_0038.jpg,True,304.0,583.0,438.0,677.0,134.0,94.0,
s20,d4,frame_0039.jpg,True,305.0,583.0,439.0,676.0,134.0,93.0,
s20,d4,frame_0040.jpg,True,307.0,583.0,439.0,671.0,132.0,88.0,
s20,d4,frame_0041.jpg,True,307.0,583.0,436.0,667.0,129.0,84.0,
s20,d4,frame_0042.jpg,True,307.0,585.0,435.0,659.0,128.0,74.0,
s20,d4,frame_0043.jpg,True,307.0,585.0,435.0,655.0,128.0,70.0,
s20,d4,frame_0044.jpg,True,308.0,584.0,435.0,653.0,127.0,69.0,
s20,d4,frame_0045.jpg,True,308.0,584.0,434.0,652.0,126.0,68.0,
s20,d4,frame_0046.jpg,True,307.0,584.0,435.0,651.0,128.0,67.0,
s20,d4,frame_0047.jpg,True,307.0,583.0,435.0,651.0,128.0,68.0,
s20,d4,frame_0048.jpg,True,307.0,583.0,435.0,651.0,128.0,68.0,
s20,d4,frame_0049.jpg,True,307.0,583.0,436.0,651.0,129.0,68.0,
s20,d4,frame_0050.jpg,True,307.0,583.0,435.0,651.0,128.0,68.0,
s20,d4,frame_0051.jpg,True,307.0,584.0,435.0,651.0,128.0,67.0,
s20,d4,frame_0052.jpg,True,307.0,585.0,435.0,651.0,128.0,66.0,
s20,d4,frame_0053.jpg,True,307.0,584.0,434.0,651.0,127.0,67.0,
s20,d4,frame_0054.jpg,True,307.0,584.0,434.0,651.0,127.0,67.0,
s20,d4,frame_0055.jpg,True,307.0,584.0,435.0,651.0,128.0,67.0,
s20,d4,frame_0056.jpg,True,307.0,583.0,435.0,652.0,128.0,69.0,
s20,d4,frame_0057.jpg,True,307.0,583.0,435.0,651.0,128.0,68.0,
s20,d4,frame_0058.jpg,True,307.0,582.0,435.0,651.0,128.0,69.0,
s20,d4,frame_0059.jpg,True,307.0,582.0,435.0,651.0,128.0,69.0,
s20,d4,frame_0060.jpg,True,308.0,582.0,434.0,651.0,126.0,69.0,
s20,d5,frame_0001.jpg,True,307.0,583.0,435.0,651.0,128.0,68.0,
s20,d5,frame_0002.jpg,True,308.0,583.0,435.0,651.0,127.0,68.0,
s20,d5,frame_0003.jpg,True,307.0,582.0,436.0,651.0,129.0,69.0,
s20,d5,frame_0004.jpg,True,307.0,582.0,435.0,651.0,128.0,69.0,
s20,d5,frame_0005.jpg,True,308.0,582.0,435.0,652.0,127.0,70.0,
s20,d5,frame_0006.jpg,True,307.0,582.0,434.0,652.0,127.0,70.0,
s20,d5,frame_0007.jpg,True,307.0,583.0,434.0,653.0,127.0,70.0,
s20,d5,frame_0008.jpg,True,308.0,583.0,433.0,656.0,125.0,73.0,
s20,d5,frame_0009.jpg,True,306.0,582.0,433.0,663.0,127.0,81.0,
s20,d5,frame_0010.jpg,True,307.0,581.0,432.0,670.0,125.0,89.0,
s20,d5,frame_0011.jpg,True,307.0,582.0,432.0,674.0,125.0,92.0,
s20,d5,frame_0012.jpg,True,306.0,581.0,431.0,677.0,125.0,96.0,
s20,d5,frame_0013.jpg,True,306.0,581.0,431.0,680.0,125.0,99.0,
s20,d5,frame_0014.jpg,True,306.0,581.0,432.0,684.0,126.0,103.0,
s20,d5,frame_0015.jpg,True,306.0,582.0,433.0,688.0,127.0,106.0,
s20,d5,frame_0016.jpg,True,305.0,583.0,432.0,692.0,127.0,109.0,
s20,d5,frame_0017.jpg,True,306.0,583.0,432.0,696.0,126.0,113.0,
s20,d5,frame_0018.jpg,True,307.0,584.0,433.0,696.0,126.0,112.0,
s20,d5,frame_0019.jpg,True,306.0,583.0,433.0,699.0,127.0,116.0,
s20,d5,frame_0020.jpg,True,306.0,584.0,434.0,700.0,128.0,116.0,
s20,d5,frame_0021.jpg,True,306.0,584.0,435.0,701.0,129.0,117.0,
s20,d5,frame_0022.jpg,True,306.0,585.0,435.0,701.0,129.0,116.0,
s20,d5,frame_0023.jpg,True,306.0,585.0,435.0,702.0,129.0,117.0,
s20,d5,frame_0024.jpg,True,307.0,584.0,435.0,701.0,128.0,117.0,
s20,d5,frame_0025.jpg,True,308.0,584.0,434.0,701.0,126.0,117.0,
s20,d5,frame_0026.jpg,True,308.0,585.0,434.0,701.0,126.0,116.0,
s20,d5,frame_0027.jpg,True,309.0,584.0,434.0,699.0,125.0,115.0,
s20,d5,frame_0028.jpg,True,309.0,584.0,435.0,697.0,126.0,113.0,
s20,d5,frame_0029.jpg,True,309.0,584.0,436.0,694.0,127.0,110.0,
s20,d5,frame_0030.jpg,True,311.0,585.0,435.0,689.0,124.0,104.0,
s20,d5,frame_0031.jpg,True,312.0,585.0,436.0,685.0,124.0,100.0,
s20,d5,frame_0032.jpg,True,312.0,585.0,437.0,679.0,125.0,94.0,
s20,d5,frame_0033.jpg,True,312.0,585.0,437.0,672.0,125.0,87.0,
s20,d5,frame_0034.jpg,True,312.0,583.0,438.0,668.0,126.0,85.0,
s20,d5,frame_0035.jpg,True,312.0,584.0,438.0,664.0,126.0,80.0,
s20,d5,frame_0036.jpg,True,312.0,583.0,438.0,660.0,126.0,77.0,
s20,d5,frame_0037.jpg,True,312.0,583.0,440.0,657.0,128.0,74.0,
s20,d5,frame_0038.jpg,True,312.0,583.0,442.0,655.0,130.0,72.0,
s20,d5,frame_0039.jpg,True,312.0,582.0,443.0,654.0,131.0,72.0,
s20,d5,frame_0040.jpg,True,313.0,582.0,443.0,653.0,130.0,71.0,
s20,d5,frame_0041.jpg,True,314.0,581.0,444.0,653.0,130.0,72.0,
s20,d5,frame_0042.jpg,True,314.0,582.0,443.0,652.0,129.0,70.0,
s20,d5,frame_0043.jpg,True,314.0,581.0,444.0,652.0,130.0,71.0,
s20,d6,frame_0001.jpg,True,315.0,582.0,444.0,653.0,129.0,71.0,
s20,d6,frame_0002.jpg,True,316.0,583.0,444.0,653.0,128.0,70.0,
s20,d6,frame_0003.jpg,True,316.0,584.0,445.0,653.0,129.0,69.0,
s20,d6,frame_0004.jpg,True,317.0,584.0,444.0,654.0,127.0,70.0,
s20,d6,frame_0005.jpg,True,317.0,584.0,445.0,655.0,128.0,71.0,
s20,d6,frame_0006.jpg,True,319.0,583.0,445.0,655.0,126.0,72.0,
s20,d6,frame_0007.jpg,True,319.0,582.0,446.0,659.0,127.0,77.0,
s20,d6,frame_0008.jpg,True,319.0,583.0,446.0,662.0,127.0,79.0,
s20,d6,frame_0009.jpg,True,321.0,584.0,444.0,665.0,123.0,81.0,
s20,d6,frame_0010.jpg,True,322.0,584.0,444.0,669.0,122.0,85.0,
s20,d6,frame_0011.jpg,True,322.0,585.0,444.0,672.0,122.0,87.0,
s20,d6,frame_0012.jpg,True,324.0,585.0,443.0,674.0,119.0,89.0,
s20,d6,frame_0013.jpg,True,325.0,586.0,441.0,676.0,116.0,90.0,
s20,d6,frame_0014.jpg,True,325.0,587.0,439.0,678.0,114.0,91.0,
s20,d6,frame_0015.jpg,True,326.0,588.0,438.0,680.0,112.0,92.0,
s20,d6,frame_0016.jpg,True,326.0,589.0,437.0,681.0,111.0,92.0,
s20,d6,frame_0017.jpg,True,327.0,592.0,436.0,682.0,109.0,90.0,
s20,d6,frame_0018.jpg,True,328.0,593.0,434.0,682.0,106.0,89.0,
s20,d6,frame_0019.jpg,True,327.0,594.0,437.0,683.0,110.0,89.0,
s20,d6,frame_0020.jpg,True,327.0,593.0,436.0,682.0,109.0,89.0,
s20,d6,frame_0021.jpg,True,326.0,594.0,437.0,682.0,111.0,88.0,
s20,d6,frame_0022.jpg,True,325.0,594.0,434.0,681.0,109.0,87.0,
s20,d6,frame_0023.jpg,True,324.0,593.0,434.0,680.0,110.0,87.0,
s20,d6,frame_0024.jpg,True,322.0,591.0,435.0,683.0,113.0,92.0,
s20,d6,frame_0025.jpg,True,321.0,589.0,437.0,682.0,116.0,93.0,
s20,d6,frame_0026.jpg,True,319.0,586.0,439.0,680.0,120.0,94.0,
s20,d6,frame_0027.jpg,True,318.0,587.0,438.0,678.0,120.0,91.0,
s20,d6,frame_0028.jpg,True,318.0,587.0,440.0,676.0,122.0,89.0,
s20,d6,frame_0029.jpg,True,317.0,586.0,441.0,675.0,124.0,89.0,
s20,d6,frame_0030.jpg,True,317.0,586.0,441.0,673.0,124.0,87.0,
s20,d6,frame_0031.jpg,True,318.0,585.0,443.0,672.0,125.0,87.0,
s20,d6,frame_0032.jpg,True,318.0,585.0,444.0,670.0,126.0,85.0,
s20,d6,frame_0033.jpg,True,319.0,586.0,444.0,665.0,125.0,79.0,
s20,d6,frame_0034.jpg,True,319.0,586.0,445.0,664.0,126.0,78.0,
s20,d6,frame_0035.jpg,True,320.0,586.0,446.0,664.0,126.0,78.0,
s20,d6,frame_0036.jpg,True,321.0,587.0,446.0,662.0,125.0,75.0,
s20,d6,frame_0037.jpg,True,321.0,587.0,447.0,661.0,126.0,74.0,
s20,d6,frame_0038.jpg,True,320.0,588.0,448.0,661.0,128.0,73.0,
s20,d6,frame_0039.jpg,True,320.0,589.0,449.0,662.0,129.0,73.0,
s20,d6,frame_0040.jpg,True,321.0,589.0,448.0,661.0,127.0,72.0,
s20,d6,frame_0041.jpg,True,321.0,589.0,449.0,662.0,128.0,73.0,
s20,d7,frame_0001.jpg,True,321.0,594.0,447.0,666.0,126.0,72.0,
s20,d7,frame_0002.jpg,True,321.0,594.0,447.0,666.0,126.0,72.0,
s20,d7,frame_0003.jpg,True,321.0,593.0,447.0,668.0,126.0,75.0,
s20,d7,frame_0004.jpg,True,321.0,593.0,447.0,669.0,126.0,76.0,
s20,d7,frame_0005.jpg,True,321.0,593.0,447.0,671.0,126.0,78.0,
s20,d7,frame_0006.jpg,True,321.0,592.0,447.0,671.0,126.0,79.0,
s20,d7,frame_0007.jpg,True,321.0,592.0,446.0,672.0,125.0,80.0,
s20,d7,frame_0008.jpg,True,320.0,592.0,447.0,673.0,127.0,81.0,
s20,d7,frame_0009.jpg,True,319.0,592.0,448.0,674.0,129.0,82.0,
s20,d7,frame_0010.jpg,True,319.0,592.0,449.0,676.0,130.0,84.0,
s20,d7,frame_0011.jpg,True,319.0,591.0,450.0,677.0,131.0,86.0,
s20,d7,frame_0012.jpg,True,319.0,591.0,450.0,677.0,131.0,86.0,
s20,d7,frame_0013.jpg,True,318.0,590.0,452.0,678.0,134.0,88.0,
s20,d7,frame_0014.jpg,True,317.0,589.0,453.0,680.0,136.0,91.0,
s20,d7,frame_0015.jpg,True,315.0,588.0,455.0,681.0,140.0,93.0,
s20,d7,frame_0016.jpg,True,314.0,586.0,457.0,683.0,143.0,97.0,
s20,d7,frame_0017.jpg,True,314.0,585.0,457.0,687.0,143.0,102.0,
s20,d7,frame_0018.jpg,True,314.0,585.0,457.0,688.0,143.0,103.0,
s20,d7,frame_0019.jpg,True,314.0,585.0,457.0,689.0,143.0,104.0,
s20,d7,frame_0020.jpg,True,315.0,586.0,458.0,688.0,143.0,102.0,
s20,d7,frame_0021.jpg,True,315.0,587.0,458.0,687.0,143.0,100.0,
s20,d7,frame_0022.jpg,True,315.0,588.0,458.0,686.0,143.0,98.0,
s20,d7,frame_0023.jpg,True,316.0,589.0,457.0,686.0,141.0,97.0,
s20,d7,frame_0024.jpg,True,318.0,590.0,456.0,679.0,138.0,89.0,
s20,d7,frame_0025.jpg,True,320.0,590.0,454.0,675.0,134.0,85.0,
s20,d7,frame_0026.jpg,True,319.0,591.0,453.0,671.0,134.0,80.0,
s20,d7,frame_0027.jpg,True,319.0,590.0,452.0,666.0,133.0,76.0,
s20,d7,frame_0028.jpg,True,318.0,589.0,453.0,665.0,135.0,76.0,
s20,d7,frame_0029.jpg,True,318.0,590.0,452.0,663.0,134.0,73.0,
s20,d7,frame_0030.jpg,True,318.0,589.0,452.0,663.0,134.0,74.0,
s20,d7,frame_0031.jpg,True,318.0,589.0,451.0,662.0,133.0,73.0,
s20,d7,frame_0032.jpg,True,320.0,589.0,451.0,660.0,131.0,71.0,
s20,d7,frame_0033.jpg,True,319.0,588.0,452.0,660.0,133.0,72.0,
s20,d7,frame_0034.jpg,True,319.0,589.0,451.0,659.0,132.0,70.0,
s20,d7,frame_0035.jpg,True,319.0,589.0,451.0,659.0,132.0,70.0,
s20,d7,frame_0036.jpg,True,318.0,590.0,449.0,659.0,131.0,69.0,
s20,d7,frame_0037.jpg,True,318.0,590.0,448.0,659.0,130.0,69.0,
s20,d7,frame_0038.jpg,True,318.0,590.0,449.0,659.0,131.0,69.0,
s20,d7,frame_0039.jpg,True,318.0,591.0,448.0,658.0,130.0,67.0,
s20,d7,frame_0040.jpg,True,316.0,591.0,447.0,659.0,131.0,68.0,
s20,d7,frame_0041.jpg,True,316.0,591.0,447.0,659.0,131.0,68.0,
s20,d7,frame_0042.jpg,True,316.0,591.0,446.0,660.0,130.0,69.0,
s20,d7,frame_0043.jpg,True,315.0,591.0,446.0,660.0,131.0,69.0,
s20,d7,frame_0044.jpg,True,315.0,590.0,445.0,660.0,130.0,70.0,
s20,d8,frame_0001.jpg,True,314.0,591.0,445.0,660.0,131.0,69.0,
s20,d8,frame_0002.jpg,True,315.0,591.0,443.0,660.0,128.0,69.0,
s20,d8,frame_0003.jpg,True,316.0,592.0,443.0,661.0,127.0,69.0,
s20,d8,frame_0004.jpg,True,315.0,594.0,442.0,662.0,127.0,68.0,
s20,d8,frame_0005.jpg,True,316.0,596.0,440.0,664.0,124.0,68.0,
s20,d8,frame_0006.jpg,True,316.0,599.0,439.0,667.0,123.0,68.0,
s20,d8,frame_0007.jpg,True,315.0,601.0,439.0,668.0,124.0,67.0,
s20,d8,frame_0008.jpg,True,315.0,605.0,440.0,669.0,125.0,64.0,
s20,d8,frame_0009.jpg,True,315.0,606.0,439.0,670.0,124.0,64.0,
s20,d8,frame_0010.jpg,True,314.0,607.0,439.0,670.0,125.0,63.0,
s20,d8,frame_0011.jpg,True,314.0,608.0,439.0,670.0,125.0,62.0,
s20,d8,frame_0012.jpg,True,312.0,611.0,439.0,669.0,127.0,58.0,
s20,d8,frame_0013.jpg,True,311.0,611.0,439.0,670.0,128.0,59.0,
s20,d8,frame_0014.jpg,True,311.0,611.0,439.0,670.0,128.0,59.0,
s20,d8,frame_0015.jpg,True,311.0,610.0,437.0,668.0,126.0,58.0,
s20,d8,frame_0016.jpg,True,309.0,607.0,438.0,670.0,129.0,63.0,
s20,d8,frame_0017.jpg,True,308.0,600.0,439.0,682.0,131.0,82.0,
s20,d8,frame_0018.jpg,True,305.0,596.0,442.0,687.0,137.0,91.0,
s20,d8,frame_0019.jpg,True,306.0,594.0,442.0,691.0,136.0,97.0,
s20,d8,frame_0020.jpg,True,307.0,594.0,442.0,692.0,135.0,98.0,
s20,d8,frame_0021.jpg,True,306.0,595.0,442.0,692.0,136.0,97.0,
s20,d8,frame_0022.jpg,True,305.0,595.0,441.0,690.0,136.0,95.0,
s20,d8,frame_0023.jpg,True,306.0,595.0,440.0,689.0,134.0,94.0,
s20,d8,frame_0024.jpg,True,307.0,595.0,440.0,688.0,133.0,93.0,
s20,d8,frame_0025.jpg,True,308.0,596.0,441.0,687.0,133.0,91.0,
s20,d8,frame_0026.jpg,True,309.0,595.0,441.0,687.0,132.0,92.0,
s20,d8,frame_0027.jpg,True,308.0,595.0,440.0,686.0,132.0,91.0,
s20,d8,frame_0028.jpg,True,309.0,595.0,439.0,683.0,130.0,88.0,
s20,d8,frame_0029.jpg,True,309.0,594.0,437.0,679.0,128.0,85.0,
s20,d8,frame_0030.jpg,True,309.0,593.0,437.0,675.0,128.0,82.0,
s20,d8,frame_0031.jpg,True,309.0,593.0,436.0,671.0,127.0,78.0,
s20,d8,frame_0032.jpg,True,308.0,593.0,437.0,667.0,129.0,74.0,
s20,d8,frame_0033.jpg,True,308.0,593.0,436.0,665.0,128.0,72.0,
s20,d8,frame_0034.jpg,True,308.0,591.0,436.0,664.0,128.0,73.0,
s20,d8,frame_0035.jpg,True,307.0,591.0,436.0,662.0,129.0,71.0,
s20,d8,frame_0036.jpg,True,308.0,592.0,435.0,660.0,127.0,68.0,
s20,d8,frame_0037.jpg,True,307.0,592.0,435.0,661.0,128.0,69.0,
s20,d8,frame_0038.jpg,True,307.0,593.0,434.0,661.0,127.0,68.0,
s20,d8,frame_0039.jpg,True,307.0,592.0,435.0,662.0,128.0,70.0,
s20,d9,frame_0001.jpg,True,308.0,593.0,436.0,664.0,128.0,71.0,
s20,d9,frame_0002.jpg,True,308.0,593.0,435.0,664.0,127.0,71.0,
s20,d9,frame_0003.jpg,True,309.0,593.0,435.0,665.0,126.0,72.0,
s20,d9,frame_0004.jpg,True,308.0,593.0,435.0,666.0,127.0,73.0,
s20,d9,frame_0005.jpg,True,308.0,593.0,434.0,668.0,126.0,75.0,
s20,d9,frame_0006.jpg,True,309.0,593.0,435.0,671.0,126.0,78.0,
s20,d9,frame_0007.jpg,True,309.0,593.0,434.0,674.0,125.0,81.0,
s20,d9,frame_0008.jpg,True,307.0,591.0,435.0,677.0,128.0,86.0,
s20,d9,frame_0009.jpg,True,308.0,592.0,435.0,680.0,127.0,88.0,
s20,d9,frame_0010.jpg,True,309.0,593.0,434.0,685.0,125.0,92.0,
s20,d9,frame_0011.jpg,True,309.0,592.0,435.0,692.0,126.0,100.0,
s20,d9,frame_0012.jpg,True,309.0,593.0,435.0,699.0,126.0,106.0,
s20,d9,frame_0013.jpg,True,309.0,594.0,434.0,705.0,125.0,111.0,
s20,d9,frame_0014.jpg,True,309.0,596.0,432.0,708.0,123.0,112.0,
s20,d9,frame_0015.jpg,True,311.0,596.0,432.0,708.0,121.0,112.0,
s20,d9,frame_0016.jpg,True,313.0,599.0,431.0,703.0,118.0,104.0,
s20,d9,frame_0017.jpg,True,317.0,603.0,429.0,698.0,112.0,95.0,
s20,d9,frame_0018.jpg,True,316.0,605.0,430.0,694.0,114.0,89.0,
s20,d9,frame_0019.jpg,True,316.0,604.0,430.0,689.0,114.0,85.0,
s20,d9,frame_0020.jpg,True,317.0,602.0,429.0,684.0,112.0,82.0,
s20,d9,frame_0021.jpg,True,316.0,601.0,431.0,681.0,115.0,80.0,
s20,d9,frame_0022.jpg,True,315.0,600.0,432.0,679.0,117.0,79.0,
s20,d9,frame_0023.jpg,True,314.0,600.0,434.0,677.0,120.0,77.0,
s20,d9,frame_0024.jpg,True,314.0,600.0,434.0,676.0,120.0,76.0,
s20,d9,frame_0025.jpg,True,314.0,600.0,436.0,675.0,122.0,75.0,
s20,d9,frame_0026.jpg,True,312.0,600.0,436.0,672.0,124.0,72.0,
s20,d9,frame_0027.jpg,True,312.0,599.0,438.0,671.0,126.0,72.0,
s20,d9,frame_0028.jpg,True,313.0,599.0,439.0,669.0,126.0,70.0,
s20,d9,frame_0029.jpg,True,312.0,598.0,440.0,667.0,128.0,69.0,
s20,d9,frame_0030.jpg,True,313.0,597.0,440.0,665.0,127.0,68.0,
s20,d9,frame_0031.jpg,True,312.0,597.0,442.0,664.0,130.0,67.0,
s20,d9,frame_0032.jpg,True,313.0,596.0,442.0,662.0,129.0,66.0,
s20,d9,frame_0033.jpg,True,313.0,596.0,443.0,662.0,130.0,66.0,
s20,d9,frame_0034.jpg,True,312.0,596.0,444.0,662.0,132.0,66.0,
s20,d9,frame_0035.jpg,True,314.0,596.0,444.0,662.0,130.0,66.0,
s20,d10,frame_0001.jpg,True,314.0,601.0,444.0,669.0,130.0,68.0,
s20,d10,frame_0002.jpg,True,315.0,601.0,443.0,671.0,128.0,70.0,
s20,d10,frame_0003.jpg,True,316.0,600.0,442.0,675.0,126.0,75.0,
s20,d10,frame_0004.jpg,True,315.0,599.0,443.0,682.0,128.0,83.0,
s20,d10,frame_0005.jpg,True,314.0,598.0,443.0,685.0,129.0,87.0,
s20,d10,frame_0006.jpg,True,314.0,598.0,445.0,685.0,131.0,87.0,
s20,d10,frame_0007.jpg,True,312.0,597.0,445.0,686.0,133.0,89.0,
s20,d10,frame_0008.jpg,True,311.0,597.0,445.0,687.0,134.0,90.0,
s20,d10,frame_0009.jpg,True,309.0,597.0,445.0,686.0,136.0,89.0,
s20,d10,frame_0010.jpg,True,307.0,597.0,445.0,686.0,138.0,89.0,
s20,d10,frame_0011.jpg,True,306.0,597.0,445.0,686.0,139.0,89.0,
s20,d10,frame_0012.jpg,True,304.0,594.0,446.0,686.0,142.0,92.0,
s20,d10,frame_0013.jpg,True,302.0,590.0,447.0,688.0,145.0,98.0,
s20,d10,frame_0014.jpg,True,301.0,589.0,445.0,690.0,144.0,101.0,
s20,d10,frame_0015.jpg,True,303.0,597.0,443.0,684.0,140.0,87.0,
s20,d10,frame_0016.jpg,True,305.0,605.0,441.0,669.0,136.0,64.0,
s20,d10,frame_0017.jpg,True,305.0,610.0,440.0,668.0,135.0,58.0,
s20,d10,frame_0018.jpg,True,304.0,611.0,439.0,667.0,135.0,56.0,
s20,d10,frame_0019.jpg,True,304.0,611.0,438.0,667.0,134.0,56.0,
s20,d10,frame_0020.jpg,True,304.0,611.0,437.0,667.0,133.0,56.0,
s20,d10,frame_0021.jpg,True,304.0,609.0,436.0,667.0,132.0,58.0,
s20,d10,frame_0022.jpg,True,304.0,607.0,436.0,667.0,132.0,60.0,
s20,d10,frame_0023.jpg,True,303.0,606.0,436.0,666.0,133.0,60.0,
s20,d10,frame_0024.jpg,True,304.0,604.0,435.0,667.0,131.0,63.0,
s20,d10,frame_0025.jpg,True,305.0,604.0,435.0,667.0,130.0,63.0,
s20,d10,frame_0026.jpg,True,305.0,603.0,434.0,667.0,129.0,64.0,
s20,d10,frame_0027.jpg,True,306.0,602.0,434.0,666.0,128.0,64.0,
s20,d10,frame_0028.jpg,True,306.0,602.0,434.0,665.0,128.0,63.0,
s20,d10,frame_0029.jpg,True,306.0,601.0,433.0,665.0,127.0,64.0,
s20,d10,frame_0030.jpg,True,305.0,600.0,434.0,665.0,129.0,65.0,
s20,d10,frame_0031.jpg,True,306.0,600.0,434.0,665.0,128.0,65.0,
s20,d10,frame_0032.jpg,True,306.0,600.0,433.0,664.0,127.0,64.0,
s20,d10,frame_0033.jpg,True,307.0,600.0,433.0,664.0,126.0,64.0,
s20,d10,frame_0034.jpg,True,306.0,600.0,435.0,664.0,129.0,64.0,
s20,d10,frame_0035.jpg,True,306.0,601.0,435.0,663.0,129.0,62.0,
s20,d10,frame_0036.jpg,True,307.0,599.0,436.0,663.0,129.0,64.0,
s20,d10,frame_0037.jpg,True,307.0,600.0,436.0,664.0,129.0,64.0,
s20,d10,frame_0038.jpg,True,308.0,599.0,437.0,664.0,129.0,65.0,
s20,d10,frame_0039.jpg,True,309.0,599.0,436.0,665.0,127.0,66.0,
s20,d10,frame_0040.jpg,True,309.0,600.0,437.0,665.0,128.0,65.0,
s20,d10,frame_0041.jpg,True,309.0,601.0,438.0,664.0,129.0,63.0,
s21,d0,frame_0001.jpg,True,290.0,618.0,430.0,676.0,140.0,58.0,
s21,d0,frame_0002.jpg,True,290.0,619.0,429.0,676.0,139.0,57.0,
s21,d0,frame_0003.jpg,True,291.0,620.0,429.0,676.0,138.0,56.0,
s21,d0,frame_0004.jpg,True,291.0,622.0,428.0,679.0,137.0,57.0,
s21,d0,frame_0005.jpg,True,292.0,624.0,428.0,684.0,136.0,60.0,
s21,d0,frame_0006.jpg,True,294.0,623.0,429.0,694.0,135.0,71.0,
s21,d0,frame_0007.jpg,True,294.0,624.0,429.0,706.0,135.0,82.0,
s21,d0,frame_0008.jpg,True,295.0,624.0,430.0,713.0,135.0,89.0,
s21,d0,frame_0009.jpg,True,295.0,624.0,430.0,713.0,135.0,89.0,
s21,d0,frame_0010.jpg,True,295.0,626.0,429.0,716.0,134.0,90.0,
s21,d0,frame_0011.jpg,True,296.0,628.0,429.0,714.0,133.0,86.0,
s21,d0,frame_0012.jpg,True,296.0,630.0,428.0,711.0,132.0,81.0,
s21,d0,frame_0013.jpg,True,297.0,633.0,425.0,709.0,128.0,76.0,
s21,d0,frame_0014.jpg,True,297.0,635.0,423.0,707.0,126.0,72.0,
s21,d0,frame_0015.jpg,True,299.0,636.0,423.0,705.0,124.0,69.0,
s21,d0,frame_0016.jpg,True,297.0,638.0,422.0,707.0,125.0,69.0,
s21,d0,frame_0017.jpg,True,295.0,638.0,422.0,707.0,127.0,69.0,
s21,d0,frame_0018.jpg,True,295.0,639.0,422.0,709.0,127.0,70.0,
s21,d0,frame_0019.jpg,True,297.0,642.0,423.0,710.0,126.0,68.0,
s21,d0,frame_0020.jpg,True,297.0,644.0,424.0,711.0,127.0,67.0,
s21,d0,frame_0021.jpg,True,297.0,645.0,425.0,712.0,128.0,67.0,
s21,d0,frame_0022.jpg,True,296.0,646.0,425.0,712.0,129.0,66.0,
s21,d0,frame_0023.jpg,True,296.0,645.0,426.0,712.0,130.0,67.0,
s21,d0,frame_0024.jpg,True,296.0,644.0,426.0,711.0,130.0,67.0,
s21,d0,frame_0025.jpg,True,296.0,643.0,428.0,708.0,132.0,65.0,
s21,d0,frame_0026.jpg,True,295.0,641.0,428.0,705.0,133.0,64.0,
s21,d0,frame_0027.jpg,True,294.0,639.0,428.0,702.0,134.0,63.0,
s21,d0,frame_0028.jpg,True,295.0,638.0,430.0,701.0,135.0,63.0,
s21,d0,frame_0029.jpg,True,294.0,636.0,431.0,698.0,137.0,62.0,
s21,d0,frame_0030.jpg,True,294.0,635.0,430.0,696.0,136.0,61.0,
s21,d0,frame_0031.jpg,True,295.0,633.0,431.0,696.0,136.0,63.0,
s21,d0,frame_0032.jpg,True,295.0,633.0,432.0,695.0,137.0,62.0,
s21,d0,frame_0033.jpg,True,296.0,633.0,433.0,694.0,137.0,61.0,
s21,d0,frame_0034.jpg,True,296.0,633.0,434.0,693.0,138.0,60.0,
s21,d0,frame_0035.jpg,True,297.0,633.0,435.0,693.0,138.0,60.0,
s21,d0,frame_0036.jpg,True,299.0,633.0,437.0,693.0,138.0,60.0,
s21,d0,frame_0037.jpg,True,302.0,632.0,439.0,692.0,137.0,60.0,
s21,d0,frame_0038.jpg,True,303.0,631.0,440.0,691.0,137.0,60.0,
s21,d0,frame_0039.jpg,True,303.0,631.0,440.0,691.0,137.0,60.0,
s21,d0,frame_0040.jpg,True,303.0,630.0,441.0,689.0,138.0,59.0,
s21,d0,frame_0041.jpg,True,303.0,630.0,441.0,690.0,138.0,60.0,
s21,d0,frame_0042.jpg,True,303.0,630.0,442.0,690.0,139.0,60.0,
s21,d0,frame_0043.jpg,True,303.0,630.0,442.0,690.0,139.0,60.0,
s21,d0,frame_0044.jpg,True,304.0,631.0,443.0,690.0,139.0,59.0,
s21,d0,frame_0045.jpg,True,305.0,631.0,443.0,691.0,138.0,60.0,
s21,d0,frame_0046.jpg,True,304.0,631.0,444.0,691.0,140.0,60.0,
s21,d0,frame_0047.jpg,True,305.0,631.0,444.0,690.0,139.0,59.0,
s21,d0,frame_0048.jpg,True,305.0,632.0,444.0,691.0,139.0,59.0,
s21,d0,frame_0049.jpg,True,305.0,632.0,444.0,691.0,139.0,59.0,
s21,d1,frame_0001.jpg,True,301.0,630.0,441.0,689.0,140.0,59.0,
s21,d1,frame_0002.jpg,True,303.0,631.0,442.0,689.0,139.0,58.0,
s21,d1,frame_0003.jpg,True,304.0,631.0,442.0,689.0,138.0,58.0,
s21,d1,frame_0004.jpg,True,304.0,632.0,442.0,691.0,138.0,59.0,
s21,d1,frame_0005.jpg,True,306.0,632.0,441.0,695.0,135.0,63.0,
s21,d1,frame_0006.jpg,True,305.0,630.0,441.0,704.0,136.0,74.0,
s21,d1,frame_0007.jpg,True,305.0,631.0,443.0,706.0,138.0,75.0,
s21,d1,frame_0008.jpg,True,306.0,632.0,441.0,710.0,135.0,78.0,
s21,d1,frame_0009.jpg,True,308.0,633.0,443.0,712.0,135.0,79.0,
s21,d1,frame_0010.jpg,True,310.0,635.0,444.0,713.0,134.0,78.0,
s21,d1,frame_0011.jpg,True,310.0,635.0,445.0,715.0,135.0,80.0,
s21,d1,frame_0012.jpg,True,309.0,636.0,445.0,716.0,136.0,80.0,
s21,d1,frame_0013.jpg,True,309.0,638.0,446.0,716.0,137.0,78.0,
s21,d1,frame_0014.jpg,True,309.0,641.0,446.0,718.0,137.0,77.0,
s21,d1,frame_0015.jpg,True,309.0,642.0,446.0,719.0,137.0,77.0,
s21,d1,frame_0016.jpg,True,309.0,645.0,446.0,720.0,137.0,75.0,
s21,d1,frame_0017.jpg,True,309.0,647.0,446.0,720.0,137.0,73.0,
s21,d1,frame_0018.jpg,True,308.0,649.0,445.0,721.0,137.0,72.0,
s21,d1,frame_0019.jpg,True,306.0,649.0,444.0,721.0,138.0,72.0,
s21,d1,frame_0020.jpg,True,304.0,649.0,441.0,720.0,137.0,71.0,
s21,d1,frame_0021.jpg,True,303.0,649.0,441.0,720.0,138.0,71.0,
s21,d1,frame_0022.jpg,True,304.0,649.0,441.0,719.0,137.0,70.0,
s21,d1,frame_0023.jpg,True,302.0,648.0,441.0,718.0,139.0,70.0,
s21,d1,frame_0024.jpg,True,302.0,646.0,440.0,715.0,138.0,69.0,
s21,d1,frame_0025.jpg,True,301.0,646.0,440.0,714.0,139.0,68.0,
s21,d1,frame_0026.jpg,True,302.0,645.0,440.0,713.0,138.0,68.0,
s21,d1,frame_0027.jpg,True,301.0,645.0,440.0,712.0,139.0,67.0,
s21,d1,frame_0028.jpg,True,301.0,645.0,440.0,711.0,139.0,66.0,
s21,d1,frame_0029.jpg,True,301.0,644.0,440.0,711.0,139.0,67.0,
s21,d1,frame_0030.jpg,True,301.0,644.0,440.0,711.0,139.0,67.0,
s21,d1,frame_0031.jpg,True,301.0,644.0,439.0,711.0,138.0,67.0,
s21,d1,frame_0032.jpg,True,300.0,644.0,440.0,711.0,140.0,67.0,
s21,d1,frame_0033.jpg,True,300.0,644.0,440.0,711.0,140.0,67.0,
s21,d1,frame_0034.jpg,True,302.0,644.0,440.0,711.0,138.0,67.0,
s21,d1,frame_0035.jpg,True,302.0,645.0,440.0,712.0,138.0,67.0,
s21,d1,frame_0036.jpg,True,302.0,644.0,440.0,712.0,138.0,68.0,
s21,d1,frame_0037.jpg,True,303.0,645.0,441.0,711.0,138.0,66.0,
s21,d1,frame_0038.jpg,True,304.0,645.0,441.0,710.0,137.0,65.0,
s21,d1,frame_0039.jpg,True,304.0,643.0,441.0,709.0,137.0,66.0,
s21,d1,frame_0040.jpg,True,303.0,642.0,442.0,708.0,139.0,66.0,
s21,d1,frame_0041.jpg,True,303.0,642.0,443.0,707.0,140.0,65.0,
s21,d1,frame_0042.jpg,True,304.0,642.0,443.0,707.0,139.0,65.0,
s21,d1,frame_0043.jpg,True,304.0,642.0,443.0,707.0,139.0,65.0,
s21,d1,frame_0044.jpg,True,305.0,642.0,443.0,707.0,138.0,65.0,
s21,d1,frame_0045.jpg,True,306.0,642.0,444.0,706.0,138.0,64.0,
s21,d1,frame_0046.jpg,True,307.0,642.0,445.0,706.0,138.0,64.0,
s21,d1,frame_0047.jpg,True,307.0,642.0,445.0,706.0,138.0,64.0,
s21,d1,frame_0048.jpg,True,305.0,642.0,444.0,704.0,139.0,62.0,
s21,d1,frame_0049.jpg,True,303.0,641.0,443.0,705.0,140.0,64.0,
s21,d1,frame_0050.jpg,True,304.0,642.0,441.0,705.0,137.0,63.0,
s21,d1,frame_0051.jpg,True,306.0,642.0,442.0,705.0,136.0,63.0,
s21,d1,frame_0052.jpg,True,305.0,642.0,442.0,705.0,137.0,63.0,
s21,d1,frame_0053.jpg,True,305.0,643.0,442.0,705.0,137.0,62.0,
s21,d1,frame_0054.jpg,True,305.0,643.0,442.0,705.0,137.0,62.0,
s21,d1,frame_0055.jpg,True,303.0,642.0,440.0,705.0,137.0,63.0,
s21,d1,frame_0056.jpg,True,303.0,642.0,441.0,704.0,138.0,62.0,
s21,d1,frame_0057.jpg,True,304.0,642.0,441.0,704.0,137.0,62.0,
s21,d1,frame_0058.jpg,True,304.0,642.0,442.0,704.0,138.0,62.0,
s21,d1,frame_0059.jpg,True,304.0,642.0,442.0,703.0,138.0,61.0,
s21,d1,frame_0060.jpg,True,304.0,641.0,442.0,704.0,138.0,63.0,
s21,d1,frame_0061.jpg,True,303.0,641.0,442.0,703.0,139.0,62.0,
s21,d1,frame_0062.jpg,True,303.0,641.0,442.0,703.0,139.0,62.0,
s21,d1,frame_0063.jpg,True,303.0,641.0,442.0,702.0,139.0,61.0,
s21,d1,frame_0064.jpg,True,303.0,641.0,442.0,701.0,139.0,60.0,
s21,d1,frame_0065.jpg,True,302.0,641.0,441.0,701.0,139.0,60.0,
s21,d1,frame_0066.jpg,True,302.0,640.0,441.0,701.0,139.0,61.0,
s21,d1,frame_0067.jpg,True,303.0,642.0,441.0,700.0,138.0,58.0,
s21,d1,frame_0068.jpg,True,303.0,641.0,440.0,700.0,137.0,59.0,
s21,d1,frame_0069.jpg,True,303.0,642.0,440.0,700.0,137.0,58.0,
s21,d1,frame_0070.jpg,True,304.0,642.0,440.0,700.0,136.0,58.0,
s21,d1,frame_0071.jpg,True,304.0,641.0,440.0,699.0,136.0,58.0,
s21,d1,frame_0072.jpg,True,303.0,641.0,441.0,698.0,138.0,57.0,
s21,d1,frame_0073.jpg,True,301.0,640.0,440.0,698.0,139.0,58.0,
s21,d1,frame_0074.jpg,True,302.0,640.0,440.0,697.0,138.0,57.0,
s21,d2,frame_0001.jpg,True,304.0,671.0,453.0,735.0,149.0,64.0,
s21,d2,frame_0002.jpg,True,302.0,672.0,452.0,736.0,150.0,64.0,
s21,d2,frame_0003.jpg,True,299.0,672.0,449.0,736.0,150.0,64.0,
s21,d2,frame_0004.jpg,True,300.0,671.0,448.0,735.0,148.0,64.0,
s21,d2,frame_0005.jpg,True,300.0,671.0,448.0,735.0,148.0,64.0,
s21,d2,frame_0006.jpg,True,300.0,670.0,449.0,734.0,149.0,64.0,
s21,d2,frame_0007.jpg,True,298.0,670.0,448.0,734.0,150.0,64.0,
s21,d2,frame_0008.jpg,True,299.0,670.0,447.0,733.0,148.0,63.0,
s21,d2,frame_0009.jpg,True,299.0,671.0,448.0,734.0,149.0,63.0,
s21,d2,frame_0010.jpg,True,299.0,672.0,448.0,735.0,149.0,63.0,
s21,d2,frame_0011.jpg,True,300.0,674.0,449.0,737.0,149.0,63.0,
s21,d2,frame_0012.jpg,True,302.0,676.0,451.0,740.0,149.0,64.0,
s21,d2,frame_0013.jpg,True,302.0,676.0,450.0,745.0,148.0,69.0,
s21,d2,frame_0014.jpg,True,302.0,673.0,448.0,750.0,146.0,77.0,
s21,d2,frame_0015.jpg,True,301.0,671.0,449.0,750.0,148.0,79.0,
s21,d2,frame_0016.jpg,True,300.0,668.0,448.0,749.0,148.0,81.0,
s21,d2,frame_0017.jpg,True,301.0,665.0,450.0,745.0,149.0,80.0,
s21,d2,frame_0018.jpg,True,300.0,662.0,448.0,742.0,148.0,80.0,
s21,d2,frame_0019.jpg,True,301.0,661.0,448.0,741.0,147.0,80.0,
s21,d2,frame_0020.jpg,True,301.0,662.0,450.0,741.0,149.0,79.0,
s21,d2,frame_0021.jpg,True,301.0,663.0,450.0,742.0,149.0,79.0,
s21,d2,frame_0022.jpg,True,303.0,665.0,451.0,748.0,148.0,83.0,
s21,d2,frame_0023.jpg,True,306.0,669.0,452.0,757.0,146.0,88.0,
s21,d2,frame_0024.jpg,True,305.0,672.0,452.0,762.0,147.0,90.0,
s21,d2,frame_0025.jpg,True,305.0,673.0,450.0,762.0,145.0,89.0,
s21,d2,frame_0026.jpg,True,304.0,674.0,450.0,762.0,146.0,88.0,
s21,d2,frame_0027.jpg,True,304.0,675.0,450.0,760.0,146.0,85.0,
s21,d2,frame_0028.jpg,True,303.0,674.0,449.0,756.0,146.0,82.0,
s21,d2,frame_0029.jpg,True,303.0,675.0,448.0,754.0,145.0,79.0,
s21,d2,frame_0030.jpg,True,305.0,677.0,449.0,752.0,144.0,75.0,
s21,d2,frame_0031.jpg,True,302.0,678.0,448.0,751.0,146.0,73.0,
s21,d2,frame_0032.jpg,True,299.0,678.0,445.0,749.0,146.0,71.0,
s21,d2,frame_0033.jpg,True,298.0,679.0,444.0,748.0,146.0,69.0,
s21,d2,frame_0034.jpg,True,294.0,679.0,441.0,747.0,147.0,68.0,
s21,d2,frame_0035.jpg,True,289.0,677.0,436.0,745.0,147.0,68.0,
s21,d2,frame_0036.jpg,True,288.0,676.0,434.0,745.0,146.0,69.0,
s21,d2,frame_0037.jpg,True,283.0,673.0,431.0,744.0,148.0,71.0,
s21,d2,frame_0038.jpg,True,281.0,671.0,428.0,742.0,147.0,71.0,
s21,d2,frame_0039.jpg,True,281.0,670.0,429.0,741.0,148.0,71.0,
s21,d2,frame_0040.jpg,True,283.0,669.0,432.0,740.0,149.0,71.0,
s21,d2,frame_0041.jpg,True,284.0,670.0,433.0,740.0,149.0,70.0,
s21,d2,frame_0042.jpg,True,287.0,669.0,435.0,740.0,148.0,71.0,
s21,d2,frame_0043.jpg,True,290.0,668.0,439.0,740.0,149.0,72.0,
s21,d2,frame_0044.jpg,True,293.0,667.0,440.0,737.0,147.0,70.0,
s21,d2,frame_0045.jpg,True,292.0,666.0,440.0,735.0,148.0,69.0,
s21,d2,frame_0046.jpg,True,293.0,664.0,441.0,732.0,148.0,68.0,
s21,d2,frame_0047.jpg,True,296.0,663.0,444.0,734.0,148.0,71.0,
s21,d2,frame_0048.jpg,True,297.0,664.0,446.0,734.0,149.0,70.0,
s21,d2,frame_0049.jpg,True,297.0,661.0,446.0,733.0,149.0,72.0,
s21,d2,frame_0050.jpg,True,298.0,661.0,446.0,732.0,148.0,71.0,
s21,d2,frame_0051.jpg,True,299.0,661.0,449.0,732.0,150.0,71.0,
s21,d3,frame_0001.jpg,True,304.0,643.0,453.0,706.0,149.0,63.0,
s21,d3,frame_0002.jpg,True,303.0,643.0,452.0,707.0,149.0,64.0,
s21,d3,frame_0003.jpg,True,304.0,643.0,452.0,707.0,148.0,64.0,
s21,d3,frame_0004.jpg,True,303.0,643.0,451.0,706.0,148.0,63.0,
s21,d3,frame_0005.jpg,True,302.0,643.0,450.0,708.0,148.0,65.0,
s21,d3,frame_0006.jpg,True,302.0,640.0,449.0,714.0,147.0,74.0,
s21,d3,frame_0007.jpg,True,301.0,638.0,448.0,720.0,147.0,82.0,
s21,d3,frame_0008.jpg,True,302.0,638.0,450.0,725.0,148.0,87.0,
s21,d3,frame_0009.jpg,True,302.0,636.0,450.0,724.0,148.0,88.0,
s21,d3,frame_0010.jpg,True,301.0,635.0,449.0,722.0,148.0,87.0,
s21,d3,frame_0011.jpg,True,299.0,632.0,449.0,718.0,150.0,86.0,
s21,d3,frame_0012.jpg,True,297.0,630.0,448.0,713.0,151.0,83.0,
s21,d3,frame_0013.jpg,True,298.0,630.0,447.0,711.0,149.0,81.0,
s21,d3,frame_0014.jpg,True,297.0,629.0,446.0,710.0,149.0,81.0,
s21,d3,frame_0015.jpg,True,297.0,630.0,448.0,711.0,151.0,81.0,
s21,d3,frame_0016.jpg,True,299.0,632.0,450.0,713.0,151.0,81.0,
s21,d3,frame_0017.jpg,True,299.0,636.0,450.0,716.0,151.0,80.0,
s21,d3,frame_0018.jpg,True,300.0,639.0,451.0,725.0,151.0,86.0,
s21,d3,frame_0019.jpg,True,301.0,643.0,451.0,732.0,150.0,89.0,
s21,d3,frame_0020.jpg,True,299.0,645.0,448.0,735.0,149.0,90.0,
s21,d3,frame_0021.jpg,True,297.0,646.0,445.0,735.0,148.0,89.0,
s21,d3,frame_0022.jpg,True,295.0,652.0,443.0,734.0,148.0,82.0,
s21,d3,frame_0023.jpg,True,295.0,656.0,442.0,726.0,147.0,70.0,
s21,d3,frame_0024.jpg,True,294.0,662.0,441.0,720.0,147.0,58.0,
s21,d3,frame_0025.jpg,True,297.0,665.0,441.0,721.0,144.0,56.0,
s21,d3,frame_0026.jpg,True,297.0,667.0,439.0,724.0,142.0,57.0,
s21,d3,frame_0027.jpg,True,296.0,670.0,438.0,726.0,142.0,56.0,
s21,d3,frame_0028.jpg,True,299.0,671.0,441.0,728.0,142.0,57.0,
s21,d3,frame_0029.jpg,True,299.0,671.0,441.0,728.0,142.0,57.0,
s21,d3,frame_0030.jpg,True,297.0,670.0,440.0,726.0,143.0,56.0,
s21,d3,frame_0031.jpg,True,300.0,670.0,443.0,727.0,143.0,57.0,
s21,d3,frame_0032.jpg,True,302.0,669.0,443.0,727.0,141.0,58.0,
s21,d3,frame_0033.jpg,True,301.0,668.0,443.0,725.0,142.0,57.0,
s21,d3,frame_0034.jpg,True,303.0,668.0,446.0,725.0,143.0,57.0,
s21,d3,frame_0035.jpg,True,304.0,667.0,446.0,724.0,142.0,57.0,
s21,d3,frame_0036.jpg,True,303.0,667.0,447.0,723.0,144.0,56.0,
s21,d3,frame_0037.jpg,True,302.0,666.0,448.0,723.0,146.0,57.0,
s21,d3,frame_0038.jpg,True,303.0,665.0,450.0,723.0,147.0,58.0,
s21,d3,frame_0039.jpg,True,303.0,663.0,452.0,721.0,149.0,58.0,
s21,d3,frame_0040.jpg,True,301.0,661.0,452.0,721.0,151.0,60.0,
s21,d3,frame_0041.jpg,True,303.0,660.0,453.0,720.0,150.0,60.0,
s21,d3,frame_0042.jpg,True,303.0,661.0,455.0,721.0,152.0,60.0,
s21,d3,frame_0043.jpg,True,304.0,660.0,456.0,720.0,152.0,60.0,
s21,d3,frame_0044.jpg,True,305.0,657.0,456.0,717.0,151.0,60.0,
s21,d3,frame_0045.jpg,True,304.0,657.0,456.0,717.0,152.0,60.0,
s21,d3,frame_0046.jpg,True,305.0,656.0,457.0,716.0,152.0,60.0,
s21,d3,frame_0047.jpg,True,305.0,654.0,458.0,714.0,153.0,60.0,
s21,d3,frame_0048.jpg,True,305.0,654.0,458.0,713.0,153.0,59.0,
s21,d3,frame_0049.jpg,True,305.0,650.0,457.0,711.0,152.0,61.0,
s21,d3,frame_0050.jpg,True,305.0,649.0,458.0,710.0,153.0,61.0,
s21,d3,frame_0051.jpg,True,305.0,648.0,458.0,710.0,153.0,62.0,
s21,d3,frame_0052.jpg,True,304.0,648.0,458.0,709.0,154.0,61.0,
s21,d3,frame_0053.jpg,True,303.0,647.0,456.0,709.0,153.0,62.0,
s21,d3,frame_0054.jpg,True,303.0,647.0,456.0,709.0,153.0,62.0,
s21,d3,frame_0055.jpg,True,304.0,648.0,456.0,710.0,152.0,62.0,
s21,d3,frame_0056.jpg,True,304.0,649.0,455.0,711.0,151.0,62.0,
s21,d3,frame_0057.jpg,True,302.0,650.0,455.0,712.0,153.0,62.0,
s21,d3,frame_0058.jpg,True,301.0,650.0,455.0,713.0,154.0,63.0,
s21,d3,frame_0059.jpg,True,300.0,650.0,453.0,712.0,153.0,62.0,
s21,d3,frame_0060.jpg,True,298.0,651.0,451.0,711.0,153.0,60.0,
s21,d4,frame_0001.jpg,True,297.0,636.0,447.0,698.0,150.0,62.0,
s21,d4,frame_0002.jpg,True,298.0,635.0,448.0,699.0,150.0,64.0,
s21,d4,frame_0003.jpg,True,301.0,636.0,450.0,698.0,149.0,62.0,
s21,d4,frame_0004.jpg,True,304.0,635.0,452.0,698.0,148.0,63.0,
s21,d4,frame_0005.jpg,True,304.0,635.0,453.0,698.0,149.0,63.0,
s21,d4,frame_0006.jpg,True,304.0,634.0,454.0,697.0,150.0,63.0,
s21,d4,frame_0007.jpg,True,305.0,632.0,456.0,696.0,151.0,64.0,
s21,d4,frame_0008.jpg,True,305.0,631.0,456.0,695.0,151.0,64.0,
s21,d4,frame_0009.jpg,True,305.0,630.0,456.0,694.0,151.0,64.0,
s21,d4,frame_0010.jpg,True,306.0,630.0,456.0,692.0,150.0,62.0,
s21,d4,frame_0011.jpg,True,307.0,630.0,457.0,692.0,150.0,62.0,
s21,d4,frame_0012.jpg,True,310.0,631.0,458.0,692.0,148.0,61.0,
s21,d4,frame_0013.jpg,True,311.0,631.0,458.0,693.0,147.0,62.0,
s21,d4,frame_0014.jpg,True,312.0,630.0,458.0,696.0,146.0,66.0,
s21,d4,frame_0015.jpg,True,312.0,627.0,457.0,698.0,145.0,71.0,
s21,d4,frame_0016.jpg,True,310.0,624.0,456.0,703.0,146.0,79.0,
s21,d4,frame_0017.jpg,True,310.0,623.0,457.0,703.0,147.0,80.0,
s21,d4,frame_0018.jpg,True,309.0,621.0,457.0,704.0,148.0,83.0,
s21,d4,frame_0019.jpg,True,308.0,621.0,457.0,704.0,149.0,83.0,
s21,d4,frame_0020.jpg,True,308.0,621.0,457.0,705.0,149.0,84.0,
s21,d4,frame_0021.jpg,True,307.0,621.0,457.0,705.0,150.0,84.0,
s21,d4,frame_0022.jpg,True,308.0,623.0,458.0,706.0,150.0,83.0,
s21,d4,frame_0023.jpg,True,308.0,623.0,459.0,706.0,151.0,83.0,
s21,d4,frame_0024.jpg,True,307.0,623.0,461.0,707.0,154.0,84.0,
s21,d4,frame_0025.jpg,True,308.0,624.0,461.0,707.0,153.0,83.0,
s21,d4,frame_0026.jpg,True,308.0,626.0,462.0,708.0,154.0,82.0,
s21,d4,frame_0027.jpg,True,309.0,627.0,462.0,710.0,153.0,83.0,
s21,d4,frame_0028.jpg,True,309.0,630.0,461.0,711.0,152.0,81.0,
s21,d4,frame_0029.jpg,True,311.0,632.0,462.0,714.0,151.0,82.0,
s21,d4,frame_0030.jpg,True,312.0,635.0,465.0,716.0,153.0,81.0,
s21,d4,frame_0031.jpg,True,312.0,636.0,464.0,717.0,152.0,81.0,
s21,d4,frame_0032.jpg,True,312.0,637.0,464.0,718.0,152.0,81.0,
s21,d4,frame_0033.jpg,True,313.0,638.0,464.0,719.0,151.0,81.0,
s21,d4,frame_0034.jpg,True,314.0,639.0,465.0,721.0,151.0,82.0,
s21,d4,frame_0035.jpg,True,315.0,640.0,466.0,722.0,151.0,82.0,
s21,d4,frame_0036.jpg,True,317.0,642.0,467.0,722.0,150.0,80.0,
s21,d4,frame_0037.jpg,True,317.0,642.0,467.0,722.0,150.0,80.0,
s21,d4,frame_0038.jpg,True,315.0,642.0,466.0,723.0,151.0,81.0,
s21,d4,frame_0039.jpg,True,316.0,645.0,466.0,725.0,150.0,80.0,
s21,d4,frame_0040.jpg,True,318.0,649.0,469.0,729.0,151.0,80.0,
s21,d4,frame_0041.jpg,True,318.0,651.0,469.0,730.0,151.0,79.0,
s21,d4,frame_0042.jpg,True,319.0,652.0,469.0,731.0,150.0,79.0,
s21,d4,frame_0043.jpg,True,319.0,653.0,470.0,731.0,151.0,78.0,
s21,d4,frame_0044.jpg,True,319.0,652.0,470.0,731.0,151.0,79.0,
s21,d4,frame_0045.jpg,True,318.0,650.0,469.0,728.0,151.0,78.0,
s21,d4,frame_0046.jpg,True,317.0,649.0,469.0,727.0,152.0,78.0,
s21,d4,frame_0047.jpg,True,317.0,647.0,469.0,725.0,152.0,78.0,
s21,d4,frame_0048.jpg,True,318.0,646.0,469.0,723.0,151.0,77.0,
s21,d4,frame_0049.jpg,True,318.0,645.0,469.0,720.0,151.0,75.0,
s21,d4,frame_0050.jpg,True,319.0,643.0,469.0,719.0,150.0,76.0,
s21,d4,frame_0051.jpg,True,316.0,639.0,468.0,716.0,152.0,77.0,
s21,d4,frame_0052.jpg,True,317.0,638.0,467.0,714.0,150.0,76.0,
s21,d4,frame_0053.jpg,True,316.0,637.0,468.0,713.0,152.0,76.0,
s21,d4,frame_0054.jpg,True,314.0,635.0,466.0,711.0,152.0,76.0,
s21,d4,frame_0055.jpg,True,314.0,635.0,466.0,710.0,152.0,75.0,
s21,d4,frame_0056.jpg,True,317.0,636.0,467.0,710.0,150.0,74.0,
s21,d4,frame_0057.jpg,True,317.0,636.0,467.0,710.0,150.0,74.0,
s21,d4,frame_0058.jpg,True,315.0,634.0,466.0,706.0,151.0,72.0,
s21,d4,frame_0059.jpg,True,313.0,632.0,463.0,704.0,150.0,72.0,
s21,d4,frame_0060.jpg,True,313.0,631.0,463.0,703.0,150.0,72.0,
s21,d4,frame_0061.jpg,True,310.0,629.0,461.0,701.0,151.0,72.0,
s21,d4,frame_0062.jpg,True,310.0,629.0,460.0,701.0,150.0,72.0,
s21,d4,frame_0063.jpg,True,312.0,630.0,463.0,701.0,151.0,71.0,
s21,d4,frame_0064.jpg,True,313.0,630.0,464.0,702.0,151.0,72.0,
s21,d4,frame_0065.jpg,True,316.0,629.0,466.0,700.0,150.0,71.0,
s21,d4,frame_0066.jpg,True,316.0,629.0,468.0,700.0,152.0,71.0,
s21,d4,frame_0067.jpg,True,313.0,625.0,463.0,695.0,150.0,70.0,
s21,d4,frame_0068.jpg,True,311.0,621.0,462.0,691.0,151.0,70.0,
s21,d4,frame_0069.jpg,True,311.0,620.0,462.0,689.0,151.0,69.0,
s21,d4,frame_0070.jpg,True,314.0,620.0,464.0,688.0,150.0,68.0,
s21,d4,frame_0071.jpg,True,314.0,618.0,464.0,687.0,150.0,69.0,
s21,d4,frame_0072.jpg,True,314.0,617.0,464.0,685.0,150.0,68.0,
s21,d4,frame_0073.jpg,True,317.0,617.0,465.0,684.0,148.0,67.0,
s21,d4,frame_0074.jpg,True,318.0,617.0,468.0,683.0,150.0,66.0,
s21,d4,frame_0075.jpg,True,318.0,618.0,468.0,683.0,150.0,65.0,
s21,d4,frame_0076.jpg,True,320.0,621.0,470.0,684.0,150.0,63.0,
s21,d4,frame_0077.jpg,True,323.0,625.0,470.0,687.0,147.0,62.0,
s21,d4,frame_0078.jpg,True,324.0,627.0,471.0,689.0,147.0,62.0,
s21,d4,frame_0079.jpg,True,324.0,629.0,472.0,691.0,148.0,62.0,
s21,d4,frame_0080.jpg,True,326.0,630.0,472.0,692.0,146.0,62.0,
s21,d4,frame_0081.jpg,True,325.0,631.0,474.0,693.0,149.0,62.0,
s21,d4,frame_0082.jpg,True,323.0,631.0,472.0,693.0,149.0,62.0,
s21,d4,frame_0083.jpg,True,323.0,630.0,471.0,693.0,148.0,63.0,
s21,d4,frame_0084.jpg,True,321.0,630.0,470.0,693.0,149.0,63.0,
s21,d4,frame_0085.jpg,True,319.0,630.0,469.0,692.0,150.0,62.0,
s21,d4,frame_0086.jpg,True,318.0,629.0,468.0,692.0,150.0,63.0,
s21,d4,frame_0087.jpg,True,317.0,629.0,467.0,691.0,150.0,62.0,
s21,d4,frame_0088.jpg,True,317.0,629.0,467.0,691.0,150.0,62.0,
s21,d4,frame_0089.jpg,True,316.0,629.0,466.0,691.0,150.0,62.0,
s21,d4,frame_0090.jpg,True,316.0,629.0,466.0,691.0,150.0,62.0,
s21,d5,frame_0001.jpg,True,321.0,621.0,470.0,682.0,149.0,61.0,
s21,d5,frame_0002.jpg,True,322.0,620.0,471.0,683.0,149.0,63.0,
s21,d5,frame_0003.jpg,True,322.0,620.0,470.0,683.0,148.0,63.0,
s21,d5,frame_0004.jpg,True,323.0,622.0,471.0,684.0,148.0,62.0,
s21,d5,frame_0005.jpg,True,323.0,622.0,471.0,683.0,148.0,61.0,
s21,d5,frame_0006.jpg,True,322.0,621.0,470.0,683.0,148.0,62.0,
s21,d5,frame_0007.jpg,True,321.0,621.0,467.0,684.0,146.0,63.0,
s21,d5,frame_0008.jpg,True,320.0,617.0,464.0,697.0,144.0,80.0,
s21,d5,frame_0009.jpg,True,319.0,615.0,463.0,709.0,144.0,94.0,
s21,d5,frame_0010.jpg,True,317.0,613.0,462.0,715.0,145.0,102.0,
s21,d5,frame_0011.jpg,True,316.0,612.0,462.0,718.0,146.0,106.0,
s21,d5,frame_0012.jpg,True,317.0,611.0,463.0,718.0,146.0,107.0,
s21,d5,frame_0013.jpg,True,316.0,611.0,462.0,717.0,146.0,106.0,
s21,d5,frame_0014.jpg,True,313.0,611.0,460.0,715.0,147.0,104.0,
s21,d5,frame_0015.jpg,True,312.0,611.0,459.0,715.0,147.0,104.0,
s21,d5,frame_0016.jpg,True,313.0,613.0,459.0,715.0,146.0,102.0,
s21,d5,frame_0017.jpg,True,312.0,615.0,458.0,714.0,146.0,99.0,
s21,d5,frame_0018.jpg,True,312.0,617.0,459.0,714.0,147.0,97.0,
s21,d5,frame_0019.jpg,True,311.0,618.0,458.0,714.0,147.0,96.0,
s21,d5,frame_0020.jpg,True,311.0,619.0,459.0,713.0,148.0,94.0,
s21,d5,frame_0021.jpg,True,310.0,619.0,460.0,713.0,150.0,94.0,
s21,d5,frame_0022.jpg,True,310.0,619.0,459.0,711.0,149.0,92.0,
s21,d5,frame_0023.jpg,True,313.0,619.0,461.0,709.0,148.0,90.0,
s21,d5,frame_0024.jpg,True,314.0,617.0,462.0,706.0,148.0,89.0,
s21,d5,frame_0025.jpg,True,313.0,615.0,462.0,706.0,149.0,91.0,
s21,d5,frame_0026.jpg,True,311.0,614.0,461.0,704.0,150.0,90.0,
s21,d5,frame_0027.jpg,True,311.0,612.0,461.0,701.0,150.0,89.0,
s21,d5,frame_0028.jpg,True,310.0,610.0,460.0,698.0,150.0,88.0,
s21,d5,frame_0029.jpg,True,310.0,610.0,461.0,697.0,151.0,87.0,
s21,d5,frame_0030.jpg,True,310.0,609.0,461.0,696.0,151.0,87.0,
s21,d5,frame_0031.jpg,True,310.0,608.0,461.0,694.0,151.0,86.0,
s21,d5,frame_0032.jpg,True,310.0,608.0,462.0,694.0,152.0,86.0,
s21,d5,frame_0033.jpg,True,313.0,608.0,464.0,693.0,151.0,85.0,
s21,d5,frame_0034.jpg,True,314.0,608.0,466.0,692.0,152.0,84.0,
s21,d5,frame_0035.jpg,True,314.0,607.0,466.0,691.0,152.0,84.0,
s21,d5,frame_0036.jpg,True,315.0,607.0,467.0,691.0,152.0,84.0,
s21,d5,frame_0037.jpg,True,317.0,608.0,469.0,690.0,152.0,82.0,
s21,d5,frame_0038.jpg,True,319.0,607.0,471.0,688.0,152.0,81.0,
s21,d5,frame_0039.jpg,True,320.0,607.0,473.0,686.0,153.0,79.0,
s21,d5,frame_0040.jpg,True,323.0,607.0,475.0,685.0,152.0,78.0,
s21,d5,frame_0041.jpg,True,324.0,607.0,477.0,683.0,153.0,76.0,
s21,d5,frame_0042.jpg,True,325.0,605.0,477.0,681.0,152.0,76.0,
s21,d5,frame_0043.jpg,True,327.0,604.0,479.0,680.0,152.0,76.0,
s21,d5,frame_0044.jpg,True,328.0,603.0,481.0,678.0,153.0,75.0,
s21,d5,frame_0045.jpg,True,327.0,603.0,480.0,674.0,153.0,71.0,
s21,d5,frame_0046.jpg,True,327.0,602.0,480.0,672.0,153.0,70.0,
s21,d5,frame_0047.jpg,True,326.0,600.0,479.0,668.0,153.0,68.0,
s21,d5,frame_0048.jpg,True,326.0,600.0,479.0,666.0,153.0,66.0,
s21,d5,frame_0049.jpg,True,327.0,600.0,480.0,666.0,153.0,66.0,
s21,d5,frame_0050.jpg,True,326.0,600.0,478.0,664.0,152.0,64.0,
s21,d5,frame_0051.jpg,True,326.0,600.0,477.0,663.0,151.0,63.0,
s21,d5,frame_0052.jpg,True,328.0,601.0,478.0,664.0,150.0,63.0,
s21,d5,frame_0053.jpg,True,326.0,601.0,478.0,663.0,152.0,62.0,
s21,d5,frame_0054.jpg,True,324.0,600.0,476.0,662.0,152.0,62.0,
s21,d5,frame_0055.jpg,True,324.0,599.0,474.0,661.0,150.0,62.0,
s21,d5,frame_0056.jpg,True,324.0,600.0,474.0,661.0,150.0,61.0,
s21,d5,frame_0057.jpg,True,325.0,600.0,474.0,662.0,149.0,62.0,
s21,d5,frame_0058.jpg,True,325.0,600.0,475.0,663.0,150.0,63.0,
s21,d5,frame_0059.jpg,True,327.0,601.0,476.0,662.0,149.0,61.0,
s21,d5,frame_0060.jpg,True,328.0,603.0,478.0,664.0,150.0,61.0,
s21,d5,frame_0061.jpg,True,330.0,602.0,481.0,663.0,151.0,61.0,
s21,d5,frame_0062.jpg,True,327.0,600.0,479.0,662.0,152.0,62.0,
s21,d5,frame_0063.jpg,True,325.0,597.0,475.0,660.0,150.0,63.0,
s21,d5,frame_0064.jpg,True,325.0,595.0,476.0,657.0,151.0,62.0,
s21,d6,frame_0001.jpg,True,340.0,607.0,490.0,670.0,150.0,63.0,
s21,d6,frame_0002.jpg,True,339.0,607.0,488.0,670.0,149.0,63.0,
s21,d6,frame_0003.jpg,True,340.0,606.0,489.0,670.0,149.0,64.0,
s21,d6,frame_0004.jpg,True,339.0,606.0,489.0,670.0,150.0,64.0,
s21,d6,frame_0005.jpg,True,340.0,607.0,488.0,670.0,148.0,63.0,
s21,d6,frame_0006.jpg,True,340.0,606.0,488.0,670.0,148.0,64.0,
s21,d6,frame_0007.jpg,True,340.0,606.0,488.0,670.0,148.0,64.0,
s21,d6,frame_0008.jpg,True,342.0,606.0,489.0,670.0,147.0,64.0,
s21,d6,frame_0009.jpg,True,341.0,606.0,489.0,670.0,148.0,64.0,
s21,d6,frame_0010.jpg,True,340.0,605.0,488.0,669.0,148.0,64.0,
s21,d6,frame_0011.jpg,True,337.0,604.0,486.0,669.0,149.0,65.0,
s21,d6,frame_0012.jpg,True,336.0,604.0,485.0,670.0,149.0,66.0,
s21,d6,frame_0013.jpg,True,338.0,606.0,486.0,671.0,148.0,65.0,
s21,d6,frame_0014.jpg,True,334.0,605.0,483.0,671.0,149.0,66.0,
s21,d6,frame_0015.jpg,True,331.0,606.0,479.0,672.0,148.0,66.0,
s21,d6,frame_0016.jpg,True,332.0,607.0,478.0,677.0,146.0,70.0,
s21,d6,frame_0017.jpg,True,332.0,608.0,479.0,684.0,147.0,76.0,
s21,d6,frame_0018.jpg,True,332.0,608.0,477.0,692.0,145.0,84.0,
s21,d6,frame_0019.jpg,True,336.0,609.0,480.0,696.0,144.0,87.0,
s21,d6,frame_0020.jpg,True,337.0,609.0,480.0,698.0,143.0,89.0,
s21,d6,frame_0021.jpg,True,338.0,608.0,479.0,699.0,141.0,91.0,
s21,d6,frame_0022.jpg,True,339.0,608.0,477.0,700.0,138.0,92.0,
s21,d6,frame_0023.jpg,True,341.0,608.0,478.0,700.0,137.0,92.0,
s21,d6,frame_0024.jpg,True,341.0,609.0,478.0,699.0,137.0,90.0,
s21,d6,frame_0025.jpg,True,339.0,610.0,476.0,699.0,137.0,89.0,
s21,d6,frame_0026.jpg,True,338.0,614.0,475.0,700.0,137.0,86.0,
s21,d6,frame_0027.jpg,True,338.0,618.0,476.0,700.0,138.0,82.0,
s21,d6,frame_0028.jpg,True,339.0,622.0,476.0,702.0,137.0,80.0,
s21,d6,frame_0029.jpg,True,339.0,626.0,477.0,705.0,138.0,79.0,
s21,d6,frame_0030.jpg,True,339.0,628.0,477.0,706.0,138.0,78.0,
s21,d6,frame_0031.jpg,True,339.0,631.0,477.0,706.0,138.0,75.0,
s21,d6,frame_0032.jpg,True,338.0,631.0,477.0,706.0,139.0,75.0,
s21,d6,frame_0033.jpg,True,336.0,630.0,476.0,706.0,140.0,76.0,
s21,d6,frame_0034.jpg,True,335.0,629.0,475.0,706.0,140.0,77.0,
s21,d6,frame_0035.jpg,True,334.0,629.0,474.0,706.0,140.0,77.0,
s21,d6,frame_0036.jpg,True,332.0,630.0,473.0,705.0,141.0,75.0,
s21,d6,frame_0037.jpg,True,331.0,630.0,472.0,706.0,141.0,76.0,
s21,d6,frame_0038.jpg,True,328.0,631.0,471.0,707.0,143.0,76.0,
s21,d6,frame_0039.jpg,True,328.0,632.0,470.0,707.0,142.0,75.0,
s21,d6,frame_0040.jpg,True,326.0,632.0,469.0,707.0,143.0,75.0,
s21,d6,frame_0041.jpg,True,324.0,633.0,468.0,707.0,144.0,74.0,
s21,d6,frame_0042.jpg,True,324.0,633.0,468.0,706.0,144.0,73.0,
s21,d6,frame_0043.jpg,True,323.0,632.0,467.0,705.0,144.0,73.0,
s21,d6,frame_0044.jpg,True,322.0,632.0,467.0,705.0,145.0,73.0,
s21,d6,frame_0045.jpg,True,322.0,631.0,467.0,704.0,145.0,73.0,
s21,d6,frame_0046.jpg,True,322.0,631.0,467.0,702.0,145.0,71.0,
s21,d6,frame_0047.jpg,True,320.0,629.0,465.0,700.0,145.0,71.0,
s21,d6,frame_0048.jpg,True,318.0,628.0,463.0,698.0,145.0,70.0,
s21,d6,frame_0049.jpg,True,318.0,628.0,463.0,697.0,145.0,69.0,
s21,d6,frame_0050.jpg,True,318.0,627.0,463.0,696.0,145.0,69.0,
s21,d6,frame_0051.jpg,True,317.0,625.0,462.0,694.0,145.0,69.0,
s21,d6,frame_0052.jpg,True,316.0,625.0,462.0,693.0,146.0,68.0,
s21,d6,frame_0053.jpg,True,316.0,625.0,461.0,692.0,145.0,67.0,
s21,d6,frame_0054.jpg,True,315.0,623.0,461.0,690.0,146.0,67.0,
s21,d6,frame_0055.jpg,True,315.0,623.0,462.0,690.0,147.0,67.0,
s21,d6,frame_0056.jpg,True,314.0,623.0,462.0,689.0,148.0,66.0,
s21,d6,frame_0057.jpg,True,314.0,621.0,459.0,687.0,145.0,66.0,
s21,d6,frame_0058.jpg,True,314.0,621.0,458.0,688.0,144.0,67.0,
s21,d6,frame_0059.jpg,True,313.0,621.0,458.0,687.0,145.0,66.0,
s21,d6,frame_0060.jpg,True,312.0,619.0,459.0,685.0,147.0,66.0,
s21,d6,frame_0061.jpg,True,310.0,619.0,457.0,684.0,147.0,65.0,
s21,d6,frame_0062.jpg,True,310.0,618.0,457.0,684.0,147.0,66.0,
s21,d6,frame_0063.jpg,True,310.0,618.0,457.0,683.0,147.0,65.0,
s21,d6,frame_0064.jpg,True,310.0,618.0,455.0,683.0,145.0,65.0,
s21,d6,frame_0065.jpg,True,310.0,619.0,457.0,684.0,147.0,65.0,
s21,d6,frame_0066.jpg,True,311.0,619.0,458.0,683.0,147.0,64.0,
s21,d6,frame_0067.jpg,True,310.0,618.0,456.0,682.0,146.0,64.0,
s21,d6,frame_0068.jpg,True,308.0,617.0,454.0,683.0,146.0,66.0,
s21,d6,frame_0069.jpg,True,309.0,618.0,454.0,683.0,145.0,65.0,
s21,d6,frame_0070.jpg,True,308.0,617.0,456.0,683.0,148.0,66.0,
s21,d6,frame_0071.jpg,True,310.0,618.0,455.0,683.0,145.0,65.0,
s21,d6,frame_0072.jpg,True,308.0,617.0,453.0,682.0,145.0,65.0,
s21,d6,frame_0073.jpg,True,306.0,618.0,452.0,682.0,146.0,64.0,
s21,d6,frame_0074.jpg,True,306.0,618.0,452.0,682.0,146.0,64.0,
s21,d6,frame_0075.jpg,True,305.0,618.0,452.0,682.0,147.0,64.0,
s21,d6,frame_0076.jpg,True,305.0,619.0,453.0,683.0,148.0,64.0,
s21,d7,frame_0001.jpg,True,270.0,619.0,419.0,683.0,149.0,64.0,
s21,d7,frame_0002.jpg,True,270.0,619.0,419.0,682.0,149.0,63.0,
s21,d7,frame_0003.jpg,True,273.0,618.0,422.0,683.0,149.0,65.0,
s21,d7,frame_0004.jpg,True,275.0,619.0,424.0,684.0,149.0,65.0,
s21,d7,frame_0005.jpg,True,276.0,618.0,424.0,686.0,148.0,68.0,
s21,d7,frame_0006.jpg,True,278.0,615.0,424.0,694.0,146.0,79.0,
s21,d7,frame_0007.jpg,True,278.0,614.0,426.0,697.0,148.0,83.0,
s21,d7,frame_0008.jpg,True,277.0,612.0,427.0,698.0,150.0,86.0,
s21,d7,frame_0009.jpg,True,279.0,613.0,428.0,698.0,149.0,85.0,
s21,d7,frame_0010.jpg,True,282.0,613.0,431.0,698.0,149.0,85.0,
s21,d7,frame_0011.jpg,True,282.0,613.0,432.0,697.0,150.0,84.0,
s21,d7,frame_0012.jpg,True,282.0,613.0,430.0,697.0,148.0,84.0,
s21,d7,frame_0013.jpg,True,281.0,614.0,430.0,697.0,149.0,83.0,
s21,d7,frame_0014.jpg,True,282.0,617.0,431.0,699.0,149.0,82.0,
s21,d7,frame_0015.jpg,True,282.0,619.0,431.0,701.0,149.0,82.0,
s21,d7,frame_0016.jpg,True,282.0,622.0,431.0,705.0,149.0,83.0,
s21,d7,frame_0017.jpg,True,282.0,626.0,431.0,707.0,149.0,81.0,
s21,d7,frame_0018.jpg,True,282.0,627.0,431.0,708.0,149.0,81.0,
s21,d7,frame_0019.jpg,True,284.0,628.0,433.0,709.0,149.0,81.0,
s21,d7,frame_0020.jpg,True,283.0,629.0,433.0,710.0,150.0,81.0,
s21,d7,frame_0021.jpg,True,282.0,629.0,432.0,709.0,150.0,80.0,
s21,d7,frame_0022.jpg,True,283.0,629.0,433.0,708.0,150.0,79.0,
s21,d7,frame_0023.jpg,True,283.0,629.0,432.0,706.0,149.0,77.0,
s21,d7,frame_0024.jpg,True,282.0,629.0,432.0,706.0,150.0,77.0,
s21,d7,frame_0025.jpg,True,282.0,629.0,432.0,705.0,150.0,76.0,
s21,d7,frame_0026.jpg,True,282.0,630.0,432.0,705.0,150.0,75.0,
s21,d7,frame_0027.jpg,True,283.0,630.0,432.0,705.0,149.0,75.0,
s21,d7,frame_0028.jpg,True,283.0,631.0,432.0,705.0,149.0,74.0,
s21,d7,frame_0029.jpg,True,282.0,631.0,432.0,706.0,150.0,75.0,
s21,d7,frame_0030.jpg,True,282.0,631.0,432.0,706.0,150.0,75.0,
s21,d7,frame_0031.jpg,True,283.0,631.0,432.0,707.0,149.0,76.0,
s21,d7,frame_0032.jpg,True,284.0,632.0,433.0,706.0,149.0,74.0,
s21,d7,frame_0033.jpg,True,284.0,631.0,433.0,707.0,149.0,76.0,
s21,d7,frame_0034.jpg,True,283.0,631.0,432.0,705.0,149.0,74.0,
s21,d7,frame_0035.jpg,True,284.0,631.0,433.0,705.0,149.0,74.0,
s21,d7,frame_0036.jpg,True,283.0,630.0,431.0,703.0,148.0,73.0,
s21,d7,frame_0037.jpg,True,281.0,630.0,430.0,702.0,149.0,72.0,
s21,d7,frame_0038.jpg,True,282.0,630.0,430.0,702.0,148.0,72.0,
s21,d7,frame_0039.jpg,True,282.0,629.0,430.0,701.0,148.0,72.0,
s21,d7,frame_0040.jpg,True,283.0,628.0,431.0,700.0,148.0,72.0,
s21,d7,frame_0041.jpg,True,283.0,628.0,431.0,700.0,148.0,72.0,
s21,d7,frame_0042.jpg,True,283.0,626.0,430.0,698.0,147.0,72.0,
s21,d7,frame_0043.jpg,True,283.0,624.0,431.0,698.0,148.0,74.0,
s21,d7,frame_0044.jpg,True,284.0,625.0,431.0,697.0,147.0,72.0,
s21,d7,frame_0045.jpg,True,284.0,624.0,432.0,695.0,148.0,71.0,
s21,d7,frame_0046.jpg,True,285.0,623.0,433.0,697.0,148.0,74.0,
s21,d7,frame_0047.jpg,True,287.0,623.0,433.0,696.0,146.0,73.0,
s21,d7,frame_0048.jpg,True,289.0,622.0,436.0,694.0,147.0,72.0,
s21,d7,frame_0049.jpg,True,287.0,620.0,434.0,691.0,147.0,71.0,
s21,d7,frame_0050.jpg,True,288.0,617.0,435.0,690.0,147.0,73.0,
s21,d7,frame_0051.jpg,True,286.0,616.0,433.0,688.0,147.0,72.0,
s21,d7,frame_0052.jpg,True,287.0,616.0,434.0,687.0,147.0,71.0,
s21,d7,frame_0053.jpg,True,289.0,619.0,436.0,687.0,147.0,68.0,
s21,d7,frame_0054.jpg,True,289.0,619.0,436.0,688.0,147.0,69.0,
s21,d7,frame_0055.jpg,True,289.0,620.0,437.0,689.0,148.0,69.0,
s21,d7,frame_0056.jpg,True,288.0,620.0,435.0,689.0,147.0,69.0,
s21,d7,frame_0057.jpg,True,286.0,619.0,433.0,689.0,147.0,70.0,
s21,d7,frame_0058.jpg,True,285.0,619.0,432.0,689.0,147.0,70.0,
s21,d7,frame_0059.jpg,True,284.0,619.0,431.0,688.0,147.0,69.0,
s21,d7,frame_0060.jpg,True,284.0,620.0,432.0,689.0,148.0,69.0,
s21,d7,frame_0061.jpg,True,285.0,620.0,432.0,690.0,147.0,70.0,
s21,d7,frame_0062.jpg,True,283.0,620.0,431.0,691.0,148.0,71.0,
s21,d7,frame_0063.jpg,True,282.0,622.0,429.0,690.0,147.0,68.0,
s21,d7,frame_0064.jpg,True,284.0,623.0,431.0,690.0,147.0,67.0,
s21,d7,frame_0065.jpg,True,284.0,624.0,432.0,692.0,148.0,68.0,
s21,d7,frame_0066.jpg,True,283.0,625.0,431.0,692.0,148.0,67.0,
s21,d7,frame_0067.jpg,True,283.0,626.0,431.0,693.0,148.0,67.0,
s21,d7,frame_0068.jpg,True,283.0,627.0,431.0,694.0,148.0,67.0,
s21,d7,frame_0069.jpg,True,283.0,628.0,432.0,694.0,149.0,66.0,
s21,d7,frame_0070.jpg,True,282.0,630.0,431.0,695.0,149.0,65.0,
s21,d7,frame_0071.jpg,True,281.0,631.0,430.0,695.0,149.0,64.0,
s21,d7,frame_0072.jpg,True,282.0,632.0,430.0,696.0,148.0,64.0,
s21,d7,frame_0073.jpg,True,280.0,633.0,428.0,696.0,148.0,63.0,
s21,d7,frame_0074.jpg,True,279.0,633.0,428.0,695.0,149.0,62.0,
s21,d7,frame_0075.jpg,True,279.0,632.0,428.0,695.0,149.0,63.0,
s21,d7,frame_0076.jpg,True,278.0,633.0,426.0,696.0,148.0,63.0,
s21,d7,frame_0077.jpg,True,278.0,633.0,427.0,696.0,149.0,63.0,
s21,d7,frame_0078.jpg,True,279.0,635.0,428.0,698.0,149.0,63.0,
s21,d7,frame_0079.jpg,True,279.0,636.0,428.0,698.0,149.0,62.0,
s21,d7,frame_0080.jpg,True,281.0,637.0,429.0,699.0,148.0,62.0,
s21,d7,frame_0081.jpg,True,283.0,638.0,431.0,700.0,148.0,62.0,
s21,d7,frame_0082.jpg,True,283.0,638.0,431.0,700.0,148.0,62.0,
s21,d7,frame_0083.jpg,True,283.0,638.0,432.0,700.0,149.0,62.0,
s21,d7,frame_0084.jpg,True,282.0,636.0,431.0,698.0,149.0,62.0,
s21,d7,frame_0085.jpg,True,282.0,635.0,430.0,697.0,148.0,62.0,
s21,d7,frame_0086.jpg,True,281.0,635.0,431.0,697.0,150.0,62.0,
s21,d7,frame_0087.jpg,True,282.0,637.0,430.0,698.0,148.0,61.0,
s21,d8,frame_0001.jpg,True,271.0,681.0,423.0,746.0,152.0,65.0,
s21,d8,frame_0002.jpg,True,268.0,679.0,419.0,743.0,151.0,64.0,
s21,d8,frame_0003.jpg,True,268.0,679.0,419.0,743.0,151.0,64.0,
s21,d8,frame_0004.jpg,True,268.0,680.0,420.0,744.0,152.0,64.0,
s21,d8,frame_0005.jpg,True,269.0,682.0,420.0,745.0,151.0,63.0,
s21,d8,frame_0006.jpg,True,272.0,686.0,419.0,747.0,147.0,61.0,
s21,d8,frame_0007.jpg,True,274.0,690.0,419.0,750.0,145.0,60.0,
s21,d8,frame_0008.jpg,True,275.0,693.0,420.0,754.0,145.0,61.0,
s21,d8,frame_0009.jpg,True,274.0,697.0,419.0,763.0,145.0,66.0,
s21,d8,frame_0010.jpg,True,273.0,695.0,421.0,778.0,148.0,83.0,
s21,d8,frame_0011.jpg,True,273.0,699.0,423.0,788.0,150.0,89.0,
s21,d8,frame_0012.jpg,True,270.0,701.0,422.0,794.0,152.0,93.0,
s21,d8,frame_0013.jpg,True,273.0,705.0,423.0,796.0,150.0,91.0,
s21,d8,frame_0014.jpg,True,273.0,706.0,426.0,795.0,153.0,89.0,
s21,d8,frame_0015.jpg,True,271.0,708.0,425.0,791.0,154.0,83.0,
s21,d8,frame_0016.jpg,True,269.0,710.0,424.0,790.0,155.0,80.0,
s21,d8,frame_0017.jpg,True,270.0,712.0,427.0,791.0,157.0,79.0,
s21,d8,frame_0018.jpg,True,268.0,714.0,425.0,792.0,157.0,78.0,
s21,d8,frame_0019.jpg,True,267.0,714.0,425.0,792.0,158.0,78.0,
s21,d8,frame_0020.jpg,True,268.0,714.0,425.0,793.0,157.0,79.0,
s21,d8,frame_0021.jpg,True,268.0,713.0,425.0,791.0,157.0,78.0,
s21,d8,frame_0022.jpg,True,268.0,712.0,423.0,788.0,155.0,76.0,
s21,d8,frame_0023.jpg,True,266.0,711.0,423.0,786.0,157.0,75.0,
s21,d8,frame_0024.jpg,True,266.0,710.0,423.0,785.0,157.0,75.0,
s21,d8,frame_0025.jpg,True,264.0,709.0,422.0,784.0,158.0,75.0,
s21,d8,frame_0026.jpg,True,264.0,708.0,420.0,782.0,156.0,74.0,
s21,d8,frame_0027.jpg,True,263.0,706.0,420.0,781.0,157.0,75.0,
s21,d8,frame_0028.jpg,True,262.0,703.0,419.0,780.0,157.0,77.0,
s21,d8,frame_0029.jpg,True,261.0,700.0,419.0,777.0,158.0,77.0,
s21,d8,frame_0030.jpg,True,259.0,698.0,417.0,773.0,158.0,75.0,
s21,d8,frame_0031.jpg,True,260.0,694.0,417.0,770.0,157.0,76.0,
s21,d8,frame_0032.jpg,True,261.0,692.0,418.0,768.0,157.0,76.0,
s21,d8,frame_0033.jpg,True,263.0,691.0,420.0,766.0,157.0,75.0,
s21,d8,frame_0034.jpg,True,263.0,689.0,419.0,764.0,156.0,75.0,
s21,d8,frame_0035.jpg,True,262.0,687.0,419.0,763.0,157.0,76.0,
s21,d8,frame_0036.jpg,True,262.0,685.0,420.0,761.0,158.0,76.0,
s21,d8,frame_0037.jpg,True,261.0,684.0,420.0,759.0,159.0,75.0,
s21,d8,frame_0038.jpg,True,260.0,684.0,418.0,758.0,158.0,74.0,
s21,d8,frame_0039.jpg,True,261.0,683.0,417.0,757.0,156.0,74.0,
s21,d8,frame_0040.jpg,True,262.0,683.0,417.0,756.0,155.0,73.0,
s21,d8,frame_0041.jpg,True,262.0,683.0,418.0,756.0,156.0,73.0,
s21,d8,frame_0042.jpg,True,261.0,684.0,417.0,755.0,156.0,71.0,
s21,d8,frame_0043.jpg,True,264.0,685.0,418.0,755.0,154.0,70.0,
s21,d8,frame_0044.jpg,True,265.0,686.0,420.0,754.0,155.0,68.0,
s21,d8,frame_0045.jpg,True,265.0,687.0,419.0,753.0,154.0,66.0,
s21,d8,frame_0046.jpg,True,265.0,688.0,420.0,754.0,155.0,66.0,
s21,d8,frame_0047.jpg,True,265.0,688.0,420.0,754.0,155.0,66.0,
s21,d8,frame_0048.jpg,True,266.0,690.0,419.0,753.0,153.0,63.0,
s21,d8,frame_0049.jpg,True,270.0,691.0,421.0,754.0,151.0,63.0,
s21,d8,frame_0050.jpg,True,272.0,692.0,424.0,755.0,152.0,63.0,
s21,d8,frame_0051.jpg,True,273.0,691.0,424.0,755.0,151.0,64.0,
s21,d8,frame_0052.jpg,True,273.0,691.0,424.0,753.0,151.0,62.0,
s21,d8,frame_0053.jpg,True,274.0,691.0,425.0,753.0,151.0,62.0,
s21,d8,frame_0054.jpg,True,275.0,692.0,426.0,755.0,151.0,63.0,
s21,d8,frame_0055.jpg,True,275.0,692.0,427.0,755.0,152.0,63.0,
s21,d8,frame_0056.jpg,True,276.0,694.0,428.0,756.0,152.0,62.0,
s21,d8,frame_0057.jpg,True,276.0,697.0,428.0,758.0,152.0,61.0,
s21,d8,frame_0058.jpg,True,277.0,698.0,428.0,761.0,151.0,63.0,
s21,d8,frame_0059.jpg,True,279.0,699.0,430.0,762.0,151.0,63.0,
s21,d8,frame_0060.jpg,True,279.0,700.0,431.0,764.0,152.0,64.0,
s21,d8,frame_0061.jpg,True,280.0,701.0,431.0,765.0,151.0,64.0,
s21,d8,frame_0062.jpg,True,282.0,701.0,433.0,764.0,151.0,63.0,
s21,d8,frame_0063.jpg,True,283.0,700.0,434.0,764.0,151.0,64.0,
s21,d8,frame_0064.jpg,True,283.0,698.0,435.0,762.0,152.0,64.0,
s21,d8,frame_0065.jpg,True,283.0,697.0,435.0,761.0,152.0,64.0,
s21,d8,frame_0066.jpg,True,284.0,697.0,435.0,761.0,151.0,64.0,
s21,d8,frame_0067.jpg,True,283.0,696.0,434.0,760.0,151.0,64.0,
s21,d8,frame_0068.jpg,True,282.0,695.0,433.0,759.0,151.0,64.0,
s21,d8,frame_0069.jpg,True,283.0,696.0,434.0,760.0,151.0,64.0,
s21,d8,frame_0070.jpg,True,282.0,697.0,434.0,760.0,152.0,63.0,
s21,d8,frame_0071.jpg,True,282.0,697.0,433.0,761.0,151.0,64.0,
s21,d8,frame_0072.jpg,True,279.0,698.0,430.0,762.0,151.0,64.0,
s21,d9,frame_0001.jpg,True,303.0,720.0,451.0,784.0,148.0,64.0,
s21,d9,frame_0002.jpg,True,302.0,720.0,451.0,784.0,149.0,64.0,
s21,d9,frame_0003.jpg,True,302.0,719.0,451.0,784.0,149.0,65.0,
s21,d9,frame_0004.jpg,True,300.0,718.0,450.0,784.0,150.0,66.0,
s21,d9,frame_0005.jpg,True,302.0,720.0,450.0,787.0,148.0,67.0,
s21,d9,frame_0006.jpg,True,304.0,720.0,450.0,794.0,146.0,74.0,
s21,d9,frame_0007.jpg,True,304.0,720.0,450.0,799.0,146.0,79.0,
s21,d9,frame_0008.jpg,True,304.0,720.0,451.0,800.0,147.0,80.0,
s21,d9,frame_0009.jpg,True,304.0,720.0,452.0,801.0,148.0,81.0,
s21,d9,frame_0010.jpg,True,303.0,720.0,451.0,800.0,148.0,80.0,
s21,d9,frame_0011.jpg,True,302.0,719.0,451.0,801.0,149.0,82.0,
s21,d9,frame_0012.jpg,True,303.0,715.0,450.0,803.0,147.0,88.0,
s21,d9,frame_0013.jpg,True,304.0,715.0,451.0,804.0,147.0,89.0,
s21,d9,frame_0014.jpg,True,302.0,714.0,450.0,802.0,148.0,88.0,
s21,d9,frame_0015.jpg,True,302.0,713.0,449.0,799.0,147.0,86.0,
s21,d9,frame_0016.jpg,True,302.0,710.0,450.0,796.0,148.0,86.0,
s21,d9,frame_0017.jpg,True,300.0,708.0,448.0,793.0,148.0,85.0,
s21,d9,frame_0018.jpg,True,298.0,707.0,446.0,789.0,148.0,82.0,
s21,d9,frame_0019.jpg,True,296.0,705.0,445.0,788.0,149.0,83.0,
s21,d9,frame_0020.jpg,True,296.0,703.0,445.0,785.0,149.0,82.0,
s21,d9,frame_0021.jpg,True,296.0,703.0,444.0,785.0,148.0,82.0,
s21,d9,frame_0022.jpg,True,297.0,703.0,446.0,785.0,149.0,82.0,
s21,d9,frame_0023.jpg,True,297.0,703.0,446.0,784.0,149.0,81.0,
s21,d9,frame_0024.jpg,True,295.0,702.0,445.0,782.0,150.0,80.0,
s21,d9,frame_0025.jpg,True,294.0,702.0,443.0,781.0,149.0,79.0,
s21,d9,frame_0026.jpg,True,294.0,702.0,444.0,781.0,150.0,79.0,
s21,d9,frame_0027.jpg,True,295.0,702.0,443.0,781.0,148.0,79.0,
s21,d9,frame_0028.jpg,True,294.0,702.0,442.0,780.0,148.0,78.0,
s21,d9,frame_0029.jpg,True,294.0,703.0,443.0,780.0,149.0,77.0,
s21,d9,frame_0030.jpg,True,293.0,704.0,442.0,780.0,149.0,76.0,
s21,d9,frame_0031.jpg,True,292.0,704.0,441.0,779.0,149.0,75.0,
s21,d9,frame_0032.jpg,True,291.0,704.0,440.0,780.0,149.0,76.0,
s21,d9,frame_0033.jpg,True,290.0,706.0,440.0,781.0,150.0,75.0,
s21,d9,frame_0034.jpg,True,290.0,706.0,440.0,780.0,150.0,74.0,
s21,d9,frame_0035.jpg,True,289.0,706.0,439.0,781.0,150.0,75.0,
s21,d9,frame_0036.jpg,True,289.0,705.0,438.0,779.0,149.0,74.0,
s21,d9,frame_0037.jpg,True,288.0,704.0,436.0,777.0,148.0,73.0,
s21,d9,frame_0038.jpg,True,287.0,703.0,435.0,776.0,148.0,73.0,
s21,d9,frame_0039.jpg,True,288.0,704.0,436.0,775.0,148.0,71.0,
s21,d9,frame_0040.jpg,True,288.0,704.0,436.0,776.0,148.0,72.0,
s21,d9,frame_0041.jpg,True,288.0,704.0,437.0,776.0,149.0,72.0,
s21,d9,frame_0042.jpg,True,288.0,704.0,435.0,775.0,147.0,71.0,
s21,d9,frame_0043.jpg,True,289.0,704.0,437.0,776.0,148.0,72.0,
s21,d9,frame_0044.jpg,True,288.0,705.0,437.0,777.0,149.0,72.0,
s21,d9,frame_0045.jpg,True,289.0,705.0,437.0,781.0,148.0,76.0,
s21,d9,frame_0046.jpg,True,287.0,705.0,436.0,788.0,149.0,83.0,
s21,d9,frame_0047.jpg,True,288.0,705.0,434.0,798.0,146.0,93.0,
s21,d9,frame_0048.jpg,True,289.0,708.0,435.0,804.0,146.0,96.0,
s21,d9,frame_0049.jpg,True,290.0,710.0,435.0,806.0,145.0,96.0,
s21,d9,frame_0050.jpg,True,290.0,711.0,435.0,806.0,145.0,95.0,
s21,d9,frame_0051.jpg,True,290.0,710.0,434.0,805.0,144.0,95.0,
s21,d9,frame_0052.jpg,True,291.0,713.0,434.0,803.0,143.0,90.0,
s21,d9,frame_0053.jpg,True,292.0,716.0,435.0,800.0,143.0,84.0,
s21,d9,frame_0054.jpg,True,293.0,720.0,434.0,797.0,141.0,77.0,
s21,d9,frame_0055.jpg,True,292.0,721.0,433.0,795.0,141.0,74.0,
s21,d9,frame_0056.jpg,True,292.0,722.0,433.0,794.0,141.0,72.0,
s21,d9,frame_0057.jpg,True,291.0,724.0,434.0,795.0,143.0,71.0,
s21,d9,frame_0058.jpg,True,292.0,724.0,434.0,794.0,142.0,70.0,
s21,d9,frame_0059.jpg,True,290.0,722.0,435.0,793.0,145.0,71.0,
s21,d9,frame_0060.jpg,True,290.0,721.0,433.0,791.0,143.0,70.0,
s21,d9,frame_0061.jpg,True,287.0,721.0,433.0,789.0,146.0,68.0,
s21,d9,frame_0062.jpg,True,287.0,719.0,432.0,788.0,145.0,69.0,
s21,d9,frame_0063.jpg,True,286.0,719.0,432.0,788.0,146.0,69.0,
s21,d9,frame_0064.jpg,True,286.0,718.0,432.0,788.0,146.0,70.0,
s21,d9,frame_0065.jpg,True,285.0,719.0,431.0,788.0,146.0,69.0,
s21,d9,frame_0066.jpg,True,284.0,719.0,431.0,788.0,147.0,69.0,
s21,d9,frame_0067.jpg,True,284.0,719.0,430.0,788.0,146.0,69.0,
s21,d9,frame_0068.jpg,True,283.0,718.0,429.0,788.0,146.0,70.0,
s21,d9,frame_0069.jpg,True,282.0,717.0,429.0,786.0,147.0,69.0,
s21,d9,frame_0070.jpg,True,282.0,715.0,428.0,784.0,146.0,69.0,
s21,d9,frame_0071.jpg,True,280.0,714.0,426.0,781.0,146.0,67.0,
s21,d9,frame_0072.jpg,True,278.0,712.0,425.0,779.0,147.0,67.0,
s21,d9,frame_0073.jpg,True,277.0,709.0,424.0,777.0,147.0,68.0,
s21,d9,frame_0074.jpg,True,275.0,706.0,422.0,774.0,147.0,68.0,
s21,d9,frame_0075.jpg,True,273.0,703.0,421.0,772.0,148.0,69.0,
s21,d9,frame_0076.jpg,True,272.0,701.0,419.0,770.0,147.0,69.0,
s21,d10,frame_0001.jpg,True,297.0,724.0,446.0,787.0,149.0,63.0,
s21,d10,frame_0002.jpg,True,298.0,724.0,446.0,787.0,148.0,63.0,
s21,d10,frame_0003.jpg,True,297.0,722.0,445.0,785.0,148.0,63.0,
s21,d10,frame_0004.jpg,True,298.0,721.0,446.0,784.0,148.0,63.0,
s21,d10,frame_0005.jpg,True,295.0,719.0,445.0,781.0,150.0,62.0,
s21,d10,frame_0006.jpg,True,295.0,717.0,444.0,781.0,149.0,64.0,
s21,d10,frame_0007.jpg,True,294.0,714.0,444.0,778.0,150.0,64.0,
s21,d10,frame_0008.jpg,True,293.0,713.0,442.0,777.0,149.0,64.0,
s21,d10,frame_0009.jpg,True,293.0,713.0,442.0,777.0,149.0,64.0,
s21,d10,frame_0010.jpg,True,292.0,712.0,441.0,775.0,149.0,63.0,
s21,d10,frame_0011.jpg,True,292.0,711.0,441.0,775.0,149.0,64.0,
s21,d10,frame_0012.jpg,True,290.0,713.0,439.0,776.0,149.0,63.0,
s21,d10,frame_0013.jpg,True,288.0,712.0,437.0,776.0,149.0,64.0,
s21,d10,frame_0014.jpg,True,289.0,713.0,438.0,776.0,149.0,63.0,
s21,d10,frame_0015.jpg,True,288.0,713.0,437.0,776.0,149.0,63.0,
s21,d10,frame_0016.jpg,True,288.0,712.0,437.0,776.0,149.0,64.0,
s21,d10,frame_0017.jpg,True,288.0,711.0,436.0,777.0,148.0,66.0,
s21,d10,frame_0018.jpg,True,287.0,712.0,436.0,777.0,149.0,65.0,
s21,d10,frame_0019.jpg,True,285.0,709.0,433.0,776.0,148.0,67.0,
s21,d10,frame_0020.jpg,True,286.0,708.0,433.0,779.0,147.0,71.0,
s21,d10,frame_0021.jpg,True,287.0,708.0,434.0,784.0,147.0,76.0,
s21,d10,frame_0022.jpg,True,285.0,707.0,435.0,787.0,150.0,80.0,
s21,d10,frame_0023.jpg,True,285.0,707.0,434.0,789.0,149.0,82.0,
s21,d10,frame_0024.jpg,True,285.0,707.0,434.0,789.0,149.0,82.0,
s21,d10,frame_0025.jpg,True,284.0,708.0,433.0,791.0,149.0,83.0,
s21,d10,frame_0026.jpg,True,285.0,708.0,434.0,791.0,149.0,83.0,
s21,d10,frame_0027.jpg,True,285.0,708.0,434.0,790.0,149.0,82.0,
s21,d10,frame_0028.jpg,True,284.0,707.0,432.0,787.0,148.0,80.0,
s21,d10,frame_0029.jpg,True,284.0,706.0,432.0,787.0,148.0,81.0,
s21,d10,frame_0030.jpg,True,285.0,705.0,434.0,785.0,149.0,80.0,
s21,d10,frame_0031.jpg,True,285.0,705.0,434.0,782.0,149.0,77.0,
s21,d10,frame_0032.jpg,True,285.0,704.0,434.0,781.0,149.0,77.0,
s21,d10,frame_0033.jpg,True,286.0,704.0,435.0,781.0,149.0,77.0,
s21,d10,frame_0034.jpg,True,286.0,704.0,435.0,781.0,149.0,77.0,
s21,d10,frame_0035.jpg,True,286.0,705.0,435.0,781.0,149.0,76.0,
s21,d10,frame_0036.jpg,True,285.0,705.0,435.0,781.0,150.0,76.0,
s21,d10,frame_0037.jpg,True,286.0,706.0,435.0,780.0,149.0,74.0,
s21,d10,frame_0038.jpg,True,287.0,707.0,434.0,779.0,147.0,72.0,
s21,d10,frame_0039.jpg,True,287.0,709.0,436.0,782.0,149.0,73.0,
s21,d10,frame_0040.jpg,True,287.0,709.0,436.0,782.0,149.0,73.0,
s21,d10,frame_0041.jpg,True,288.0,711.0,438.0,784.0,150.0,73.0,
s21,d10,frame_0042.jpg,True,288.0,711.0,438.0,785.0,150.0,74.0,
s21,d10,frame_0043.jpg,True,289.0,711.0,438.0,786.0,149.0,75.0,
s21,d10,frame_0044.jpg,True,289.0,711.0,439.0,787.0,150.0,76.0,
s21,d10,frame_0045.jpg,True,291.0,713.0,440.0,791.0,149.0,78.0,
s21,d10,frame_0046.jpg,True,291.0,716.0,438.0,796.0,147.0,80.0,
s21,d10,frame_0047.jpg,True,291.0,716.0,438.0,799.0,147.0,83.0,
s21,d10,frame_0048.jpg,True,291.0,718.0,438.0,797.0,147.0,79.0,
s21,d10,frame_0049.jpg,True,290.0,720.0,437.0,786.0,147.0,66.0,
s21,d10,frame_0050.jpg,True,290.0,722.0,436.0,782.0,146.0,60.0,
s21,d10,frame_0051.jpg,True,291.0,722.0,435.0,780.0,144.0,58.0,
s21,d10,frame_0052.jpg,True,293.0,722.0,437.0,780.0,144.0,58.0,
s21,d10,frame_0053.jpg,True,294.0,721.0,438.0,780.0,144.0,59.0,
s21,d10,frame_0054.jpg,True,294.0,722.0,438.0,780.0,144.0,58.0,
s21,d10,frame_0055.jpg,True,295.0,721.0,439.0,780.0,144.0,59.0,
s21,d10,frame_0056.jpg,True,296.0,720.0,440.0,780.0,144.0,60.0,
s21,d10,frame_0057.jpg,True,297.0,720.0,440.0,781.0,143.0,61.0,
s21,d10,frame_0058.jpg,True,296.0,722.0,440.0,781.0,144.0,59.0,
s21,d10,frame_0059.jpg,True,297.0,723.0,441.0,783.0,144.0,60.0,
s21,d10,frame_0060.jpg,True,299.0,722.0,443.0,782.0,144.0,60.0,
s21,d10,frame_0061.jpg,True,299.0,722.0,444.0,783.0,145.0,61.0,
s21,d10,frame_0062.jpg,True,299.0,721.0,444.0,780.0,145.0,59.0,
s21,d10,frame_0063.jpg,True,298.0,719.0,443.0,779.0,145.0,60.0,
s21,d10,frame_0064.jpg,True,297.0,717.0,444.0,777.0,147.0,60.0,
s21,d10,frame_0065.jpg,True,297.0,714.0,444.0,774.0,147.0,60.0,
s21,d10,frame_0066.jpg,True,296.0,709.0,444.0,770.0,148.0,61.0,
s21,d10,frame_0067.jpg,True,296.0,708.0,443.0,768.0,147.0,60.0,
s21,d10,frame_0068.jpg,True,296.0,705.0,444.0,765.0,148.0,60.0,
s21,d10,frame_0069.jpg,True,297.0,703.0,445.0,763.0,148.0,60.0,
s21,d10,frame_0070.jpg,True,298.0,701.0,446.0,761.0,148.0,60.0,
s21,d10,frame_0071.jpg,True,296.0,700.0,445.0,760.0,149.0,60.0,
s21,d10,frame_0072.jpg,True,298.0,700.0,447.0,760.0,149.0,60.0,
s21,d10,frame_0073.jpg,True,301.0,700.0,450.0,761.0,149.0,61.0,
s21,d10,frame_0074.jpg,True,302.0,701.0,450.0,762.0,148.0,61.0,
s22,d0,frame_0001.jpg,True,327.0,720.0,449.0,784.0,122.0,64.0,
s22,d0,frame_0002.jpg,True,328.0,720.0,447.0,784.0,119.0,64.0,
s22,d0,frame_0003.jpg,True,327.0,721.0,446.0,784.0,119.0,63.0,
s22,d0,frame_0004.jpg,True,325.0,724.0,445.0,786.0,120.0,62.0,
s22,d0,frame_0005.jpg,True,323.0,725.0,443.0,789.0,120.0,64.0,
s22,d0,frame_0006.jpg,True,322.0,723.0,443.0,802.0,121.0,79.0,
s22,d0,frame_0007.jpg,True,320.0,723.0,440.0,813.0,120.0,90.0,
s22,d0,frame_0008.jpg,True,318.0,723.0,437.0,817.0,119.0,94.0,
s22,d0,frame_0009.jpg,True,317.0,724.0,437.0,818.0,120.0,94.0,
s22,d0,frame_0010.jpg,True,317.0,724.0,435.0,818.0,118.0,94.0,
s22,d0,frame_0011.jpg,True,318.0,727.0,433.0,815.0,115.0,88.0,
s22,d0,frame_0012.jpg,True,316.0,726.0,431.0,811.0,115.0,85.0,
s22,d0,frame_0013.jpg,True,315.0,727.0,431.0,809.0,116.0,82.0,
s22,d0,frame_0014.jpg,True,313.0,726.0,433.0,808.0,120.0,82.0,
s22,d0,frame_0015.jpg,True,311.0,726.0,434.0,805.0,123.0,79.0,
s22,d0,frame_0016.jpg,True,310.0,724.0,435.0,803.0,125.0,79.0,
s22,d0,frame_0017.jpg,True,310.0,723.0,435.0,801.0,125.0,78.0,
s22,d0,frame_0018.jpg,True,311.0,723.0,436.0,798.0,125.0,75.0,
s22,d0,frame_0019.jpg,True,311.0,722.0,436.0,795.0,125.0,73.0,
s22,d0,frame_0020.jpg,True,311.0,722.0,437.0,794.0,126.0,72.0,
s22,d0,frame_0021.jpg,True,309.0,721.0,437.0,792.0,128.0,71.0,
s22,d0,frame_0022.jpg,True,309.0,720.0,437.0,790.0,128.0,70.0,
s22,d0,frame_0023.jpg,True,308.0,720.0,437.0,787.0,129.0,67.0,
s22,d0,frame_0024.jpg,True,307.0,720.0,437.0,787.0,130.0,67.0,
s22,d0,frame_0025.jpg,True,307.0,720.0,437.0,787.0,130.0,67.0,
s22,d1,frame_0001.jpg,True,313.0,724.0,440.0,790.0,127.0,66.0,
s22,d1,frame_0002.jpg,True,311.0,723.0,439.0,790.0,128.0,67.0,
s22,d1,frame_0003.jpg,True,312.0,721.0,439.0,788.0,127.0,67.0,
s22,d1,frame_0004.jpg,True,312.0,722.0,439.0,788.0,127.0,66.0,
s22,d1,frame_0005.jpg,True,311.0,723.0,438.0,790.0,127.0,67.0,
s22,d1,frame_0006.jpg,True,312.0,723.0,437.0,794.0,125.0,71.0,
s22,d1,frame_0007.jpg,True,312.0,723.0,437.0,799.0,125.0,76.0,
s22,d1,frame_0008.jpg,True,312.0,724.0,435.0,801.0,123.0,77.0,
s22,d1,frame_0009.jpg,True,312.0,726.0,434.0,808.0,122.0,82.0,
s22,d1,frame_0010.jpg,True,313.0,727.0,434.0,812.0,121.0,85.0,
s22,d1,frame_0011.jpg,True,313.0,727.0,434.0,813.0,121.0,86.0,
s22,d1,frame_0012.jpg,True,313.0,730.0,435.0,815.0,122.0,85.0,
s22,d1,frame_0013.jpg,True,313.0,733.0,434.0,817.0,121.0,84.0,
s22,d1,frame_0014.jpg,True,313.0,733.0,434.0,816.0,121.0,83.0,
s22,d1,frame_0015.jpg,True,312.0,733.0,435.0,816.0,123.0,83.0,
s22,d1,frame_0016.jpg,True,311.0,733.0,434.0,815.0,123.0,82.0,
s22,d1,frame_0017.jpg,True,311.0,733.0,434.0,814.0,123.0,81.0,
s22,d1,frame_0018.jpg,True,310.0,734.0,434.0,813.0,124.0,79.0,
s22,d1,frame_0019.jpg,True,310.0,734.0,434.0,813.0,124.0,79.0,
s22,d1,frame_0020.jpg,True,311.0,736.0,434.0,813.0,123.0,77.0,
s22,d1,frame_0021.jpg,True,309.0,736.0,434.0,811.0,125.0,75.0,
s22,d1,frame_0022.jpg,True,308.0,736.0,434.0,811.0,126.0,75.0,
s22,d1,frame_0023.jpg,True,307.0,736.0,434.0,809.0,127.0,73.0,
s22,d1,frame_0024.jpg,True,306.0,737.0,434.0,807.0,128.0,70.0,
s22,d1,frame_0025.jpg,True,307.0,736.0,435.0,803.0,128.0,67.0,
s22,d1,frame_0026.jpg,True,308.0,734.0,437.0,802.0,129.0,68.0,
s22,d1,frame_0027.jpg,True,309.0,735.0,437.0,801.0,128.0,66.0,
s22,d1,frame_0028.jpg,True,310.0,734.0,439.0,801.0,129.0,67.0,
s22,d1,frame_0029.jpg,True,311.0,735.0,438.0,800.0,127.0,65.0,
s22,d1,frame_0030.jpg,True,311.0,732.0,440.0,799.0,129.0,67.0,
s22,d1,frame_0031.jpg,True,312.0,731.0,440.0,798.0,128.0,67.0,
s22,d2,frame_0001.jpg,True,307.0,726.0,434.0,794.0,127.0,68.0,
s22,d2,frame_0002.jpg,True,308.0,727.0,433.0,794.0,125.0,67.0,
s22,d2,frame_0003.jpg,True,308.0,728.0,433.0,794.0,125.0,66.0,
s22,d2,frame_0004.jpg,True,309.0,728.0,433.0,795.0,124.0,67.0,
s22,d2,frame_0005.jpg,True,310.0,728.0,434.0,796.0,124.0,68.0,
s22,d2,frame_0006.jpg,True,310.0,726.0,432.0,798.0,122.0,72.0,
s22,d2,frame_0007.jpg,True,308.0,724.0,431.0,801.0,123.0,77.0,
s22,d2,frame_0008.jpg,True,309.0,725.0,431.0,803.0,122.0,78.0,
s22,d2,frame_0009.jpg,True,310.0,725.0,433.0,804.0,123.0,79.0,
s22,d2,frame_0010.jpg,True,310.0,726.0,433.0,806.0,123.0,80.0,
s22,d2,frame_0011.jpg,True,310.0,725.0,434.0,806.0,124.0,81.0,
s22,d2,frame_0012.jpg,True,310.0,725.0,435.0,808.0,125.0,83.0,
s22,d2,frame_0013.jpg,True,310.0,726.0,435.0,809.0,125.0,83.0,
s22,d2,frame_0014.jpg,True,312.0,728.0,434.0,816.0,122.0,88.0,
s22,d2,frame_0015.jpg,True,312.0,729.0,432.0,821.0,120.0,92.0,
s22,d2,frame_0016.jpg,True,314.0,731.0,432.0,821.0,118.0,90.0,
s22,d2,frame_0017.jpg,True,315.0,735.0,429.0,819.0,114.0,84.0,
s22,d2,frame_0018.jpg,True,315.0,736.0,427.0,816.0,112.0,80.0,
s22,d2,frame_0019.jpg,True,316.0,733.0,427.0,813.0,111.0,80.0,
s22,d2,frame_0020.jpg,True,313.0,730.0,430.0,811.0,117.0,81.0,
s22,d2,frame_0021.jpg,True,313.0,729.0,429.0,810.0,116.0,81.0,
s22,d2,frame_0022.jpg,True,313.0,729.0,430.0,808.0,117.0,79.0,
s22,d2,frame_0023.jpg,True,312.0,729.0,430.0,805.0,118.0,76.0,
s22,d2,frame_0024.jpg,True,311.0,727.0,432.0,804.0,121.0,77.0,
s22,d2,frame_0025.jpg,True,311.0,726.0,433.0,804.0,122.0,78.0,
s22,d2,frame_0026.jpg,True,311.0,727.0,434.0,802.0,123.0,75.0,
s22,d2,frame_0027.jpg,True,311.0,727.0,434.0,801.0,123.0,74.0,
s22,d2,frame_0028.jpg,True,311.0,727.0,435.0,801.0,124.0,74.0,
s22,d2,frame_0029.jpg,True,311.0,726.0,436.0,800.0,125.0,74.0,
s22,d2,frame_0030.jpg,True,310.0,725.0,437.0,799.0,127.0,74.0,
s22,d2,frame_0031.jpg,True,310.0,726.0,436.0,798.0,126.0,72.0,
s22,d2,frame_0032.jpg,True,312.0,725.0,438.0,796.0,126.0,71.0,
s22,d2,frame_0033.jpg,True,311.0,725.0,439.0,796.0,128.0,71.0,
s22,d2,frame_0034.jpg,True,312.0,724.0,439.0,794.0,127.0,70.0,
s22,d2,frame_0035.jpg,True,311.0,723.0,439.0,793.0,128.0,70.0,
s22,d2,frame_0036.jpg,True,311.0,722.0,439.0,792.0,128.0,70.0,
s22,d2,frame_0037.jpg,True,312.0,722.0,440.0,790.0,128.0,68.0,
s22,d2,frame_0038.jpg,True,312.0,721.0,439.0,788.0,127.0,67.0,
s22,d2,frame_0039.jpg,True,311.0,719.0,439.0,787.0,128.0,68.0,
s22,d2,frame_0040.jpg,True,311.0,719.0,438.0,787.0,127.0,68.0,
s22,d2,frame_0041.jpg,True,310.0,720.0,436.0,786.0,126.0,66.0,
s22,d3,frame_0001.jpg,True,309.0,714.0,436.0,781.0,127.0,67.0,
s22,d3,frame_0002.jpg,True,307.0,714.0,436.0,781.0,129.0,67.0,
s22,d3,frame_0003.jpg,True,307.0,715.0,434.0,781.0,127.0,66.0,
s22,d3,frame_0004.jpg,True,307.0,716.0,432.0,782.0,125.0,66.0,
s22,d3,frame_0005.jpg,True,305.0,715.0,433.0,784.0,128.0,69.0,
s22,d3,frame_0006.jpg,True,306.0,716.0,432.0,790.0,126.0,74.0,
s22,d3,frame_0007.jpg,True,305.0,715.0,430.0,793.0,125.0,78.0,
s22,d3,frame_0008.jpg,True,304.0,715.0,430.0,795.0,126.0,80.0,
s22,d3,frame_0009.jpg,True,304.0,715.0,430.0,797.0,126.0,82.0,
s22,d3,frame_0010.jpg,True,305.0,717.0,430.0,799.0,125.0,82.0,
s22,d3,frame_0011.jpg,True,305.0,719.0,431.0,801.0,126.0,82.0,
s22,d3,frame_0012.jpg,True,306.0,719.0,433.0,802.0,127.0,83.0,
s22,d3,frame_0013.jpg,True,309.0,720.0,434.0,807.0,125.0,87.0,
s22,d3,frame_0014.jpg,True,313.0,725.0,433.0,819.0,120.0,94.0,
s22,d3,frame_0015.jpg,True,312.0,728.0,434.0,824.0,122.0,96.0,
s22,d3,frame_0016.jpg,True,312.0,732.0,435.0,824.0,123.0,92.0,
s22,d3,frame_0017.jpg,True,312.0,739.0,435.0,818.0,123.0,79.0,
s22,d3,frame_0018.jpg,True,310.0,738.0,437.0,811.0,127.0,73.0,
s22,d3,frame_0019.jpg,True,310.0,741.0,437.0,809.0,127.0,68.0,
s22,d3,frame_0020.jpg,True,310.0,742.0,437.0,807.0,127.0,65.0,
s22,d3,frame_0021.jpg,True,309.0,740.0,437.0,806.0,128.0,66.0,
s22,d3,frame_0022.jpg,True,309.0,739.0,437.0,804.0,128.0,65.0,
s22,d3,frame_0023.jpg,True,309.0,738.0,436.0,803.0,127.0,65.0,
s22,d3,frame_0024.jpg,True,307.0,736.0,437.0,803.0,130.0,67.0,
s22,d3,frame_0025.jpg,True,307.0,736.0,435.0,801.0,128.0,65.0,
s22,d3,frame_0026.jpg,True,306.0,734.0,435.0,801.0,129.0,67.0,
s22,d3,frame_0027.jpg,True,306.0,733.0,434.0,799.0,128.0,66.0,
s22,d3,frame_0028.jpg,True,306.0,732.0,434.0,797.0,128.0,65.0,
s22,d4,frame_0001.jpg,True,297.0,564.0,393.0,619.0,96.0,55.0,
s22,d4,frame_0002.jpg,True,298.0,564.0,393.0,622.0,95.0,58.0,
s22,d4,frame_0003.jpg,True,298.0,565.0,393.0,624.0,95.0,59.0,
s22,d4,frame_0004.jpg,True,298.0,565.0,394.0,626.0,96.0,61.0,
s22,d4,frame_0005.jpg,True,298.0,565.0,393.0,628.0,95.0,63.0,
s22,d4,frame_0006.jpg,True,298.0,567.0,394.0,630.0,96.0,63.0,
s22,d4,frame_0007.jpg,True,299.0,568.0,394.0,632.0,95.0,64.0,
s22,d4,frame_0008.jpg,True,300.0,570.0,395.0,633.0,95.0,63.0,
s22,d4,frame_0009.jpg,True,301.0,574.0,396.0,636.0,95.0,62.0,
s22,d4,frame_0010.jpg,True,301.0,576.0,397.0,637.0,96.0,61.0,
s22,d4,frame_0011.jpg,True,301.0,577.0,398.0,639.0,97.0,62.0,
s22,d4,frame_0012.jpg,True,301.0,580.0,398.0,640.0,97.0,60.0,
s22,d4,frame_0013.jpg,True,301.0,581.0,399.0,642.0,98.0,61.0,
s22,d4,frame_0014.jpg,True,301.0,580.0,398.0,644.0,97.0,64.0,
s22,d4,frame_0015.jpg,True,302.0,582.0,399.0,644.0,97.0,62.0,
s22,d4,frame_0016.jpg,True,302.0,582.0,399.0,645.0,97.0,63.0,
s22,d4,frame_0017.jpg,True,302.0,583.0,399.0,645.0,97.0,62.0,
s22,d4,frame_0018.jpg,True,302.0,583.0,399.0,645.0,97.0,62.0,
s22,d4,frame_0019.jpg,True,303.0,583.0,399.0,646.0,96.0,63.0,
s22,d4,frame_0020.jpg,True,302.0,583.0,399.0,645.0,97.0,62.0,
s22,d4,frame_0021.jpg,True,302.0,584.0,399.0,645.0,97.0,61.0,
s22,d4,frame_0022.jpg,True,302.0,584.0,399.0,645.0,97.0,61.0,
s22,d4,frame_0023.jpg,True,303.0,584.0,399.0,645.0,96.0,61.0,
s22,d4,frame_0024.jpg,True,302.0,583.0,398.0,644.0,96.0,61.0,
s22,d4,frame_0025.jpg,True,302.0,582.0,398.0,644.0,96.0,62.0,
s22,d4,frame_0026.jpg,True,301.0,582.0,398.0,642.0,97.0,60.0,
s22,d4,frame_0027.jpg,True,301.0,581.0,398.0,640.0,97.0,59.0,
s22,d4,frame_0028.jpg,True,301.0,580.0,397.0,638.0,96.0,58.0,
s22,d4,frame_0029.jpg,True,301.0,579.0,398.0,635.0,97.0,56.0,
s22,d4,frame_0030.jpg,True,300.0,578.0,398.0,631.0,98.0,53.0,
s22,d4,frame_0031.jpg,True,299.0,577.0,397.0,628.0,98.0,51.0,
s22,d4,frame_0032.jpg,True,300.0,575.0,396.0,626.0,96.0,51.0,
s22,d4,frame_0033.jpg,True,299.0,574.0,397.0,625.0,98.0,51.0,
s22,d4,frame_0034.jpg,True,299.0,572.0,397.0,624.0,98.0,52.0,
s22,d4,frame_0035.jpg,True,298.0,571.0,397.0,624.0,99.0,53.0,
s22,d4,frame_0036.jpg,True,298.0,571.0,397.0,624.0,99.0,53.0,
s22,d4,frame_0037.jpg,True,298.0,570.0,397.0,624.0,99.0,54.0,
s22,d4,frame_0038.jpg,True,299.0,570.0,396.0,624.0,97.0,54.0,
s22,d4,frame_0039.jpg,True,298.0,570.0,396.0,623.0,98.0,53.0,
s22,d4,frame_0040.jpg,True,299.0,570.0,396.0,623.0,97.0,53.0,
s22,d4,frame_0041.jpg,True,299.0,570.0,396.0,624.0,97.0,54.0,
s22,d4,frame_0042.jpg,True,299.0,570.0,396.0,624.0,97.0,54.0,
s22,d4,frame_0043.jpg,True,299.0,570.0,396.0,624.0,97.0,54.0,
s22,d4,frame_0044.jpg,True,298.0,570.0,396.0,624.0,98.0,54.0,
s22,d4,frame_0045.jpg,True,299.0,570.0,396.0,624.0,97.0,54.0,
s22,d4,frame_0046.jpg,True,299.0,570.0,395.0,623.0,96.0,53.0,
s22,d4,frame_0047.jpg,True,298.0,570.0,396.0,623.0,98.0,53.0,
s22,d4,frame_0048.jpg,True,298.0,570.0,396.0,623.0,98.0,53.0,
s22,d4,frame_0049.jpg,True,298.0,571.0,396.0,623.0,98.0,52.0,
s22,d4,frame_0050.jpg,True,299.0,570.0,397.0,623.0,98.0,53.0,
s22,d4,frame_0051.jpg,True,299.0,571.0,398.0,624.0,99.0,53.0,
s22,d4,frame_0052.jpg,True,299.0,571.0,398.0,624.0,99.0,53.0,
s22,d4,frame_0053.jpg,True,299.0,571.0,398.0,624.0,99.0,53.0,
s22,d4,frame_0054.jpg,True,300.0,570.0,398.0,625.0,98.0,55.0,
s22,d4,frame_0055.jpg,True,301.0,571.0,398.0,625.0,97.0,54.0,
s22,d5,frame_0001.jpg,True,364.0,689.0,491.0,754.0,127.0,65.0,
s22,d5,frame_0002.jpg,True,364.0,689.0,492.0,754.0,128.0,65.0,
s22,d5,frame_0003.jpg,True,363.0,688.0,491.0,755.0,128.0,67.0,
s22,d5,frame_0004.jpg,True,365.0,687.0,492.0,755.0,127.0,68.0,
s22,d5,frame_0005.jpg,True,365.0,689.0,493.0,756.0,128.0,67.0,
s22,d5,frame_0006.jpg,True,367.0,689.0,492.0,759.0,125.0,70.0,
s22,d5,frame_0007.jpg,True,368.0,688.0,493.0,768.0,125.0,80.0,
s22,d5,frame_0008.jpg,True,370.0,686.0,493.0,774.0,123.0,88.0,
s22,d5,frame_0009.jpg,True,371.0,687.0,495.0,779.0,124.0,92.0,
s22,d5,frame_0010.jpg,True,372.0,686.0,494.0,783.0,122.0,97.0,
s22,d5,frame_0011.jpg,True,373.0,686.0,496.0,785.0,123.0,99.0,
s22,d5,frame_0012.jpg,True,374.0,688.0,497.0,787.0,123.0,99.0,
s22,d5,frame_0013.jpg,True,374.0,689.0,496.0,789.0,122.0,100.0,
s22,d5,frame_0014.jpg,True,375.0,689.0,497.0,790.0,122.0,101.0,
s22,d5,frame_0015.jpg,True,377.0,690.0,499.0,790.0,122.0,100.0,
s22,d5,frame_0016.jpg,True,376.0,690.0,500.0,790.0,124.0,100.0,
s22,d5,frame_0017.jpg,True,375.0,689.0,499.0,789.0,124.0,100.0,
s22,d5,frame_0018.jpg,True,376.0,688.0,499.0,786.0,123.0,98.0,
s22,d5,frame_0019.jpg,True,376.0,687.0,500.0,784.0,124.0,97.0,
s22,d5,frame_0020.jpg,True,376.0,686.0,500.0,782.0,124.0,96.0,
s22,d5,frame_0021.jpg,True,376.0,685.0,499.0,780.0,123.0,95.0,
s22,d5,frame_0022.jpg,True,378.0,685.0,501.0,777.0,123.0,92.0,
s22,d5,frame_0023.jpg,True,378.0,685.0,501.0,775.0,123.0,90.0,
s22,d5,frame_0024.jpg,True,378.0,684.0,502.0,772.0,124.0,88.0,
s22,d5,frame_0025.jpg,True,378.0,684.0,503.0,771.0,125.0,87.0,
s22,d5,frame_0026.jpg,True,377.0,684.0,503.0,770.0,126.0,86.0,
s22,d5,frame_0027.jpg,True,378.0,685.0,503.0,769.0,125.0,84.0,
s22,d5,frame_0028.jpg,True,379.0,686.0,505.0,766.0,126.0,80.0,
s22,d5,frame_0029.jpg,True,377.0,687.0,504.0,764.0,127.0,77.0,
s22,d5,frame_0030.jpg,True,376.0,687.0,504.0,761.0,128.0,74.0,
s22,d5,frame_0031.jpg,True,376.0,688.0,504.0,757.0,128.0,69.0,
s22,d5,frame_0032.jpg,True,375.0,689.0,503.0,756.0,128.0,67.0,
s22,d5,frame_0033.jpg,True,375.0,690.0,502.0,755.0,127.0,65.0,
s22,d5,frame_0034.jpg,True,374.0,689.0,503.0,754.0,129.0,65.0,
s22,d5,frame_0035.jpg,True,374.0,689.0,502.0,755.0,128.0,66.0,
s22,d5,frame_0036.jpg,True,373.0,686.0,502.0,752.0,129.0,66.0,
s22,d5,frame_0037.jpg,True,372.0,683.0,503.0,751.0,131.0,68.0,
s22,d6,frame_0001.jpg,True,337.0,695.0,465.0,761.0,128.0,66.0,
s22,d6,frame_0002.jpg,True,335.0,695.0,464.0,762.0,129.0,67.0,
s22,d6,frame_0003.jpg,True,335.0,695.0,462.0,762.0,127.0,67.0,
s22,d6,frame_0004.jpg,True,333.0,695.0,462.0,763.0,129.0,68.0,
s22,d6,frame_0005.jpg,True,332.0,696.0,461.0,764.0,129.0,68.0,
s22,d6,frame_0006.jpg,True,332.0,695.0,461.0,764.0,129.0,69.0,
s22,d6,frame_0007.jpg,True,332.0,697.0,460.0,765.0,128.0,68.0,
s22,d6,frame_0008.jpg,True,330.0,695.0,458.0,767.0,128.0,72.0,
s22,d6,frame_0009.jpg,True,331.0,692.0,455.0,770.0,124.0,78.0,
s22,d6,frame_0010.jpg,True,334.0,691.0,452.0,774.0,118.0,83.0,
s22,d6,frame_0011.jpg,True,336.0,694.0,447.0,776.0,111.0,82.0,
s22,d6,frame_0012.jpg,True,335.0,693.0,444.0,777.0,109.0,84.0,
s22,d6,frame_0013.jpg,True,335.0,692.0,443.0,777.0,108.0,85.0,
s22,d6,frame_0014.jpg,True,335.0,692.0,442.0,777.0,107.0,85.0,
s22,d6,frame_0015.jpg,True,333.0,694.0,442.0,778.0,109.0,84.0,
s22,d6,frame_0016.jpg,True,332.0,695.0,443.0,779.0,111.0,84.0,
s22,d6,frame_0017.jpg,True,331.0,696.0,444.0,779.0,113.0,83.0,
s22,d6,frame_0018.jpg,True,331.0,697.0,444.0,778.0,113.0,81.0,
s22,d6,frame_0019.jpg,True,331.0,698.0,444.0,779.0,113.0,81.0,
s22,d6,frame_0020.jpg,True,329.0,698.0,444.0,778.0,115.0,80.0,
s22,d6,frame_0021.jpg,True,327.0,698.0,446.0,778.0,119.0,80.0,
s22,d6,frame_0022.jpg,True,326.0,696.0,446.0,778.0,120.0,82.0,
s22,d6,frame_0023.jpg,True,324.0,695.0,446.0,777.0,122.0,82.0,
s22,d6,frame_0024.jpg,True,323.0,694.0,447.0,776.0,124.0,82.0,
s22,d6,frame_0025.jpg,True,324.0,694.0,448.0,776.0,124.0,82.0,
s22,d6,frame_0026.jpg,True,325.0,695.0,450.0,775.0,125.0,80.0,
s22,d6,frame_0027.jpg,True,325.0,694.0,450.0,775.0,125.0,81.0,
s22,d6,frame_0028.jpg,True,326.0,694.0,450.0,774.0,124.0,80.0,
s22,d6,frame_0029.jpg,True,326.0,694.0,450.0,772.0,124.0,78.0,
s22,d6,frame_0030.jpg,True,325.0,693.0,450.0,770.0,125.0,77.0,
s22,d6,frame_0031.jpg,True,324.0,693.0,451.0,769.0,127.0,76.0,
s22,d6,frame_0032.jpg,True,325.0,692.0,449.0,764.0,124.0,72.0,
s22,d6,frame_0033.jpg,True,326.0,692.0,452.0,761.0,126.0,69.0,
s22,d6,frame_0034.jpg,True,326.0,692.0,453.0,761.0,127.0,69.0,
s22,d6,frame_0035.jpg,True,326.0,692.0,453.0,761.0,127.0,69.0,
s22,d6,frame_0036.jpg,True,326.0,692.0,454.0,759.0,128.0,67.0,
s22,d6,frame_0037.jpg,True,326.0,692.0,454.0,758.0,128.0,66.0,
s22,d6,frame_0038.jpg,True,326.0,692.0,454.0,757.0,128.0,65.0,
s22,d6,frame_0039.jpg,True,326.0,690.0,454.0,757.0,128.0,67.0,
s22,d6,frame_0040.jpg,True,325.0,689.0,454.0,756.0,129.0,67.0,
s22,d6,frame_0041.jpg,True,324.0,687.0,453.0,754.0,129.0,67.0,
s22,d6,frame_0042.jpg,True,325.0,687.0,454.0,754.0,129.0,67.0,
s22,d7,frame_0001.jpg,True,327.0,685.0,455.0,753.0,128.0,68.0,
s22,d7,frame_0002.jpg,True,329.0,684.0,457.0,751.0,128.0,67.0,
s22,d7,frame_0003.jpg,True,329.0,684.0,456.0,751.0,127.0,67.0,
s22,d7,frame_0004.jpg,True,329.0,682.0,457.0,751.0,128.0,69.0,
s22,d7,frame_0005.jpg,True,330.0,683.0,458.0,750.0,128.0,67.0,
s22,d7,frame_0006.jpg,True,330.0,683.0,457.0,750.0,127.0,67.0,
s22,d7,frame_0007.jpg,True,330.0,682.0,457.0,751.0,127.0,69.0,
s22,d7,frame_0008.jpg,True,330.0,680.0,456.0,752.0,126.0,72.0,
s22,d7,frame_0009.jpg,True,329.0,679.0,456.0,756.0,127.0,77.0,
s22,d7,frame_0010.jpg,True,328.0,679.0,455.0,759.0,127.0,80.0,
s22,d7,frame_0011.jpg,True,326.0,678.0,452.0,759.0,126.0,81.0,
s22,d7,frame_0012.jpg,True,326.0,678.0,453.0,762.0,127.0,84.0,
s22,d7,frame_0013.jpg,True,324.0,683.0,453.0,766.0,129.0,83.0,
s22,d7,frame_0014.jpg,True,324.0,686.0,449.0,772.0,125.0,86.0,
s22,d7,frame_0015.jpg,True,322.0,693.0,449.0,778.0,127.0,85.0,
s22,d7,frame_0016.jpg,True,322.0,702.0,448.0,786.0,126.0,84.0,
s22,d7,frame_0017.jpg,True,322.0,712.0,447.0,793.0,125.0,81.0,
s22,d7,frame_0018.jpg,True,320.0,715.0,447.0,795.0,127.0,80.0,
s22,d7,frame_0019.jpg,True,321.0,720.0,446.0,796.0,125.0,76.0,
s22,d7,frame_0020.jpg,True,318.0,721.0,444.0,797.0,126.0,76.0,
s22,d7,frame_0021.jpg,True,316.0,720.0,443.0,796.0,127.0,76.0,
s22,d7,frame_0022.jpg,True,316.0,719.0,442.0,795.0,126.0,76.0,
s22,d7,frame_0023.jpg,True,316.0,719.0,441.0,795.0,125.0,76.0,
s22,d7,frame_0024.jpg,True,315.0,717.0,441.0,794.0,126.0,77.0,
s22,d7,frame_0025.jpg,True,314.0,717.0,442.0,793.0,128.0,76.0,
s22,d7,frame_0026.jpg,True,315.0,717.0,442.0,792.0,127.0,75.0,
s22,d7,frame_0027.jpg,True,315.0,716.0,444.0,792.0,129.0,76.0,
s22,d7,frame_0028.jpg,True,314.0,717.0,443.0,791.0,129.0,74.0,
s22,d7,frame_0029.jpg,True,315.0,715.0,443.0,790.0,128.0,75.0,
s22,d7,frame_0030.jpg,True,316.0,714.0,443.0,790.0,127.0,76.0,
s22,d7,frame_0031.jpg,True,315.0,714.0,442.0,788.0,127.0,74.0,
s22,d7,frame_0032.jpg,True,317.0,714.0,443.0,788.0,126.0,74.0,
s22,d7,frame_0033.jpg,True,317.0,714.0,444.0,787.0,127.0,73.0,
s22,d7,frame_0034.jpg,True,318.0,714.0,446.0,787.0,128.0,73.0,
s22,d7,frame_0035.jpg,True,319.0,715.0,446.0,787.0,127.0,72.0,
s22,d7,frame_0036.jpg,True,321.0,716.0,447.0,788.0,126.0,72.0,
s22,d7,frame_0037.jpg,True,321.0,717.0,449.0,786.0,128.0,69.0,
s22,d7,frame_0038.jpg,True,321.0,717.0,450.0,782.0,129.0,65.0,
s22,d7,frame_0039.jpg,True,322.0,716.0,452.0,780.0,130.0,64.0,
s22,d7,frame_0040.jpg,True,322.0,714.0,450.0,777.0,128.0,63.0,
s22,d7,frame_0041.jpg,True,318.0,709.0,446.0,773.0,128.0,64.0,
s22,d7,frame_0042.jpg,True,317.0,707.0,445.0,771.0,128.0,64.0,
s22,d7,frame_0043.jpg,True,314.0,705.0,443.0,769.0,129.0,64.0,
s22,d7,frame_0044.jpg,True,314.0,705.0,440.0,767.0,126.0,62.0,
s22,d7,frame_0045.jpg,True,317.0,706.0,445.0,770.0,128.0,64.0,
s22,d7,frame_0046.jpg,True,313.0,716.0,437.0,781.0,124.0,65.0,
s22,d8,frame_0001.jpg,True,312.0,719.0,438.0,785.0,126.0,66.0,
s22,d8,frame_0002.jpg,True,313.0,719.0,437.0,785.0,124.0,66.0,
s22,d8,frame_0003.jpg,True,315.0,721.0,437.0,786.0,122.0,65.0,
s22,d8,frame_0004.jpg,True,316.0,724.0,439.0,786.0,123.0,62.0,
s22,d8,frame_0005.jpg,True,318.0,724.0,438.0,785.0,120.0,61.0,
s22,d8,frame_0006.jpg,True,317.0,724.0,438.0,784.0,121.0,60.0,
s22,d8,frame_0007.jpg,True,317.0,724.0,437.0,782.0,120.0,58.0,
s22,d8,frame_0008.jpg,True,317.0,721.0,436.0,781.0,119.0,60.0,
s22,d8,frame_0009.jpg,True,316.0,720.0,436.0,782.0,120.0,62.0,
s22,d8,frame_0010.jpg,True,315.0,719.0,439.0,789.0,124.0,70.0,
s22,d8,frame_0011.jpg,True,315.0,718.0,436.0,797.0,121.0,79.0,
s22,d8,frame_0012.jpg,True,315.0,717.0,436.0,799.0,121.0,82.0,
s22,d8,frame_0013.jpg,True,315.0,716.0,439.0,797.0,124.0,81.0,
s22,d8,frame_0014.jpg,True,316.0,714.0,438.0,792.0,122.0,78.0,
s22,d8,frame_0015.jpg,True,315.0,712.0,440.0,789.0,125.0,77.0,
s22,d8,frame_0016.jpg,True,315.0,711.0,438.0,787.0,123.0,76.0,
s22,d8,frame_0017.jpg,True,315.0,710.0,439.0,786.0,124.0,76.0,
s22,d8,frame_0018.jpg,True,315.0,710.0,440.0,785.0,125.0,75.0,
s22,d8,frame_0019.jpg,True,315.0,710.0,440.0,785.0,125.0,75.0,
s22,d8,frame_0020.jpg,True,315.0,709.0,439.0,784.0,124.0,75.0,
s22,d8,frame_0021.jpg,True,315.0,709.0,440.0,784.0,125.0,75.0,
s22,d8,frame_0022.jpg,True,316.0,709.0,441.0,784.0,125.0,75.0,
s22,d8,frame_0023.jpg,True,316.0,709.0,441.0,784.0,125.0,75.0,
s22,d8,frame_0024.jpg,True,315.0,709.0,441.0,784.0,126.0,75.0,
s22,d8,frame_0025.jpg,True,316.0,709.0,441.0,785.0,125.0,76.0,
s22,d8,frame_0026.jpg,True,316.0,709.0,441.0,784.0,125.0,75.0,
s22,d8,frame_0027.jpg,True,317.0,709.0,441.0,784.0,124.0,75.0,
s22,d8,frame_0028.jpg,True,317.0,710.0,441.0,785.0,124.0,75.0,
s22,d8,frame_0029.jpg,True,317.0,711.0,442.0,784.0,125.0,73.0,
s22,d8,frame_0030.jpg,True,318.0,710.0,442.0,783.0,124.0,73.0,
s22,d8,frame_0031.jpg,True,316.0,710.0,441.0,782.0,125.0,72.0,
s22,d8,frame_0032.jpg,True,316.0,711.0,441.0,781.0,125.0,70.0,
s22,d8,frame_0033.jpg,True,314.0,710.0,439.0,779.0,125.0,69.0,
s22,d8,frame_0034.jpg,True,313.0,711.0,439.0,777.0,126.0,66.0,
s22,d8,frame_0035.jpg,True,312.0,712.0,438.0,777.0,126.0,65.0,
s22,d8,frame_0036.jpg,True,311.0,712.0,438.0,777.0,127.0,65.0,
s22,d9,frame_0001.jpg,True,302.0,714.0,427.0,779.0,125.0,65.0,
s22,d9,frame_0002.jpg,True,301.0,714.0,427.0,779.0,126.0,65.0,
s22,d9,frame_0003.jpg,True,302.0,714.0,426.0,779.0,124.0,65.0,
s22,d9,frame_0004.jpg,True,302.0,715.0,427.0,780.0,125.0,65.0,
s22,d9,frame_0005.jpg,True,301.0,715.0,426.0,783.0,125.0,68.0,
s22,d9,frame_0006.jpg,True,303.0,713.0,425.0,787.0,122.0,74.0,
s22,d9,frame_0007.jpg,True,302.0,710.0,425.0,791.0,123.0,81.0,
s22,d9,frame_0008.jpg,True,303.0,711.0,423.0,796.0,120.0,85.0,
s22,d9,frame_0009.jpg,True,302.0,710.0,425.0,799.0,123.0,89.0,
s22,d9,frame_0010.jpg,True,304.0,709.0,424.0,803.0,120.0,94.0,
s22,d9,frame_0011.jpg,True,304.0,709.0,424.0,807.0,120.0,98.0,
s22,d9,frame_0012.jpg,True,304.0,709.0,423.0,809.0,119.0,100.0,
s22,d9,frame_0013.jpg,True,305.0,709.0,423.0,809.0,118.0,100.0,
s22,d9,frame_0014.jpg,True,308.0,712.0,420.0,807.0,112.0,95.0,
s22,d9,frame_0015.jpg,True,310.0,714.0,418.0,803.0,108.0,89.0,
s22,d9,frame_0016.jpg,True,310.0,714.0,418.0,801.0,108.0,87.0,
s22,d9,frame_0017.jpg,True,310.0,716.0,418.0,798.0,108.0,82.0,
s22,d9,frame_0018.jpg,True,308.0,714.0,421.0,795.0,113.0,81.0,
s22,d9,frame_0019.jpg,True,305.0,714.0,422.0,793.0,117.0,79.0,
s22,d9,frame_0020.jpg,True,303.0,712.0,424.0,789.0,121.0,77.0,
s22,d9,frame_0021.jpg,True,301.0,711.0,424.0,787.0,123.0,76.0,
s22,d9,frame_0022.jpg,True,300.0,710.0,423.0,784.0,123.0,74.0,
s22,d9,frame_0023.jpg,True,299.0,710.0,425.0,784.0,126.0,74.0,
s22,d9,frame_0024.jpg,True,300.0,711.0,426.0,782.0,126.0,71.0,
s22,d9,frame_0025.jpg,True,300.0,711.0,427.0,783.0,127.0,72.0,
s22,d9,frame_0026.jpg,True,300.0,711.0,427.0,782.0,127.0,71.0,
s22,d9,frame_0027.jpg,True,300.0,711.0,428.0,782.0,128.0,71.0,
s22,d9,frame_0028.jpg,True,300.0,711.0,428.0,781.0,128.0,70.0,
s22,d9,frame_0029.jpg,True,300.0,710.0,428.0,780.0,128.0,70.0,
s22,d9,frame_0030.jpg,True,301.0,711.0,428.0,779.0,127.0,68.0,
s22,d9,frame_0031.jpg,True,301.0,712.0,430.0,779.0,129.0,67.0,
s22,d9,frame_0032.jpg,True,302.0,712.0,429.0,779.0,127.0,67.0,
s22,d9,frame_0033.jpg,True,303.0,712.0,429.0,779.0,126.0,67.0,
s22,d9,frame_0034.jpg,True,302.0,711.0,430.0,779.0,128.0,68.0,
s22,d9,frame_0035.jpg,True,303.0,711.0,429.0,777.0,126.0,66.0,
s22,d9,frame_0036.jpg,True,303.0,711.0,429.0,777.0,126.0,66.0,
s22,d10,frame_0001.jpg,True,299.0,717.0,423.0,782.0,124.0,65.0,
s22,d10,frame_0002.jpg,True,299.0,718.0,425.0,784.0,126.0,66.0,
s22,d10,frame_0003.jpg,True,299.0,718.0,425.0,784.0,126.0,66.0,
s22,d10,frame_0004.jpg,True,298.0,719.0,424.0,783.0,126.0,64.0,
s22,d10,frame_0005.jpg,True,297.0,719.0,423.0,784.0,126.0,65.0,
s22,d10,frame_0006.jpg,True,298.0,719.0,423.0,783.0,125.0,64.0,
s22,d10,frame_0007.jpg,True,297.0,718.0,422.0,784.0,125.0,66.0,
s22,d10,frame_0008.jpg,True,297.0,717.0,422.0,785.0,125.0,68.0,
s22,d10,frame_0009.jpg,True,299.0,718.0,423.0,789.0,124.0,71.0,
s22,d10,frame_0010.jpg,True,298.0,716.0,422.0,792.0,124.0,76.0,
s22,d10,frame_0011.jpg,True,298.0,716.0,422.0,794.0,124.0,78.0,
s22,d10,frame_0012.jpg,True,298.0,716.0,421.0,795.0,123.0,79.0,
s22,d10,frame_0013.jpg,True,296.0,715.0,422.0,795.0,126.0,80.0,
s22,d10,frame_0014.jpg,True,296.0,715.0,422.0,796.0,126.0,81.0,
s22,d10,frame_0015.jpg,True,296.0,715.0,421.0,796.0,125.0,81.0,
s22,d10,frame_0016.jpg,True,297.0,717.0,421.0,795.0,124.0,78.0,
s22,d10,frame_0017.jpg,True,297.0,716.0,422.0,798.0,125.0,82.0,
s22,d10,frame_0018.jpg,True,296.0,716.0,422.0,799.0,126.0,83.0,
s22,d10,frame_0019.jpg,True,299.0,719.0,422.0,800.0,123.0,81.0,
s22,d10,frame_0020.jpg,True,302.0,724.0,422.0,794.0,120.0,70.0,
s22,d10,frame_0021.jpg,True,300.0,724.0,423.0,791.0,123.0,67.0,
s22,d10,frame_0022.jpg,True,301.0,724.0,422.0,788.0,121.0,64.0,
s22,d10,frame_0023.jpg,True,300.0,723.0,422.0,786.0,122.0,63.0,
s22,d10,frame_0024.jpg,True,300.0,723.0,422.0,785.0,122.0,62.0,
s22,d10,frame_0025.jpg,True,301.0,722.0,422.0,783.0,121.0,61.0,
s22,d10,frame_0026.jpg,True,301.0,721.0,422.0,782.0,121.0,61.0,
s22,d10,frame_0027.jpg,True,301.0,722.0,423.0,781.0,122.0,59.0,
s22,d10,frame_0028.jpg,True,301.0,720.0,424.0,782.0,123.0,62.0,
s22,d10,frame_0029.jpg,True,301.0,719.0,424.0,781.0,123.0,62.0,
s22,d10,frame_0030.jpg,True,303.0,721.0,426.0,781.0,123.0,60.0,
s22,d10,frame_0031.jpg,True,303.0,720.0,424.0,781.0,121.0,61.0,
s22,d10,frame_0032.jpg,True,302.0,720.0,424.0,780.0,122.0,60.0,
s23,d0,frame_0001.jpg,True,334.0,617.0,448.0,678.0,114.0,61.0,
s23,d0,frame_0002.jpg,True,333.0,616.0,447.0,678.0,114.0,62.0,
s23,d0,frame_0003.jpg,True,332.0,617.0,446.0,677.0,114.0,60.0,
s23,d0,frame_0004.jpg,True,332.0,618.0,446.0,679.0,114.0,61.0,
s23,d0,frame_0005.jpg,True,331.0,619.0,445.0,681.0,114.0,62.0,
s23,d0,frame_0006.jpg,True,331.0,620.0,445.0,682.0,114.0,62.0,
s23,d0,frame_0007.jpg,True,331.0,624.0,445.0,682.0,114.0,58.0,
s23,d0,frame_0008.jpg,True,331.0,624.0,444.0,682.0,113.0,58.0,
s23,d0,frame_0009.jpg,True,332.0,626.0,445.0,681.0,113.0,55.0,
s23,d0,frame_0010.jpg,True,331.0,627.0,444.0,680.0,113.0,53.0,
s23,d0,frame_0011.jpg,True,331.0,628.0,445.0,682.0,114.0,54.0,
s23,d0,frame_0012.jpg,True,331.0,628.0,443.0,687.0,112.0,59.0,
s23,d0,frame_0013.jpg,True,330.0,627.0,443.0,697.0,113.0,70.0,
s23,d0,frame_0014.jpg,True,329.0,627.0,442.0,711.0,113.0,84.0,
s23,d0,frame_0015.jpg,True,329.0,626.0,442.0,716.0,113.0,90.0,
s23,d0,frame_0016.jpg,True,328.0,625.0,439.0,717.0,111.0,92.0,
s23,d0,frame_0017.jpg,True,328.0,624.0,437.0,714.0,109.0,90.0,
s23,d0,frame_0018.jpg,True,329.0,624.0,434.0,710.0,105.0,86.0,
s23,d0,frame_0019.jpg,True,330.0,625.0,432.0,706.0,102.0,81.0,
s23,d0,frame_0020.jpg,True,330.0,623.0,432.0,701.0,102.0,78.0,
s23,d0,frame_0021.jpg,True,330.0,621.0,430.0,698.0,100.0,77.0,
s23,d0,frame_0022.jpg,True,328.0,619.0,431.0,693.0,103.0,74.0,
s23,d0,frame_0023.jpg,True,327.0,616.0,433.0,689.0,106.0,73.0,
s23,d0,frame_0024.jpg,True,328.0,612.0,436.0,686.0,108.0,74.0,
s23,d0,frame_0025.jpg,True,330.0,609.0,438.0,683.0,108.0,74.0,
s23,d0,frame_0026.jpg,True,330.0,608.0,442.0,682.0,112.0,74.0,
s23,d0,frame_0027.jpg,True,332.0,607.0,444.0,679.0,112.0,72.0,
s23,d0,frame_0028.jpg,True,333.0,608.0,446.0,678.0,113.0,70.0,
s23,d0,frame_0029.jpg,True,333.0,607.0,447.0,675.0,114.0,68.0,
s23,d0,frame_0030.jpg,True,332.0,606.0,448.0,671.0,116.0,65.0,
s23,d0,frame_0031.jpg,True,331.0,606.0,448.0,668.0,117.0,62.0,
s23,d0,frame_0032.jpg,True,331.0,607.0,448.0,668.0,117.0,61.0,
s23,d0,frame_0033.jpg,True,332.0,607.0,448.0,666.0,116.0,59.0,
s23,d0,frame_0034.jpg,True,330.0,608.0,446.0,666.0,116.0,58.0,
s23,d0,frame_0035.jpg,True,328.0,607.0,444.0,664.0,116.0,57.0,
s23,d1,frame_0001.jpg,True,332.0,587.0,448.0,645.0,116.0,58.0,
s23,d1,frame_0002.jpg,True,332.0,586.0,448.0,646.0,116.0,60.0,
s23,d1,frame_0003.jpg,True,331.0,586.0,448.0,645.0,117.0,59.0,
s23,d1,frame_0004.jpg,True,330.0,584.0,447.0,643.0,117.0,59.0,
s23,d1,frame_0005.jpg,True,330.0,582.0,447.0,642.0,117.0,60.0,
s23,d1,frame_0006.jpg,True,330.0,581.0,447.0,641.0,117.0,60.0,
s23,d1,frame_0007.jpg,True,330.0,579.0,446.0,640.0,116.0,61.0,
s23,d1,frame_0008.jpg,True,330.0,576.0,446.0,639.0,116.0,63.0,
s23,d1,frame_0009.jpg,True,330.0,576.0,447.0,639.0,117.0,63.0,
s23,d1,frame_0010.jpg,True,332.0,576.0,447.0,638.0,115.0,62.0,
s23,d1,frame_0011.jpg,True,332.0,577.0,447.0,640.0,115.0,63.0,
s23,d1,frame_0012.jpg,True,332.0,578.0,447.0,644.0,115.0,66.0,
s23,d1,frame_0013.jpg,True,333.0,578.0,446.0,653.0,113.0,75.0,
s23,d1,frame_0014.jpg,True,334.0,579.0,449.0,657.0,115.0,78.0,
s23,d1,frame_0015.jpg,True,335.0,583.0,452.0,664.0,117.0,81.0,
s23,d1,frame_0016.jpg,True,334.0,585.0,451.0,672.0,117.0,87.0,
s23,d1,frame_0017.jpg,True,332.0,586.0,452.0,679.0,120.0,93.0,
s23,d1,frame_0018.jpg,True,333.0,588.0,452.0,682.0,119.0,94.0,
s23,d1,frame_0019.jpg,True,333.0,590.0,452.0,681.0,119.0,91.0,
s23,d1,frame_0020.jpg,True,334.0,590.0,453.0,679.0,119.0,89.0,
s23,d1,frame_0021.jpg,True,335.0,589.0,452.0,677.0,117.0,88.0,
s23,d1,frame_0022.jpg,True,336.0,589.0,452.0,673.0,116.0,84.0,
s23,d1,frame_0023.jpg,True,336.0,588.0,453.0,671.0,117.0,83.0,
s23,d1,frame_0024.jpg,True,336.0,586.0,452.0,668.0,116.0,82.0,
s23,d1,frame_0025.jpg,True,335.0,584.0,452.0,662.0,117.0,78.0,
s23,d1,frame_0026.jpg,True,336.0,583.0,450.0,658.0,114.0,75.0,
s23,d1,frame_0027.jpg,True,335.0,582.0,451.0,656.0,116.0,74.0,
s23,d1,frame_0028.jpg,True,336.0,581.0,450.0,654.0,114.0,73.0,
s23,d1,frame_0029.jpg,True,337.0,582.0,450.0,653.0,113.0,71.0,
s23,d1,frame_0030.jpg,True,335.0,582.0,451.0,653.0,116.0,71.0,
s23,d1,frame_0031.jpg,True,336.0,583.0,450.0,650.0,114.0,67.0,
s23,d1,frame_0032.jpg,True,335.0,583.0,449.0,650.0,114.0,67.0,
s23,d1,frame_0033.jpg,True,334.0,582.0,448.0,649.0,114.0,67.0,
s23,d1,frame_0034.jpg,True,332.0,582.0,447.0,648.0,115.0,66.0,
s23,d1,frame_0035.jpg,True,331.0,580.0,448.0,645.0,117.0,65.0,
s23,d1,frame_0036.jpg,True,331.0,580.0,447.0,644.0,116.0,64.0,
s23,d1,frame_0037.jpg,True,332.0,578.0,447.0,642.0,115.0,64.0,
s23,d1,frame_0038.jpg,True,331.0,577.0,446.0,639.0,115.0,62.0,
s23,d1,frame_0039.jpg,True,330.0,576.0,446.0,637.0,116.0,61.0,
s23,d1,frame_0040.jpg,True,329.0,575.0,445.0,636.0,116.0,61.0,
s23,d1,frame_0041.jpg,True,329.0,573.0,447.0,635.0,118.0,62.0,
s23,d1,frame_0042.jpg,True,331.0,573.0,447.0,635.0,116.0,62.0,
s23,d2,frame_0001.jpg,True,318.0,558.0,437.0,619.0,119.0,61.0,
s23,d2,frame_0002.jpg,True,320.0,558.0,436.0,619.0,116.0,61.0,
s23,d2,frame_0003.jpg,True,321.0,558.0,437.0,622.0,116.0,64.0,
s23,d2,frame_0004.jpg,True,322.0,556.0,437.0,623.0,115.0,67.0,
s23,d2,frame_0005.jpg,True,324.0,554.0,435.0,630.0,111.0,76.0,
s23,d2,frame_0006.jpg,True,323.0,555.0,435.0,631.0,112.0,76.0,
s23,d2,frame_0007.jpg,True,321.0,556.0,435.0,631.0,114.0,75.0,
s23,d2,frame_0008.jpg,True,321.0,556.0,434.0,631.0,113.0,75.0,
s23,d2,frame_0009.jpg,True,321.0,555.0,434.0,630.0,113.0,75.0,
s23,d2,frame_0010.jpg,True,321.0,555.0,435.0,628.0,114.0,73.0,
s23,d2,frame_0011.jpg,True,321.0,554.0,436.0,626.0,115.0,72.0,
s23,d2,frame_0012.jpg,True,320.0,552.0,435.0,625.0,115.0,73.0,
s23,d2,frame_0013.jpg,True,320.0,551.0,436.0,623.0,116.0,72.0,
s23,d2,frame_0014.jpg,True,321.0,551.0,437.0,623.0,116.0,72.0,
s23,d2,frame_0015.jpg,True,322.0,551.0,438.0,623.0,116.0,72.0,
s23,d2,frame_0016.jpg,True,324.0,551.0,438.0,626.0,114.0,75.0,
s23,d2,frame_0017.jpg,True,328.0,553.0,438.0,633.0,110.0,80.0,
s23,d2,frame_0018.jpg,True,330.0,553.0,439.0,636.0,109.0,83.0,
s23,d2,frame_0019.jpg,True,332.0,553.0,440.0,636.0,108.0,83.0,
s23,d2,frame_0020.jpg,True,335.0,555.0,440.0,634.0,105.0,79.0,
s23,d2,frame_0021.jpg,True,334.0,555.0,440.0,635.0,106.0,80.0,
s23,d2,frame_0022.jpg,True,333.0,553.0,440.0,633.0,107.0,80.0,
s23,d2,frame_0023.jpg,True,333.0,554.0,442.0,632.0,109.0,78.0,
s23,d2,frame_0024.jpg,True,335.0,553.0,445.0,630.0,110.0,77.0,
s23,d2,frame_0025.jpg,True,335.0,553.0,446.0,629.0,111.0,76.0,
s23,d2,frame_0026.jpg,True,335.0,552.0,446.0,626.0,111.0,74.0,
s23,d2,frame_0027.jpg,True,332.0,550.0,445.0,625.0,113.0,75.0,
s23,d2,frame_0028.jpg,True,331.0,549.0,444.0,622.0,113.0,73.0,
s23,d2,frame_0029.jpg,True,330.0,546.0,444.0,621.0,114.0,75.0,
s23,d2,frame_0030.jpg,True,329.0,544.0,443.0,617.0,114.0,73.0,
s23,d2,frame_0031.jpg,True,329.0,543.0,443.0,615.0,114.0,72.0,
s23,d2,frame_0032.jpg,True,329.0,542.0,442.0,614.0,113.0,72.0,
s23,d2,frame_0033.jpg,True,329.0,541.0,441.0,613.0,112.0,72.0,
s23,d2,frame_0034.jpg,True,328.0,542.0,442.0,612.0,114.0,70.0,
s23,d2,frame_0035.jpg,True,328.0,543.0,443.0,611.0,115.0,68.0,
s23,d2,frame_0036.jpg,True,328.0,545.0,443.0,611.0,115.0,66.0,
s23,d2,frame_0037.jpg,True,328.0,545.0,444.0,611.0,116.0,66.0,
s23,d2,frame_0038.jpg,True,328.0,547.0,444.0,612.0,116.0,65.0,
s23,d2,frame_0039.jpg,True,330.0,546.0,447.0,612.0,117.0,66.0,
s23,d2,frame_0040.jpg,True,332.0,547.0,447.0,611.0,115.0,64.0,
s23,d2,frame_0041.jpg,True,334.0,546.0,450.0,610.0,116.0,64.0,
s23,d2,frame_0042.jpg,True,335.0,547.0,451.0,610.0,116.0,63.0,
s23,d2,frame_0043.jpg,True,335.0,545.0,452.0,608.0,117.0,63.0,
s23,d2,frame_0044.jpg,True,335.0,543.0,452.0,605.0,117.0,62.0,
s23,d3,frame_0001.jpg,True,327.0,535.0,443.0,594.0,116.0,59.0,
s23,d3,frame_0002.jpg,True,326.0,534.0,443.0,594.0,117.0,60.0,
s23,d3,frame_0003.jpg,True,327.0,535.0,443.0,594.0,116.0,59.0,
s23,d3,frame_0004.jpg,True,328.0,535.0,444.0,595.0,116.0,60.0,
s23,d3,frame_0005.jpg,True,329.0,535.0,445.0,595.0,116.0,60.0,
s23,d3,frame_0006.jpg,True,329.0,535.0,447.0,597.0,118.0,62.0,
s23,d3,frame_0007.jpg,True,328.0,535.0,446.0,597.0,118.0,62.0,
s23,d3,frame_0008.jpg,True,330.0,535.0,445.0,599.0,115.0,64.0,
s23,d3,frame_0009.jpg,True,330.0,535.0,445.0,603.0,115.0,68.0,
s23,d3,frame_0010.jpg,True,331.0,535.0,445.0,604.0,114.0,69.0,
s23,d3,frame_0011.jpg,True,331.0,534.0,445.0,605.0,114.0,71.0,
s23,d3,frame_0012.jpg,True,331.0,535.0,447.0,606.0,116.0,71.0,
s23,d3,frame_0013.jpg,True,330.0,535.0,447.0,609.0,117.0,74.0,
s23,d3,frame_0014.jpg,True,331.0,534.0,447.0,616.0,116.0,82.0,
s23,d3,frame_0015.jpg,True,331.0,536.0,448.0,622.0,117.0,86.0,
s23,d3,frame_0016.jpg,True,331.0,536.0,448.0,624.0,117.0,88.0,
s23,d3,frame_0017.jpg,True,331.0,538.0,448.0,625.0,117.0,87.0,
s23,d3,frame_0018.jpg,True,334.0,543.0,448.0,620.0,114.0,77.0,
s23,d3,frame_0019.jpg,True,333.0,544.0,447.0,612.0,114.0,68.0,
s23,d3,frame_0020.jpg,True,332.0,548.0,446.0,606.0,114.0,58.0,
s23,d3,frame_0021.jpg,True,331.0,548.0,446.0,606.0,115.0,58.0,
s23,d3,frame_0022.jpg,True,331.0,549.0,446.0,604.0,115.0,55.0,
s23,d3,frame_0023.jpg,True,330.0,550.0,445.0,604.0,115.0,54.0,
s23,d3,frame_0024.jpg,True,330.0,548.0,446.0,603.0,116.0,55.0,
s23,d3,frame_0025.jpg,True,330.0,546.0,446.0,604.0,116.0,58.0,
s23,d3,frame_0026.jpg,True,329.0,546.0,446.0,602.0,117.0,56.0,
s23,d3,frame_0027.jpg,True,328.0,543.0,445.0,599.0,117.0,56.0,
s23,d3,frame_0028.jpg,True,327.0,542.0,445.0,597.0,118.0,55.0,
s23,d3,frame_0029.jpg,True,327.0,542.0,445.0,599.0,118.0,57.0,
s23,d3,frame_0030.jpg,True,328.0,543.0,445.0,600.0,117.0,57.0,
s23,d4,frame_0001.jpg,True,342.0,527.0,462.0,589.0,120.0,62.0,
s23,d4,frame_0002.jpg,True,343.0,527.0,461.0,589.0,118.0,62.0,
s23,d4,frame_0003.jpg,True,342.0,527.0,460.0,590.0,118.0,63.0,
s23,d4,frame_0004.jpg,True,341.0,528.0,459.0,593.0,118.0,65.0,
s23,d4,frame_0005.jpg,True,341.0,527.0,458.0,596.0,117.0,69.0,
s23,d4,frame_0006.jpg,True,342.0,527.0,456.0,606.0,114.0,79.0,
s23,d4,frame_0007.jpg,True,342.0,526.0,457.0,605.0,115.0,79.0,
s23,d4,frame_0008.jpg,True,343.0,526.0,458.0,602.0,115.0,76.0,
s23,d4,frame_0009.jpg,True,341.0,526.0,459.0,600.0,118.0,74.0,
s23,d4,frame_0010.jpg,True,342.0,525.0,459.0,598.0,117.0,73.0,
s23,d4,frame_0011.jpg,True,340.0,524.0,460.0,597.0,120.0,73.0,
s23,d4,frame_0012.jpg,True,340.0,524.0,460.0,596.0,120.0,72.0,
s23,d4,frame_0013.jpg,True,342.0,526.0,461.0,598.0,119.0,72.0,
s23,d4,frame_0014.jpg,True,343.0,524.0,463.0,599.0,120.0,75.0,
s23,d4,frame_0015.jpg,True,343.0,525.0,465.0,600.0,122.0,75.0,
s23,d4,frame_0016.jpg,True,342.0,526.0,466.0,602.0,124.0,76.0,
s23,d4,frame_0017.jpg,True,342.0,529.0,466.0,604.0,124.0,75.0,
s23,d4,frame_0018.jpg,True,342.0,529.0,465.0,605.0,123.0,76.0,
s23,d4,frame_0019.jpg,True,342.0,530.0,466.0,606.0,124.0,76.0,
s23,d4,frame_0020.jpg,True,343.0,532.0,465.0,606.0,122.0,74.0,
s23,d4,frame_0021.jpg,True,343.0,531.0,465.0,606.0,122.0,75.0,
s23,d4,frame_0022.jpg,True,343.0,530.0,465.0,605.0,122.0,75.0,
s23,d4,frame_0023.jpg,True,343.0,530.0,464.0,604.0,121.0,74.0,
s23,d4,frame_0024.jpg,True,343.0,529.0,463.0,604.0,120.0,75.0,
s23,d4,frame_0025.jpg,True,344.0,529.0,463.0,603.0,119.0,74.0,
s23,d4,frame_0026.jpg,True,343.0,529.0,461.0,601.0,118.0,72.0,
s23,d4,frame_0027.jpg,True,341.0,529.0,460.0,601.0,119.0,72.0,
s23,d4,frame_0028.jpg,True,340.0,529.0,459.0,601.0,119.0,72.0,
s23,d4,frame_0029.jpg,True,341.0,530.0,460.0,601.0,119.0,71.0,
s23,d4,frame_0030.jpg,True,338.0,530.0,457.0,601.0,119.0,71.0,
s23,d4,frame_0031.jpg,True,334.0,529.0,454.0,600.0,120.0,71.0,
s23,d4,frame_0032.jpg,True,333.0,528.0,452.0,598.0,119.0,70.0,
s23,d4,frame_0033.jpg,True,332.0,527.0,452.0,599.0,120.0,72.0,
s23,d4,frame_0034.jpg,True,333.0,529.0,452.0,598.0,119.0,69.0,
s23,d4,frame_0035.jpg,True,334.0,529.0,452.0,597.0,118.0,68.0,
s23,d4,frame_0036.jpg,True,335.0,528.0,453.0,597.0,118.0,69.0,
s23,d4,frame_0037.jpg,True,336.0,528.0,454.0,595.0,118.0,67.0,
s23,d4,frame_0038.jpg,True,338.0,528.0,457.0,595.0,119.0,67.0,
s23,d4,frame_0039.jpg,True,340.0,529.0,459.0,595.0,119.0,66.0,
s23,d4,frame_0040.jpg,True,344.0,529.0,462.0,595.0,118.0,66.0,
s23,d4,frame_0041.jpg,True,345.0,530.0,463.0,594.0,118.0,64.0,
s23,d4,frame_0042.jpg,True,345.0,530.0,464.0,594.0,119.0,64.0,
s23,d4,frame_0043.jpg,True,345.0,528.0,464.0,592.0,119.0,64.0,
s23,d4,frame_0044.jpg,True,342.0,526.0,462.0,589.0,120.0,63.0,
s23,d4,frame_0045.jpg,True,338.0,523.0,456.0,585.0,118.0,62.0,
s23,d4,frame_0046.jpg,True,334.0,518.0,452.0,578.0,118.0,60.0,
s23,d4,frame_0047.jpg,True,328.0,514.0,446.0,575.0,118.0,61.0,
s23,d4,frame_0048.jpg,True,320.0,510.0,438.0,571.0,118.0,61.0,
s23,d5,frame_0001.jpg,True,305.0,509.0,420.0,569.0,115.0,60.0,
s23,d5,frame_0002.jpg,True,306.0,509.0,423.0,571.0,117.0,62.0,
s23,d5,frame_0003.jpg,True,307.0,513.0,424.0,574.0,117.0,61.0,
s23,d5,frame_0004.jpg,True,308.0,517.0,424.0,577.0,116.0,60.0,
s23,d5,frame_0005.jpg,True,310.0,519.0,425.0,579.0,115.0,60.0,
s23,d5,frame_0006.jpg,True,318.0,515.0,433.0,580.0,115.0,65.0,
s23,d5,frame_0007.jpg,True,340.0,509.0,455.0,580.0,115.0,71.0,
s23,d5,frame_0008.jpg,True,357.0,504.0,474.0,580.0,117.0,76.0,
s23,d5,frame_0009.jpg,True,366.0,505.0,481.0,586.0,115.0,81.0,
s23,d5,frame_0010.jpg,True,375.0,504.0,491.0,591.0,116.0,87.0,
s23,d5,frame_0011.jpg,True,379.0,501.0,497.0,590.0,118.0,89.0,
s23,d5,frame_0012.jpg,True,377.0,500.0,497.0,590.0,120.0,90.0,
s23,d5,frame_0013.jpg,True,370.0,500.0,490.0,590.0,120.0,90.0,
s23,d5,frame_0014.jpg,True,363.0,503.0,482.0,593.0,119.0,90.0,
s23,d5,frame_0015.jpg,True,359.0,502.0,480.0,594.0,121.0,92.0,
s23,d5,frame_0016.jpg,True,357.0,497.0,478.0,592.0,121.0,95.0,
s23,d5,frame_0017.jpg,True,357.0,500.0,477.0,593.0,120.0,93.0,
s23,d5,frame_0018.jpg,True,359.0,501.0,478.0,592.0,119.0,91.0,
s23,d5,frame_0019.jpg,True,360.0,501.0,478.0,591.0,118.0,90.0,
s23,d5,frame_0020.jpg,True,360.0,497.0,479.0,587.0,119.0,90.0,
s23,d5,frame_0021.jpg,True,360.0,499.0,478.0,587.0,118.0,88.0,
s23,d5,frame_0022.jpg,True,359.0,499.0,478.0,584.0,119.0,85.0,
s23,d5,frame_0023.jpg,True,356.0,497.0,476.0,582.0,120.0,85.0,
s23,d5,frame_0024.jpg,True,354.0,495.0,473.0,577.0,119.0,82.0,
s23,d5,frame_0025.jpg,True,352.0,495.0,471.0,574.0,119.0,79.0,
s23,d5,frame_0026.jpg,True,348.0,495.0,467.0,574.0,119.0,79.0,
s23,d5,frame_0027.jpg,True,346.0,493.0,464.0,572.0,118.0,79.0,
s23,d5,frame_0028.jpg,True,346.0,493.0,464.0,570.0,118.0,77.0,
s23,d5,frame_0029.jpg,True,346.0,493.0,464.0,568.0,118.0,75.0,
s23,d5,frame_0030.jpg,True,347.0,491.0,466.0,567.0,119.0,76.0,
s23,d5,frame_0031.jpg,True,351.0,491.0,468.0,565.0,117.0,74.0,
s23,d5,frame_0032.jpg,True,354.0,492.0,470.0,565.0,116.0,73.0,
s23,d5,frame_0033.jpg,True,352.0,493.0,470.0,566.0,118.0,73.0,
s23,d5,frame_0034.jpg,True,349.0,494.0,466.0,566.0,117.0,72.0,
s23,d5,frame_0035.jpg,True,345.0,495.0,463.0,565.0,118.0,70.0,
s23,d5,frame_0036.jpg,True,338.0,497.0,457.0,566.0,119.0,69.0,
s23,d5,frame_0037.jpg,True,334.0,496.0,452.0,564.0,118.0,68.0,
s23,d5,frame_0038.jpg,True,331.0,496.0,449.0,563.0,118.0,67.0,
s23,d5,frame_0039.jpg,True,329.0,494.0,447.0,561.0,118.0,67.0,
s23,d5,frame_0040.jpg,True,328.0,493.0,447.0,559.0,119.0,66.0,
s23,d5,frame_0041.jpg,True,327.0,492.0,446.0,558.0,119.0,66.0,
s23,d5,frame_0042.jpg,True,326.0,490.0,446.0,556.0,120.0,66.0,
s23,d5,frame_0043.jpg,True,326.0,490.0,445.0,555.0,119.0,65.0,
s23,d5,frame_0044.jpg,True,325.0,490.0,445.0,554.0,120.0,64.0,
s23,d6,frame_0001.jpg,True,320.0,503.0,437.0,563.0,117.0,60.0,
s23,d6,frame_0002.jpg,True,319.0,503.0,436.0,564.0,117.0,61.0,
s23,d6,frame_0003.jpg,True,318.0,503.0,436.0,565.0,118.0,62.0,
s23,d6,frame_0004.jpg,True,317.0,502.0,435.0,566.0,118.0,64.0,
s23,d6,frame_0005.jpg,True,316.0,503.0,433.0,567.0,117.0,64.0,
s23,d6,frame_0006.jpg,True,317.0,501.0,432.0,569.0,115.0,68.0,
s23,d6,frame_0007.jpg,True,319.0,500.0,433.0,571.0,114.0,71.0,
s23,d6,frame_0008.jpg,True,322.0,499.0,433.0,575.0,111.0,76.0,
s23,d6,frame_0009.jpg,True,322.0,499.0,433.0,578.0,111.0,79.0,
s23,d6,frame_0010.jpg,True,322.0,499.0,431.0,579.0,109.0,80.0,
s23,d6,frame_0011.jpg,True,323.0,499.0,431.0,581.0,108.0,82.0,
s23,d6,frame_0012.jpg,True,325.0,499.0,429.0,582.0,104.0,83.0,
s23,d6,frame_0013.jpg,True,325.0,499.0,431.0,581.0,106.0,82.0,
s23,d6,frame_0014.jpg,True,327.0,499.0,432.0,581.0,105.0,82.0,
s23,d6,frame_0015.jpg,True,328.0,499.0,431.0,580.0,103.0,81.0,
s23,d6,frame_0016.jpg,True,324.0,500.0,429.0,581.0,105.0,81.0,
s23,d6,frame_0017.jpg,True,323.0,500.0,429.0,584.0,106.0,84.0,
s23,d6,frame_0018.jpg,True,324.0,501.0,429.0,585.0,105.0,84.0,
s23,d6,frame_0019.jpg,True,324.0,501.0,432.0,585.0,108.0,84.0,
s23,d6,frame_0020.jpg,True,324.0,501.0,432.0,585.0,108.0,84.0,
s23,d6,frame_0021.jpg,True,324.0,499.0,434.0,583.0,110.0,84.0,
s23,d6,frame_0022.jpg,True,325.0,496.0,435.0,583.0,110.0,87.0,
s23,d6,frame_0023.jpg,True,327.0,496.0,436.0,580.0,109.0,84.0,
s23,d6,frame_0024.jpg,True,326.0,494.0,438.0,580.0,112.0,86.0,
s23,d6,frame_0025.jpg,True,326.0,494.0,437.0,578.0,111.0,84.0,
s23,d6,frame_0026.jpg,True,326.0,494.0,437.0,575.0,111.0,81.0,
s23,d6,frame_0027.jpg,True,324.0,495.0,436.0,574.0,112.0,79.0,
s23,d6,frame_0028.jpg,True,324.0,494.0,438.0,572.0,114.0,78.0,
s23,d6,frame_0029.jpg,True,324.0,495.0,438.0,570.0,114.0,75.0,
s23,d6,frame_0030.jpg,True,325.0,494.0,439.0,566.0,114.0,72.0,
s23,d6,frame_0031.jpg,True,327.0,496.0,444.0,563.0,117.0,67.0,
s23,d6,frame_0032.jpg,True,329.0,496.0,447.0,562.0,118.0,66.0,
s23,d6,frame_0033.jpg,True,331.0,496.0,448.0,560.0,117.0,64.0,
s23,d6,frame_0034.jpg,True,331.0,495.0,449.0,558.0,118.0,63.0,
s23,d7,frame_0001.jpg,True,334.0,483.0,452.0,547.0,118.0,64.0,
s23,d7,frame_0002.jpg,True,333.0,485.0,452.0,549.0,119.0,64.0,
s23,d7,frame_0003.jpg,True,332.0,487.0,452.0,552.0,120.0,65.0,
s23,d7,frame_0004.jpg,True,332.0,488.0,451.0,556.0,119.0,68.0,
s23,d7,frame_0005.jpg,True,330.0,490.0,449.0,558.0,119.0,68.0,
s23,d7,frame_0006.jpg,True,328.0,491.0,446.0,564.0,118.0,73.0,
s23,d7,frame_0007.jpg,True,325.0,491.0,441.0,567.0,116.0,76.0,
s23,d7,frame_0008.jpg,True,323.0,492.0,439.0,568.0,116.0,76.0,
s23,d7,frame_0009.jpg,True,323.0,492.0,439.0,570.0,116.0,78.0,
s23,d7,frame_0010.jpg,True,323.0,492.0,438.0,570.0,115.0,78.0,
s23,d7,frame_0011.jpg,True,322.0,493.0,439.0,570.0,117.0,77.0,
s23,d7,frame_0012.jpg,True,321.0,493.0,440.0,572.0,119.0,79.0,
s23,d7,frame_0013.jpg,True,322.0,493.0,440.0,576.0,118.0,83.0,
s23,d7,frame_0014.jpg,True,321.0,494.0,440.0,579.0,119.0,85.0,
s23,d7,frame_0015.jpg,True,319.0,497.0,436.0,581.0,117.0,84.0,
s23,d7,frame_0016.jpg,True,316.0,500.0,436.0,582.0,120.0,82.0,
s23,d7,frame_0017.jpg,True,317.0,500.0,438.0,581.0,121.0,81.0,
s23,d7,frame_0018.jpg,True,320.0,498.0,439.0,581.0,119.0,83.0,
s23,d7,frame_0019.jpg,True,321.0,499.0,441.0,582.0,120.0,83.0,
s23,d7,frame_0020.jpg,True,320.0,500.0,440.0,582.0,120.0,82.0,
s23,d7,frame_0021.jpg,True,319.0,498.0,439.0,582.0,120.0,84.0,
s23,d7,frame_0022.jpg,True,319.0,499.0,439.0,581.0,120.0,82.0,
s23,d7,frame_0023.jpg,True,318.0,500.0,438.0,583.0,120.0,83.0,
s23,d7,frame_0024.jpg,True,318.0,500.0,438.0,582.0,120.0,82.0,
s23,d7,frame_0025.jpg,True,318.0,500.0,437.0,581.0,119.0,81.0,
s23,d7,frame_0026.jpg,True,318.0,501.0,437.0,580.0,119.0,79.0,
s23,d7,frame_0027.jpg,True,318.0,501.0,437.0,577.0,119.0,76.0,
s23,d7,frame_0028.jpg,True,318.0,502.0,437.0,576.0,119.0,74.0,
s23,d7,frame_0029.jpg,True,317.0,503.0,435.0,576.0,118.0,73.0,
s23,d7,frame_0030.jpg,True,314.0,503.0,433.0,577.0,119.0,74.0,
s23,d7,frame_0031.jpg,True,313.0,505.0,432.0,575.0,119.0,70.0,
s23,d7,frame_0032.jpg,True,310.0,507.0,428.0,577.0,118.0,70.0,
s23,d7,frame_0033.jpg,True,306.0,507.0,424.0,577.0,118.0,70.0,
s23,d7,frame_0034.jpg,True,306.0,507.0,423.0,577.0,117.0,70.0,
s23,d7,frame_0035.jpg,True,307.0,507.0,423.0,577.0,116.0,70.0,
s23,d7,frame_0036.jpg,True,308.0,508.0,424.0,576.0,116.0,68.0,
s23,d7,frame_0037.jpg,True,310.0,507.0,426.0,575.0,116.0,68.0,
s23,d7,frame_0038.jpg,True,311.0,507.0,429.0,575.0,118.0,68.0,
s23,d7,frame_0039.jpg,True,312.0,508.0,430.0,575.0,118.0,67.0,
s23,d7,frame_0040.jpg,True,311.0,508.0,430.0,576.0,119.0,68.0,
s23,d7,frame_0041.jpg,True,312.0,510.0,429.0,576.0,117.0,66.0,
s23,d7,frame_0042.jpg,True,312.0,511.0,429.0,577.0,117.0,66.0,
s23,d7,frame_0043.jpg,True,313.0,512.0,429.0,577.0,116.0,65.0,
s23,d7,frame_0044.jpg,True,312.0,513.0,429.0,577.0,117.0,64.0,
s23,d7,frame_0045.jpg,True,310.0,513.0,428.0,578.0,118.0,65.0,
s23,d8,frame_0001.jpg,True,304.0,506.0,420.0,572.0,116.0,66.0,
s23,d8,frame_0002.jpg,True,305.0,506.0,420.0,573.0,115.0,67.0,
s23,d8,frame_0003.jpg,True,307.0,506.0,421.0,574.0,114.0,68.0,
s23,d8,frame_0004.jpg,True,311.0,507.0,422.0,580.0,111.0,73.0,
s23,d8,frame_0005.jpg,True,311.0,507.0,422.0,584.0,111.0,77.0,
s23,d8,frame_0006.jpg,True,309.0,510.0,422.0,585.0,113.0,75.0,
s23,d8,frame_0007.jpg,True,307.0,514.0,421.0,586.0,114.0,72.0,
s23,d8,frame_0008.jpg,True,305.0,516.0,418.0,582.0,113.0,66.0,
s23,d8,frame_0009.jpg,True,303.0,519.0,417.0,578.0,114.0,59.0,
s23,d8,frame_0010.jpg,True,303.0,520.0,417.0,578.0,114.0,58.0,
s23,d8,frame_0011.jpg,True,302.0,521.0,417.0,576.0,115.0,55.0,
s23,d8,frame_0012.jpg,True,302.0,520.0,417.0,576.0,115.0,56.0,
s23,d8,frame_0013.jpg,True,302.0,518.0,417.0,579.0,115.0,61.0,
s23,d8,frame_0014.jpg,True,305.0,515.0,418.0,586.0,113.0,71.0,
s23,d8,frame_0015.jpg,True,305.0,513.0,419.0,592.0,114.0,79.0,
s23,d8,frame_0016.jpg,True,303.0,513.0,420.0,594.0,117.0,81.0,
s23,d8,frame_0017.jpg,True,301.0,513.0,417.0,591.0,116.0,78.0,
s23,d8,frame_0018.jpg,True,300.0,512.0,416.0,587.0,116.0,75.0,
s23,d8,frame_0019.jpg,True,300.0,512.0,415.0,585.0,115.0,73.0,
s23,d8,frame_0020.jpg,True,299.0,513.0,416.0,584.0,117.0,71.0,
s23,d8,frame_0021.jpg,True,299.0,513.0,416.0,584.0,117.0,71.0,
s23,d8,frame_0022.jpg,True,300.0,513.0,416.0,587.0,116.0,74.0,
s23,d8,frame_0023.jpg,True,299.0,512.0,416.0,586.0,117.0,74.0,
s23,d8,frame_0024.jpg,True,300.0,510.0,417.0,584.0,117.0,74.0,
s23,d8,frame_0025.jpg,True,299.0,510.0,417.0,583.0,118.0,73.0,
s23,d8,frame_0026.jpg,True,298.0,509.0,415.0,584.0,117.0,75.0,
s23,d8,frame_0027.jpg,True,297.0,510.0,413.0,584.0,116.0,74.0,
s23,d8,frame_0028.jpg,True,297.0,510.0,413.0,584.0,116.0,74.0,
s23,d8,frame_0029.jpg,True,299.0,511.0,415.0,584.0,116.0,73.0,
s23,d8,frame_0030.jpg,True,302.0,511.0,418.0,584.0,116.0,73.0,
s23,d8,frame_0031.jpg,True,304.0,512.0,420.0,583.0,116.0,71.0,
s23,d8,frame_0032.jpg,True,305.0,511.0,421.0,582.0,116.0,71.0,
s23,d8,frame_0033.jpg,True,304.0,511.0,421.0,581.0,117.0,70.0,
s23,d8,frame_0034.jpg,True,304.0,511.0,420.0,579.0,116.0,68.0,
s23,d8,frame_0035.jpg,True,303.0,511.0,419.0,576.0,116.0,65.0,
s23,d8,frame_0036.jpg,True,303.0,510.0,421.0,575.0,118.0,65.0,
s23,d8,frame_0037.jpg,True,304.0,509.0,422.0,573.0,118.0,64.0,
s23,d8,frame_0038.jpg,True,304.0,507.0,422.0,570.0,118.0,63.0,
s23,d8,frame_0039.jpg,True,304.0,508.0,423.0,568.0,119.0,60.0,
s23,d8,frame_0040.jpg,True,304.0,507.0,424.0,567.0,120.0,60.0,
s23,d8,frame_0041.jpg,True,303.0,506.0,422.0,567.0,119.0,61.0,
s23,d8,frame_0042.jpg,True,300.0,506.0,419.0,566.0,119.0,60.0,
s23,d9,frame_0001.jpg,True,303.0,513.0,420.0,574.0,117.0,61.0,
s23,d9,frame_0002.jpg,True,303.0,513.0,419.0,574.0,116.0,61.0,
s23,d9,frame_0003.jpg,True,305.0,510.0,420.0,574.0,115.0,64.0,
s23,d9,frame_0004.jpg,True,308.0,510.0,422.0,577.0,114.0,67.0,
s23,d9,frame_0005.jpg,True,308.0,510.0,422.0,580.0,114.0,70.0,
s23,d9,frame_0006.jpg,True,306.0,511.0,419.0,586.0,113.0,75.0,
s23,d9,frame_0007.jpg,True,306.0,511.0,419.0,586.0,113.0,75.0,
s23,d9,frame_0008.jpg,True,306.0,511.0,418.0,586.0,112.0,75.0,
s23,d9,frame_0009.jpg,True,305.0,510.0,419.0,586.0,114.0,76.0,
s23,d9,frame_0010.jpg,True,305.0,511.0,418.0,588.0,113.0,77.0,
s23,d9,frame_0011.jpg,True,305.0,511.0,419.0,590.0,114.0,79.0,
s23,d9,frame_0012.jpg,True,305.0,511.0,419.0,596.0,114.0,85.0,
s23,d9,frame_0013.jpg,True,304.0,510.0,419.0,603.0,115.0,93.0,
s23,d9,frame_0014.jpg,True,304.0,510.0,420.0,603.0,116.0,93.0,
s23,d9,frame_0015.jpg,True,305.0,510.0,419.0,603.0,114.0,93.0,
s23,d9,frame_0016.jpg,True,309.0,512.0,416.0,600.0,107.0,88.0,
s23,d9,frame_0017.jpg,True,311.0,515.0,414.0,599.0,103.0,84.0,
s23,d9,frame_0018.jpg,True,311.0,516.0,412.0,596.0,101.0,80.0,
s23,d9,frame_0019.jpg,True,312.0,517.0,412.0,595.0,100.0,78.0,
s23,d9,frame_0020.jpg,True,311.0,517.0,412.0,594.0,101.0,77.0,
s23,d9,frame_0021.jpg,True,310.0,516.0,412.0,593.0,102.0,77.0,
s23,d9,frame_0022.jpg,True,309.0,515.0,415.0,591.0,106.0,76.0,
s23,d9,frame_0023.jpg,True,309.0,514.0,418.0,589.0,109.0,75.0,
s23,d9,frame_0024.jpg,True,309.0,514.0,419.0,588.0,110.0,74.0,
s23,d9,frame_0025.jpg,True,309.0,515.0,418.0,587.0,109.0,72.0,
s23,d9,frame_0026.jpg,True,306.0,516.0,419.0,587.0,113.0,71.0,
s23,d9,frame_0027.jpg,True,306.0,515.0,420.0,587.0,114.0,72.0,
s23,d9,frame_0028.jpg,True,308.0,518.0,422.0,586.0,114.0,68.0,
s23,d9,frame_0029.jpg,True,307.0,518.0,422.0,584.0,115.0,66.0,
s23,d9,frame_0030.jpg,True,306.0,519.0,422.0,584.0,116.0,65.0,
s23,d9,frame_0031.jpg,True,306.0,520.0,421.0,583.0,115.0,63.0,
s23,d9,frame_0032.jpg,True,307.0,518.0,422.0,581.0,115.0,63.0,
s23,d9,frame_0033.jpg,True,307.0,518.0,422.0,580.0,115.0,62.0,
s23,d9,frame_0034.jpg,True,306.0,517.0,422.0,578.0,116.0,61.0,
s23,d10,frame_0001.jpg,True,306.0,515.0,423.0,577.0,117.0,62.0,
s23,d10,frame_0002.jpg,True,298.0,519.0,414.0,581.0,116.0,62.0,
s23,d10,frame_0003.jpg,True,295.0,520.0,412.0,581.0,117.0,61.0,
s23,d10,frame_0004.jpg,True,295.0,520.0,411.0,582.0,116.0,62.0,
s23,d10,frame_0005.jpg,True,294.0,521.0,410.0,583.0,116.0,62.0,
s23,d10,frame_0006.jpg,True,293.0,520.0,410.0,586.0,117.0,66.0,
s23,d10,frame_0007.jpg,True,295.0,522.0,409.0,588.0,114.0,66.0,
s23,d10,frame_0008.jpg,True,296.0,522.0,408.0,598.0,112.0,76.0,
s23,d10,frame_0009.jpg,True,295.0,523.0,408.0,602.0,113.0,79.0,
s23,d10,frame_0010.jpg,True,295.0,523.0,408.0,600.0,113.0,77.0,
s23,d10,frame_0011.jpg,True,295.0,522.0,407.0,598.0,112.0,76.0,
s23,d10,frame_0012.jpg,True,293.0,521.0,407.0,595.0,114.0,74.0,
s23,d10,frame_0013.jpg,True,292.0,519.0,407.0,592.0,115.0,73.0,
s23,d10,frame_0014.jpg,True,292.0,519.0,407.0,590.0,115.0,71.0,
s23,d10,frame_0015.jpg,True,292.0,517.0,406.0,588.0,114.0,71.0,
s23,d10,frame_0016.jpg,True,292.0,516.0,408.0,587.0,116.0,71.0,
s23,d10,frame_0017.jpg,True,292.0,515.0,408.0,587.0,116.0,72.0,
s23,d10,frame_0018.jpg,True,293.0,515.0,407.0,589.0,114.0,74.0,
s23,d10,frame_0019.jpg,True,294.0,518.0,407.0,591.0,113.0,73.0,
s23,d10,frame_0020.jpg,True,295.0,521.0,410.0,589.0,115.0,68.0,
s23,d10,frame_0021.jpg,True,295.0,524.0,410.0,587.0,115.0,63.0,
s23,d10,frame_0022.jpg,True,297.0,525.0,410.0,585.0,113.0,60.0,
s23,d10,frame_0023.jpg,True,297.0,525.0,411.0,586.0,114.0,61.0,
s23,d10,frame_0024.jpg,True,297.0,526.0,410.0,586.0,113.0,60.0,
s23,d10,frame_0025.jpg,True,295.0,528.0,408.0,586.0,113.0,58.0,
s23,d10,frame_0026.jpg,True,294.0,527.0,406.0,588.0,112.0,61.0,
s23,d10,frame_0027.jpg,True,295.0,527.0,408.0,587.0,113.0,60.0,
s23,d10,frame_0028.jpg,True,295.0,526.0,408.0,587.0,113.0,61.0,
s23,d10,frame_0029.jpg,True,294.0,527.0,407.0,587.0,113.0,60.0,
s23,d10,frame_0030.jpg,True,293.0,526.0,406.0,587.0,113.0,61.0,
s24,d0,frame_0001.jpg,True,286.0,616.0,455.0,688.0,169.0,72.0,
s24,d0,frame_0002.jpg,True,287.0,616.0,455.0,689.0,168.0,73.0,
s24,d0,frame_0003.jpg,True,287.0,617.0,454.0,690.0,167.0,73.0,
s24,d0,frame_0004.jpg,True,288.0,618.0,455.0,691.0,167.0,73.0,
s24,d0,frame_0005.jpg,True,288.0,620.0,455.0,694.0,167.0,74.0,
s24,d0,frame_0006.jpg,True,291.0,623.0,455.0,699.0,164.0,76.0,
s24,d0,frame_0007.jpg,True,294.0,621.0,453.0,715.0,159.0,94.0,
s24,d0,frame_0008.jpg,True,289.0,616.0,455.0,724.0,166.0,108.0,
s24,d0,frame_0009.jpg,True,291.0,614.0,458.0,728.0,167.0,114.0,
s24,d0,frame_0010.jpg,True,292.0,613.0,458.0,724.0,166.0,111.0,
s24,d0,frame_0011.jpg,True,295.0,614.0,457.0,716.0,162.0,102.0,
s24,d0,frame_0012.jpg,True,294.0,615.0,457.0,708.0,163.0,93.0,
s24,d0,frame_0013.jpg,True,295.0,616.0,457.0,703.0,162.0,87.0,
s24,d0,frame_0014.jpg,True,294.0,615.0,459.0,699.0,165.0,84.0,
s24,d0,frame_0015.jpg,True,294.0,614.0,460.0,695.0,166.0,81.0,
s24,d0,frame_0016.jpg,True,295.0,613.0,461.0,694.0,166.0,81.0,
s24,d0,frame_0017.jpg,True,297.0,612.0,461.0,693.0,164.0,81.0,
s24,d0,frame_0018.jpg,True,297.0,611.0,463.0,691.0,166.0,80.0,
s24,d0,frame_0019.jpg,True,297.0,611.0,462.0,691.0,165.0,80.0,
s24,d0,frame_0020.jpg,True,297.0,611.0,463.0,690.0,166.0,79.0,
s24,d0,frame_0021.jpg,True,297.0,612.0,463.0,690.0,166.0,78.0,
s24,d0,frame_0022.jpg,True,297.0,611.0,465.0,692.0,168.0,81.0,
s24,d0,frame_0023.jpg,True,298.0,611.0,464.0,690.0,166.0,79.0,
s24,d0,frame_0024.jpg,True,297.0,611.0,465.0,690.0,168.0,79.0,
s24,d0,frame_0025.jpg,True,297.0,611.0,463.0,690.0,166.0,79.0,
s24,d0,frame_0026.jpg,True,295.0,611.0,463.0,689.0,168.0,78.0,
s24,d0,frame_0027.jpg,True,293.0,610.0,462.0,688.0,169.0,78.0,
s24,d0,frame_0028.jpg,True,293.0,611.0,460.0,689.0,167.0,78.0,
s24,d0,frame_0029.jpg,True,292.0,610.0,460.0,688.0,168.0,78.0,
s24,d0,frame_0030.jpg,True,291.0,610.0,460.0,688.0,169.0,78.0,
s24,d1,frame_0001.jpg,True,292.0,613.0,460.0,692.0,168.0,79.0,
s24,d1,frame_0002.jpg,True,292.0,614.0,459.0,693.0,167.0,79.0,
s24,d1,frame_0003.jpg,True,292.0,615.0,458.0,693.0,166.0,78.0,
s24,d1,frame_0004.jpg,True,292.0,616.0,459.0,694.0,167.0,78.0,
s24,d1,frame_0005.jpg,True,292.0,617.0,459.0,694.0,167.0,77.0,
s24,d1,frame_0006.jpg,True,292.0,617.0,458.0,695.0,166.0,78.0,
s24,d1,frame_0007.jpg,True,291.0,616.0,458.0,695.0,167.0,79.0,
s24,d1,frame_0008.jpg,True,291.0,615.0,457.0,696.0,166.0,81.0,
s24,d1,frame_0009.jpg,True,291.0,614.0,457.0,698.0,166.0,84.0,
s24,d1,frame_0010.jpg,True,291.0,614.0,458.0,699.0,167.0,85.0,
s24,d1,frame_0011.jpg,True,292.0,613.0,458.0,701.0,166.0,88.0,
s24,d1,frame_0012.jpg,True,292.0,613.0,459.0,702.0,167.0,89.0,
s24,d1,frame_0013.jpg,True,293.0,614.0,459.0,708.0,166.0,94.0,
s24,d1,frame_0014.jpg,True,294.0,616.0,460.0,715.0,166.0,99.0,
s24,d1,frame_0015.jpg,True,294.0,617.0,460.0,720.0,166.0,103.0,
s24,d1,frame_0016.jpg,True,296.0,622.0,461.0,722.0,165.0,100.0,
s24,d1,frame_0017.jpg,True,295.0,623.0,462.0,723.0,167.0,100.0,
s24,d1,frame_0018.jpg,True,295.0,625.0,462.0,722.0,167.0,97.0,
s24,d1,frame_0019.jpg,True,296.0,625.0,463.0,720.0,167.0,95.0,
s24,d1,frame_0020.jpg,True,296.0,625.0,463.0,717.0,167.0,92.0,
s24,d1,frame_0021.jpg,True,297.0,624.0,464.0,714.0,167.0,90.0,
s24,d1,frame_0022.jpg,True,297.0,623.0,464.0,711.0,167.0,88.0,
s24,d1,frame_0023.jpg,True,297.0,623.0,466.0,709.0,169.0,86.0,
s24,d1,frame_0024.jpg,True,298.0,623.0,466.0,708.0,168.0,85.0,
s24,d1,frame_0025.jpg,True,298.0,623.0,466.0,707.0,168.0,84.0,
s24,d1,frame_0026.jpg,True,298.0,624.0,466.0,707.0,168.0,83.0,
s24,d1,frame_0027.jpg,True,299.0,624.0,467.0,705.0,168.0,81.0,
s24,d1,frame_0028.jpg,True,300.0,624.0,467.0,704.0,167.0,80.0,
s24,d1,frame_0029.jpg,True,301.0,625.0,467.0,704.0,166.0,79.0,
s24,d1,frame_0030.jpg,True,301.0,625.0,467.0,704.0,166.0,79.0,
s24,d1,frame_0031.jpg,True,300.0,626.0,470.0,704.0,170.0,78.0,
s24,d2,frame_0001.jpg,True,305.0,643.0,476.0,724.0,171.0,81.0,
s24,d2,frame_0002.jpg,True,307.0,645.0,476.0,725.0,169.0,80.0,
s24,d2,frame_0003.jpg,True,308.0,645.0,478.0,725.0,170.0,80.0,
s24,d2,frame_0004.jpg,True,308.0,645.0,477.0,725.0,169.0,80.0,
s24,d2,frame_0005.jpg,True,309.0,645.0,479.0,725.0,170.0,80.0,
s24,d2,frame_0006.jpg,True,310.0,646.0,480.0,725.0,170.0,79.0,
s24,d2,frame_0007.jpg,True,310.0,645.0,480.0,725.0,170.0,80.0,
s24,d2,frame_0008.jpg,True,311.0,645.0,481.0,725.0,170.0,80.0,
s24,d2,frame_0009.jpg,True,312.0,646.0,482.0,725.0,170.0,79.0,
s24,d2,frame_0010.jpg,True,307.0,644.0,476.0,733.0,169.0,89.0,
s24,d2,frame_0011.jpg,True,306.0,643.0,475.0,732.0,169.0,89.0,
s24,d2,frame_0012.jpg,True,305.0,641.0,474.0,731.0,169.0,90.0,
s24,d2,frame_0013.jpg,True,303.0,639.0,473.0,730.0,170.0,91.0,
s24,d2,frame_0014.jpg,True,301.0,638.0,472.0,728.0,171.0,90.0,
s24,d2,frame_0015.jpg,True,300.0,638.0,471.0,729.0,171.0,91.0,
s24,d2,frame_0016.jpg,True,302.0,638.0,470.0,744.0,168.0,106.0,
s24,d2,frame_0017.jpg,True,304.0,641.0,470.0,758.0,166.0,117.0,
s24,d2,frame_0018.jpg,True,305.0,647.0,468.0,754.0,163.0,107.0,
s24,d2,frame_0019.jpg,True,307.0,654.0,467.0,749.0,160.0,95.0,
s24,d2,frame_0020.jpg,True,307.0,660.0,466.0,746.0,159.0,86.0,
s24,d2,frame_0021.jpg,True,305.0,663.0,466.0,746.0,161.0,83.0,
s24,d2,frame_0022.jpg,True,304.0,664.0,467.0,746.0,163.0,82.0,
s24,d2,frame_0023.jpg,True,304.0,664.0,468.0,747.0,164.0,83.0,
s24,d2,frame_0024.jpg,True,300.0,664.0,469.0,746.0,169.0,82.0,
s24,d2,frame_0025.jpg,True,299.0,662.0,469.0,746.0,170.0,84.0,
s24,d2,frame_0026.jpg,True,299.0,661.0,468.0,744.0,169.0,83.0,
s24,d2,frame_0027.jpg,True,297.0,661.0,468.0,743.0,171.0,82.0,
s24,d2,frame_0028.jpg,True,296.0,660.0,468.0,742.0,172.0,82.0,
s24,d2,frame_0029.jpg,True,296.0,659.0,470.0,741.0,174.0,82.0,
s24,d2,frame_0030.jpg,True,296.0,659.0,469.0,741.0,173.0,82.0,
s24,d2,frame_0031.jpg,True,298.0,661.0,469.0,741.0,171.0,80.0,
s24,d2,frame_0032.jpg,True,297.0,662.0,471.0,741.0,174.0,79.0,
s24,d2,frame_0033.jpg,True,297.0,663.0,471.0,741.0,174.0,78.0,
s24,d2,frame_0034.jpg,True,298.0,663.0,471.0,742.0,173.0,79.0,
s24,d2,frame_0035.jpg,True,298.0,664.0,471.0,742.0,173.0,78.0,
s24,d2,frame_0036.jpg,True,299.0,664.0,472.0,741.0,173.0,77.0,
s24,d2,frame_0037.jpg,True,300.0,664.0,472.0,741.0,172.0,77.0,
s24,d2,frame_0038.jpg,True,302.0,664.0,472.0,740.0,170.0,76.0,
s24,d2,frame_0039.jpg,True,302.0,664.0,473.0,740.0,171.0,76.0,
s24,d3,frame_0001.jpg,True,314.0,663.0,483.0,741.0,169.0,78.0,
s24,d3,frame_0002.jpg,True,314.0,665.0,484.0,741.0,170.0,76.0,
s24,d3,frame_0003.jpg,True,315.0,664.0,485.0,741.0,170.0,77.0,
s24,d3,frame_0004.jpg,True,315.0,664.0,486.0,741.0,171.0,77.0,
s24,d3,frame_0005.jpg,True,316.0,664.0,487.0,741.0,171.0,77.0,
s24,d3,frame_0006.jpg,True,317.0,662.0,487.0,739.0,170.0,77.0,
s24,d3,frame_0007.jpg,True,318.0,661.0,486.0,739.0,168.0,78.0,
s24,d3,frame_0008.jpg,True,319.0,659.0,488.0,742.0,169.0,83.0,
s24,d3,frame_0009.jpg,True,321.0,655.0,488.0,745.0,167.0,90.0,
s24,d3,frame_0010.jpg,True,321.0,652.0,489.0,745.0,168.0,93.0,
s24,d3,frame_0011.jpg,True,320.0,649.0,490.0,745.0,170.0,96.0,
s24,d3,frame_0012.jpg,True,320.0,649.0,491.0,745.0,171.0,96.0,
s24,d3,frame_0013.jpg,True,319.0,649.0,491.0,745.0,172.0,96.0,
s24,d3,frame_0014.jpg,True,318.0,651.0,490.0,748.0,172.0,97.0,
s24,d3,frame_0015.jpg,True,319.0,653.0,491.0,759.0,172.0,106.0,
s24,d3,frame_0016.jpg,True,319.0,658.0,490.0,774.0,171.0,116.0,
s24,d3,frame_0017.jpg,True,320.0,662.0,486.0,783.0,166.0,121.0,
s24,d3,frame_0018.jpg,True,321.0,670.0,484.0,782.0,163.0,112.0,
s24,d3,frame_0019.jpg,True,320.0,680.0,484.0,774.0,164.0,94.0,
s24,d3,frame_0020.jpg,True,319.0,687.0,480.0,761.0,161.0,74.0,
s24,d3,frame_0021.jpg,True,315.0,687.0,480.0,754.0,165.0,67.0,
s24,d3,frame_0022.jpg,True,313.0,685.0,480.0,753.0,167.0,68.0,
s24,d3,frame_0023.jpg,True,312.0,683.0,479.0,751.0,167.0,68.0,
s24,d3,frame_0024.jpg,True,311.0,679.0,480.0,748.0,169.0,69.0,
s24,d3,frame_0025.jpg,True,311.0,677.0,479.0,747.0,168.0,70.0,
s24,d3,frame_0026.jpg,True,310.0,675.0,479.0,747.0,169.0,72.0,
s24,d3,frame_0027.jpg,True,310.0,675.0,479.0,747.0,169.0,72.0,
s24,d3,frame_0028.jpg,True,310.0,675.0,479.0,746.0,169.0,71.0,
s24,d4,frame_0001.jpg,True,310.0,677.0,482.0,750.0,172.0,73.0,
s24,d4,frame_0002.jpg,True,310.0,677.0,482.0,751.0,172.0,74.0,
s24,d4,frame_0003.jpg,True,310.0,678.0,482.0,752.0,172.0,74.0,
s24,d4,frame_0004.jpg,True,310.0,678.0,481.0,754.0,171.0,76.0,
s24,d4,frame_0005.jpg,True,311.0,679.0,481.0,755.0,170.0,76.0,
s24,d4,frame_0006.jpg,True,311.0,678.0,481.0,754.0,170.0,76.0,
s24,d4,frame_0007.jpg,True,313.0,674.0,480.0,758.0,167.0,84.0,
s24,d4,frame_0008.jpg,True,313.0,666.0,483.0,762.0,170.0,96.0,
s24,d4,frame_0009.jpg,True,314.0,663.0,485.0,759.0,171.0,96.0,
s24,d4,frame_0010.jpg,True,314.0,661.0,487.0,756.0,173.0,95.0,
s24,d4,frame_0011.jpg,True,315.0,660.0,488.0,752.0,173.0,92.0,
s24,d4,frame_0012.jpg,True,315.0,660.0,489.0,751.0,174.0,91.0,
s24,d4,frame_0013.jpg,True,316.0,661.0,489.0,751.0,173.0,90.0,
s24,d4,frame_0014.jpg,True,316.0,663.0,489.0,753.0,173.0,90.0,
s24,d4,frame_0015.jpg,True,316.0,666.0,489.0,757.0,173.0,91.0,
s24,d4,frame_0016.jpg,True,316.0,670.0,489.0,761.0,173.0,91.0,
s24,d4,frame_0017.jpg,True,318.0,674.0,488.0,766.0,170.0,92.0,
s24,d4,frame_0018.jpg,True,315.0,676.0,488.0,770.0,173.0,94.0,
s24,d4,frame_0019.jpg,True,315.0,679.0,487.0,773.0,172.0,94.0,
s24,d4,frame_0020.jpg,True,315.0,680.0,488.0,774.0,173.0,94.0,
s24,d4,frame_0021.jpg,True,316.0,681.0,487.0,774.0,171.0,93.0,
s24,d4,frame_0022.jpg,True,316.0,682.0,488.0,774.0,172.0,92.0,
s24,d4,frame_0023.jpg,True,316.0,681.0,487.0,772.0,171.0,91.0,
s24,d4,frame_0024.jpg,True,315.0,679.0,487.0,769.0,172.0,90.0,
s24,d4,frame_0025.jpg,True,315.0,678.0,488.0,767.0,173.0,89.0,
s24,d4,frame_0026.jpg,True,313.0,676.0,487.0,765.0,174.0,89.0,
s24,d4,frame_0027.jpg,True,313.0,674.0,487.0,763.0,174.0,89.0,
s24,d4,frame_0028.jpg,True,313.0,672.0,487.0,761.0,174.0,89.0,
s24,d4,frame_0029.jpg,True,312.0,671.0,487.0,759.0,175.0,88.0,
s24,d4,frame_0030.jpg,True,311.0,672.0,487.0,758.0,176.0,86.0,
s24,d4,frame_0031.jpg,True,311.0,672.0,486.0,758.0,175.0,86.0,
s24,d4,frame_0032.jpg,True,310.0,674.0,486.0,758.0,176.0,84.0,
s24,d4,frame_0033.jpg,True,311.0,676.0,485.0,757.0,174.0,81.0,
s24,d4,frame_0034.jpg,True,311.0,678.0,484.0,756.0,173.0,78.0,
s24,d4,frame_0035.jpg,True,309.0,680.0,484.0,755.0,175.0,75.0,
s24,d4,frame_0036.jpg,True,307.0,679.0,483.0,753.0,176.0,74.0,
s24,d4,frame_0037.jpg,True,308.0,679.0,483.0,753.0,175.0,74.0,
s24,d5,frame_0001.jpg,True,304.0,680.0,479.0,757.0,175.0,77.0,
s24,d5,frame_0002.jpg,True,304.0,679.0,478.0,758.0,174.0,79.0,
s24,d5,frame_0003.jpg,True,306.0,677.0,477.0,763.0,171.0,86.0,
s24,d5,frame_0004.jpg,True,306.0,674.0,476.0,768.0,170.0,94.0,
s24,d5,frame_0005.jpg,True,308.0,670.0,475.0,773.0,167.0,103.0,
s24,d5,frame_0006.jpg,True,308.0,666.0,477.0,778.0,169.0,112.0,
s24,d5,frame_0007.jpg,True,309.0,665.0,478.0,781.0,169.0,116.0,
s24,d5,frame_0008.jpg,True,311.0,664.0,480.0,782.0,169.0,118.0,
s24,d5,frame_0009.jpg,True,313.0,664.0,482.0,783.0,169.0,119.0,
s24,d5,frame_0010.jpg,True,314.0,665.0,484.0,785.0,170.0,120.0,
s24,d5,frame_0011.jpg,True,315.0,668.0,486.0,788.0,171.0,120.0,
s24,d5,frame_0012.jpg,True,317.0,673.0,487.0,792.0,170.0,119.0,
s24,d5,frame_0013.jpg,True,317.0,678.0,487.0,795.0,170.0,117.0,
s24,d5,frame_0014.jpg,True,316.0,682.0,487.0,797.0,171.0,115.0,
s24,d5,frame_0015.jpg,True,316.0,685.0,488.0,797.0,172.0,112.0,
s24,d5,frame_0016.jpg,True,316.0,685.0,487.0,796.0,171.0,111.0,
s24,d5,frame_0017.jpg,True,316.0,684.0,486.0,793.0,170.0,109.0,
s24,d5,frame_0018.jpg,True,315.0,685.0,487.0,789.0,172.0,104.0,
s24,d5,frame_0019.jpg,True,315.0,683.0,487.0,787.0,172.0,104.0,
s24,d5,frame_0020.jpg,True,316.0,683.0,486.0,783.0,170.0,100.0,
s24,d5,frame_0021.jpg,True,315.0,683.0,487.0,780.0,172.0,97.0,
s24,d5,frame_0022.jpg,True,317.0,682.0,487.0,778.0,170.0,96.0,
s24,d5,frame_0023.jpg,True,314.0,682.0,489.0,775.0,175.0,93.0,
s24,d5,frame_0024.jpg,True,315.0,681.0,489.0,772.0,174.0,91.0,
s24,d5,frame_0025.jpg,True,315.0,682.0,490.0,769.0,175.0,87.0,
s24,d5,frame_0026.jpg,True,315.0,681.0,490.0,769.0,175.0,88.0,
s24,d5,frame_0027.jpg,True,314.0,682.0,490.0,768.0,176.0,86.0,
s24,d5,frame_0028.jpg,True,314.0,685.0,489.0,767.0,175.0,82.0,
s24,d5,frame_0029.jpg,True,315.0,686.0,488.0,765.0,173.0,79.0,
s24,d5,frame_0030.jpg,True,315.0,686.0,489.0,765.0,174.0,79.0,
s24,d5,frame_0031.jpg,True,316.0,687.0,488.0,763.0,172.0,76.0,
s24,d5,frame_0032.jpg,True,316.0,687.0,488.0,763.0,172.0,76.0,
s24,d5,frame_0033.jpg,True,315.0,687.0,488.0,762.0,173.0,75.0,
s24,d6,frame_0001.jpg,True,315.0,686.0,488.0,762.0,173.0,76.0,
s24,d6,frame_0002.jpg,True,315.0,686.0,488.0,764.0,173.0,78.0,
s24,d6,frame_0003.jpg,True,315.0,686.0,488.0,765.0,173.0,79.0,
s24,d6,frame_0004.jpg,True,316.0,687.0,487.0,768.0,171.0,81.0,
s24,d6,frame_0005.jpg,True,320.0,687.0,486.0,773.0,166.0,86.0,
s24,d6,frame_0006.jpg,True,323.0,686.0,484.0,778.0,161.0,92.0,
s24,d6,frame_0007.jpg,True,326.0,685.0,483.0,780.0,157.0,95.0,
s24,d6,frame_0008.jpg,True,329.0,684.0,482.0,780.0,153.0,96.0,
s24,d6,frame_0009.jpg,True,330.0,685.0,482.0,781.0,152.0,96.0,
s24,d6,frame_0010.jpg,True,331.0,685.0,482.0,782.0,151.0,97.0,
s24,d6,frame_0011.jpg,True,331.0,686.0,481.0,783.0,150.0,97.0,
s24,d6,frame_0012.jpg,True,331.0,687.0,481.0,784.0,150.0,97.0,
s24,d6,frame_0013.jpg,True,328.0,690.0,480.0,786.0,152.0,96.0,
s24,d6,frame_0014.jpg,True,327.0,691.0,479.0,786.0,152.0,95.0,
s24,d6,frame_0015.jpg,True,325.0,692.0,478.0,787.0,153.0,95.0,
s24,d6,frame_0016.jpg,True,323.0,692.0,479.0,786.0,156.0,94.0,
s24,d6,frame_0017.jpg,True,318.0,689.0,480.0,784.0,162.0,95.0,
s24,d6,frame_0018.jpg,True,317.0,687.0,480.0,781.0,163.0,94.0,
s24,d6,frame_0019.jpg,True,313.0,685.0,479.0,778.0,166.0,93.0,
s24,d6,frame_0020.jpg,True,309.0,683.0,480.0,775.0,171.0,92.0,
s24,d6,frame_0021.jpg,True,308.0,683.0,478.0,773.0,170.0,90.0,
s24,d6,frame_0022.jpg,True,304.0,681.0,479.0,770.0,175.0,89.0,
s24,d6,frame_0023.jpg,True,304.0,680.0,479.0,767.0,175.0,87.0,
s24,d6,frame_0024.jpg,True,302.0,680.0,477.0,765.0,175.0,85.0,
s24,d6,frame_0025.jpg,True,303.0,681.0,477.0,764.0,174.0,83.0,
s24,d6,frame_0026.jpg,True,304.0,681.0,478.0,764.0,174.0,83.0,
s24,d6,frame_0027.jpg,True,307.0,683.0,481.0,764.0,174.0,81.0,
s24,d6,frame_0028.jpg,True,309.0,684.0,483.0,764.0,174.0,80.0,
s24,d6,frame_0029.jpg,True,312.0,684.0,486.0,763.0,174.0,79.0,
s24,d6,frame_0030.jpg,True,316.0,682.0,487.0,763.0,171.0,81.0,
s24,d6,frame_0031.jpg,True,317.0,681.0,489.0,761.0,172.0,80.0,
s24,d6,frame_0032.jpg,True,317.0,680.0,488.0,761.0,171.0,81.0,
s24,d6,frame_0033.jpg,True,317.0,680.0,488.0,760.0,171.0,80.0,
s24,d6,frame_0034.jpg,True,315.0,680.0,487.0,759.0,172.0,79.0,
s24,d7,frame_0001.jpg,True,305.0,685.0,478.0,761.0,173.0,76.0,
s24,d7,frame_0002.jpg,True,304.0,684.0,478.0,761.0,174.0,77.0,
s24,d7,frame_0003.jpg,True,303.0,685.0,477.0,762.0,174.0,77.0,
s24,d7,frame_0004.jpg,True,303.0,684.0,476.0,763.0,173.0,79.0,
s24,d7,frame_0005.jpg,True,302.0,682.0,476.0,765.0,174.0,83.0,
s24,d7,frame_0006.jpg,True,304.0,681.0,477.0,770.0,173.0,89.0,
s24,d7,frame_0007.jpg,True,304.0,679.0,477.0,772.0,173.0,93.0,
s24,d7,frame_0008.jpg,True,306.0,677.0,477.0,771.0,171.0,94.0,
s24,d7,frame_0009.jpg,True,306.0,677.0,478.0,771.0,172.0,94.0,
s24,d7,frame_0010.jpg,True,307.0,676.0,478.0,770.0,171.0,94.0,
s24,d7,frame_0011.jpg,True,308.0,676.0,479.0,770.0,171.0,94.0,
s24,d7,frame_0012.jpg,True,308.0,677.0,479.0,773.0,171.0,96.0,
s24,d7,frame_0013.jpg,True,308.0,680.0,479.0,776.0,171.0,96.0,
s24,d7,frame_0014.jpg,True,307.0,684.0,479.0,782.0,172.0,98.0,
s24,d7,frame_0015.jpg,True,306.0,688.0,479.0,788.0,173.0,100.0,
s24,d7,frame_0016.jpg,True,307.0,690.0,481.0,793.0,174.0,103.0,
s24,d7,frame_0017.jpg,True,309.0,693.0,482.0,794.0,173.0,101.0,
s24,d7,frame_0018.jpg,True,309.0,697.0,481.0,790.0,172.0,93.0,
s24,d7,frame_0019.jpg,True,311.0,698.0,481.0,788.0,170.0,90.0,
s24,d7,frame_0020.jpg,True,310.0,698.0,482.0,787.0,172.0,89.0,
s24,d7,frame_0021.jpg,True,310.0,695.0,482.0,785.0,172.0,90.0,
s24,d7,frame_0022.jpg,True,307.0,693.0,484.0,782.0,177.0,89.0,
s24,d7,frame_0023.jpg,True,308.0,691.0,484.0,778.0,176.0,87.0,
s24,d7,frame_0024.jpg,True,308.0,690.0,484.0,776.0,176.0,86.0,
s24,d7,frame_0025.jpg,True,309.0,690.0,484.0,774.0,175.0,84.0,
s24,d7,frame_0026.jpg,True,310.0,693.0,483.0,773.0,173.0,80.0,
s24,d7,frame_0027.jpg,True,310.0,695.0,483.0,773.0,173.0,78.0,
s24,d7,frame_0028.jpg,True,311.0,697.0,483.0,772.0,172.0,75.0,
s24,d7,frame_0029.jpg,True,311.0,697.0,485.0,772.0,174.0,75.0,
s24,d7,frame_0030.jpg,True,312.0,698.0,486.0,772.0,174.0,74.0,
s24,d7,frame_0031.jpg,True,313.0,698.0,487.0,773.0,174.0,75.0,
s24,d8,frame_0001.jpg,True,263.0,632.0,443.0,710.0,180.0,78.0,
s24,d8,frame_0002.jpg,True,265.0,632.0,446.0,710.0,181.0,78.0,
s24,d8,frame_0003.jpg,True,269.0,633.0,450.0,710.0,181.0,77.0,
s24,d8,frame_0004.jpg,True,270.0,635.0,450.0,711.0,180.0,76.0,
s24,d8,frame_0005.jpg,True,272.0,637.0,453.0,713.0,181.0,76.0,
s24,d8,frame_0006.jpg,True,273.0,639.0,455.0,715.0,182.0,76.0,
s24,d8,frame_0007.jpg,True,274.0,642.0,455.0,717.0,181.0,75.0,
s24,d8,frame_0008.jpg,True,277.0,646.0,456.0,721.0,179.0,75.0,
s24,d8,frame_0009.jpg,True,277.0,647.0,456.0,730.0,179.0,83.0,
s24,d8,frame_0010.jpg,True,277.0,645.0,457.0,739.0,180.0,94.0,
s24,d8,frame_0011.jpg,True,276.0,641.0,458.0,747.0,182.0,106.0,
s24,d8,frame_0012.jpg,True,274.0,640.0,459.0,746.0,185.0,106.0,
s24,d8,frame_0013.jpg,True,272.0,638.0,460.0,739.0,188.0,101.0,
s24,d8,frame_0014.jpg,True,270.0,638.0,460.0,733.0,190.0,95.0,
s24,d8,frame_0015.jpg,True,270.0,637.0,459.0,730.0,189.0,93.0,
s24,d8,frame_0016.jpg,True,268.0,634.0,461.0,728.0,193.0,94.0,
s24,d8,frame_0017.jpg,True,269.0,631.0,461.0,726.0,192.0,95.0,
s24,d8,frame_0018.jpg,True,269.0,629.0,461.0,725.0,192.0,96.0,
s24,d8,frame_0019.jpg,True,270.0,629.0,461.0,723.0,191.0,94.0,
s24,d8,frame_0020.jpg,True,270.0,628.0,461.0,721.0,191.0,93.0,
s24,d8,frame_0021.jpg,True,271.0,628.0,463.0,721.0,192.0,93.0,
s24,d8,frame_0022.jpg,True,273.0,628.0,465.0,721.0,192.0,93.0,
s24,d8,frame_0023.jpg,True,272.0,630.0,466.0,721.0,194.0,91.0,
s24,d8,frame_0024.jpg,True,274.0,632.0,466.0,721.0,192.0,89.0,
s24,d8,frame_0025.jpg,True,278.0,634.0,465.0,718.0,187.0,84.0,
s24,d8,frame_0026.jpg,True,279.0,637.0,465.0,716.0,186.0,79.0,
s24,d8,frame_0027.jpg,True,279.0,637.0,467.0,715.0,188.0,78.0,
s24,d8,frame_0028.jpg,True,279.0,638.0,468.0,715.0,189.0,77.0,
s24,d8,frame_0029.jpg,True,281.0,640.0,467.0,717.0,186.0,77.0,
s24,d8,frame_0030.jpg,True,281.0,641.0,469.0,716.0,188.0,75.0,
s24,d8,frame_0031.jpg,True,286.0,642.0,471.0,719.0,185.0,77.0,
s24,d9,frame_0001.jpg,True,286.0,658.0,469.0,737.0,183.0,79.0,
s24,d9,frame_0002.jpg,True,287.0,657.0,472.0,738.0,185.0,81.0,
s24,d9,frame_0003.jpg,True,288.0,658.0,471.0,738.0,183.0,80.0,
s24,d9,frame_0004.jpg,True,288.0,658.0,472.0,738.0,184.0,80.0,
s24,d9,frame_0005.jpg,True,289.0,658.0,474.0,738.0,185.0,80.0,
s24,d9,frame_0006.jpg,True,291.0,656.0,475.0,738.0,184.0,82.0,
s24,d9,frame_0007.jpg,True,294.0,654.0,475.0,743.0,181.0,89.0,
s24,d9,frame_0008.jpg,True,294.0,651.0,474.0,750.0,180.0,99.0,
s24,d9,frame_0009.jpg,True,294.0,650.0,473.0,753.0,179.0,103.0,
s24,d9,frame_0010.jpg,True,293.0,649.0,473.0,755.0,180.0,106.0,
s24,d9,frame_0011.jpg,True,292.0,649.0,473.0,760.0,181.0,111.0,
s24,d9,frame_0012.jpg,True,295.0,649.0,472.0,769.0,177.0,120.0,
s24,d9,frame_0013.jpg,True,295.0,652.0,472.0,777.0,177.0,125.0,
s24,d9,frame_0014.jpg,True,296.0,657.0,471.0,783.0,175.0,126.0,
s24,d9,frame_0015.jpg,True,297.0,664.0,469.0,785.0,172.0,121.0,
s24,d9,frame_0016.jpg,True,295.0,671.0,467.0,782.0,172.0,111.0,
s24,d9,frame_0017.jpg,True,295.0,678.0,465.0,780.0,170.0,102.0,
s24,d9,frame_0018.jpg,True,292.0,681.0,467.0,777.0,175.0,96.0,
s24,d9,frame_0019.jpg,True,291.0,683.0,466.0,774.0,175.0,91.0,
s24,d9,frame_0020.jpg,True,290.0,684.0,466.0,769.0,176.0,85.0,
s24,d9,frame_0021.jpg,True,288.0,683.0,467.0,767.0,179.0,84.0,
s24,d9,frame_0022.jpg,True,287.0,682.0,468.0,765.0,181.0,83.0,
s24,d9,frame_0023.jpg,True,287.0,680.0,470.0,763.0,183.0,83.0,
s24,d9,frame_0024.jpg,True,287.0,679.0,470.0,762.0,183.0,83.0,
s24,d9,frame_0025.jpg,True,287.0,677.0,471.0,761.0,184.0,84.0,
s24,d9,frame_0026.jpg,True,288.0,676.0,473.0,758.0,185.0,82.0,
s24,d9,frame_0027.jpg,True,290.0,675.0,476.0,758.0,186.0,83.0,
s24,d9,frame_0028.jpg,True,292.0,674.0,477.0,756.0,185.0,82.0,
s24,d9,frame_0029.jpg,True,293.0,675.0,479.0,756.0,186.0,81.0,
s24,d9,frame_0030.jpg,True,294.0,675.0,478.0,755.0,184.0,80.0,
s24,d9,frame_0031.jpg,True,300.0,676.0,479.0,754.0,179.0,78.0,
s24,d10,frame_0001.jpg,True,303.0,673.0,485.0,752.0,182.0,79.0,
s24,d10,frame_0002.jpg,True,303.0,672.0,485.0,752.0,182.0,80.0,
s24,d10,frame_0003.jpg,True,302.0,672.0,484.0,751.0,182.0,79.0,
s24,d10,frame_0004.jpg,True,301.0,671.0,485.0,752.0,184.0,81.0,
s24,d10,frame_0005.jpg,True,301.0,670.0,484.0,752.0,183.0,82.0,
s24,d10,frame_0006.jpg,True,299.0,669.0,483.0,755.0,184.0,86.0,
s24,d10,frame_0007.jpg,True,300.0,667.0,481.0,763.0,181.0,96.0,
s24,d10,frame_0008.jpg,True,298.0,667.0,481.0,765.0,183.0,98.0,
s24,d10,frame_0009.jpg,True,296.0,664.0,482.0,767.0,186.0,103.0,
s24,d10,frame_0010.jpg,True,296.0,663.0,482.0,767.0,186.0,104.0,
s24,d10,frame_0011.jpg,True,295.0,662.0,482.0,767.0,187.0,105.0,
s24,d10,frame_0012.jpg,True,295.0,663.0,482.0,767.0,187.0,104.0,
s24,d10,frame_0013.jpg,True,296.0,664.0,483.0,768.0,187.0,104.0,
s24,d10,frame_0014.jpg,True,297.0,667.0,482.0,772.0,185.0,105.0,
s24,d10,frame_0015.jpg,True,299.0,671.0,482.0,776.0,183.0,105.0,
s24,d10,frame_0016.jpg,True,300.0,677.0,482.0,785.0,182.0,108.0,
s24,d10,frame_0017.jpg,True,302.0,685.0,480.0,789.0,178.0,104.0,
s24,d10,frame_0018.jpg,True,299.0,700.0,481.0,778.0,182.0,78.0,
s24,d10,frame_0019.jpg,True,298.0,707.0,482.0,773.0,184.0,66.0,
s24,d10,frame_0020.jpg,True,298.0,706.0,484.0,772.0,186.0,66.0,
s24,d10,frame_0021.jpg,True,297.0,707.0,484.0,772.0,187.0,65.0,
s24,d10,frame_0022.jpg,True,298.0,704.0,483.0,771.0,185.0,67.0,
s24,d10,frame_0023.jpg,True,300.0,701.0,482.0,771.0,182.0,70.0,
s24,d10,frame_0024.jpg,True,299.0,696.0,484.0,768.0,185.0,72.0,
s24,d10,frame_0025.jpg,True,299.0,692.0,485.0,766.0,186.0,74.0,
s24,d10,frame_0026.jpg,True,299.0,690.0,485.0,763.0,186.0,73.0,
s24,d10,frame_0027.jpg,True,299.0,687.0,486.0,761.0,187.0,74.0,
s24,d10,frame_0028.jpg,True,300.0,685.0,487.0,760.0,187.0,75.0,
s24,d10,frame_0029.jpg,True,301.0,685.0,487.0,760.0,186.0,75.0,
s24,d10,frame_0030.jpg,True,302.0,685.0,488.0,760.0,186.0,75.0,
s25,d0,frame_0001.jpg,True,296.0,612.0,453.0,688.0,157.0,76.0,
s25,d0,frame_0002.jpg,True,296.0,613.0,453.0,688.0,157.0,75.0,
s25,d0,frame_0003.jpg,True,296.0,613.0,452.0,688.0,156.0,75.0,
s25,d0,frame_0004.jpg,True,296.0,613.0,451.0,689.0,155.0,76.0,
s25,d0,frame_0005.jpg,True,296.0,613.0,452.0,689.0,156.0,76.0,
s25,d0,frame_0006.jpg,True,298.0,611.0,451.0,691.0,153.0,80.0,
s25,d0,frame_0007.jpg,True,297.0,609.0,450.0,692.0,153.0,83.0,
s25,d0,frame_0008.jpg,True,295.0,605.0,450.0,699.0,155.0,94.0,
s25,d0,frame_0009.jpg,True,293.0,600.0,451.0,705.0,158.0,105.0,
s25,d0,frame_0010.jpg,True,291.0,600.0,451.0,708.0,160.0,108.0,
s25,d0,frame_0011.jpg,True,289.0,602.0,451.0,696.0,162.0,94.0,
s25,d0,frame_0012.jpg,True,291.0,614.0,449.0,668.0,158.0,54.0,
s25,d0,frame_0013.jpg,True,286.0,617.0,451.0,657.0,165.0,40.0,
s25,d0,frame_0014.jpg,True,284.0,617.0,452.0,652.0,168.0,35.0,
s25,d0,frame_0015.jpg,True,282.0,616.0,453.0,652.0,171.0,36.0,
s25,d0,frame_0016.jpg,True,284.0,616.0,453.0,651.0,169.0,35.0,
s25,d0,frame_0017.jpg,True,284.0,618.0,452.0,653.0,168.0,35.0,
s25,d0,frame_0018.jpg,True,282.0,619.0,452.0,654.0,170.0,35.0,
s25,d0,frame_0019.jpg,True,283.0,613.0,448.0,687.0,165.0,74.0,
s25,d0,frame_0020.jpg,True,282.0,608.0,447.0,726.0,165.0,118.0,
s25,d0,frame_0021.jpg,True,280.0,607.0,445.0,741.0,165.0,134.0,
s25,d0,frame_0022.jpg,True,282.0,607.0,443.0,748.0,161.0,141.0,
s25,d0,frame_0023.jpg,True,284.0,609.0,441.0,748.0,157.0,139.0,
s25,d0,frame_0024.jpg,True,286.0,610.0,439.0,745.0,153.0,135.0,
s25,d0,frame_0025.jpg,True,291.0,612.0,436.0,737.0,145.0,125.0,
s25,d0,frame_0026.jpg,True,295.0,613.0,433.0,726.0,138.0,113.0,
s25,d0,frame_0027.jpg,True,297.0,613.0,433.0,716.0,136.0,103.0,
s25,d0,frame_0028.jpg,True,297.0,613.0,433.0,708.0,136.0,95.0,
s25,d0,frame_0029.jpg,True,297.0,613.0,433.0,704.0,136.0,91.0,
s25,d0,frame_0030.jpg,True,296.0,610.0,434.0,701.0,138.0,91.0,
s25,d0,frame_0031.jpg,True,297.0,608.0,434.0,696.0,137.0,88.0,
s25,d0,frame_0032.jpg,True,295.0,606.0,436.0,694.0,141.0,88.0,
s25,d0,frame_0033.jpg,True,293.0,606.0,438.0,693.0,145.0,87.0,
s25,d0,frame_0034.jpg,True,291.0,607.0,441.0,692.0,150.0,85.0,
s25,d0,frame_0035.jpg,True,290.0,607.0,443.0,690.0,153.0,83.0,
s25,d0,frame_0036.jpg,True,288.0,608.0,443.0,689.0,155.0,81.0,
s25,d0,frame_0037.jpg,True,286.0,608.0,444.0,688.0,158.0,80.0,
s25,d0,frame_0038.jpg,True,285.0,609.0,444.0,687.0,159.0,78.0,
s25,d0,frame_0039.jpg,True,285.0,610.0,444.0,685.0,159.0,75.0,
s25,d0,frame_0040.jpg,True,284.0,610.0,444.0,685.0,160.0,75.0,
s25,d0,frame_0041.jpg,True,283.0,611.0,444.0,684.0,161.0,73.0,
s25,d0,frame_0042.jpg,True,283.0,612.0,444.0,684.0,161.0,72.0,
s25,d1,frame_0001.jpg,True,288.0,622.0,446.0,697.0,158.0,75.0,
s25,d1,frame_0002.jpg,True,289.0,622.0,446.0,697.0,157.0,75.0,
s25,d1,frame_0003.jpg,True,289.0,622.0,447.0,697.0,158.0,75.0,
s25,d1,frame_0004.jpg,True,289.0,623.0,447.0,697.0,158.0,74.0,
s25,d1,frame_0005.jpg,True,290.0,623.0,447.0,697.0,157.0,74.0,
s25,d1,frame_0006.jpg,True,289.0,623.0,447.0,698.0,158.0,75.0,
s25,d1,frame_0007.jpg,True,290.0,623.0,446.0,700.0,156.0,77.0,
s25,d1,frame_0008.jpg,True,288.0,621.0,447.0,714.0,159.0,93.0,
s25,d1,frame_0009.jpg,True,287.0,614.0,448.0,719.0,161.0,105.0,
s25,d1,frame_0010.jpg,True,287.0,606.0,448.0,718.0,161.0,112.0,
s25,d1,frame_0011.jpg,True,287.0,602.0,449.0,712.0,162.0,110.0,
s25,d1,frame_0012.jpg,True,288.0,599.0,449.0,704.0,161.0,105.0,
s25,d1,frame_0013.jpg,True,288.0,599.0,447.0,701.0,159.0,102.0,
s25,d1,frame_0014.jpg,True,287.0,596.0,447.0,698.0,160.0,102.0,
s25,d1,frame_0015.jpg,True,287.0,596.0,447.0,699.0,160.0,103.0,
s25,d1,frame_0016.jpg,True,286.0,597.0,447.0,702.0,161.0,105.0,
s25,d1,frame_0017.jpg,True,286.0,600.0,447.0,707.0,161.0,107.0,
s25,d1,frame_0018.jpg,True,286.0,604.0,446.0,713.0,160.0,109.0,
s25,d1,frame_0019.jpg,True,286.0,611.0,448.0,720.0,162.0,109.0,
s25,d1,frame_0020.jpg,True,283.0,615.0,448.0,726.0,165.0,111.0,
s25,d1,frame_0021.jpg,True,285.0,618.0,446.0,730.0,161.0,112.0,
s25,d1,frame_0022.jpg,True,284.0,621.0,445.0,733.0,161.0,112.0,
s25,d1,frame_0023.jpg,True,284.0,623.0,446.0,734.0,162.0,111.0,
s25,d1,frame_0024.jpg,True,283.0,623.0,445.0,732.0,162.0,109.0,
s25,d1,frame_0025.jpg,True,284.0,622.0,445.0,732.0,161.0,110.0,
s25,d1,frame_0026.jpg,True,283.0,620.0,445.0,727.0,162.0,107.0,
s25,d1,frame_0027.jpg,True,283.0,618.0,445.0,722.0,162.0,104.0,
s25,d1,frame_0028.jpg,True,282.0,618.0,446.0,718.0,164.0,100.0,
s25,d1,frame_0029.jpg,True,284.0,617.0,444.0,713.0,160.0,96.0,
s25,d1,frame_0030.jpg,True,283.0,616.0,444.0,710.0,161.0,94.0,
s25,d1,frame_0031.jpg,True,284.0,617.0,443.0,709.0,159.0,92.0,
s25,d1,frame_0032.jpg,True,283.0,618.0,443.0,706.0,160.0,88.0,
s25,d1,frame_0033.jpg,True,284.0,619.0,444.0,704.0,160.0,85.0,
s25,d1,frame_0034.jpg,True,284.0,621.0,444.0,704.0,160.0,83.0,
s25,d1,frame_0035.jpg,True,281.0,624.0,446.0,701.0,165.0,77.0,
s25,d1,frame_0036.jpg,True,279.0,626.0,447.0,700.0,168.0,74.0,
s25,d1,frame_0037.jpg,True,280.0,627.0,447.0,700.0,167.0,73.0,
s25,d1,frame_0038.jpg,True,280.0,628.0,447.0,700.0,167.0,72.0,
s25,d1,frame_0039.jpg,True,280.0,628.0,447.0,699.0,167.0,71.0,
s25,d1,frame_0040.jpg,True,281.0,627.0,447.0,699.0,166.0,72.0,
s25,d1,frame_0041.jpg,True,282.0,628.0,448.0,699.0,166.0,71.0,
s25,d2,frame_0001.jpg,True,302.0,634.0,463.0,710.0,161.0,76.0,
s25,d2,frame_0002.jpg,True,303.0,633.0,463.0,710.0,160.0,77.0,
s25,d2,frame_0003.jpg,True,304.0,635.0,463.0,710.0,159.0,75.0,
s25,d2,frame_0004.jpg,True,304.0,636.0,464.0,712.0,160.0,76.0,
s25,d2,frame_0005.jpg,True,305.0,636.0,464.0,712.0,159.0,76.0,
s25,d2,frame_0006.jpg,True,306.0,635.0,465.0,712.0,159.0,77.0,
s25,d2,frame_0007.jpg,True,308.0,636.0,464.0,713.0,156.0,77.0,
s25,d2,frame_0008.jpg,True,308.0,633.0,465.0,723.0,157.0,90.0,
s25,d2,frame_0009.jpg,True,306.0,630.0,468.0,738.0,162.0,108.0,
s25,d2,frame_0010.jpg,True,304.0,627.0,469.0,739.0,165.0,112.0,
s25,d2,frame_0011.jpg,True,301.0,625.0,470.0,733.0,169.0,108.0,
s25,d2,frame_0012.jpg,True,298.0,622.0,472.0,727.0,174.0,105.0,
s25,d2,frame_0013.jpg,True,295.0,620.0,471.0,723.0,176.0,103.0,
s25,d2,frame_0014.jpg,True,295.0,621.0,471.0,722.0,176.0,101.0,
s25,d2,frame_0015.jpg,True,295.0,622.0,472.0,723.0,177.0,101.0,
s25,d2,frame_0016.jpg,True,294.0,625.0,473.0,725.0,179.0,100.0,
s25,d2,frame_0017.jpg,True,292.0,627.0,474.0,727.0,182.0,100.0,
s25,d2,frame_0018.jpg,True,291.0,631.0,474.0,734.0,183.0,103.0,
s25,d2,frame_0019.jpg,True,291.0,630.0,470.0,759.0,179.0,129.0,
s25,d2,frame_0020.jpg,True,294.0,635.0,470.0,778.0,176.0,143.0,
s25,d2,frame_0021.jpg,True,298.0,637.0,465.0,787.0,167.0,150.0,
s25,d2,frame_0022.jpg,True,303.0,639.0,457.0,775.0,154.0,136.0,
s25,d2,frame_0023.jpg,True,311.0,644.0,453.0,764.0,142.0,120.0,
s25,d2,frame_0024.jpg,True,313.0,647.0,451.0,751.0,138.0,104.0,
s25,d2,frame_0025.jpg,True,315.0,652.0,446.0,744.0,131.0,92.0,
s25,d2,frame_0026.jpg,True,314.0,651.0,446.0,738.0,132.0,87.0,
s25,d2,frame_0027.jpg,True,313.0,649.0,446.0,737.0,133.0,88.0,
s25,d2,frame_0028.jpg,True,311.0,642.0,448.0,736.0,137.0,94.0,
s25,d2,frame_0029.jpg,True,307.0,636.0,454.0,733.0,147.0,97.0,
s25,d2,frame_0030.jpg,True,305.0,633.0,456.0,729.0,151.0,96.0,
s25,d2,frame_0031.jpg,True,304.0,631.0,457.0,728.0,153.0,97.0,
s25,d2,frame_0032.jpg,True,303.0,631.0,458.0,727.0,155.0,96.0,
s25,d2,frame_0033.jpg,True,303.0,631.0,458.0,726.0,155.0,95.0,
s25,d2,frame_0034.jpg,True,303.0,632.0,459.0,725.0,156.0,93.0,
s25,d2,frame_0035.jpg,True,304.0,634.0,459.0,723.0,155.0,89.0,
s25,d2,frame_0036.jpg,True,304.0,637.0,460.0,723.0,156.0,86.0,
s25,d2,frame_0037.jpg,True,303.0,639.0,461.0,721.0,158.0,82.0,
s25,d2,frame_0038.jpg,True,303.0,641.0,462.0,720.0,159.0,79.0,
s25,d2,frame_0039.jpg,True,303.0,643.0,462.0,720.0,159.0,77.0,
s25,d2,frame_0040.jpg,True,301.0,644.0,462.0,719.0,161.0,75.0,
s25,d2,frame_0041.jpg,True,301.0,644.0,461.0,717.0,160.0,73.0,
s25,d3,frame_0001.jpg,True,308.0,646.0,468.0,719.0,160.0,73.0,
s25,d3,frame_0002.jpg,True,308.0,647.0,468.0,721.0,160.0,74.0,
s25,d3,frame_0003.jpg,True,308.0,647.0,468.0,721.0,160.0,74.0,
s25,d3,frame_0004.jpg,True,307.0,648.0,468.0,721.0,161.0,73.0,
s25,d3,frame_0005.jpg,True,307.0,649.0,467.0,721.0,160.0,72.0,
s25,d3,frame_0006.jpg,True,307.0,649.0,468.0,723.0,161.0,74.0,
s25,d3,frame_0007.jpg,True,307.0,648.0,469.0,724.0,162.0,76.0,
s25,d3,frame_0008.jpg,True,308.0,648.0,466.0,726.0,158.0,78.0,
s25,d3,frame_0009.jpg,True,304.0,643.0,467.0,739.0,163.0,96.0,
s25,d3,frame_0010.jpg,True,303.0,639.0,468.0,744.0,165.0,105.0,
s25,d3,frame_0011.jpg,True,301.0,634.0,470.0,744.0,169.0,110.0,
s25,d3,frame_0012.jpg,True,300.0,628.0,471.0,741.0,171.0,113.0,
s25,d3,frame_0013.jpg,True,297.0,627.0,473.0,733.0,176.0,106.0,
s25,d3,frame_0014.jpg,True,295.0,624.0,470.0,728.0,175.0,104.0,
s25,d3,frame_0015.jpg,True,294.0,626.0,469.0,723.0,175.0,97.0,
s25,d3,frame_0016.jpg,True,294.0,628.0,470.0,724.0,176.0,96.0,
s25,d3,frame_0017.jpg,True,293.0,631.0,470.0,725.0,177.0,94.0,
s25,d3,frame_0018.jpg,True,292.0,632.0,469.0,727.0,177.0,95.0,
s25,d3,frame_0019.jpg,True,292.0,634.0,470.0,730.0,178.0,96.0,
s25,d3,frame_0020.jpg,True,291.0,637.0,469.0,740.0,178.0,103.0,
s25,d3,frame_0021.jpg,True,290.0,638.0,469.0,765.0,179.0,127.0,
s25,d3,frame_0022.jpg,True,288.0,641.0,466.0,786.0,178.0,145.0,
s25,d3,frame_0023.jpg,True,290.0,645.0,463.0,793.0,173.0,148.0,
s25,d3,frame_0024.jpg,True,291.0,649.0,461.0,796.0,170.0,147.0,
s25,d3,frame_0025.jpg,True,290.0,652.0,461.0,797.0,171.0,145.0,
s25,d3,frame_0026.jpg,True,287.0,655.0,463.0,791.0,176.0,136.0,
s25,d3,frame_0027.jpg,True,290.0,664.0,461.0,759.0,171.0,95.0,
s25,d3,frame_0028.jpg,True,292.0,670.0,459.0,734.0,167.0,64.0,
s25,d3,frame_0029.jpg,True,291.0,670.0,461.0,724.0,170.0,54.0,
s25,d3,frame_0030.jpg,True,292.0,669.0,462.0,720.0,170.0,51.0,
s25,d3,frame_0031.jpg,True,291.0,666.0,462.0,719.0,171.0,53.0,
s25,d3,frame_0032.jpg,True,292.0,659.0,461.0,723.0,169.0,64.0,
s25,d3,frame_0033.jpg,True,292.0,656.0,460.0,723.0,168.0,67.0,
s25,d3,frame_0034.jpg,True,293.0,654.0,460.0,723.0,167.0,69.0,
s25,d3,frame_0035.jpg,True,295.0,651.0,461.0,722.0,166.0,71.0,
s25,d3,frame_0036.jpg,True,295.0,651.0,461.0,723.0,166.0,72.0,
s25,d3,frame_0037.jpg,True,296.0,650.0,462.0,722.0,166.0,72.0,
s25,d3,frame_0038.jpg,True,298.0,649.0,462.0,721.0,164.0,72.0,
s25,d3,frame_0039.jpg,True,299.0,648.0,462.0,720.0,163.0,72.0,
s25,d4,frame_0001.jpg,True,306.0,648.0,462.0,730.0,156.0,82.0,
s25,d4,frame_0002.jpg,True,306.0,648.0,464.0,728.0,158.0,80.0,
s25,d4,frame_0003.jpg,True,307.0,646.0,464.0,729.0,157.0,83.0,
s25,d4,frame_0004.jpg,True,307.0,645.0,465.0,728.0,158.0,83.0,
s25,d4,frame_0005.jpg,True,307.0,643.0,465.0,727.0,158.0,84.0,
s25,d4,frame_0006.jpg,True,307.0,643.0,465.0,730.0,158.0,87.0,
s25,d4,frame_0007.jpg,True,306.0,643.0,464.0,733.0,158.0,90.0,
s25,d4,frame_0008.jpg,True,302.0,645.0,465.0,735.0,163.0,90.0,
s25,d4,frame_0009.jpg,True,295.0,645.0,467.0,737.0,172.0,92.0,
s25,d4,frame_0010.jpg,True,292.0,647.0,467.0,737.0,175.0,90.0,
s25,d4,frame_0011.jpg,True,290.0,648.0,467.0,739.0,177.0,91.0,
s25,d4,frame_0012.jpg,True,290.0,651.0,469.0,743.0,179.0,92.0,
s25,d4,frame_0013.jpg,True,289.0,653.0,471.0,747.0,182.0,94.0,
s25,d4,frame_0014.jpg,True,288.0,655.0,474.0,753.0,186.0,98.0,
s25,d4,frame_0015.jpg,True,289.0,656.0,473.0,757.0,184.0,101.0,
s25,d4,frame_0016.jpg,True,288.0,657.0,473.0,760.0,185.0,103.0,
s25,d4,frame_0017.jpg,True,290.0,657.0,472.0,763.0,182.0,106.0,
s25,d4,frame_0018.jpg,True,290.0,658.0,472.0,763.0,182.0,105.0,
s25,d4,frame_0019.jpg,True,291.0,658.0,471.0,762.0,180.0,104.0,
s25,d4,frame_0020.jpg,True,292.0,661.0,467.0,756.0,175.0,95.0,
s25,d4,frame_0021.jpg,True,296.0,664.0,464.0,746.0,168.0,82.0,
s25,d4,frame_0022.jpg,True,298.0,667.0,463.0,738.0,165.0,71.0,
s25,d4,frame_0023.jpg,True,296.0,670.0,463.0,737.0,167.0,67.0,
s25,d4,frame_0024.jpg,True,296.0,671.0,463.0,733.0,167.0,62.0,
s25,d4,frame_0025.jpg,True,296.0,670.0,463.0,731.0,167.0,61.0,
s25,d4,frame_0026.jpg,True,297.0,669.0,463.0,733.0,166.0,64.0,
s25,d4,frame_0027.jpg,True,296.0,668.0,463.0,731.0,167.0,63.0,
s25,d4,frame_0028.jpg,True,296.0,666.0,464.0,730.0,168.0,64.0,
s25,d4,frame_0029.jpg,True,299.0,666.0,464.0,730.0,165.0,64.0,
s25,d4,frame_0030.jpg,True,299.0,664.0,465.0,730.0,166.0,66.0,
s25,d4,frame_0031.jpg,True,301.0,664.0,466.0,732.0,165.0,68.0,
s25,d4,frame_0032.jpg,True,303.0,664.0,467.0,732.0,164.0,68.0,
s25,d4,frame_0033.jpg,True,304.0,663.0,468.0,732.0,164.0,69.0,
s25,d4,frame_0034.jpg,True,305.0,663.0,468.0,732.0,163.0,69.0,
s25,d4,frame_0035.jpg,True,305.0,662.0,468.0,733.0,163.0,71.0,
s25,d4,frame_0036.jpg,True,305.0,662.0,467.0,732.0,162.0,70.0,
s25,d4,frame_0037.jpg,True,304.0,661.0,467.0,732.0,163.0,71.0,
s25,d4,frame_0038.jpg,True,305.0,661.0,467.0,732.0,162.0,71.0,
s25,d4,frame_0039.jpg,True,304.0,661.0,466.0,732.0,162.0,71.0,
s25,d5,frame_0001.jpg,True,303.0,648.0,477.0,725.0,174.0,77.0,
s25,d5,frame_0002.jpg,True,301.0,648.0,473.0,726.0,172.0,78.0,
s25,d5,frame_0003.jpg,True,298.0,647.0,470.0,726.0,172.0,79.0,
s25,d5,frame_0004.jpg,True,295.0,646.0,469.0,724.0,174.0,78.0,
s25,d5,frame_0005.jpg,True,293.0,642.0,465.0,720.0,172.0,78.0,
s25,d5,frame_0006.jpg,True,290.0,639.0,463.0,717.0,173.0,78.0,
s25,d5,frame_0007.jpg,True,290.0,636.0,459.0,721.0,169.0,85.0,
s25,d5,frame_0008.jpg,True,286.0,629.0,459.0,742.0,173.0,113.0,
s25,d5,frame_0009.jpg,True,283.0,624.0,456.0,760.0,173.0,136.0,
s25,d5,frame_0010.jpg,True,281.0,625.0,455.0,764.0,174.0,139.0,
s25,d5,frame_0011.jpg,True,280.0,628.0,452.0,768.0,172.0,140.0,
s25,d5,frame_0012.jpg,True,278.0,630.0,451.0,771.0,173.0,141.0,
s25,d5,frame_0013.jpg,True,276.0,633.0,450.0,773.0,174.0,140.0,
s25,d5,frame_0014.jpg,True,275.0,635.0,448.0,774.0,173.0,139.0,
s25,d5,frame_0015.jpg,True,273.0,636.0,447.0,776.0,174.0,140.0,
s25,d5,frame_0016.jpg,True,273.0,637.0,447.0,776.0,174.0,139.0,
s25,d5,frame_0017.jpg,True,272.0,636.0,446.0,772.0,174.0,136.0,
s25,d5,frame_0018.jpg,True,271.0,636.0,447.0,769.0,176.0,133.0,
s25,d5,frame_0019.jpg,True,272.0,635.0,446.0,766.0,174.0,131.0,
s25,d5,frame_0020.jpg,True,272.0,635.0,445.0,761.0,173.0,126.0,
s25,d5,frame_0021.jpg,True,273.0,635.0,445.0,757.0,172.0,122.0,
s25,d5,frame_0022.jpg,True,272.0,636.0,445.0,754.0,173.0,118.0,
s25,d5,frame_0023.jpg,True,273.0,636.0,446.0,750.0,173.0,114.0,
s25,d5,frame_0024.jpg,True,273.0,637.0,447.0,748.0,174.0,111.0,
s25,d5,frame_0025.jpg,True,272.0,636.0,448.0,745.0,176.0,109.0,
s25,d5,frame_0026.jpg,True,273.0,637.0,447.0,742.0,174.0,105.0,
s25,d5,frame_0027.jpg,True,273.0,637.0,448.0,738.0,175.0,101.0,
s25,d5,frame_0028.jpg,True,273.0,637.0,448.0,734.0,175.0,97.0,
s25,d5,frame_0029.jpg,True,275.0,638.0,448.0,732.0,173.0,94.0,
s25,d5,frame_0030.jpg,True,276.0,640.0,449.0,730.0,173.0,90.0,
s25,d5,frame_0031.jpg,True,277.0,643.0,448.0,730.0,171.0,87.0,
s25,d5,frame_0032.jpg,True,279.0,647.0,448.0,728.0,169.0,81.0,
s25,d5,frame_0033.jpg,True,280.0,649.0,448.0,726.0,168.0,77.0,
s25,d5,frame_0034.jpg,True,280.0,650.0,448.0,726.0,168.0,76.0,
s25,d5,frame_0035.jpg,True,282.0,652.0,449.0,724.0,167.0,72.0,
s25,d5,frame_0036.jpg,True,282.0,652.0,449.0,725.0,167.0,73.0,
s25,d5,frame_0037.jpg,True,283.0,654.0,450.0,724.0,167.0,70.0,
s25,d5,frame_0038.jpg,True,285.0,653.0,451.0,725.0,166.0,72.0,
s25,d5,frame_0039.jpg,True,287.0,654.0,453.0,725.0,166.0,71.0,
s25,d5,frame_0040.jpg,True,288.0,654.0,455.0,726.0,167.0,72.0,
s25,d5,frame_0041.jpg,True,289.0,653.0,457.0,727.0,168.0,74.0,
s25,d6,frame_0001.jpg,True,295.0,660.0,462.0,735.0,167.0,75.0,
s25,d6,frame_0002.jpg,True,296.0,660.0,462.0,735.0,166.0,75.0,
s25,d6,frame_0003.jpg,True,296.0,659.0,461.0,735.0,165.0,76.0,
s25,d6,frame_0004.jpg,True,296.0,659.0,460.0,735.0,164.0,76.0,
s25,d6,frame_0005.jpg,True,295.0,659.0,461.0,735.0,166.0,76.0,
s25,d6,frame_0006.jpg,True,295.0,659.0,460.0,736.0,165.0,77.0,
s25,d6,frame_0007.jpg,True,296.0,658.0,457.0,739.0,161.0,81.0,
s25,d6,frame_0008.jpg,True,299.0,653.0,452.0,753.0,153.0,100.0,
s25,d6,frame_0009.jpg,True,306.0,650.0,448.0,763.0,142.0,113.0,
s25,d6,frame_0010.jpg,True,308.0,649.0,443.0,766.0,135.0,117.0,
s25,d6,frame_0011.jpg,True,310.0,647.0,439.0,765.0,129.0,118.0,
s25,d6,frame_0012.jpg,True,311.0,647.0,437.0,766.0,126.0,119.0,
s25,d6,frame_0013.jpg,True,310.0,646.0,436.0,767.0,126.0,121.0,
s25,d6,frame_0014.jpg,True,311.0,647.0,434.0,768.0,123.0,121.0,
s25,d6,frame_0015.jpg,True,309.0,648.0,436.0,768.0,127.0,120.0,
s25,d6,frame_0016.jpg,True,307.0,650.0,435.0,770.0,128.0,120.0,
s25,d6,frame_0017.jpg,True,308.0,654.0,434.0,772.0,126.0,118.0,
s25,d6,frame_0018.jpg,True,308.0,657.0,435.0,775.0,127.0,118.0,
s25,d6,frame_0019.jpg,True,307.0,659.0,438.0,775.0,131.0,116.0,
s25,d6,frame_0020.jpg,True,307.0,656.0,441.0,772.0,134.0,116.0,
s25,d6,frame_0021.jpg,True,304.0,653.0,444.0,768.0,140.0,115.0,
s25,d6,frame_0022.jpg,True,298.0,647.0,448.0,765.0,150.0,118.0,
s25,d6,frame_0023.jpg,True,297.0,647.0,448.0,761.0,151.0,114.0,
s25,d6,frame_0024.jpg,True,297.0,646.0,450.0,754.0,153.0,108.0,
s25,d6,frame_0025.jpg,True,295.0,646.0,451.0,750.0,156.0,104.0,
s25,d6,frame_0026.jpg,True,295.0,645.0,453.0,746.0,158.0,101.0,
s25,d6,frame_0027.jpg,True,296.0,645.0,453.0,744.0,157.0,99.0,
s25,d6,frame_0028.jpg,True,296.0,646.0,454.0,740.0,158.0,94.0,
s25,d6,frame_0029.jpg,True,296.0,647.0,455.0,737.0,159.0,90.0,
s25,d6,frame_0030.jpg,True,296.0,649.0,456.0,734.0,160.0,85.0,
s25,d6,frame_0031.jpg,True,295.0,649.0,458.0,732.0,163.0,83.0,
s25,d6,frame_0032.jpg,True,295.0,651.0,459.0,732.0,164.0,81.0,
s25,d6,frame_0033.jpg,True,294.0,653.0,459.0,731.0,165.0,78.0,
s25,d6,frame_0034.jpg,True,293.0,654.0,460.0,730.0,167.0,76.0,
s25,d6,frame_0035.jpg,True,292.0,656.0,460.0,730.0,168.0,74.0,
s25,d6,frame_0036.jpg,True,292.0,656.0,461.0,730.0,169.0,74.0,
s25,d6,frame_0037.jpg,True,294.0,656.0,462.0,730.0,168.0,74.0,
s25,d6,frame_0038.jpg,True,295.0,656.0,463.0,729.0,168.0,73.0,
s25,d6,frame_0039.jpg,True,297.0,656.0,463.0,729.0,166.0,73.0,
s25,d6,frame_0040.jpg,True,297.0,655.0,464.0,729.0,167.0,74.0,
s25,d6,frame_0041.jpg,True,298.0,656.0,464.0,729.0,166.0,73.0,
s25,d7,frame_0001.jpg,True,302.0,656.0,465.0,729.0,163.0,73.0,
s25,d7,frame_0002.jpg,True,302.0,656.0,466.0,729.0,164.0,73.0,
s25,d7,frame_0003.jpg,True,302.0,655.0,466.0,729.0,164.0,74.0,
s25,d7,frame_0004.jpg,True,302.0,655.0,467.0,728.0,165.0,73.0,
s25,d7,frame_0005.jpg,True,303.0,654.0,468.0,727.0,165.0,73.0,
s25,d7,frame_0006.jpg,True,303.0,652.0,468.0,728.0,165.0,76.0,
s25,d7,frame_0007.jpg,True,303.0,651.0,468.0,728.0,165.0,77.0,
s25,d7,frame_0008.jpg,True,304.0,651.0,467.0,729.0,163.0,78.0,
s25,d7,frame_0009.jpg,True,301.0,646.0,468.0,739.0,167.0,93.0,
s25,d7,frame_0010.jpg,True,299.0,641.0,470.0,745.0,171.0,104.0,
s25,d7,frame_0011.jpg,True,298.0,637.0,470.0,744.0,172.0,107.0,
s25,d7,frame_0012.jpg,True,297.0,635.0,472.0,741.0,175.0,106.0,
s25,d7,frame_0013.jpg,True,296.0,636.0,472.0,736.0,176.0,100.0,
s25,d7,frame_0014.jpg,True,295.0,636.0,472.0,734.0,177.0,98.0,
s25,d7,frame_0015.jpg,True,295.0,636.0,472.0,733.0,177.0,97.0,
s25,d7,frame_0016.jpg,True,294.0,635.0,472.0,734.0,178.0,99.0,
s25,d7,frame_0017.jpg,True,295.0,637.0,472.0,739.0,177.0,102.0,
s25,d7,frame_0018.jpg,True,295.0,637.0,471.0,746.0,176.0,109.0,
s25,d7,frame_0019.jpg,True,296.0,643.0,472.0,750.0,176.0,107.0,
s25,d7,frame_0020.jpg,True,295.0,648.0,471.0,754.0,176.0,106.0,
s25,d7,frame_0021.jpg,True,295.0,650.0,468.0,755.0,173.0,105.0,
s25,d7,frame_0022.jpg,True,295.0,649.0,468.0,750.0,173.0,101.0,
s25,d7,frame_0023.jpg,True,294.0,646.0,465.0,743.0,171.0,97.0,
s25,d7,frame_0024.jpg,True,294.0,645.0,464.0,742.0,170.0,97.0,
s25,d7,frame_0025.jpg,True,294.0,644.0,462.0,741.0,168.0,97.0,
s25,d7,frame_0026.jpg,True,293.0,645.0,462.0,741.0,169.0,96.0,
s25,d7,frame_0027.jpg,True,293.0,644.0,461.0,740.0,168.0,96.0,
s25,d7,frame_0028.jpg,True,293.0,644.0,460.0,738.0,167.0,94.0,
s25,d7,frame_0029.jpg,True,293.0,646.0,461.0,736.0,168.0,90.0,
s25,d7,frame_0030.jpg,True,295.0,646.0,461.0,733.0,166.0,87.0,
s25,d7,frame_0031.jpg,True,296.0,648.0,461.0,729.0,165.0,81.0,
s25,d7,frame_0032.jpg,True,297.0,650.0,462.0,726.0,165.0,76.0,
s25,d7,frame_0033.jpg,True,298.0,651.0,464.0,725.0,166.0,74.0,
s25,d7,frame_0034.jpg,True,299.0,652.0,463.0,726.0,164.0,74.0,
s25,d7,frame_0035.jpg,True,300.0,653.0,464.0,727.0,164.0,74.0,
s25,d7,frame_0036.jpg,True,302.0,654.0,466.0,728.0,164.0,74.0,
s25,d7,frame_0037.jpg,True,303.0,654.0,468.0,728.0,165.0,74.0,
s25,d7,frame_0038.jpg,True,304.0,655.0,468.0,729.0,164.0,74.0,
s25,d7,frame_0039.jpg,True,305.0,655.0,470.0,729.0,165.0,74.0,
s25,d7,frame_0040.jpg,True,306.0,656.0,472.0,731.0,166.0,75.0,
s25,d7,frame_0041.jpg,True,307.0,656.0,473.0,731.0,166.0,75.0,
s25,d7,frame_0042.jpg,True,308.0,656.0,474.0,731.0,166.0,75.0,
s25,d7,frame_0043.jpg,True,310.0,658.0,475.0,732.0,165.0,74.0,
s25,d7,frame_0044.jpg,True,311.0,659.0,476.0,732.0,165.0,73.0,
s25,d8,frame_0001.jpg,True,311.0,658.0,476.0,735.0,165.0,77.0,
s25,d8,frame_0002.jpg,True,311.0,658.0,475.0,736.0,164.0,78.0,
s25,d8,frame_0003.jpg,True,311.0,657.0,475.0,736.0,164.0,79.0,
s25,d8,frame_0004.jpg,True,312.0,657.0,475.0,735.0,163.0,78.0,
s25,d8,frame_0005.jpg,True,311.0,656.0,474.0,733.0,163.0,77.0,
s25,d8,frame_0006.jpg,True,311.0,655.0,475.0,729.0,164.0,74.0,
s25,d8,frame_0007.jpg,True,311.0,654.0,475.0,726.0,164.0,72.0,
s25,d8,frame_0008.jpg,True,311.0,654.0,476.0,724.0,165.0,70.0,
s25,d8,frame_0009.jpg,True,310.0,654.0,475.0,723.0,165.0,69.0,
s25,d8,frame_0010.jpg,True,308.0,657.0,475.0,724.0,167.0,67.0,
s25,d8,frame_0011.jpg,True,307.0,661.0,474.0,728.0,167.0,67.0,
s25,d8,frame_0012.jpg,True,303.0,661.0,478.0,744.0,175.0,83.0,
s25,d8,frame_0013.jpg,True,300.0,659.0,483.0,759.0,183.0,100.0,
s25,d8,frame_0014.jpg,True,300.0,657.0,484.0,765.0,184.0,108.0,
s25,d8,frame_0015.jpg,True,300.0,657.0,483.0,766.0,183.0,109.0,
s25,d8,frame_0016.jpg,True,301.0,657.0,483.0,764.0,182.0,107.0,
s25,d8,frame_0017.jpg,True,302.0,657.0,482.0,762.0,180.0,105.0,
s25,d8,frame_0018.jpg,True,303.0,656.0,481.0,756.0,178.0,100.0,
s25,d8,frame_0019.jpg,True,303.0,655.0,481.0,753.0,178.0,98.0,
s25,d8,frame_0020.jpg,True,304.0,654.0,480.0,751.0,176.0,97.0,
s25,d8,frame_0021.jpg,True,304.0,653.0,479.0,748.0,175.0,95.0,
s25,d8,frame_0022.jpg,True,306.0,653.0,477.0,744.0,171.0,91.0,
s25,d8,frame_0023.jpg,True,307.0,652.0,476.0,741.0,169.0,89.0,
s25,d8,frame_0024.jpg,True,308.0,653.0,475.0,739.0,167.0,86.0,
s25,d8,frame_0025.jpg,True,310.0,654.0,475.0,736.0,165.0,82.0,
s25,d8,frame_0026.jpg,True,311.0,654.0,476.0,734.0,165.0,80.0,
s25,d8,frame_0027.jpg,True,311.0,657.0,477.0,732.0,166.0,75.0,
s25,d8,frame_0028.jpg,True,312.0,660.0,478.0,731.0,166.0,71.0,
s25,d8,frame_0029.jpg,True,312.0,661.0,479.0,731.0,167.0,70.0,
s25,d8,frame_0030.jpg,True,312.0,662.0,479.0,731.0,167.0,69.0,
s25,d8,frame_0031.jpg,True,314.0,663.0,480.0,732.0,166.0,69.0,
s25,d8,frame_0032.jpg,True,315.0,662.0,481.0,732.0,166.0,70.0,
s25,d8,frame_0033.jpg,True,315.0,662.0,481.0,732.0,166.0,70.0,
s25,d9,frame_0001.jpg,True,318.0,661.0,481.0,734.0,163.0,73.0,
s25,d9,frame_0002.jpg,True,316.0,660.0,481.0,734.0,165.0,74.0,
s25,d9,frame_0003.jpg,True,316.0,660.0,480.0,734.0,164.0,74.0,
s25,d9,frame_0004.jpg,True,316.0,660.0,480.0,734.0,164.0,74.0,
s25,d9,frame_0005.jpg,True,317.0,660.0,480.0,733.0,163.0,73.0,
s25,d9,frame_0006.jpg,True,316.0,659.0,480.0,733.0,164.0,74.0,
s25,d9,frame_0007.jpg,True,316.0,658.0,479.0,733.0,163.0,75.0,
s25,d9,frame_0008.jpg,True,317.0,658.0,479.0,734.0,162.0,76.0,
s25,d9,frame_0009.jpg,True,317.0,655.0,478.0,746.0,161.0,91.0,
s25,d9,frame_0010.jpg,True,315.0,652.0,478.0,754.0,163.0,102.0,
s25,d9,frame_0011.jpg,True,314.0,650.0,476.0,759.0,162.0,109.0,
s25,d9,frame_0012.jpg,True,309.0,647.0,478.0,762.0,169.0,115.0,
s25,d9,frame_0013.jpg,True,306.0,643.0,477.0,765.0,171.0,122.0,
s25,d9,frame_0014.jpg,True,304.0,641.0,477.0,774.0,173.0,133.0,
s25,d9,frame_0015.jpg,True,304.0,644.0,474.0,787.0,170.0,143.0,
s25,d9,frame_0016.jpg,True,303.0,649.0,470.0,799.0,167.0,150.0,
s25,d9,frame_0017.jpg,True,304.0,653.0,468.0,804.0,164.0,151.0,
s25,d9,frame_0018.jpg,True,301.0,658.0,466.0,812.0,165.0,154.0,
s25,d9,frame_0019.jpg,True,305.0,662.0,461.0,807.0,156.0,145.0,
s25,d9,frame_0020.jpg,True,309.0,663.0,455.0,800.0,146.0,137.0,
s25,d9,frame_0021.jpg,True,315.0,664.0,452.0,788.0,137.0,124.0,
s25,d9,frame_0022.jpg,True,315.0,665.0,454.0,778.0,139.0,113.0,
s25,d9,frame_0023.jpg,True,316.0,665.0,455.0,767.0,139.0,102.0,
s25,d9,frame_0024.jpg,True,318.0,664.0,458.0,760.0,140.0,96.0,
s25,d9,frame_0025.jpg,True,320.0,662.0,459.0,757.0,139.0,95.0,
s25,d9,frame_0026.jpg,True,320.0,659.0,462.0,752.0,142.0,93.0,
s25,d9,frame_0027.jpg,True,320.0,658.0,464.0,749.0,144.0,91.0,
s25,d9,frame_0028.jpg,True,320.0,657.0,467.0,745.0,147.0,88.0,
s25,d9,frame_0029.jpg,True,320.0,658.0,469.0,743.0,149.0,85.0,
s25,d9,frame_0030.jpg,True,319.0,659.0,472.0,741.0,153.0,82.0,
s25,d9,frame_0031.jpg,True,320.0,660.0,473.0,740.0,153.0,80.0,
s25,d9,frame_0032.jpg,True,319.0,663.0,476.0,738.0,157.0,75.0,
s25,d9,frame_0033.jpg,True,319.0,664.0,478.0,738.0,159.0,74.0,
s25,d9,frame_0034.jpg,True,318.0,664.0,479.0,737.0,161.0,73.0,
s25,d9,frame_0035.jpg,True,318.0,663.0,480.0,736.0,162.0,73.0,
s25,d9,frame_0036.jpg,True,318.0,664.0,480.0,735.0,162.0,71.0,
s25,d9,frame_0037.jpg,True,317.0,664.0,481.0,734.0,164.0,70.0,
s25,d9,frame_0038.jpg,True,317.0,663.0,480.0,735.0,163.0,72.0,
s25,d9,frame_0039.jpg,True,318.0,664.0,480.0,735.0,162.0,71.0,
s25,d9,frame_0040.jpg,True,318.0,664.0,480.0,736.0,162.0,72.0,
s25,d9,frame_0041.jpg,True,318.0,664.0,480.0,735.0,162.0,71.0,
s25,d10,frame_0001.jpg,True,313.0,663.0,476.0,734.0,163.0,71.0,
s25,d10,frame_0002.jpg,True,312.0,661.0,477.0,736.0,165.0,75.0,
s25,d10,frame_0003.jpg,True,312.0,661.0,476.0,735.0,164.0,74.0,
s25,d10,frame_0004.jpg,True,313.0,661.0,476.0,737.0,163.0,76.0,
s25,d10,frame_0005.jpg,True,313.0,660.0,476.0,737.0,163.0,77.0,
s25,d10,frame_0006.jpg,True,313.0,660.0,476.0,741.0,163.0,81.0,
s25,d10,frame_0007.jpg,True,311.0,656.0,475.0,753.0,164.0,97.0,
s25,d10,frame_0008.jpg,True,309.0,654.0,478.0,756.0,169.0,102.0,
s25,d10,frame_0009.jpg,True,308.0,653.0,479.0,757.0,171.0,104.0,
s25,d10,frame_0010.jpg,True,306.0,653.0,481.0,753.0,175.0,100.0,
s25,d10,frame_0011.jpg,True,303.0,654.0,483.0,752.0,180.0,98.0,
s25,d10,frame_0012.jpg,True,300.0,656.0,484.0,751.0,184.0,95.0,
s25,d10,frame_0013.jpg,True,298.0,658.0,484.0,753.0,186.0,95.0,
s25,d10,frame_0014.jpg,True,296.0,659.0,484.0,755.0,188.0,96.0,
s25,d10,frame_0015.jpg,True,294.0,661.0,486.0,756.0,192.0,95.0,
s25,d10,frame_0016.jpg,True,296.0,662.0,486.0,761.0,190.0,99.0,
s25,d10,frame_0017.jpg,True,298.0,664.0,487.0,766.0,189.0,102.0,
s25,d10,frame_0018.jpg,True,306.0,673.0,486.0,755.0,180.0,82.0,
s25,d10,frame_0019.jpg,True,309.0,677.0,483.0,746.0,174.0,69.0,
s25,d10,frame_0020.jpg,True,311.0,678.0,482.0,744.0,171.0,66.0,
s25,d10,frame_0021.jpg,True,313.0,677.0,481.0,744.0,168.0,67.0,
s25,d10,frame_0022.jpg,True,314.0,676.0,481.0,742.0,167.0,66.0,
s25,d10,frame_0023.jpg,True,315.0,674.0,481.0,742.0,166.0,68.0,
s25,d10,frame_0024.jpg,True,316.0,672.0,481.0,741.0,165.0,69.0,
s25,d10,frame_0025.jpg,True,315.0,669.0,481.0,740.0,166.0,71.0,
s25,d10,frame_0026.jpg,True,314.0,668.0,480.0,737.0,166.0,69.0,
s25,d10,frame_0027.jpg,True,315.0,665.0,479.0,736.0,164.0,71.0,
s25,d10,frame_0028.jpg,True,315.0,663.0,480.0,736.0,165.0,73.0,
s25,d10,frame_0029.jpg,True,315.0,662.0,480.0,734.0,165.0,72.0,
s25,d10,frame_0030.jpg,True,316.0,662.0,481.0,734.0,165.0,72.0,
s25,d10,frame_0031.jpg,True,317.0,663.0,483.0,734.0,166.0,71.0,
s25,d10,frame_0032.jpg,True,320.0,664.0,483.0,735.0,163.0,71.0,
s25,d10,frame_0033.jpg,True,320.0,666.0,485.0,738.0,165.0,72.0,
s25,d10,frame_0034.jpg,True,322.0,667.0,485.0,739.0,163.0,72.0,
s26,d0,frame_0001.jpg,True,297.0,664.0,444.0,736.0,147.0,72.0,
s26,d0,frame_0002.jpg,True,297.0,664.0,444.0,735.0,147.0,71.0,
s26,d0,frame_0003.jpg,True,297.0,664.0,444.0,738.0,147.0,74.0,
s26,d0,frame_0004.jpg,True,299.0,667.0,441.0,752.0,142.0,85.0,
s26,d0,frame_0005.jpg,True,297.0,661.0,444.0,773.0,147.0,112.0,
s26,d0,frame_0006.jpg,True,296.0,660.0,443.0,780.0,147.0,120.0,
s26,d0,frame_0007.jpg,True,297.0,659.0,443.0,780.0,146.0,121.0,
s26,d0,frame_0008.jpg,True,297.0,654.0,442.0,776.0,145.0,122.0,
s26,d0,frame_0009.jpg,True,298.0,650.0,442.0,767.0,144.0,117.0,
s26,d0,frame_0010.jpg,True,301.0,649.0,443.0,758.0,142.0,109.0,
s26,d0,frame_0011.jpg,True,305.0,648.0,441.0,749.0,136.0,101.0,
s26,d0,frame_0012.jpg,True,305.0,647.0,440.0,744.0,135.0,97.0,
s26,d0,frame_0013.jpg,True,305.0,646.0,439.0,740.0,134.0,94.0,
s26,d0,frame_0014.jpg,True,303.0,647.0,440.0,737.0,137.0,90.0,
s26,d0,frame_0015.jpg,True,302.0,648.0,441.0,735.0,139.0,87.0,
s26,d0,frame_0016.jpg,True,302.0,649.0,441.0,734.0,139.0,85.0,
s26,d0,frame_0017.jpg,True,303.0,651.0,442.0,733.0,139.0,82.0,
s26,d0,frame_0018.jpg,True,301.0,652.0,443.0,732.0,142.0,80.0,
s26,d0,frame_0019.jpg,True,303.0,655.0,443.0,732.0,140.0,77.0,
s26,d0,frame_0020.jpg,True,304.0,656.0,444.0,733.0,140.0,77.0,
s26,d0,frame_0021.jpg,True,303.0,656.0,446.0,732.0,143.0,76.0,
s26,d0,frame_0022.jpg,True,304.0,656.0,445.0,734.0,141.0,78.0,
s26,d0,frame_0023.jpg,True,304.0,657.0,446.0,734.0,142.0,77.0,
s26,d0,frame_0024.jpg,True,306.0,658.0,447.0,735.0,141.0,77.0,
s26,d0,frame_0025.jpg,True,315.0,663.0,455.0,741.0,140.0,78.0,
s26,d1,frame_0001.jpg,True,316.0,664.0,455.0,743.0,139.0,79.0,
s26,d1,frame_0002.jpg,True,317.0,665.0,456.0,744.0,139.0,79.0,
s26,d1,frame_0003.jpg,True,317.0,666.0,456.0,745.0,139.0,79.0,
s26,d1,frame_0004.jpg,True,318.0,665.0,456.0,746.0,138.0,81.0,
s26,d1,frame_0005.jpg,True,317.0,665.0,457.0,751.0,140.0,86.0,
s26,d1,frame_0006.jpg,True,318.0,664.0,457.0,758.0,139.0,94.0,
s26,d1,frame_0007.jpg,True,318.0,665.0,458.0,765.0,140.0,100.0,
s26,d1,frame_0008.jpg,True,316.0,667.0,457.0,770.0,141.0,103.0,
s26,d1,frame_0009.jpg,True,316.0,668.0,458.0,778.0,142.0,110.0,
s26,d1,frame_0010.jpg,True,315.0,669.0,459.0,780.0,144.0,111.0,
s26,d1,frame_0011.jpg,True,314.0,672.0,458.0,778.0,144.0,106.0,
s26,d1,frame_0012.jpg,True,314.0,671.0,456.0,774.0,142.0,103.0,
s26,d1,frame_0013.jpg,True,314.0,671.0,456.0,769.0,142.0,98.0,
s26,d1,frame_0014.jpg,True,314.0,669.0,455.0,766.0,141.0,97.0,
s26,d1,frame_0015.jpg,True,314.0,669.0,456.0,762.0,142.0,93.0,
s26,d1,frame_0016.jpg,True,315.0,668.0,457.0,758.0,142.0,90.0,
s26,d1,frame_0017.jpg,True,314.0,667.0,456.0,756.0,142.0,89.0,
s26,d1,frame_0018.jpg,True,314.0,667.0,455.0,753.0,141.0,86.0,
s26,d1,frame_0019.jpg,True,315.0,668.0,454.0,750.0,139.0,82.0,
s26,d1,frame_0020.jpg,True,314.0,667.0,453.0,746.0,139.0,79.0,
s26,d1,frame_0021.jpg,True,313.0,668.0,456.0,744.0,143.0,76.0,
s26,d1,frame_0022.jpg,True,312.0,669.0,456.0,743.0,144.0,74.0,
s26,d1,frame_0023.jpg,True,313.0,669.0,456.0,743.0,143.0,74.0,
s26,d1,frame_0024.jpg,True,313.0,668.0,455.0,743.0,142.0,75.0,
s26,d1,frame_0025.jpg,True,314.0,668.0,455.0,743.0,141.0,75.0,
s26,d1,frame_0026.jpg,True,314.0,667.0,456.0,743.0,142.0,76.0,
s26,d1,frame_0027.jpg,True,314.0,667.0,456.0,742.0,142.0,75.0,
s26,d2,frame_0001.jpg,True,346.0,795.0,508.0,896.0,162.0,101.0,
s26,d2,frame_0002.jpg,True,346.0,794.0,509.0,896.0,163.0,102.0,
s26,d2,frame_0003.jpg,True,347.0,794.0,509.0,896.0,162.0,102.0,
s26,d2,frame_0004.jpg,True,348.0,792.0,509.0,895.0,161.0,103.0,
s26,d2,frame_0005.jpg,True,348.0,792.0,513.0,895.0,165.0,103.0,
s26,d2,frame_0006.jpg,True,350.0,793.0,517.0,900.0,167.0,107.0,
s26,d2,frame_0007.jpg,True,350.0,794.0,518.0,908.0,168.0,114.0,
s26,d2,frame_0008.jpg,True,351.0,798.0,520.0,916.0,169.0,118.0,
s26,d2,frame_0009.jpg,True,354.0,802.0,520.0,932.0,166.0,130.0,
s26,d2,frame_0010.jpg,True,357.0,810.0,520.0,955.0,163.0,145.0,
s26,d2,frame_0011.jpg,True,357.0,816.0,520.0,970.0,163.0,154.0,
s26,d2,frame_0012.jpg,True,358.0,819.0,520.0,976.0,162.0,157.0,
s26,d2,frame_0013.jpg,True,357.0,819.0,519.0,978.0,162.0,159.0,
s26,d2,frame_0014.jpg,True,359.0,818.0,522.0,971.0,163.0,153.0,
s26,d2,frame_0015.jpg,True,360.0,819.0,524.0,960.0,164.0,141.0,
s26,d2,frame_0016.jpg,True,361.0,815.0,527.0,947.0,166.0,132.0,
s26,d2,frame_0017.jpg,True,361.0,810.0,528.0,937.0,167.0,127.0,
s26,d2,frame_0018.jpg,True,360.0,803.0,530.0,927.0,170.0,124.0,
s26,d2,frame_0019.jpg,True,361.0,799.0,528.0,915.0,167.0,116.0,
s26,d2,frame_0020.jpg,True,357.0,796.0,528.0,904.0,171.0,108.0,
s26,d2,frame_0021.jpg,True,355.0,793.0,530.0,894.0,175.0,101.0,
s26,d2,frame_0022.jpg,True,354.0,790.0,529.0,888.0,175.0,98.0,
s26,d2,frame_0023.jpg,True,352.0,788.0,526.0,886.0,174.0,98.0,
s26,d2,frame_0024.jpg,True,352.0,787.0,526.0,885.0,174.0,98.0,
s26,d2,frame_0025.jpg,True,352.0,788.0,525.0,884.0,173.0,96.0,
s26,d2,frame_0026.jpg,True,352.0,789.0,524.0,884.0,172.0,95.0,
s26,d3,frame_0001.jpg,True,299.0,661.0,439.0,738.0,140.0,77.0,
s26,d3,frame_0002.jpg,True,300.0,663.0,438.0,740.0,138.0,77.0,
s26,d3,frame_0003.jpg,True,300.0,663.0,438.0,741.0,138.0,78.0,
s26,d3,frame_0004.jpg,True,301.0,665.0,439.0,743.0,138.0,78.0,
s26,d3,frame_0005.jpg,True,302.0,665.0,438.0,744.0,136.0,79.0,
s26,d3,frame_0006.jpg,True,303.0,666.0,438.0,745.0,135.0,79.0,
s26,d3,frame_0007.jpg,True,303.0,668.0,438.0,746.0,135.0,78.0,
s26,d3,frame_0008.jpg,True,304.0,668.0,439.0,746.0,135.0,78.0,
s26,d3,frame_0009.jpg,True,305.0,667.0,439.0,748.0,134.0,81.0,
s26,d3,frame_0010.jpg,True,306.0,668.0,438.0,752.0,132.0,84.0,
s26,d3,frame_0011.jpg,True,308.0,669.0,438.0,755.0,130.0,86.0,
s26,d3,frame_0012.jpg,True,308.0,668.0,438.0,756.0,130.0,88.0,
s26,d3,frame_0013.jpg,True,307.0,668.0,439.0,760.0,132.0,92.0,
s26,d3,frame_0014.jpg,True,304.0,668.0,444.0,769.0,140.0,101.0,
s26,d3,frame_0015.jpg,True,304.0,673.0,442.0,782.0,138.0,109.0,
s26,d3,frame_0016.jpg,True,303.0,675.0,443.0,789.0,140.0,114.0,
s26,d3,frame_0017.jpg,True,303.0,679.0,444.0,791.0,141.0,112.0,
s26,d3,frame_0018.jpg,True,303.0,683.0,446.0,791.0,143.0,108.0,
s26,d3,frame_0019.jpg,True,305.0,686.0,445.0,780.0,140.0,94.0,
s26,d3,frame_0020.jpg,True,305.0,691.0,445.0,767.0,140.0,76.0,
s26,d3,frame_0021.jpg,True,306.0,691.0,444.0,763.0,138.0,72.0,
s26,d3,frame_0022.jpg,True,305.0,689.0,445.0,760.0,140.0,71.0,
s26,d3,frame_0023.jpg,True,305.0,686.0,444.0,758.0,139.0,72.0,
s26,d3,frame_0024.jpg,True,304.0,684.0,444.0,756.0,140.0,72.0,
s26,d3,frame_0025.jpg,True,304.0,682.0,443.0,754.0,139.0,72.0,
s26,d3,frame_0026.jpg,True,302.0,679.0,443.0,752.0,141.0,73.0,
s26,d3,frame_0027.jpg,True,302.0,677.0,443.0,750.0,141.0,73.0,
s26,d3,frame_0028.jpg,True,302.0,676.0,443.0,749.0,141.0,73.0,
s26,d4,frame_0001.jpg,True,300.0,675.0,442.0,750.0,142.0,75.0,
s26,d4,frame_0002.jpg,True,297.0,680.0,433.0,755.0,136.0,75.0,
s26,d4,frame_0003.jpg,True,295.0,680.0,434.0,755.0,139.0,75.0,
s26,d4,frame_0004.jpg,True,295.0,681.0,433.0,754.0,138.0,73.0,
s26,d4,frame_0005.jpg,True,294.0,681.0,434.0,755.0,140.0,74.0,
s26,d4,frame_0006.jpg,True,294.0,680.0,433.0,756.0,139.0,76.0,
s26,d4,frame_0007.jpg,True,294.0,680.0,433.0,757.0,139.0,77.0,
s26,d4,frame_0008.jpg,True,294.0,679.0,432.0,759.0,138.0,80.0,
s26,d4,frame_0009.jpg,True,295.0,678.0,432.0,762.0,137.0,84.0,
s26,d4,frame_0010.jpg,True,295.0,676.0,429.0,764.0,134.0,88.0,
s26,d4,frame_0011.jpg,True,294.0,674.0,430.0,763.0,136.0,89.0,
s26,d4,frame_0012.jpg,True,294.0,674.0,428.0,763.0,134.0,89.0,
s26,d4,frame_0013.jpg,True,293.0,674.0,428.0,761.0,135.0,87.0,
s26,d4,frame_0014.jpg,True,292.0,673.0,428.0,759.0,136.0,86.0,
s26,d4,frame_0015.jpg,True,290.0,672.0,427.0,758.0,137.0,86.0,
s26,d4,frame_0016.jpg,True,291.0,673.0,427.0,758.0,136.0,85.0,
s26,d4,frame_0017.jpg,True,288.0,674.0,427.0,759.0,139.0,85.0,
s26,d4,frame_0018.jpg,True,285.0,675.0,425.0,761.0,140.0,86.0,
s26,d4,frame_0019.jpg,True,285.0,677.0,423.0,763.0,138.0,86.0,
s26,d4,frame_0020.jpg,True,283.0,680.0,421.0,768.0,138.0,88.0,
s26,d4,frame_0021.jpg,True,280.0,682.0,420.0,773.0,140.0,91.0,
s26,d4,frame_0022.jpg,True,279.0,684.0,420.0,776.0,141.0,92.0,
s26,d4,frame_0023.jpg,True,278.0,682.0,419.0,778.0,141.0,96.0,
s26,d4,frame_0024.jpg,True,278.0,681.0,418.0,778.0,140.0,97.0,
s26,d4,frame_0025.jpg,True,278.0,681.0,418.0,776.0,140.0,95.0,
s26,d4,frame_0026.jpg,True,278.0,681.0,417.0,772.0,139.0,91.0,
s26,d4,frame_0027.jpg,True,278.0,679.0,417.0,770.0,139.0,91.0,
s26,d4,frame_0028.jpg,True,279.0,679.0,417.0,767.0,138.0,88.0,
s26,d4,frame_0029.jpg,True,279.0,680.0,417.0,764.0,138.0,84.0,
s26,d4,frame_0030.jpg,True,278.0,680.0,417.0,763.0,139.0,83.0,
s26,d4,frame_0031.jpg,True,279.0,681.0,417.0,762.0,138.0,81.0,
s26,d4,frame_0032.jpg,True,280.0,682.0,418.0,762.0,138.0,80.0,
s26,d4,frame_0033.jpg,True,280.0,683.0,419.0,762.0,139.0,79.0,
s26,d4,frame_0034.jpg,True,279.0,683.0,419.0,760.0,140.0,77.0,
s26,d5,frame_0001.jpg,True,281.0,678.0,420.0,754.0,139.0,76.0,
s26,d5,frame_0002.jpg,True,279.0,677.0,420.0,756.0,141.0,79.0,
s26,d5,frame_0003.jpg,True,279.0,677.0,419.0,756.0,140.0,79.0,
s26,d5,frame_0004.jpg,True,280.0,677.0,419.0,756.0,139.0,79.0,
s26,d5,frame_0005.jpg,True,280.0,677.0,419.0,756.0,139.0,79.0,
s26,d5,frame_0006.jpg,True,280.0,679.0,418.0,756.0,138.0,77.0,
s26,d5,frame_0007.jpg,True,281.0,681.0,417.0,757.0,136.0,76.0,
s26,d5,frame_0008.jpg,True,282.0,681.0,416.0,759.0,134.0,78.0,
s26,d5,frame_0009.jpg,True,282.0,682.0,416.0,759.0,134.0,77.0,
s26,d5,frame_0010.jpg,True,282.0,679.0,416.0,763.0,134.0,84.0,
s26,d5,frame_0011.jpg,True,283.0,678.0,415.0,770.0,132.0,92.0,
s26,d5,frame_0012.jpg,True,282.0,679.0,421.0,778.0,139.0,99.0,
s26,d5,frame_0013.jpg,True,280.0,678.0,422.0,785.0,142.0,107.0,
s26,d5,frame_0014.jpg,True,278.0,680.0,421.0,792.0,143.0,112.0,
s26,d5,frame_0015.jpg,True,278.0,681.0,422.0,798.0,144.0,117.0,
s26,d5,frame_0016.jpg,True,277.0,683.0,422.0,802.0,145.0,119.0,
s26,d5,frame_0017.jpg,True,277.0,688.0,421.0,805.0,144.0,117.0,
s26,d5,frame_0018.jpg,True,277.0,692.0,420.0,807.0,143.0,115.0,
s26,d5,frame_0019.jpg,True,277.0,693.0,420.0,808.0,143.0,115.0,
s26,d5,frame_0020.jpg,True,276.0,691.0,421.0,808.0,145.0,117.0,
s26,d5,frame_0021.jpg,True,278.0,690.0,421.0,804.0,143.0,114.0,
s26,d5,frame_0022.jpg,True,278.0,687.0,422.0,800.0,144.0,113.0,
s26,d5,frame_0023.jpg,True,279.0,684.0,423.0,796.0,144.0,112.0,
s26,d5,frame_0024.jpg,True,279.0,683.0,424.0,791.0,145.0,108.0,
s26,d5,frame_0025.jpg,True,279.0,682.0,424.0,787.0,145.0,105.0,
s26,d5,frame_0026.jpg,True,279.0,680.0,425.0,784.0,146.0,104.0,
s26,d5,frame_0027.jpg,True,280.0,681.0,424.0,781.0,144.0,100.0,
s26,d5,frame_0028.jpg,True,280.0,680.0,423.0,777.0,143.0,97.0,
s26,d5,frame_0029.jpg,True,281.0,682.0,421.0,774.0,140.0,92.0,
s26,d5,frame_0030.jpg,True,282.0,683.0,421.0,771.0,139.0,88.0,
s26,d5,frame_0031.jpg,True,283.0,686.0,422.0,770.0,139.0,84.0,
s26,d5,frame_0032.jpg,True,282.0,686.0,421.0,770.0,139.0,84.0,
s26,d5,frame_0033.jpg,True,282.0,687.0,421.0,770.0,139.0,83.0,
s26,d5,frame_0034.jpg,True,282.0,689.0,420.0,769.0,138.0,80.0,
s26,d5,frame_0035.jpg,True,280.0,690.0,421.0,766.0,141.0,76.0,
s26,d5,frame_0036.jpg,True,280.0,691.0,422.0,764.0,142.0,73.0,
s26,d5,frame_0037.jpg,True,281.0,691.0,421.0,764.0,140.0,73.0,
s26,d5,frame_0038.jpg,True,281.0,691.0,422.0,764.0,141.0,73.0,
s26,d5,frame_0039.jpg,True,281.0,690.0,421.0,764.0,140.0,74.0,
s26,d5,frame_0040.jpg,True,281.0,690.0,421.0,764.0,140.0,74.0,
s26,d5,frame_0041.jpg,True,281.0,690.0,422.0,764.0,141.0,74.0,
s26,d6,frame_0001.jpg,True,282.0,693.0,421.0,767.0,139.0,74.0,
s26,d6,frame_0002.jpg,True,283.0,693.0,421.0,770.0,138.0,77.0,
s26,d6,frame_0003.jpg,True,281.0,694.0,422.0,771.0,141.0,77.0,
s26,d6,frame_0004.jpg,True,282.0,694.0,421.0,772.0,139.0,78.0,
s26,d6,frame_0005.jpg,True,284.0,694.0,420.0,776.0,136.0,82.0,
s26,d6,frame_0006.jpg,True,286.0,692.0,421.0,783.0,135.0,91.0,
s26,d6,frame_0007.jpg,True,288.0,692.0,420.0,787.0,132.0,95.0,
s26,d6,frame_0008.jpg,True,289.0,691.0,420.0,790.0,131.0,99.0,
s26,d6,frame_0009.jpg,True,287.0,690.0,422.0,792.0,135.0,102.0,
s26,d6,frame_0010.jpg,True,288.0,690.0,422.0,794.0,134.0,104.0,
s26,d6,frame_0011.jpg,True,288.0,691.0,422.0,796.0,134.0,105.0,
s26,d6,frame_0012.jpg,True,288.0,693.0,423.0,798.0,135.0,105.0,
s26,d6,frame_0013.jpg,True,288.0,695.0,423.0,799.0,135.0,104.0,
s26,d6,frame_0014.jpg,True,287.0,697.0,425.0,799.0,138.0,102.0,
s26,d6,frame_0015.jpg,True,289.0,698.0,425.0,797.0,136.0,99.0,
s26,d6,frame_0016.jpg,True,289.0,695.0,424.0,795.0,135.0,100.0,
s26,d6,frame_0017.jpg,True,291.0,695.0,424.0,792.0,133.0,97.0,
s26,d6,frame_0018.jpg,True,289.0,693.0,425.0,788.0,136.0,95.0,
s26,d6,frame_0019.jpg,True,289.0,691.0,426.0,785.0,137.0,94.0,
s26,d6,frame_0020.jpg,True,289.0,690.0,425.0,781.0,136.0,91.0,
s26,d6,frame_0021.jpg,True,291.0,688.0,425.0,777.0,134.0,89.0,
s26,d6,frame_0022.jpg,True,291.0,687.0,426.0,773.0,135.0,86.0,
s26,d6,frame_0023.jpg,True,291.0,688.0,428.0,769.0,137.0,81.0,
s26,d6,frame_0024.jpg,True,291.0,688.0,430.0,765.0,139.0,77.0,
s26,d7,frame_0001.jpg,True,286.0,690.0,425.0,765.0,139.0,75.0,
s26,d7,frame_0002.jpg,True,287.0,690.0,425.0,764.0,138.0,74.0,
s26,d7,frame_0003.jpg,True,287.0,690.0,424.0,764.0,137.0,74.0,
s26,d7,frame_0004.jpg,True,288.0,690.0,425.0,764.0,137.0,74.0,
s26,d7,frame_0005.jpg,True,289.0,690.0,425.0,764.0,136.0,74.0,
s26,d7,frame_0006.jpg,True,289.0,689.0,427.0,766.0,138.0,77.0,
s26,d7,frame_0007.jpg,True,289.0,689.0,427.0,766.0,138.0,77.0,
s26,d7,frame_0008.jpg,True,291.0,689.0,426.0,773.0,135.0,84.0,
s26,d7,frame_0009.jpg,True,287.0,687.0,428.0,781.0,141.0,94.0,
s26,d7,frame_0010.jpg,True,287.0,687.0,430.0,784.0,143.0,97.0,
s26,d7,frame_0011.jpg,True,287.0,689.0,433.0,787.0,146.0,98.0,
s26,d7,frame_0012.jpg,True,287.0,691.0,434.0,790.0,147.0,99.0,
s26,d7,frame_0013.jpg,True,288.0,692.0,434.0,791.0,146.0,99.0,
s26,d7,frame_0014.jpg,True,287.0,691.0,435.0,790.0,148.0,99.0,
s26,d7,frame_0015.jpg,True,289.0,692.0,436.0,788.0,147.0,96.0,
s26,d7,frame_0016.jpg,True,289.0,691.0,435.0,782.0,146.0,91.0,
s26,d7,frame_0017.jpg,True,290.0,690.0,435.0,780.0,145.0,90.0,
s26,d7,frame_0018.jpg,True,292.0,690.0,434.0,777.0,142.0,87.0,
s26,d7,frame_0019.jpg,True,293.0,689.0,433.0,775.0,140.0,86.0,
s26,d7,frame_0020.jpg,True,293.0,688.0,434.0,774.0,141.0,86.0,
s26,d7,frame_0021.jpg,True,293.0,688.0,434.0,772.0,141.0,84.0,
s26,d7,frame_0022.jpg,True,293.0,688.0,434.0,770.0,141.0,82.0,
s26,d7,frame_0023.jpg,True,294.0,687.0,434.0,768.0,140.0,81.0,
s26,d7,frame_0024.jpg,True,293.0,687.0,436.0,767.0,143.0,80.0,
s26,d7,frame_0025.jpg,True,294.0,687.0,435.0,765.0,141.0,78.0,
s26,d7,frame_0026.jpg,True,293.0,689.0,436.0,764.0,143.0,75.0,
s26,d7,frame_0027.jpg,True,293.0,690.0,436.0,764.0,143.0,74.0,
s26,d7,frame_0028.jpg,True,301.0,693.0,441.0,769.0,140.0,76.0,
s26,d8,frame_0001.jpg,True,302.0,693.0,442.0,770.0,140.0,77.0,
s26,d8,frame_0002.jpg,True,303.0,694.0,443.0,770.0,140.0,76.0,
s26,d8,frame_0003.jpg,True,302.0,695.0,445.0,770.0,143.0,75.0,
s26,d8,frame_0004.jpg,True,303.0,696.0,446.0,771.0,143.0,75.0,
s26,d8,frame_0005.jpg,True,304.0,697.0,447.0,770.0,143.0,73.0,
s26,d8,frame_0006.jpg,True,305.0,698.0,449.0,768.0,144.0,70.0,
s26,d8,frame_0007.jpg,True,306.0,698.0,451.0,766.0,145.0,68.0,
s26,d8,frame_0008.jpg,True,305.0,699.0,453.0,766.0,148.0,67.0,
s26,d8,frame_0009.jpg,True,307.0,700.0,453.0,770.0,146.0,70.0,
s26,d8,frame_0010.jpg,True,308.0,702.0,450.0,780.0,142.0,78.0,
s26,d8,frame_0011.jpg,True,307.0,701.0,452.0,794.0,145.0,93.0,
s26,d8,frame_0012.jpg,True,306.0,700.0,454.0,800.0,148.0,100.0,
s26,d8,frame_0013.jpg,True,306.0,699.0,455.0,800.0,149.0,101.0,
s26,d8,frame_0014.jpg,True,308.0,697.0,454.0,796.0,146.0,99.0,
s26,d8,frame_0015.jpg,True,309.0,696.0,454.0,790.0,145.0,94.0,
s26,d8,frame_0016.jpg,True,309.0,696.0,453.0,785.0,144.0,89.0,
s26,d8,frame_0017.jpg,True,309.0,693.0,453.0,782.0,144.0,89.0,
s26,d8,frame_0018.jpg,True,309.0,691.0,452.0,779.0,143.0,88.0,
s26,d8,frame_0019.jpg,True,310.0,690.0,452.0,778.0,142.0,88.0,
s26,d8,frame_0020.jpg,True,310.0,689.0,451.0,774.0,141.0,85.0,
s26,d8,frame_0021.jpg,True,310.0,688.0,451.0,771.0,141.0,83.0,
s26,d8,frame_0022.jpg,True,310.0,688.0,450.0,767.0,140.0,79.0,
s26,d8,frame_0023.jpg,True,309.0,687.0,452.0,765.0,143.0,78.0,
s26,d8,frame_0024.jpg,True,309.0,687.0,452.0,762.0,143.0,75.0,
s26,d8,frame_0025.jpg,True,309.0,687.0,453.0,762.0,144.0,75.0,
s26,d9,frame_0001.jpg,True,318.0,697.0,459.0,772.0,141.0,75.0,
s26,d9,frame_0002.jpg,True,317.0,697.0,459.0,774.0,142.0,77.0,
s26,d9,frame_0003.jpg,True,318.0,698.0,459.0,775.0,141.0,77.0,
s26,d9,frame_0004.jpg,True,319.0,698.0,459.0,775.0,140.0,77.0,
s26,d9,frame_0005.jpg,True,320.0,699.0,460.0,774.0,140.0,75.0,
s26,d9,frame_0006.jpg,True,322.0,698.0,458.0,776.0,136.0,78.0,
s26,d9,frame_0007.jpg,True,323.0,698.0,457.0,777.0,134.0,79.0,
s26,d9,frame_0008.jpg,True,323.0,696.0,457.0,785.0,134.0,89.0,
s26,d9,frame_0009.jpg,True,323.0,696.0,458.0,792.0,135.0,96.0,
s26,d9,frame_0010.jpg,True,322.0,696.0,460.0,798.0,138.0,102.0,
s26,d9,frame_0011.jpg,True,321.0,697.0,461.0,805.0,140.0,108.0,
s26,d9,frame_0012.jpg,True,319.0,697.0,461.0,812.0,142.0,115.0,
s26,d9,frame_0013.jpg,True,320.0,700.0,462.0,818.0,142.0,118.0,
s26,d9,frame_0014.jpg,True,320.0,702.0,461.0,818.0,141.0,116.0,
s26,d9,frame_0015.jpg,True,321.0,703.0,460.0,816.0,139.0,113.0,
s26,d9,frame_0016.jpg,True,322.0,703.0,460.0,810.0,138.0,107.0,
s26,d9,frame_0017.jpg,True,323.0,703.0,458.0,806.0,135.0,103.0,
s26,d9,frame_0018.jpg,True,325.0,703.0,457.0,799.0,132.0,96.0,
s26,d9,frame_0019.jpg,True,326.0,701.0,455.0,796.0,129.0,95.0,
s26,d9,frame_0020.jpg,True,325.0,700.0,455.0,791.0,130.0,91.0,
s26,d9,frame_0021.jpg,True,325.0,698.0,455.0,788.0,130.0,90.0,
s26,d9,frame_0022.jpg,True,323.0,697.0,456.0,785.0,133.0,88.0,
s26,d9,frame_0023.jpg,True,325.0,695.0,455.0,784.0,130.0,89.0,
s26,d9,frame_0024.jpg,True,323.0,692.0,456.0,783.0,133.0,91.0,
s26,d9,frame_0025.jpg,True,324.0,691.0,456.0,782.0,132.0,91.0,
s26,d9,frame_0026.jpg,True,324.0,691.0,457.0,782.0,133.0,91.0,
s26,d9,frame_0027.jpg,True,324.0,692.0,457.0,782.0,133.0,90.0,
s26,d9,frame_0028.jpg,True,324.0,692.0,458.0,781.0,134.0,89.0,
s26,d9,frame_0029.jpg,True,323.0,693.0,458.0,781.0,135.0,88.0,
s26,d9,frame_0030.jpg,True,323.0,693.0,458.0,781.0,135.0,88.0,
s26,d9,frame_0031.jpg,True,324.0,694.0,458.0,780.0,134.0,86.0,
s26,d9,frame_0032.jpg,True,324.0,694.0,458.0,781.0,134.0,87.0,
s26,d9,frame_0033.jpg,True,324.0,695.0,459.0,779.0,135.0,84.0,
s26,d9,frame_0034.jpg,True,324.0,696.0,459.0,778.0,135.0,82.0,
s26,d9,frame_0035.jpg,True,324.0,696.0,460.0,777.0,136.0,81.0,
s26,d9,frame_0036.jpg,True,324.0,697.0,461.0,776.0,137.0,79.0,
s26,d9,frame_0037.jpg,True,323.0,698.0,461.0,775.0,138.0,77.0,
s26,d9,frame_0038.jpg,True,323.0,698.0,461.0,774.0,138.0,76.0,
s26,d9,frame_0039.jpg,True,323.0,698.0,462.0,773.0,139.0,75.0,
s26,d9,frame_0040.jpg,True,323.0,698.0,461.0,773.0,138.0,75.0,
s26,d9,frame_0041.jpg,True,322.0,697.0,460.0,772.0,138.0,75.0,
s26,d9,frame_0042.jpg,True,322.0,698.0,461.0,773.0,139.0,75.0,
s26,d9,frame_0043.jpg,True,321.0,698.0,461.0,773.0,140.0,75.0,
s26,d10,frame_0001.jpg,True,323.0,698.0,461.0,776.0,138.0,78.0,
s26,d10,frame_0002.jpg,True,323.0,697.0,459.0,780.0,136.0,83.0,
s26,d10,frame_0003.jpg,True,322.0,696.0,459.0,785.0,137.0,89.0,
s26,d10,frame_0004.jpg,True,322.0,695.0,460.0,784.0,138.0,89.0,
s26,d10,frame_0005.jpg,True,322.0,695.0,461.0,783.0,139.0,88.0,
s26,d10,frame_0006.jpg,True,321.0,695.0,461.0,783.0,140.0,88.0,
s26,d10,frame_0007.jpg,True,319.0,696.0,461.0,786.0,142.0,90.0,
s26,d10,frame_0008.jpg,True,321.0,698.0,461.0,794.0,140.0,96.0,
s26,d10,frame_0009.jpg,True,320.0,701.0,462.0,798.0,142.0,97.0,
s26,d10,frame_0010.jpg,True,320.0,707.0,461.0,794.0,141.0,87.0,
s26,d10,frame_0011.jpg,True,319.0,712.0,464.0,782.0,145.0,70.0,
s26,d10,frame_0012.jpg,True,317.0,712.0,465.0,778.0,148.0,66.0,
s26,d10,frame_0013.jpg,True,317.0,711.0,465.0,776.0,148.0,65.0,
s26,d10,frame_0014.jpg,True,318.0,710.0,465.0,775.0,147.0,65.0,
s26,d10,frame_0015.jpg,True,320.0,709.0,466.0,774.0,146.0,65.0,
s27,d0,frame_0001.jpg,True,320.0,661.0,452.0,719.0,132.0,58.0,
s27,d0,frame_0002.jpg,True,320.0,661.0,452.0,719.0,132.0,58.0,
s27,d0,frame_0003.jpg,True,320.0,660.0,453.0,717.0,133.0,57.0,
s27,d0,frame_0004.jpg,True,320.0,659.0,453.0,718.0,133.0,59.0,
s27,d0,frame_0005.jpg,True,319.0,660.0,452.0,720.0,133.0,60.0,
s27,d0,frame_0006.jpg,True,320.0,658.0,452.0,726.0,132.0,68.0,
s27,d0,frame_0007.jpg,True,319.0,656.0,450.0,730.0,131.0,74.0,
s27,d0,frame_0008.jpg,True,319.0,657.0,450.0,731.0,131.0,74.0,
s27,d0,frame_0009.jpg,True,318.0,657.0,447.0,730.0,129.0,73.0,
s27,d0,frame_0010.jpg,True,320.0,658.0,448.0,725.0,128.0,67.0,
s27,d0,frame_0011.jpg,True,322.0,659.0,450.0,722.0,128.0,63.0,
s27,d0,frame_0012.jpg,True,322.0,658.0,450.0,721.0,128.0,63.0,
s27,d0,frame_0013.jpg,True,322.0,658.0,450.0,719.0,128.0,61.0,
s27,d0,frame_0014.jpg,True,322.0,659.0,450.0,719.0,128.0,60.0,
s27,d0,frame_0015.jpg,True,322.0,659.0,450.0,719.0,128.0,60.0,
s27,d0,frame_0016.jpg,True,323.0,659.0,451.0,720.0,128.0,61.0,
s27,d0,frame_0017.jpg,True,322.0,658.0,453.0,720.0,131.0,62.0,
s27,d0,frame_0018.jpg,True,322.0,659.0,455.0,719.0,133.0,60.0,
s27,d0,frame_0019.jpg,True,321.0,660.0,454.0,718.0,133.0,58.0,
s27,d0,frame_0020.jpg,True,320.0,660.0,455.0,718.0,135.0,58.0,
s27,d0,frame_0021.jpg,True,321.0,660.0,454.0,715.0,133.0,55.0,
s27,d0,frame_0022.jpg,True,320.0,660.0,455.0,713.0,135.0,53.0,
s27,d0,frame_0023.jpg,True,321.0,658.0,456.0,713.0,135.0,55.0,
s27,d0,frame_0024.jpg,True,320.0,657.0,457.0,712.0,137.0,55.0,
s27,d0,frame_0025.jpg,True,320.0,656.0,456.0,710.0,136.0,54.0,
s27,d1,frame_0001.jpg,True,318.0,653.0,453.0,707.0,135.0,54.0,
s27,d1,frame_0002.jpg,True,318.0,652.0,452.0,707.0,134.0,55.0,
s27,d1,frame_0003.jpg,True,318.0,651.0,452.0,707.0,134.0,56.0,
s27,d1,frame_0004.jpg,True,317.0,651.0,452.0,708.0,135.0,57.0,
s27,d1,frame_0005.jpg,True,316.0,651.0,452.0,708.0,136.0,57.0,
s27,d1,frame_0006.jpg,True,316.0,650.0,452.0,707.0,136.0,57.0,
s27,d1,frame_0007.jpg,True,316.0,648.0,450.0,710.0,134.0,62.0,
s27,d1,frame_0008.jpg,True,317.0,647.0,451.0,713.0,134.0,66.0,
s27,d1,frame_0009.jpg,True,316.0,646.0,451.0,716.0,135.0,70.0,
s27,d1,frame_0010.jpg,True,316.0,646.0,451.0,717.0,135.0,71.0,
s27,d1,frame_0011.jpg,True,316.0,646.0,451.0,718.0,135.0,72.0,
s27,d1,frame_0012.jpg,True,316.0,646.0,451.0,718.0,135.0,72.0,
s27,d1,frame_0013.jpg,True,315.0,644.0,450.0,717.0,135.0,73.0,
s27,d1,frame_0014.jpg,True,315.0,643.0,451.0,713.0,136.0,70.0,
s27,d1,frame_0015.jpg,True,315.0,643.0,452.0,713.0,137.0,70.0,
s27,d1,frame_0016.jpg,True,314.0,644.0,451.0,711.0,137.0,67.0,
s27,d1,frame_0017.jpg,True,314.0,643.0,451.0,712.0,137.0,69.0,
s27,d1,frame_0018.jpg,True,314.0,643.0,453.0,712.0,139.0,69.0,
s27,d1,frame_0019.jpg,True,315.0,643.0,452.0,712.0,137.0,69.0,
s27,d1,frame_0020.jpg,True,315.0,643.0,453.0,712.0,138.0,69.0,
s27,d1,frame_0021.jpg,True,316.0,643.0,454.0,713.0,138.0,70.0,
s27,d1,frame_0022.jpg,True,316.0,642.0,454.0,714.0,138.0,72.0,
s27,d1,frame_0023.jpg,True,317.0,641.0,455.0,713.0,138.0,72.0,
s27,d1,frame_0024.jpg,True,318.0,642.0,456.0,713.0,138.0,71.0,
s27,d1,frame_0025.jpg,True,319.0,642.0,456.0,712.0,137.0,70.0,
s27,d1,frame_0026.jpg,True,321.0,643.0,458.0,711.0,137.0,68.0,
s27,d1,frame_0027.jpg,True,322.0,645.0,458.0,707.0,136.0,62.0,
s27,d1,frame_0028.jpg,True,323.0,646.0,458.0,701.0,135.0,55.0,
s27,d1,frame_0029.jpg,True,324.0,644.0,459.0,698.0,135.0,54.0,
s27,d2,frame_0001.jpg,True,323.0,648.0,455.0,706.0,132.0,58.0,
s27,d2,frame_0002.jpg,True,323.0,647.0,456.0,706.0,133.0,59.0,
s27,d2,frame_0003.jpg,True,323.0,647.0,456.0,707.0,133.0,60.0,
s27,d2,frame_0004.jpg,True,324.0,647.0,455.0,708.0,131.0,61.0,
s27,d2,frame_0005.jpg,True,324.0,647.0,454.0,708.0,130.0,61.0,
s27,d2,frame_0006.jpg,True,326.0,645.0,456.0,709.0,130.0,64.0,
s27,d2,frame_0007.jpg,True,326.0,644.0,457.0,709.0,131.0,65.0,
s27,d2,frame_0008.jpg,True,326.0,643.0,456.0,708.0,130.0,65.0,
s27,d2,frame_0009.jpg,True,325.0,643.0,455.0,708.0,130.0,65.0,
s27,d2,frame_0010.jpg,True,325.0,642.0,457.0,709.0,132.0,67.0,
s27,d2,frame_0011.jpg,True,325.0,642.0,458.0,709.0,133.0,67.0,
s27,d2,frame_0012.jpg,True,325.0,642.0,457.0,710.0,132.0,68.0,
s27,d2,frame_0013.jpg,True,323.0,641.0,457.0,712.0,134.0,71.0,
s27,d2,frame_0014.jpg,True,322.0,642.0,456.0,718.0,134.0,76.0,
s27,d2,frame_0015.jpg,True,323.0,644.0,456.0,721.0,133.0,77.0,
s27,d2,frame_0016.jpg,True,323.0,646.0,456.0,724.0,133.0,78.0,
s27,d2,frame_0017.jpg,True,322.0,647.0,455.0,723.0,133.0,76.0,
s27,d2,frame_0018.jpg,True,323.0,649.0,455.0,724.0,132.0,75.0,
s27,d2,frame_0019.jpg,True,323.0,650.0,454.0,719.0,131.0,69.0,
s27,d2,frame_0020.jpg,True,324.0,651.0,454.0,717.0,130.0,66.0,
s27,d2,frame_0021.jpg,True,324.0,652.0,455.0,714.0,131.0,62.0,
s27,d2,frame_0022.jpg,True,325.0,652.0,454.0,714.0,129.0,62.0,
s27,d2,frame_0023.jpg,True,324.0,652.0,456.0,714.0,132.0,62.0,
s27,d2,frame_0024.jpg,True,326.0,651.0,457.0,713.0,131.0,62.0,
s27,d2,frame_0025.jpg,True,325.0,650.0,458.0,712.0,133.0,62.0,
s27,d2,frame_0026.jpg,True,325.0,648.0,457.0,710.0,132.0,62.0,
s27,d2,frame_0027.jpg,True,325.0,647.0,459.0,709.0,134.0,62.0,
s27,d2,frame_0028.jpg,True,326.0,647.0,459.0,710.0,133.0,63.0,
s27,d2,frame_0029.jpg,True,328.0,646.0,461.0,703.0,133.0,57.0,
s27,d2,frame_0030.jpg,True,328.0,646.0,463.0,703.0,135.0,57.0,
s27,d2,frame_0031.jpg,True,328.0,645.0,465.0,700.0,137.0,55.0,
s27,d2,frame_0032.jpg,True,328.0,644.0,465.0,700.0,137.0,56.0,
s27,d2,frame_0033.jpg,True,329.0,644.0,464.0,698.0,135.0,54.0,
s27,d2,frame_0034.jpg,True,329.0,644.0,464.0,698.0,135.0,54.0,
s27,d2,frame_0035.jpg,True,329.0,644.0,465.0,699.0,136.0,55.0,
s27,d2,frame_0036.jpg,True,329.0,643.0,465.0,698.0,136.0,55.0,
s27,d2,frame_0037.jpg,True,328.0,644.0,466.0,696.0,138.0,52.0,
s27,d3,frame_0001.jpg,True,341.0,655.0,474.0,709.0,133.0,54.0,
s27,d3,frame_0002.jpg,True,341.0,657.0,475.0,711.0,134.0,54.0,
s27,d3,frame_0003.jpg,True,341.0,659.0,474.0,714.0,133.0,55.0,
s27,d3,frame_0004.jpg,True,340.0,662.0,472.0,717.0,132.0,55.0,
s27,d3,frame_0005.jpg,True,339.0,663.0,472.0,718.0,133.0,55.0,
s27,d3,frame_0006.jpg,True,338.0,663.0,471.0,719.0,133.0,56.0,
s27,d3,frame_0007.jpg,True,339.0,663.0,471.0,719.0,132.0,56.0,
s27,d3,frame_0008.jpg,True,338.0,662.0,468.0,723.0,130.0,61.0,
s27,d3,frame_0009.jpg,True,337.0,660.0,466.0,727.0,129.0,67.0,
s27,d3,frame_0010.jpg,True,336.0,659.0,467.0,729.0,131.0,70.0,
s27,d3,frame_0011.jpg,True,336.0,659.0,467.0,729.0,131.0,70.0,
s27,d3,frame_0012.jpg,True,335.0,659.0,466.0,732.0,131.0,73.0,
s27,d3,frame_0013.jpg,True,333.0,661.0,465.0,734.0,132.0,73.0,
s27,d3,frame_0014.jpg,True,332.0,659.0,466.0,740.0,134.0,81.0,
s27,d3,frame_0015.jpg,True,333.0,660.0,467.0,747.0,134.0,87.0,
s27,d3,frame_0016.jpg,True,333.0,661.0,467.0,745.0,134.0,84.0,
s27,d3,frame_0017.jpg,True,333.0,664.0,468.0,738.0,135.0,74.0,
s27,d3,frame_0018.jpg,True,337.0,668.0,467.0,722.0,130.0,54.0,
s27,d3,frame_0019.jpg,True,335.0,670.0,468.0,724.0,133.0,54.0,
s27,d3,frame_0020.jpg,True,335.0,669.0,469.0,722.0,134.0,53.0,
s27,d3,frame_0021.jpg,True,334.0,668.0,468.0,720.0,134.0,52.0,
s27,d3,frame_0022.jpg,True,334.0,667.0,468.0,718.0,134.0,51.0,
s27,d3,frame_0023.jpg,True,334.0,666.0,468.0,719.0,134.0,53.0,
s27,d3,frame_0024.jpg,True,334.0,665.0,468.0,717.0,134.0,52.0,
s27,d3,frame_0025.jpg,True,334.0,664.0,468.0,716.0,134.0,52.0,
s27,d3,frame_0026.jpg,True,335.0,663.0,470.0,715.0,135.0,52.0,
s27,d3,frame_0027.jpg,True,335.0,662.0,471.0,714.0,136.0,52.0,
s27,d3,frame_0028.jpg,True,335.0,661.0,472.0,712.0,137.0,51.0,
s27,d3,frame_0029.jpg,True,334.0,659.0,472.0,711.0,138.0,52.0,
s27,d4,frame_0001.jpg,True,332.0,651.0,465.0,704.0,133.0,53.0,
s27,d4,frame_0002.jpg,True,331.0,651.0,465.0,708.0,134.0,57.0,
s27,d4,frame_0003.jpg,True,331.0,651.0,466.0,707.0,135.0,56.0,
s27,d4,frame_0004.jpg,True,331.0,651.0,466.0,707.0,135.0,56.0,
s27,d4,frame_0005.jpg,True,330.0,650.0,463.0,707.0,133.0,57.0,
s27,d4,frame_0006.jpg,True,330.0,648.0,463.0,711.0,133.0,63.0,
s27,d4,frame_0007.jpg,True,329.0,644.0,464.0,714.0,135.0,70.0,
s27,d4,frame_0008.jpg,True,328.0,643.0,463.0,714.0,135.0,71.0,
s27,d4,frame_0009.jpg,True,326.0,643.0,462.0,715.0,136.0,72.0,
s27,d4,frame_0010.jpg,True,327.0,642.0,462.0,716.0,135.0,74.0,
s27,d4,frame_0011.jpg,True,326.0,642.0,462.0,716.0,136.0,74.0,
s27,d4,frame_0012.jpg,True,325.0,643.0,462.0,717.0,137.0,74.0,
s27,d4,frame_0013.jpg,True,324.0,644.0,460.0,719.0,136.0,75.0,
s27,d4,frame_0014.jpg,True,324.0,644.0,460.0,718.0,136.0,74.0,
s27,d4,frame_0015.jpg,True,324.0,643.0,460.0,719.0,136.0,76.0,
s27,d4,frame_0016.jpg,True,321.0,644.0,460.0,720.0,139.0,76.0,
s27,d4,frame_0017.jpg,True,321.0,644.0,459.0,720.0,138.0,76.0,
s27,d4,frame_0018.jpg,True,321.0,643.0,459.0,718.0,138.0,75.0,
s27,d4,frame_0019.jpg,True,322.0,643.0,459.0,718.0,137.0,75.0,
s27,d4,frame_0020.jpg,True,320.0,643.0,458.0,718.0,138.0,75.0,
s27,d4,frame_0021.jpg,True,320.0,643.0,458.0,718.0,138.0,75.0,
s27,d4,frame_0022.jpg,True,319.0,643.0,457.0,717.0,138.0,74.0,
s27,d4,frame_0023.jpg,True,319.0,643.0,457.0,718.0,138.0,75.0,
s27,d4,frame_0024.jpg,True,319.0,643.0,456.0,717.0,137.0,74.0,
s27,d4,frame_0025.jpg,True,319.0,643.0,457.0,716.0,138.0,73.0,
s27,d4,frame_0026.jpg,True,320.0,644.0,456.0,715.0,136.0,71.0,
s27,d4,frame_0027.jpg,True,320.0,644.0,457.0,716.0,137.0,72.0,
s27,d4,frame_0028.jpg,True,320.0,645.0,455.0,716.0,135.0,71.0,
s27,d4,frame_0029.jpg,True,321.0,646.0,454.0,714.0,133.0,68.0,
s27,d4,frame_0030.jpg,True,319.0,646.0,454.0,714.0,135.0,68.0,
s27,d4,frame_0031.jpg,True,318.0,648.0,454.0,711.0,136.0,63.0,
s27,d4,frame_0032.jpg,True,318.0,649.0,453.0,712.0,135.0,63.0,
s27,d4,frame_0033.jpg,True,317.0,649.0,454.0,710.0,137.0,61.0,
s27,d4,frame_0034.jpg,True,316.0,651.0,454.0,708.0,138.0,57.0,
s27,d4,frame_0035.jpg,True,317.0,652.0,453.0,709.0,136.0,57.0,
s27,d4,frame_0036.jpg,True,317.0,652.0,453.0,709.0,136.0,57.0,
s27,d4,frame_0037.jpg,True,317.0,653.0,452.0,709.0,135.0,56.0,
s27,d4,frame_0038.jpg,True,317.0,653.0,452.0,710.0,135.0,57.0,
s27,d5,frame_0001.jpg,True,318.0,645.0,451.0,704.0,133.0,59.0,
s27,d5,frame_0002.jpg,True,319.0,645.0,452.0,706.0,133.0,61.0,
s27,d5,frame_0003.jpg,True,319.0,645.0,453.0,706.0,134.0,61.0,
s27,d5,frame_0004.jpg,True,319.0,647.0,452.0,706.0,133.0,59.0,
s27,d5,frame_0005.jpg,True,317.0,648.0,451.0,709.0,134.0,61.0,
s27,d5,frame_0006.jpg,True,318.0,649.0,451.0,711.0,133.0,62.0,
s27,d5,frame_0007.jpg,True,318.0,648.0,450.0,717.0,132.0,69.0,
s27,d5,frame_0008.jpg,True,316.0,646.0,451.0,720.0,135.0,74.0,
s27,d5,frame_0009.jpg,True,315.0,645.0,449.0,722.0,134.0,77.0,
s27,d5,frame_0010.jpg,True,314.0,645.0,450.0,723.0,136.0,78.0,
s27,d5,frame_0011.jpg,True,312.0,645.0,449.0,724.0,137.0,79.0,
s27,d5,frame_0012.jpg,True,312.0,647.0,449.0,725.0,137.0,78.0,
s27,d5,frame_0013.jpg,True,312.0,648.0,448.0,725.0,136.0,77.0,
s27,d5,frame_0014.jpg,True,312.0,647.0,448.0,723.0,136.0,76.0,
s27,d5,frame_0015.jpg,True,313.0,648.0,448.0,722.0,135.0,74.0,
s27,d5,frame_0016.jpg,True,312.0,648.0,447.0,721.0,135.0,73.0,
s27,d5,frame_0017.jpg,True,313.0,649.0,447.0,717.0,134.0,68.0,
s27,d5,frame_0018.jpg,True,312.0,647.0,447.0,715.0,135.0,68.0,
s27,d5,frame_0019.jpg,True,313.0,647.0,448.0,715.0,135.0,68.0,
s27,d5,frame_0020.jpg,True,314.0,647.0,449.0,714.0,135.0,67.0,
s27,d5,frame_0021.jpg,True,314.0,648.0,449.0,712.0,135.0,64.0,
s27,d5,frame_0022.jpg,True,314.0,647.0,450.0,711.0,136.0,64.0,
s27,d5,frame_0023.jpg,True,315.0,647.0,450.0,711.0,135.0,64.0,
s27,d5,frame_0024.jpg,True,316.0,646.0,451.0,709.0,135.0,63.0,
s27,d5,frame_0025.jpg,True,316.0,646.0,450.0,706.0,134.0,60.0,
s27,d5,frame_0026.jpg,True,318.0,646.0,452.0,704.0,134.0,58.0,
s27,d5,frame_0027.jpg,True,319.0,645.0,453.0,702.0,134.0,57.0,
s27,d5,frame_0028.jpg,True,321.0,646.0,455.0,703.0,134.0,57.0,
s27,d5,frame_0029.jpg,True,321.0,646.0,457.0,703.0,136.0,57.0,
s27,d5,frame_0030.jpg,True,321.0,647.0,457.0,702.0,136.0,55.0,
s27,d5,frame_0031.jpg,True,323.0,647.0,458.0,704.0,135.0,57.0,
s27,d5,frame_0032.jpg,True,323.0,648.0,460.0,704.0,137.0,56.0,
s27,d6,frame_0001.jpg,True,321.0,643.0,458.0,697.0,137.0,54.0,
s27,d6,frame_0002.jpg,True,321.0,642.0,458.0,696.0,137.0,54.0,
s27,d6,frame_0003.jpg,True,322.0,640.0,457.0,697.0,135.0,57.0,
s27,d6,frame_0004.jpg,True,322.0,639.0,458.0,696.0,136.0,57.0,
s27,d6,frame_0005.jpg,True,323.0,640.0,459.0,696.0,136.0,56.0,
s27,d6,frame_0006.jpg,True,324.0,640.0,458.0,697.0,134.0,57.0,
s27,d6,frame_0007.jpg,True,324.0,640.0,458.0,700.0,134.0,60.0,
s27,d6,frame_0008.jpg,True,326.0,639.0,458.0,701.0,132.0,62.0,
s27,d6,frame_0009.jpg,True,328.0,638.0,458.0,701.0,130.0,63.0,
s27,d6,frame_0010.jpg,True,328.0,637.0,458.0,703.0,130.0,66.0,
s27,d6,frame_0011.jpg,True,328.0,637.0,458.0,704.0,130.0,67.0,
s27,d6,frame_0012.jpg,True,330.0,636.0,458.0,707.0,128.0,71.0,
s27,d6,frame_0013.jpg,True,331.0,635.0,460.0,706.0,129.0,71.0,
s27,d6,frame_0014.jpg,True,331.0,636.0,460.0,708.0,129.0,72.0,
s27,d6,frame_0015.jpg,True,331.0,637.0,459.0,707.0,128.0,70.0,
s27,d6,frame_0016.jpg,True,332.0,638.0,460.0,710.0,128.0,72.0,
s27,d6,frame_0017.jpg,True,332.0,639.0,461.0,710.0,129.0,71.0,
s27,d6,frame_0018.jpg,True,332.0,640.0,461.0,710.0,129.0,70.0,
s27,d6,frame_0019.jpg,True,332.0,640.0,460.0,710.0,128.0,70.0,
s27,d6,frame_0020.jpg,True,331.0,640.0,461.0,709.0,130.0,69.0,
s27,d6,frame_0021.jpg,True,330.0,639.0,462.0,706.0,132.0,67.0,
s27,d6,frame_0022.jpg,True,330.0,637.0,462.0,705.0,132.0,68.0,
s27,d6,frame_0023.jpg,True,330.0,637.0,463.0,704.0,133.0,67.0,
s27,d6,frame_0024.jpg,True,329.0,635.0,463.0,704.0,134.0,69.0,
s27,d6,frame_0025.jpg,True,328.0,634.0,464.0,705.0,136.0,71.0,
s27,d6,frame_0026.jpg,True,328.0,634.0,464.0,705.0,136.0,71.0,
s27,d6,frame_0027.jpg,True,328.0,634.0,464.0,705.0,136.0,71.0,
s27,d6,frame_0028.jpg,True,328.0,632.0,464.0,704.0,136.0,72.0,
s27,d6,frame_0029.jpg,True,328.0,631.0,466.0,705.0,138.0,74.0,
s27,d6,frame_0030.jpg,True,328.0,630.0,465.0,703.0,137.0,73.0,
s27,d6,frame_0031.jpg,True,328.0,631.0,464.0,699.0,136.0,68.0,
s27,d6,frame_0032.jpg,True,328.0,631.0,465.0,696.0,137.0,65.0,
s27,d6,frame_0033.jpg,True,329.0,632.0,466.0,691.0,137.0,59.0,
s27,d6,frame_0034.jpg,True,331.0,632.0,468.0,690.0,137.0,58.0,
s27,d6,frame_0035.jpg,True,330.0,631.0,468.0,690.0,138.0,59.0,
s27,d6,frame_0036.jpg,True,330.0,634.0,468.0,689.0,138.0,55.0,
s27,d6,frame_0037.jpg,True,330.0,633.0,469.0,691.0,139.0,58.0,
s27,d6,frame_0038.jpg,True,331.0,631.0,470.0,689.0,139.0,58.0,
s27,d7,frame_0001.jpg,True,337.0,627.0,475.0,683.0,138.0,56.0,
s27,d7,frame_0002.jpg,True,336.0,627.0,475.0,684.0,139.0,57.0,
s27,d7,frame_0003.jpg,True,337.0,627.0,474.0,684.0,137.0,57.0,
s27,d7,frame_0004.jpg,True,337.0,626.0,475.0,685.0,138.0,59.0,
s27,d7,frame_0005.jpg,True,337.0,625.0,474.0,683.0,137.0,58.0,
s27,d7,frame_0006.jpg,True,337.0,622.0,475.0,686.0,138.0,64.0,
s27,d7,frame_0007.jpg,True,336.0,619.0,474.0,692.0,138.0,73.0,
s27,d7,frame_0008.jpg,True,336.0,618.0,474.0,693.0,138.0,75.0,
s27,d7,frame_0009.jpg,True,336.0,619.0,474.0,695.0,138.0,76.0,
s27,d7,frame_0010.jpg,True,336.0,618.0,474.0,695.0,138.0,77.0,
s27,d7,frame_0011.jpg,True,337.0,619.0,473.0,695.0,136.0,76.0,
s27,d7,frame_0012.jpg,True,335.0,619.0,474.0,694.0,139.0,75.0,
s27,d7,frame_0013.jpg,True,335.0,619.0,472.0,694.0,137.0,75.0,
s27,d7,frame_0014.jpg,True,332.0,620.0,471.0,695.0,139.0,75.0,
s27,d7,frame_0015.jpg,True,333.0,620.0,471.0,695.0,138.0,75.0,
s27,d7,frame_0016.jpg,True,332.0,620.0,472.0,697.0,140.0,77.0,
s27,d7,frame_0017.jpg,True,331.0,620.0,473.0,697.0,142.0,77.0,
s27,d7,frame_0018.jpg,True,330.0,621.0,471.0,698.0,141.0,77.0,
s27,d7,frame_0019.jpg,True,329.0,620.0,471.0,697.0,142.0,77.0,
s27,d7,frame_0020.jpg,True,329.0,620.0,470.0,696.0,141.0,76.0,
s27,d7,frame_0021.jpg,True,328.0,620.0,469.0,695.0,141.0,75.0,
s27,d7,frame_0022.jpg,True,328.0,620.0,470.0,695.0,142.0,75.0,
s27,d7,frame_0023.jpg,True,327.0,620.0,471.0,695.0,144.0,75.0,
s27,d7,frame_0024.jpg,True,326.0,620.0,470.0,695.0,144.0,75.0,
s27,d7,frame_0025.jpg,True,324.0,621.0,470.0,696.0,146.0,75.0,
s27,d7,frame_0026.jpg,True,326.0,622.0,471.0,697.0,145.0,75.0,
s27,d7,frame_0027.jpg,True,328.0,624.0,472.0,699.0,144.0,75.0,
s27,d7,frame_0028.jpg,True,329.0,625.0,473.0,700.0,144.0,75.0,
s27,d7,frame_0029.jpg,True,329.0,625.0,474.0,701.0,145.0,76.0,
s27,d7,frame_0030.jpg,True,330.0,625.0,474.0,699.0,144.0,74.0,
s27,d7,frame_0031.jpg,True,330.0,626.0,473.0,697.0,143.0,71.0,
s27,d7,frame_0032.jpg,True,330.0,626.0,474.0,696.0,144.0,70.0,
s27,d7,frame_0033.jpg,True,330.0,626.0,473.0,695.0,143.0,69.0,
s27,d7,frame_0034.jpg,True,329.0,628.0,473.0,693.0,144.0,65.0,
s27,d7,frame_0035.jpg,True,329.0,630.0,473.0,690.0,144.0,60.0,
s27,d7,frame_0036.jpg,True,329.0,632.0,473.0,691.0,144.0,59.0,
s27,d7,frame_0037.jpg,True,329.0,633.0,473.0,692.0,144.0,59.0,
s27,d7,frame_0038.jpg,True,328.0,634.0,473.0,692.0,145.0,58.0,
s27,d7,frame_0039.jpg,True,329.0,635.0,473.0,692.0,144.0,57.0,
s27,d7,frame_0040.jpg,True,328.0,635.0,472.0,691.0,144.0,56.0,
s27,d7,frame_0041.jpg,True,328.0,634.0,471.0,690.0,143.0,56.0,
s27,d7,frame_0042.jpg,True,328.0,633.0,471.0,690.0,143.0,57.0,
s27,d7,frame_0043.jpg,True,328.0,633.0,471.0,689.0,143.0,56.0,
s27,d7,frame_0044.jpg,True,328.0,633.0,471.0,688.0,143.0,55.0,
s27,d7,frame_0045.jpg,True,327.0,633.0,470.0,686.0,143.0,53.0,
s27,d8,frame_0001.jpg,True,335.0,627.0,478.0,682.0,143.0,55.0,
s27,d8,frame_0002.jpg,True,335.0,627.0,480.0,680.0,145.0,53.0,
s27,d8,frame_0003.jpg,True,336.0,627.0,480.0,680.0,144.0,53.0,
s27,d8,frame_0004.jpg,True,336.0,627.0,479.0,682.0,143.0,55.0,
s27,d8,frame_0005.jpg,True,336.0,628.0,480.0,684.0,144.0,56.0,
s27,d8,frame_0006.jpg,True,336.0,629.0,481.0,687.0,145.0,58.0,
s27,d8,frame_0007.jpg,True,338.0,630.0,481.0,691.0,143.0,61.0,
s27,d8,frame_0008.jpg,True,337.0,628.0,479.0,699.0,142.0,71.0,
s27,d8,frame_0009.jpg,True,339.0,626.0,480.0,701.0,141.0,75.0,
s27,d8,frame_0010.jpg,True,340.0,624.0,482.0,701.0,142.0,77.0,
s27,d8,frame_0011.jpg,True,339.0,621.0,483.0,699.0,144.0,78.0,
s27,d8,frame_0012.jpg,True,339.0,621.0,482.0,694.0,143.0,73.0,
s27,d8,frame_0013.jpg,True,340.0,619.0,484.0,693.0,144.0,74.0,
s27,d8,frame_0014.jpg,True,340.0,619.0,485.0,692.0,145.0,73.0,
s27,d8,frame_0015.jpg,True,341.0,619.0,486.0,690.0,145.0,71.0,
s27,d8,frame_0016.jpg,True,341.0,618.0,488.0,691.0,147.0,73.0,
s27,d8,frame_0017.jpg,True,342.0,617.0,488.0,689.0,146.0,72.0,
s27,d8,frame_0018.jpg,True,342.0,616.0,488.0,689.0,146.0,73.0,
s27,d8,frame_0019.jpg,True,343.0,616.0,489.0,689.0,146.0,73.0,
s27,d8,frame_0020.jpg,True,343.0,616.0,490.0,688.0,147.0,72.0,
s27,d8,frame_0021.jpg,True,343.0,617.0,491.0,687.0,148.0,70.0,
s27,d8,frame_0022.jpg,True,343.0,618.0,491.0,685.0,148.0,67.0,
s27,d8,frame_0023.jpg,True,343.0,620.0,491.0,684.0,148.0,64.0,
s27,d8,frame_0024.jpg,True,343.0,620.0,489.0,682.0,146.0,62.0,
s27,d8,frame_0025.jpg,True,342.0,619.0,489.0,681.0,147.0,62.0,
s27,d8,frame_0026.jpg,True,342.0,618.0,489.0,679.0,147.0,61.0,
s27,d8,frame_0027.jpg,True,342.0,617.0,488.0,677.0,146.0,60.0,
s27,d8,frame_0028.jpg,True,341.0,616.0,488.0,675.0,147.0,59.0,
s27,d8,frame_0029.jpg,True,339.0,616.0,487.0,674.0,148.0,58.0,
s27,d8,frame_0030.jpg,True,339.0,617.0,485.0,675.0,146.0,58.0,
s27,d8,frame_0031.jpg,True,341.0,619.0,485.0,675.0,144.0,56.0,
s27,d8,frame_0032.jpg,True,341.0,620.0,486.0,676.0,145.0,56.0,
s27,d9,frame_0001.jpg,True,336.0,617.0,478.0,678.0,142.0,61.0,
s27,d9,frame_0002.jpg,True,335.0,617.0,478.0,678.0,143.0,61.0,
s27,d9,frame_0003.jpg,True,335.0,615.0,478.0,678.0,143.0,63.0,
s27,d9,frame_0004.jpg,True,333.0,615.0,476.0,678.0,143.0,63.0,
s27,d9,frame_0005.jpg,True,334.0,615.0,473.0,679.0,139.0,64.0,
s27,d9,frame_0006.jpg,True,334.0,613.0,474.0,684.0,140.0,71.0,
s27,d9,frame_0007.jpg,True,334.0,612.0,474.0,685.0,140.0,73.0,
s27,d9,frame_0008.jpg,True,334.0,613.0,472.0,685.0,138.0,72.0,
s27,d9,frame_0009.jpg,True,334.0,612.0,471.0,687.0,137.0,75.0,
s27,d9,frame_0010.jpg,True,333.0,612.0,473.0,692.0,140.0,80.0,
s27,d9,frame_0011.jpg,True,333.0,610.0,473.0,692.0,140.0,82.0,
s27,d9,frame_0012.jpg,True,333.0,609.0,473.0,693.0,140.0,84.0,
s27,d9,frame_0013.jpg,True,333.0,609.0,473.0,694.0,140.0,85.0,
s27,d9,frame_0014.jpg,True,333.0,609.0,473.0,690.0,140.0,81.0,
s27,d9,frame_0015.jpg,True,335.0,608.0,471.0,682.0,136.0,74.0,
s27,d9,frame_0016.jpg,True,335.0,609.0,472.0,677.0,137.0,68.0,
s27,d9,frame_0017.jpg,True,336.0,609.0,472.0,675.0,136.0,66.0,
s27,d9,frame_0018.jpg,True,336.0,609.0,473.0,673.0,137.0,64.0,
s27,d9,frame_0019.jpg,True,336.0,608.0,475.0,671.0,139.0,63.0,
s27,d9,frame_0020.jpg,True,337.0,607.0,475.0,670.0,138.0,63.0,
s27,d9,frame_0021.jpg,True,337.0,608.0,476.0,669.0,139.0,61.0,
s27,d9,frame_0022.jpg,True,337.0,608.0,475.0,669.0,138.0,61.0,
s27,d9,frame_0023.jpg,True,338.0,608.0,478.0,668.0,140.0,60.0,
s27,d9,frame_0024.jpg,True,337.0,607.0,479.0,667.0,142.0,60.0,
s27,d9,frame_0025.jpg,True,337.0,608.0,479.0,666.0,142.0,58.0,
s27,d9,frame_0026.jpg,True,337.0,607.0,479.0,666.0,142.0,59.0,
s27,d9,frame_0027.jpg,True,335.0,607.0,480.0,666.0,145.0,59.0,
s27,d9,frame_0028.jpg,True,335.0,606.0,481.0,664.0,146.0,58.0,
s27,d9,frame_0029.jpg,True,336.0,606.0,480.0,664.0,144.0,58.0,
s27,d10,frame_0001.jpg,True,332.0,604.0,477.0,664.0,145.0,60.0,
s27,d10,frame_0002.jpg,True,331.0,604.0,476.0,664.0,145.0,60.0,
s27,d10,frame_0003.jpg,True,330.0,605.0,474.0,665.0,144.0,60.0,
s27,d10,frame_0004.jpg,True,330.0,605.0,474.0,666.0,144.0,61.0,
s27,d10,frame_0005.jpg,True,331.0,605.0,472.0,667.0,141.0,62.0,
s27,d10,frame_0006.jpg,True,332.0,603.0,473.0,668.0,141.0,65.0,
s27,d10,frame_0007.jpg,True,333.0,601.0,472.0,672.0,139.0,71.0,
s27,d10,frame_0008.jpg,True,333.0,601.0,473.0,673.0,140.0,72.0,
s27,d10,frame_0009.jpg,True,334.0,600.0,473.0,675.0,139.0,75.0,
s27,d10,frame_0010.jpg,True,333.0,600.0,473.0,675.0,140.0,75.0,
s27,d10,frame_0011.jpg,True,333.0,599.0,473.0,675.0,140.0,76.0,
s27,d10,frame_0012.jpg,True,333.0,598.0,473.0,672.0,140.0,74.0,
s27,d10,frame_0013.jpg,True,333.0,598.0,474.0,671.0,141.0,73.0,
s27,d10,frame_0014.jpg,True,332.0,596.0,475.0,671.0,143.0,75.0,
s27,d10,frame_0015.jpg,True,331.0,597.0,474.0,670.0,143.0,73.0,
s27,d10,frame_0016.jpg,True,331.0,597.0,474.0,672.0,143.0,75.0,
s27,d10,frame_0017.jpg,True,332.0,596.0,475.0,672.0,143.0,76.0,
s27,d10,frame_0018.jpg,True,332.0,596.0,475.0,673.0,143.0,77.0,
s27,d10,frame_0019.jpg,True,332.0,599.0,475.0,675.0,143.0,76.0,
s27,d10,frame_0020.jpg,True,332.0,604.0,475.0,663.0,143.0,59.0,
s27,d10,frame_0021.jpg,True,332.0,603.0,474.0,662.0,142.0,59.0,
s27,d10,frame_0022.jpg,True,331.0,603.0,474.0,661.0,143.0,58.0,
s27,d10,frame_0023.jpg,True,331.0,603.0,474.0,662.0,143.0,59.0,
s27,d10,frame_0024.jpg,True,332.0,604.0,474.0,662.0,142.0,58.0,
s27,d10,frame_0025.jpg,True,331.0,604.0,474.0,663.0,143.0,59.0,
s27,d10,frame_0026.jpg,True,329.0,605.0,474.0,664.0,145.0,59.0,
s27,d10,frame_0027.jpg,True,329.0,605.0,473.0,664.0,144.0,59.0,
s27,d10,frame_0028.jpg,True,331.0,604.0,474.0,662.0,143.0,58.0,
s27,d10,frame_0029.jpg,True,330.0,605.0,473.0,661.0,143.0,56.0,
s28,d0,frame_0001.jpg,True,323.0,637.0,492.0,721.0,169.0,84.0,
s28,d0,frame_0002.jpg,True,320.0,638.0,489.0,725.0,169.0,87.0,
s28,d0,frame_0003.jpg,True,321.0,643.0,489.0,727.0,168.0,84.0,
s28,d0,frame_0004.jpg,True,319.0,647.0,488.0,727.0,169.0,80.0,
s28,d0,frame_0005.jpg,True,320.0,647.0,487.0,725.0,167.0,78.0,
s28,d0,frame_0006.jpg,True,320.0,644.0,488.0,722.0,168.0,78.0,
s28,d0,frame_0007.jpg,True,317.0,637.0,488.0,720.0,171.0,83.0,
s28,d0,frame_0008.jpg,True,318.0,629.0,486.0,728.0,168.0,99.0,
s28,d0,frame_0009.jpg,True,316.0,617.0,488.0,734.0,172.0,117.0,
s28,d0,frame_0010.jpg,True,315.0,611.0,493.0,733.0,178.0,122.0,
s28,d0,frame_0011.jpg,True,315.0,609.0,495.0,727.0,180.0,118.0,
s28,d0,frame_0012.jpg,True,317.0,610.0,496.0,722.0,179.0,112.0,
s28,d0,frame_0013.jpg,True,322.0,612.0,493.0,714.0,171.0,102.0,
s28,d0,frame_0014.jpg,True,325.0,616.0,494.0,711.0,169.0,95.0,
s28,d0,frame_0015.jpg,True,325.0,619.0,492.0,711.0,167.0,92.0,
s28,d0,frame_0016.jpg,True,324.0,623.0,490.0,712.0,166.0,89.0,
s28,d0,frame_0017.jpg,True,321.0,627.0,489.0,713.0,168.0,86.0,
s28,d0,frame_0018.jpg,True,319.0,629.0,487.0,716.0,168.0,87.0,
s28,d0,frame_0019.jpg,True,316.0,631.0,484.0,717.0,168.0,86.0,
s28,d0,frame_0020.jpg,True,314.0,633.0,484.0,719.0,170.0,86.0,
s28,d0,frame_0021.jpg,True,310.0,634.0,480.0,721.0,170.0,87.0,
s28,d0,frame_0022.jpg,True,309.0,636.0,478.0,722.0,169.0,86.0,
s28,d0,frame_0023.jpg,True,307.0,638.0,476.0,724.0,169.0,86.0,
s28,d1,frame_0001.jpg,True,288.0,694.0,462.0,776.0,174.0,82.0,
s28,d1,frame_0002.jpg,True,289.0,694.0,464.0,778.0,175.0,84.0,
s28,d1,frame_0003.jpg,True,291.0,694.0,464.0,777.0,173.0,83.0,
s28,d1,frame_0004.jpg,True,291.0,694.0,463.0,777.0,172.0,83.0,
s28,d1,frame_0005.jpg,True,289.0,692.0,462.0,774.0,173.0,82.0,
s28,d1,frame_0006.jpg,True,289.0,690.0,461.0,776.0,172.0,86.0,
s28,d1,frame_0007.jpg,True,291.0,687.0,461.0,778.0,170.0,91.0,
s28,d1,frame_0008.jpg,True,291.0,684.0,460.0,781.0,169.0,97.0,
s28,d1,frame_0009.jpg,True,292.0,681.0,460.0,785.0,168.0,104.0,
s28,d1,frame_0010.jpg,True,292.0,679.0,461.0,788.0,169.0,109.0,
s28,d1,frame_0011.jpg,True,292.0,675.0,461.0,787.0,169.0,112.0,
s28,d1,frame_0012.jpg,True,292.0,677.0,461.0,787.0,169.0,110.0,
s28,d1,frame_0013.jpg,True,291.0,679.0,462.0,790.0,171.0,111.0,
s28,d1,frame_0014.jpg,True,291.0,686.0,460.0,795.0,169.0,109.0,
s28,d1,frame_0015.jpg,True,289.0,688.0,460.0,800.0,171.0,112.0,
s28,d1,frame_0016.jpg,True,287.0,696.0,459.0,802.0,172.0,106.0,
s28,d1,frame_0017.jpg,True,284.0,699.0,459.0,804.0,175.0,105.0,
s28,d1,frame_0018.jpg,True,281.0,700.0,459.0,803.0,178.0,103.0,
s28,d1,frame_0019.jpg,True,280.0,701.0,459.0,802.0,179.0,101.0,
s28,d1,frame_0020.jpg,True,278.0,700.0,458.0,799.0,180.0,99.0,
s28,d1,frame_0021.jpg,True,277.0,701.0,457.0,798.0,180.0,97.0,
s28,d1,frame_0022.jpg,True,277.0,699.0,454.0,795.0,177.0,96.0,
s28,d1,frame_0023.jpg,True,275.0,697.0,454.0,793.0,179.0,96.0,
s28,d1,frame_0024.jpg,True,275.0,696.0,452.0,791.0,177.0,95.0,
s28,d1,frame_0025.jpg,True,273.0,694.0,450.0,791.0,177.0,97.0,
s28,d1,frame_0026.jpg,True,273.0,694.0,448.0,789.0,175.0,95.0,
s28,d1,frame_0027.jpg,True,271.0,695.0,447.0,788.0,176.0,93.0,
s28,d1,frame_0028.jpg,True,269.0,694.0,445.0,787.0,176.0,93.0,
s28,d1,frame_0029.jpg,True,269.0,695.0,445.0,787.0,176.0,92.0,
s28,d1,frame_0030.jpg,True,268.0,694.0,443.0,785.0,175.0,91.0,
s28,d1,frame_0031.jpg,True,267.0,693.0,442.0,783.0,175.0,90.0,
s28,d1,frame_0032.jpg,True,267.0,694.0,443.0,782.0,176.0,88.0,
s28,d1,frame_0033.jpg,True,267.0,693.0,443.0,781.0,176.0,88.0,
s28,d1,frame_0034.jpg,True,266.0,692.0,443.0,778.0,177.0,86.0,
s28,d1,frame_0035.jpg,True,267.0,691.0,442.0,776.0,175.0,85.0,
s28,d2,frame_0001.jpg,True,277.0,499.0,396.0,556.0,119.0,57.0,
s28,d2,frame_0002.jpg,True,277.0,500.0,398.0,556.0,121.0,56.0,
s28,d2,frame_0003.jpg,True,276.0,499.0,398.0,557.0,122.0,58.0,
s28,d2,frame_0004.jpg,True,278.0,498.0,397.0,562.0,119.0,64.0,
s28,d2,frame_0005.jpg,True,278.0,497.0,397.0,565.0,119.0,68.0,
s28,d2,frame_0006.jpg,True,279.0,496.0,396.0,566.0,117.0,70.0,
s28,d2,frame_0007.jpg,True,278.0,495.0,396.0,567.0,118.0,72.0,
s28,d2,frame_0008.jpg,True,278.0,493.0,396.0,563.0,118.0,70.0,
s28,d2,frame_0009.jpg,True,278.0,491.0,397.0,561.0,119.0,70.0,
s28,d2,frame_0010.jpg,True,277.0,489.0,398.0,559.0,121.0,70.0,
s28,d2,frame_0011.jpg,True,277.0,489.0,398.0,559.0,121.0,70.0,
s28,d2,frame_0012.jpg,True,277.0,491.0,398.0,562.0,121.0,71.0,
s28,d2,frame_0013.jpg,True,276.0,493.0,398.0,567.0,122.0,74.0,
s28,d2,frame_0014.jpg,True,276.0,495.0,398.0,572.0,122.0,77.0,
s28,d2,frame_0015.jpg,True,275.0,495.0,400.0,575.0,125.0,80.0,
s28,d2,frame_0016.jpg,True,277.0,495.0,401.0,573.0,124.0,78.0,
s28,d2,frame_0017.jpg,True,279.0,496.0,401.0,571.0,122.0,75.0,
s28,d2,frame_0018.jpg,True,281.0,497.0,401.0,567.0,120.0,70.0,
s28,d2,frame_0019.jpg,True,282.0,499.0,401.0,565.0,119.0,66.0,
s28,d2,frame_0020.jpg,True,282.0,500.0,400.0,564.0,118.0,64.0,
s28,d2,frame_0021.jpg,True,282.0,501.0,397.0,563.0,115.0,62.0,
s28,d2,frame_0022.jpg,True,281.0,503.0,396.0,563.0,115.0,60.0,
s28,d2,frame_0023.jpg,True,280.0,504.0,395.0,564.0,115.0,60.0,
s28,d2,frame_0024.jpg,True,278.0,504.0,397.0,566.0,119.0,62.0,
s28,d2,frame_0025.jpg,True,278.0,504.0,397.0,567.0,119.0,63.0,
s28,d2,frame_0026.jpg,True,277.0,504.0,397.0,567.0,120.0,63.0,
s28,d2,frame_0027.jpg,True,278.0,504.0,397.0,568.0,119.0,64.0,
s28,d2,frame_0028.jpg,True,276.0,503.0,396.0,567.0,120.0,64.0,
s28,d2,frame_0029.jpg,True,275.0,502.0,395.0,567.0,120.0,65.0,
s28,d2,frame_0030.jpg,True,274.0,500.0,395.0,565.0,121.0,65.0,
s28,d2,frame_0031.jpg,True,273.0,498.0,392.0,563.0,119.0,65.0,
s28,d2,frame_0032.jpg,True,272.0,499.0,392.0,562.0,120.0,63.0,
s28,d2,frame_0033.jpg,True,272.0,497.0,392.0,562.0,120.0,65.0,
s28,d2,frame_0034.jpg,True,272.0,497.0,392.0,562.0,120.0,65.0,
s28,d2,frame_0035.jpg,True,271.0,496.0,391.0,561.0,120.0,65.0,
s28,d2,frame_0036.jpg,True,271.0,496.0,392.0,561.0,121.0,65.0,
s28,d2,frame_0037.jpg,True,270.0,496.0,391.0,561.0,121.0,65.0,
s28,d2,frame_0038.jpg,True,270.0,496.0,392.0,562.0,122.0,66.0,
s28,d2,frame_0039.jpg,True,270.0,496.0,391.0,562.0,121.0,66.0,
s28,d2,frame_0040.jpg,True,269.0,496.0,391.0,561.0,122.0,65.0,
s28,d2,frame_0041.jpg,True,269.0,496.0,391.0,560.0,122.0,64.0,
s28,d2,frame_0042.jpg,True,269.0,496.0,392.0,560.0,123.0,64.0,
s28,d2,frame_0043.jpg,True,270.0,495.0,391.0,560.0,121.0,65.0,
s28,d2,frame_0044.jpg,True,269.0,495.0,391.0,560.0,122.0,65.0,
s28,d2,frame_0045.jpg,True,269.0,495.0,391.0,560.0,122.0,65.0,
s28,d2,frame_0046.jpg,True,269.0,495.0,391.0,559.0,122.0,64.0,
s28,d2,frame_0047.jpg,True,270.0,495.0,391.0,558.0,121.0,63.0,
s28,d2,frame_0048.jpg,True,270.0,495.0,392.0,558.0,122.0,63.0,
s28,d2,frame_0049.jpg,True,270.0,495.0,392.0,557.0,122.0,62.0,
s28,d2,frame_0050.jpg,True,270.0,494.0,392.0,555.0,122.0,61.0,
s28,d2,frame_0051.jpg,True,270.0,494.0,392.0,555.0,122.0,61.0,
s28,d2,frame_0052.jpg,True,271.0,493.0,393.0,555.0,122.0,62.0,
s28,d2,frame_0053.jpg,True,272.0,493.0,393.0,553.0,121.0,60.0,
s28,d2,frame_0054.jpg,True,272.0,494.0,394.0,553.0,122.0,59.0,
s28,d2,frame_0055.jpg,True,272.0,493.0,394.0,553.0,122.0,60.0,
s28,d3,frame_0001.jpg,True,297.0,683.0,470.0,769.0,173.0,86.0,
s28,d3,frame_0002.jpg,True,296.0,683.0,470.0,770.0,174.0,87.0,
s28,d3,frame_0003.jpg,True,297.0,684.0,469.0,770.0,172.0,86.0,
s28,d3,frame_0004.jpg,True,297.0,685.0,469.0,770.0,172.0,85.0,
s28,d3,frame_0005.jpg,True,296.0,686.0,467.0,770.0,171.0,84.0,
s28,d3,frame_0006.jpg,True,296.0,686.0,467.0,772.0,171.0,86.0,
s28,d3,frame_0007.jpg,True,297.0,686.0,465.0,780.0,168.0,94.0,
s28,d3,frame_0008.jpg,True,296.0,686.0,466.0,784.0,170.0,98.0,
s28,d3,frame_0009.jpg,True,297.0,688.0,466.0,787.0,169.0,99.0,
s28,d3,frame_0010.jpg,True,295.0,690.0,467.0,797.0,172.0,107.0,
s28,d3,frame_0011.jpg,True,297.0,695.0,468.0,807.0,171.0,112.0,
s28,d3,frame_0012.jpg,True,298.0,696.0,470.0,813.0,172.0,117.0,
s28,d3,frame_0013.jpg,True,300.0,706.0,473.0,811.0,173.0,105.0,
s28,d3,frame_0014.jpg,True,300.0,716.0,473.0,801.0,173.0,85.0,
s28,d3,frame_0015.jpg,True,300.0,724.0,478.0,792.0,178.0,68.0,
s28,d3,frame_0016.jpg,True,301.0,728.0,479.0,790.0,178.0,62.0,
s28,d3,frame_0017.jpg,True,299.0,729.0,479.0,788.0,180.0,59.0,
s28,d3,frame_0018.jpg,True,298.0,729.0,478.0,786.0,180.0,57.0,
s28,d3,frame_0019.jpg,True,298.0,726.0,476.0,787.0,178.0,61.0,
s28,d3,frame_0020.jpg,True,295.0,725.0,474.0,789.0,179.0,64.0,
s28,d3,frame_0021.jpg,True,294.0,723.0,473.0,789.0,179.0,66.0,
s28,d3,frame_0022.jpg,True,292.0,720.0,470.0,791.0,178.0,71.0,
s28,d3,frame_0023.jpg,True,291.0,720.0,467.0,794.0,176.0,74.0,
s28,d3,frame_0024.jpg,True,288.0,721.0,463.0,796.0,175.0,75.0,
s28,d3,frame_0025.jpg,True,285.0,721.0,460.0,796.0,175.0,75.0,
s28,d3,frame_0026.jpg,True,283.0,721.0,459.0,798.0,176.0,77.0,
s28,d3,frame_0027.jpg,True,279.0,721.0,458.0,797.0,179.0,76.0,
s28,d3,frame_0028.jpg,True,276.0,720.0,454.0,796.0,178.0,76.0,
s28,d3,frame_0029.jpg,True,273.0,718.0,453.0,796.0,180.0,78.0,
s28,d3,frame_0030.jpg,True,272.0,719.0,449.0,795.0,177.0,76.0,
s28,d3,frame_0031.jpg,True,270.0,716.0,449.0,793.0,179.0,77.0,
s28,d3,frame_0032.jpg,True,270.0,716.0,446.0,793.0,176.0,77.0,
s28,d3,frame_0033.jpg,True,270.0,714.0,446.0,793.0,176.0,79.0,
s28,d3,frame_0034.jpg,True,271.0,713.0,448.0,792.0,177.0,79.0,
s28,d3,frame_0035.jpg,True,271.0,712.0,447.0,791.0,176.0,79.0,
s28,d4,frame_0001.jpg,True,304.0,695.0,482.0,778.0,178.0,83.0,
s28,d4,frame_0002.jpg,True,303.0,694.0,481.0,779.0,178.0,85.0,
s28,d4,frame_0003.jpg,True,302.0,694.0,478.0,779.0,176.0,85.0,
s28,d4,frame_0004.jpg,True,300.0,694.0,475.0,780.0,175.0,86.0,
s28,d4,frame_0005.jpg,True,297.0,694.0,474.0,780.0,177.0,86.0,
s28,d4,frame_0006.jpg,True,296.0,694.0,472.0,782.0,176.0,88.0,
s28,d4,frame_0007.jpg,True,296.0,692.0,468.0,792.0,172.0,100.0,
s28,d4,frame_0008.jpg,True,292.0,690.0,468.0,795.0,176.0,105.0,
s28,d4,frame_0009.jpg,True,291.0,690.0,467.0,798.0,176.0,108.0,
s28,d4,frame_0010.jpg,True,287.0,692.0,470.0,804.0,183.0,112.0,
s28,d4,frame_0011.jpg,True,286.0,695.0,472.0,808.0,186.0,113.0,
s28,d4,frame_0012.jpg,True,283.0,697.0,474.0,811.0,191.0,114.0,
s28,d4,frame_0013.jpg,True,284.0,699.0,478.0,814.0,194.0,115.0,
s28,d4,frame_0014.jpg,True,284.0,699.0,481.0,813.0,197.0,114.0,
s28,d4,frame_0015.jpg,True,287.0,699.0,484.0,814.0,197.0,115.0,
s28,d4,frame_0016.jpg,True,286.0,699.0,488.0,812.0,202.0,113.0,
s28,d4,frame_0017.jpg,True,289.0,700.0,490.0,813.0,201.0,113.0,
s28,d4,frame_0018.jpg,True,292.0,701.0,491.0,813.0,199.0,112.0,
s28,d4,frame_0019.jpg,True,294.0,701.0,493.0,811.0,199.0,110.0,
s28,d4,frame_0020.jpg,True,295.0,701.0,493.0,810.0,198.0,109.0,
s28,d4,frame_0021.jpg,True,298.0,702.0,493.0,810.0,195.0,108.0,
s28,d4,frame_0022.jpg,True,301.0,702.0,494.0,810.0,193.0,108.0,
s28,d4,frame_0023.jpg,True,301.0,702.0,495.0,809.0,194.0,107.0,
s28,d4,frame_0024.jpg,True,302.0,702.0,496.0,810.0,194.0,108.0,
s28,d4,frame_0025.jpg,True,303.0,703.0,496.0,810.0,193.0,107.0,
s28,d4,frame_0026.jpg,True,302.0,703.0,496.0,811.0,194.0,108.0,
s28,d4,frame_0027.jpg,True,302.0,703.0,495.0,811.0,193.0,108.0,
s28,d4,frame_0028.jpg,True,304.0,704.0,495.0,810.0,191.0,106.0,
s28,d4,frame_0029.jpg,True,304.0,703.0,494.0,809.0,190.0,106.0,
s28,d4,frame_0030.jpg,True,305.0,705.0,491.0,807.0,186.0,102.0,
s28,d4,frame_0031.jpg,True,302.0,703.0,490.0,807.0,188.0,104.0,
s28,d4,frame_0032.jpg,True,302.0,703.0,488.0,806.0,186.0,103.0,
s28,d4,frame_0033.jpg,True,301.0,703.0,486.0,806.0,185.0,103.0,
s28,d4,frame_0034.jpg,True,301.0,705.0,483.0,804.0,182.0,99.0,
s28,d4,frame_0035.jpg,True,300.0,706.0,481.0,804.0,181.0,98.0,
s28,d4,frame_0036.jpg,True,299.0,706.0,480.0,805.0,181.0,99.0,
s28,d4,frame_0037.jpg,True,297.0,707.0,477.0,803.0,180.0,96.0,
s28,d4,frame_0038.jpg,True,296.0,708.0,475.0,801.0,179.0,93.0,
s28,d4,frame_0039.jpg,True,295.0,709.0,472.0,799.0,177.0,90.0,
s28,d4,frame_0040.jpg,True,293.0,710.0,468.0,799.0,175.0,89.0,
s28,d4,frame_0041.jpg,True,291.0,710.0,465.0,797.0,174.0,87.0,
s28,d4,frame_0042.jpg,True,288.0,709.0,463.0,795.0,175.0,86.0,
s28,d4,frame_0043.jpg,True,285.0,709.0,461.0,796.0,176.0,87.0,
s28,d4,frame_0044.jpg,True,282.0,710.0,457.0,794.0,175.0,84.0,
s28,d5,frame_0001.jpg,True,260.0,705.0,428.0,788.0,168.0,83.0,
s28,d5,frame_0002.jpg,True,257.0,704.0,427.0,787.0,170.0,83.0,
s28,d5,frame_0003.jpg,True,254.0,704.0,424.0,786.0,170.0,82.0,
s28,d5,frame_0004.jpg,True,251.0,704.0,423.0,788.0,172.0,84.0,
s28,d5,frame_0005.jpg,True,251.0,703.0,418.0,788.0,167.0,85.0,
s28,d5,frame_0006.jpg,True,252.0,701.0,415.0,804.0,163.0,103.0,
s28,d5,frame_0007.jpg,True,249.0,706.0,413.0,814.0,164.0,108.0,
s28,d5,frame_0008.jpg,True,248.0,708.0,415.0,824.0,167.0,116.0,
s28,d5,frame_0009.jpg,True,246.0,713.0,417.0,831.0,171.0,118.0,
s28,d5,frame_0010.jpg,True,245.0,716.0,420.0,836.0,175.0,120.0,
s28,d5,frame_0011.jpg,True,246.0,720.0,421.0,838.0,175.0,118.0,
s28,d5,frame_0012.jpg,True,247.0,721.0,424.0,839.0,177.0,118.0,
s28,d5,frame_0013.jpg,True,249.0,722.0,427.0,836.0,178.0,114.0,
s28,d5,frame_0014.jpg,True,251.0,721.0,431.0,835.0,180.0,114.0,
s28,d5,frame_0015.jpg,True,254.0,720.0,434.0,834.0,180.0,114.0,
s28,d5,frame_0016.jpg,True,257.0,718.0,439.0,829.0,182.0,111.0,
s28,d5,frame_0017.jpg,True,261.0,718.0,441.0,827.0,180.0,109.0,
s28,d5,frame_0018.jpg,True,265.0,719.0,443.0,824.0,178.0,105.0,
s28,d5,frame_0019.jpg,True,268.0,719.0,447.0,821.0,179.0,102.0,
s28,d5,frame_0020.jpg,True,271.0,718.0,450.0,819.0,179.0,101.0,
s28,d5,frame_0021.jpg,True,275.0,717.0,454.0,819.0,179.0,102.0,
s28,d5,frame_0022.jpg,True,279.0,716.0,456.0,817.0,177.0,101.0,
s28,d5,frame_0023.jpg,True,281.0,716.0,458.0,815.0,177.0,99.0,
s28,d5,frame_0024.jpg,True,283.0,716.0,460.0,812.0,177.0,96.0,
s28,d5,frame_0025.jpg,True,287.0,716.0,461.0,812.0,174.0,96.0,
s28,d5,frame_0026.jpg,True,291.0,717.0,461.0,809.0,170.0,92.0,
s28,d5,frame_0027.jpg,True,293.0,716.0,462.0,804.0,169.0,88.0,
s28,d5,frame_0028.jpg,True,295.0,715.0,464.0,802.0,169.0,87.0,
s28,d5,frame_0029.jpg,True,296.0,714.0,466.0,800.0,170.0,86.0,
s28,d5,frame_0030.jpg,True,298.0,713.0,468.0,800.0,170.0,87.0,
s28,d5,frame_0031.jpg,True,299.0,711.0,470.0,797.0,171.0,86.0,
s28,d6,frame_0001.jpg,True,293.0,708.0,465.0,790.0,172.0,82.0,
s28,d6,frame_0002.jpg,True,292.0,709.0,464.0,792.0,172.0,83.0,
s28,d6,frame_0003.jpg,True,290.0,709.0,462.0,792.0,172.0,83.0,
s28,d6,frame_0004.jpg,True,288.0,709.0,458.0,793.0,170.0,84.0,
s28,d6,frame_0005.jpg,True,284.0,708.0,456.0,797.0,172.0,89.0,
s28,d6,frame_0006.jpg,True,286.0,710.0,450.0,804.0,164.0,94.0,
s28,d6,frame_0007.jpg,True,285.0,710.0,446.0,812.0,161.0,102.0,
s28,d6,frame_0008.jpg,True,284.0,714.0,444.0,820.0,160.0,106.0,
s28,d6,frame_0009.jpg,True,282.0,717.0,441.0,824.0,159.0,107.0,
s28,d6,frame_0010.jpg,True,280.0,721.0,439.0,829.0,159.0,108.0,
s28,d6,frame_0011.jpg,True,280.0,726.0,440.0,835.0,160.0,109.0,
s28,d6,frame_0012.jpg,True,277.0,731.0,441.0,839.0,164.0,108.0,
s28,d6,frame_0013.jpg,True,278.0,734.0,442.0,840.0,164.0,106.0,
s28,d6,frame_0014.jpg,True,276.0,736.0,443.0,837.0,167.0,101.0,
s28,d6,frame_0015.jpg,True,276.0,736.0,444.0,833.0,168.0,97.0,
s28,d6,frame_0016.jpg,True,274.0,737.0,446.0,829.0,172.0,92.0,
s28,d6,frame_0017.jpg,True,273.0,736.0,447.0,827.0,174.0,91.0,
s28,d6,frame_0018.jpg,True,275.0,735.0,449.0,825.0,174.0,90.0,
s28,d6,frame_0019.jpg,True,278.0,734.0,451.0,824.0,173.0,90.0,
s28,d6,frame_0020.jpg,True,280.0,733.0,453.0,822.0,173.0,89.0,
s28,d6,frame_0021.jpg,True,281.0,732.0,454.0,821.0,173.0,89.0,
s28,d7,frame_0001.jpg,True,275.0,709.0,447.0,793.0,172.0,84.0,
s28,d7,frame_0002.jpg,True,277.0,709.0,446.0,793.0,169.0,84.0,
s28,d7,frame_0003.jpg,True,278.0,708.0,447.0,792.0,169.0,84.0,
s28,d7,frame_0004.jpg,True,280.0,707.0,448.0,792.0,168.0,85.0,
s28,d7,frame_0005.jpg,True,279.0,708.0,450.0,790.0,171.0,82.0,
s28,d7,frame_0006.jpg,True,280.0,709.0,450.0,790.0,170.0,81.0,
s28,d7,frame_0007.jpg,True,280.0,709.0,451.0,790.0,171.0,81.0,
s28,d7,frame_0008.jpg,True,281.0,709.0,451.0,792.0,170.0,83.0,
s28,d7,frame_0009.jpg,True,282.0,709.0,450.0,799.0,168.0,90.0,
s28,d7,frame_0010.jpg,True,282.0,708.0,452.0,803.0,170.0,95.0,
s28,d7,frame_0011.jpg,True,281.0,706.0,455.0,806.0,174.0,100.0,
s28,d7,frame_0012.jpg,True,278.0,704.0,457.0,807.0,179.0,103.0,
s28,d7,frame_0013.jpg,True,278.0,704.0,461.0,809.0,183.0,105.0,
s28,d7,frame_0014.jpg,True,277.0,703.0,464.0,814.0,187.0,111.0,
s28,d7,frame_0015.jpg,True,277.0,704.0,467.0,818.0,190.0,114.0,
s28,d7,frame_0016.jpg,True,277.0,705.0,468.0,818.0,191.0,113.0,
s28,d7,frame_0017.jpg,True,278.0,707.0,470.0,818.0,192.0,111.0,
s28,d7,frame_0018.jpg,True,280.0,709.0,469.0,818.0,189.0,109.0,
s28,d7,frame_0019.jpg,True,280.0,711.0,469.0,816.0,189.0,105.0,
s28,d7,frame_0020.jpg,True,280.0,712.0,466.0,816.0,186.0,104.0,
s28,d7,frame_0021.jpg,True,278.0,713.0,464.0,817.0,186.0,104.0,
s28,d7,frame_0022.jpg,True,278.0,715.0,461.0,818.0,183.0,103.0,
s28,d7,frame_0023.jpg,True,276.0,718.0,457.0,819.0,181.0,101.0,
s28,d7,frame_0024.jpg,True,273.0,717.0,453.0,818.0,180.0,101.0,
s28,d7,frame_0025.jpg,True,270.0,718.0,450.0,818.0,180.0,100.0,
s28,d7,frame_0026.jpg,True,267.0,718.0,446.0,817.0,179.0,99.0,
s28,d7,frame_0027.jpg,True,264.0,718.0,444.0,817.0,180.0,99.0,
s28,d7,frame_0028.jpg,True,264.0,718.0,440.0,815.0,176.0,97.0,
s28,d7,frame_0029.jpg,True,261.0,718.0,437.0,815.0,176.0,97.0,
s28,d7,frame_0030.jpg,True,258.0,718.0,436.0,815.0,178.0,97.0,
s28,d7,frame_0031.jpg,True,273.0,728.0,448.0,817.0,175.0,89.0,
s28,d7,frame_0032.jpg,True,273.0,728.0,447.0,817.0,174.0,89.0,
s28,d7,frame_0033.jpg,True,273.0,729.0,445.0,816.0,172.0,87.0,
s28,d7,frame_0034.jpg,True,272.0,729.0,445.0,817.0,173.0,88.0,
s28,d7,frame_0035.jpg,True,271.0,729.0,444.0,817.0,173.0,88.0,
s28,d7,frame_0036.jpg,True,271.0,728.0,443.0,817.0,172.0,89.0,
s28,d7,frame_0037.jpg,True,269.0,728.0,443.0,816.0,174.0,88.0,
s28,d7,frame_0038.jpg,True,268.0,728.0,443.0,815.0,175.0,87.0,
s28,d7,frame_0039.jpg,True,268.0,727.0,443.0,815.0,175.0,88.0,
s28,d7,frame_0040.jpg,True,269.0,727.0,441.0,814.0,172.0,87.0,
s28,d7,frame_0041.jpg,True,267.0,726.0,441.0,814.0,174.0,88.0,
s28,d7,frame_0042.jpg,True,266.0,726.0,439.0,814.0,173.0,88.0,
s28,d8,frame_0001.jpg,True,255.0,728.0,429.0,815.0,174.0,87.0,
s28,d8,frame_0002.jpg,True,254.0,727.0,427.0,813.0,173.0,86.0,
s28,d8,frame_0003.jpg,True,252.0,725.0,426.0,812.0,174.0,87.0,
s28,d8,frame_0004.jpg,True,250.0,725.0,423.0,811.0,173.0,86.0,
s28,d8,frame_0005.jpg,True,249.0,721.0,423.0,810.0,174.0,89.0,
s28,d8,frame_0006.jpg,True,248.0,719.0,419.0,813.0,171.0,94.0,
s28,d8,frame_0007.jpg,True,247.0,719.0,416.0,816.0,169.0,97.0,
s28,d8,frame_0008.jpg,True,245.0,724.0,413.0,812.0,168.0,88.0,
s28,d8,frame_0009.jpg,True,242.0,727.0,411.0,806.0,169.0,79.0,
s28,d8,frame_0010.jpg,True,238.0,730.0,411.0,805.0,173.0,75.0,
s28,d8,frame_0011.jpg,True,237.0,729.0,408.0,804.0,171.0,75.0,
s28,d8,frame_0012.jpg,True,238.0,731.0,407.0,807.0,169.0,76.0,
s28,d8,frame_0013.jpg,True,234.0,724.0,411.0,812.0,177.0,88.0,
s28,d8,frame_0014.jpg,True,236.0,718.0,415.0,822.0,179.0,104.0,
s28,d8,frame_0015.jpg,True,237.0,715.0,417.0,822.0,180.0,107.0,
s28,d8,frame_0016.jpg,True,238.0,714.0,420.0,817.0,182.0,103.0,
s28,d8,frame_0017.jpg,True,243.0,714.0,423.0,814.0,180.0,100.0,
s28,d8,frame_0018.jpg,True,246.0,713.0,424.0,811.0,178.0,98.0,
s28,d8,frame_0019.jpg,True,248.0,712.0,426.0,808.0,178.0,96.0,
s28,d8,frame_0020.jpg,True,250.0,711.0,428.0,806.0,178.0,95.0,
s28,d8,frame_0021.jpg,True,252.0,710.0,428.0,805.0,176.0,95.0,
s28,d8,frame_0022.jpg,True,253.0,710.0,429.0,803.0,176.0,93.0,
s28,d8,frame_0023.jpg,True,254.0,709.0,429.0,799.0,175.0,90.0,
s28,d8,frame_0024.jpg,True,255.0,707.0,430.0,794.0,175.0,87.0,
s28,d8,frame_0025.jpg,True,255.0,706.0,431.0,793.0,176.0,87.0,
s28,d8,frame_0026.jpg,True,254.0,704.0,431.0,790.0,177.0,86.0,
s28,d8,frame_0027.jpg,True,255.0,703.0,431.0,789.0,176.0,86.0,
s28,d8,frame_0028.jpg,True,256.0,703.0,431.0,787.0,175.0,84.0,
s28,d8,frame_0029.jpg,True,255.0,703.0,430.0,786.0,175.0,83.0,
s28,d9,frame_0001.jpg,True,254.0,698.0,425.0,785.0,171.0,87.0,
s28,d9,frame_0002.jpg,True,255.0,700.0,423.0,785.0,168.0,85.0,
s28,d9,frame_0003.jpg,True,257.0,699.0,423.0,789.0,166.0,90.0,
s28,d9,frame_0004.jpg,True,259.0,698.0,423.0,799.0,164.0,101.0,
s28,d9,frame_0005.jpg,True,260.0,698.0,424.0,802.0,164.0,104.0,
s28,d9,frame_0006.jpg,True,258.0,701.0,425.0,810.0,167.0,109.0,
s28,d9,frame_0007.jpg,True,259.0,703.0,429.0,813.0,170.0,110.0,
s28,d9,frame_0008.jpg,True,259.0,705.0,433.0,817.0,174.0,112.0,
s28,d9,frame_0009.jpg,True,261.0,707.0,435.0,817.0,174.0,110.0,
s28,d9,frame_0010.jpg,True,264.0,708.0,436.0,817.0,172.0,109.0,
s28,d9,frame_0011.jpg,True,266.0,709.0,438.0,814.0,172.0,105.0,
s28,d9,frame_0012.jpg,True,271.0,710.0,441.0,811.0,170.0,101.0,
s28,d9,frame_0013.jpg,True,274.0,712.0,441.0,804.0,167.0,92.0,
s28,d9,frame_0014.jpg,True,276.0,712.0,441.0,802.0,165.0,90.0,
s28,d9,frame_0015.jpg,True,278.0,711.0,442.0,800.0,164.0,89.0,
s28,d9,frame_0016.jpg,True,277.0,708.0,444.0,799.0,167.0,91.0,
s28,d9,frame_0017.jpg,True,274.0,706.0,445.0,796.0,171.0,90.0,
s28,d9,frame_0018.jpg,True,274.0,703.0,444.0,795.0,170.0,92.0,
s28,d9,frame_0019.jpg,True,273.0,703.0,443.0,793.0,170.0,90.0,
s28,d9,frame_0020.jpg,True,271.0,703.0,442.0,792.0,171.0,89.0,
s28,d9,frame_0021.jpg,True,269.0,702.0,442.0,791.0,173.0,89.0,
s28,d9,frame_0022.jpg,True,268.0,701.0,440.0,791.0,172.0,90.0,
s28,d9,frame_0023.jpg,True,266.0,700.0,440.0,790.0,174.0,90.0,
s28,d9,frame_0024.jpg,True,265.0,701.0,439.0,790.0,174.0,89.0,
s28,d9,frame_0025.jpg,True,264.0,701.0,437.0,790.0,173.0,89.0,
s28,d9,frame_0026.jpg,True,264.0,701.0,437.0,788.0,173.0,87.0,
s28,d9,frame_0027.jpg,True,263.0,700.0,437.0,788.0,174.0,88.0,
s28,d9,frame_0028.jpg,True,262.0,699.0,437.0,787.0,175.0,88.0,
s28,d9,frame_0029.jpg,True,262.0,699.0,437.0,787.0,175.0,88.0,
s28,d10,frame_0001.jpg,True,260.0,695.0,433.0,781.0,173.0,86.0,
s28,d10,frame_0002.jpg,True,260.0,695.0,433.0,781.0,173.0,86.0,
s28,d10,frame_0003.jpg,True,259.0,695.0,432.0,781.0,173.0,86.0,
s28,d10,frame_0004.jpg,True,259.0,696.0,432.0,783.0,173.0,87.0,
s28,d10,frame_0005.jpg,True,260.0,696.0,431.0,786.0,171.0,90.0,
s28,d10,frame_0006.jpg,True,260.0,698.0,431.0,789.0,171.0,91.0,
s28,d10,frame_0007.jpg,True,259.0,698.0,432.0,794.0,173.0,96.0,
s28,d10,frame_0008.jpg,True,258.0,698.0,432.0,796.0,174.0,98.0,
s28,d10,frame_0009.jpg,True,258.0,699.0,435.0,799.0,177.0,100.0,
s28,d10,frame_0010.jpg,True,258.0,700.0,437.0,803.0,179.0,103.0,
s28,d10,frame_0011.jpg,True,259.0,702.0,439.0,808.0,180.0,106.0,
s28,d10,frame_0012.jpg,True,262.0,707.0,442.0,811.0,180.0,104.0,
s28,d10,frame_0013.jpg,True,264.0,712.0,444.0,812.0,180.0,100.0,
s28,d10,frame_0014.jpg,True,269.0,724.0,447.0,806.0,178.0,82.0,
s28,d10,frame_0015.jpg,True,269.0,729.0,449.0,803.0,180.0,74.0,
s28,d10,frame_0016.jpg,True,272.0,730.0,449.0,803.0,177.0,73.0,
s28,d10,frame_0017.jpg,True,272.0,729.0,451.0,803.0,179.0,74.0,
s28,d10,frame_0018.jpg,True,274.0,730.0,452.0,802.0,178.0,72.0,
s28,d10,frame_0019.jpg,True,274.0,729.0,451.0,802.0,177.0,73.0,
s28,d10,frame_0020.jpg,True,276.0,727.0,451.0,800.0,175.0,73.0,
s28,d10,frame_0021.jpg,True,275.0,726.0,451.0,799.0,176.0,73.0,
s28,d10,frame_0022.jpg,True,275.0,724.0,449.0,797.0,174.0,73.0,
s28,d10,frame_0023.jpg,True,275.0,724.0,449.0,798.0,174.0,74.0,
s28,d10,frame_0024.jpg,True,276.0,722.0,450.0,798.0,174.0,76.0,
s28,d10,frame_0025.jpg,True,275.0,721.0,450.0,799.0,175.0,78.0,
s28,d10,frame_0026.jpg,True,275.0,722.0,450.0,800.0,175.0,78.0,
s28,d10,frame_0027.jpg,True,276.0,722.0,450.0,799.0,174.0,77.0,
s28,d10,frame_0028.jpg,True,277.0,721.0,449.0,799.0,172.0,78.0,
s28,d10,frame_0029.jpg,True,278.0,718.0,449.0,799.0,171.0,81.0,
s28,d10,frame_0030.jpg,True,279.0,717.0,451.0,798.0,172.0,81.0,
s28,d10,frame_0031.jpg,True,276.0,718.0,450.0,796.0,174.0,78.0,
s28,d10,frame_0032.jpg,True,277.0,715.0,451.0,797.0,174.0,82.0,
s28,d10,frame_0033.jpg,True,277.0,715.0,451.0,797.0,174.0,82.0,
s28,d10,frame_0034.jpg,True,277.0,714.0,451.0,797.0,174.0,83.0,
s28,d10,frame_0035.jpg,True,278.0,713.0,451.0,795.0,173.0,82.0,
s28,d10,frame_0036.jpg,True,279.0,714.0,451.0,795.0,172.0,81.0,
s28,d10,frame_0037.jpg,True,279.0,713.0,453.0,795.0,174.0,82.0,
s28,d10,frame_0038.jpg,True,280.0,714.0,455.0,795.0,175.0,81.0,
s29,d0,frame_0001.jpg,True,276.0,759.0,425.0,823.0,149.0,64.0,
s29,d0,frame_0002.jpg,True,277.0,760.0,425.0,821.0,148.0,61.0,
s29,d0,frame_0003.jpg,True,278.0,757.0,424.0,818.0,146.0,61.0,
s29,d0,frame_0004.jpg,True,280.0,757.0,426.0,817.0,146.0,60.0,
s29,d0,frame_0005.jpg,True,282.0,755.0,428.0,815.0,146.0,60.0,
s29,d0,frame_0006.jpg,True,284.0,756.0,430.0,818.0,146.0,62.0,
s29,d0,frame_0007.jpg,True,282.0,754.0,430.0,823.0,148.0,69.0,
s29,d0,frame_0008.jpg,True,286.0,748.0,429.0,837.0,143.0,89.0,
s29,d0,frame_0009.jpg,True,288.0,742.0,427.0,844.0,139.0,102.0,
s29,d0,frame_0010.jpg,True,288.0,740.0,427.0,842.0,139.0,102.0,
s29,d0,frame_0011.jpg,True,291.0,737.0,427.0,835.0,136.0,98.0,
s29,d0,frame_0012.jpg,True,292.0,738.0,425.0,830.0,133.0,92.0,
s29,d0,frame_0013.jpg,True,291.0,737.0,426.0,827.0,135.0,90.0,
s29,d0,frame_0014.jpg,True,292.0,736.0,428.0,823.0,136.0,87.0,
s29,d0,frame_0015.jpg,True,293.0,735.0,428.0,819.0,135.0,84.0,
s29,d0,frame_0016.jpg,True,293.0,735.0,429.0,818.0,136.0,83.0,
s29,d0,frame_0017.jpg,True,294.0,735.0,430.0,816.0,136.0,81.0,
s29,d0,frame_0018.jpg,True,294.0,735.0,431.0,816.0,137.0,81.0,
s29,d0,frame_0019.jpg,True,297.0,734.0,432.0,816.0,135.0,82.0,
s29,d0,frame_0020.jpg,True,297.0,733.0,435.0,816.0,138.0,83.0,
s29,d0,frame_0021.jpg,True,295.0,732.0,436.0,816.0,141.0,84.0,
s29,d0,frame_0022.jpg,True,295.0,732.0,437.0,816.0,142.0,84.0,
s29,d0,frame_0023.jpg,True,294.0,733.0,438.0,815.0,144.0,82.0,
s29,d0,frame_0024.jpg,True,293.0,732.0,438.0,816.0,145.0,84.0,
s29,d0,frame_0025.jpg,True,294.0,734.0,439.0,813.0,145.0,79.0,
s29,d0,frame_0026.jpg,True,293.0,737.0,440.0,809.0,147.0,72.0,
s29,d0,frame_0027.jpg,True,293.0,740.0,440.0,809.0,147.0,69.0,
s29,d0,frame_0028.jpg,True,293.0,741.0,439.0,809.0,146.0,68.0,
s29,d0,frame_0029.jpg,True,294.0,744.0,440.0,810.0,146.0,66.0,
s29,d0,frame_0030.jpg,True,295.0,745.0,442.0,810.0,147.0,65.0,
s29,d0,frame_0031.jpg,True,296.0,745.0,443.0,809.0,147.0,64.0,
s29,d0,frame_0032.jpg,True,296.0,745.0,443.0,809.0,147.0,64.0,
s29,d0,frame_0033.jpg,True,296.0,746.0,443.0,809.0,147.0,63.0,
s29,d1,frame_0001.jpg,True,301.0,738.0,448.0,803.0,147.0,65.0,
s29,d1,frame_0002.jpg,True,301.0,738.0,447.0,804.0,146.0,66.0,
s29,d1,frame_0003.jpg,True,301.0,738.0,445.0,806.0,144.0,68.0,
s29,d1,frame_0004.jpg,True,301.0,735.0,445.0,811.0,144.0,76.0,
s29,d1,frame_0005.jpg,True,299.0,733.0,446.0,815.0,147.0,82.0,
s29,d1,frame_0006.jpg,True,300.0,731.0,444.0,817.0,144.0,86.0,
s29,d1,frame_0007.jpg,True,299.0,730.0,445.0,817.0,146.0,87.0,
s29,d1,frame_0008.jpg,True,297.0,728.0,445.0,820.0,148.0,92.0,
s29,d1,frame_0009.jpg,True,296.0,726.0,445.0,824.0,149.0,98.0,
s29,d1,frame_0010.jpg,True,297.0,726.0,443.0,822.0,146.0,96.0,
s29,d1,frame_0011.jpg,True,296.0,724.0,444.0,817.0,148.0,93.0,
s29,d1,frame_0012.jpg,True,296.0,723.0,443.0,813.0,147.0,90.0,
s29,d1,frame_0013.jpg,True,294.0,721.0,444.0,810.0,150.0,89.0,
s29,d1,frame_0014.jpg,True,295.0,720.0,445.0,807.0,150.0,87.0,
s29,d1,frame_0015.jpg,True,297.0,719.0,447.0,804.0,150.0,85.0,
s29,d1,frame_0016.jpg,True,297.0,719.0,448.0,804.0,151.0,85.0,
s29,d1,frame_0017.jpg,True,298.0,719.0,449.0,802.0,151.0,83.0,
s29,d1,frame_0018.jpg,True,299.0,719.0,448.0,801.0,149.0,82.0,
s29,d1,frame_0019.jpg,True,299.0,720.0,449.0,801.0,150.0,81.0,
s29,d1,frame_0020.jpg,True,299.0,723.0,450.0,801.0,151.0,78.0,
s29,d1,frame_0021.jpg,True,300.0,725.0,451.0,803.0,151.0,78.0,
s29,d1,frame_0022.jpg,True,301.0,727.0,452.0,804.0,151.0,77.0,
s29,d1,frame_0023.jpg,True,303.0,729.0,453.0,802.0,150.0,73.0,
s29,d1,frame_0024.jpg,True,303.0,733.0,452.0,802.0,149.0,69.0,
s29,d1,frame_0025.jpg,True,303.0,736.0,454.0,803.0,151.0,67.0,
s29,d1,frame_0026.jpg,True,304.0,737.0,454.0,804.0,150.0,67.0,
s29,d1,frame_0027.jpg,True,305.0,739.0,455.0,804.0,150.0,65.0,
s29,d1,frame_0028.jpg,True,305.0,739.0,455.0,804.0,150.0,65.0,
s29,d1,frame_0029.jpg,True,304.0,739.0,454.0,804.0,150.0,65.0,
s29,d1,frame_0030.jpg,True,303.0,739.0,454.0,805.0,151.0,66.0,
s29,d1,frame_0031.jpg,True,303.0,739.0,454.0,805.0,151.0,66.0,
s29,d1,frame_0032.jpg,True,303.0,740.0,453.0,805.0,150.0,65.0,
s29,d1,frame_0033.jpg,True,302.0,741.0,454.0,805.0,152.0,64.0,
s29,d1,frame_0034.jpg,True,302.0,742.0,454.0,806.0,152.0,64.0,
s29,d2,frame_0001.jpg,True,280.0,734.0,441.0,807.0,161.0,73.0,
s29,d2,frame_0002.jpg,True,283.0,734.0,439.0,809.0,156.0,75.0,
s29,d2,frame_0003.jpg,True,286.0,729.0,438.0,813.0,152.0,84.0,
s29,d2,frame_0004.jpg,True,285.0,727.0,436.0,815.0,151.0,88.0,
s29,d2,frame_0005.jpg,True,283.0,725.0,438.0,815.0,155.0,90.0,
s29,d2,frame_0006.jpg,True,284.0,723.0,438.0,814.0,154.0,91.0,
s29,d2,frame_0007.jpg,True,282.0,721.0,438.0,813.0,156.0,92.0,
s29,d2,frame_0008.jpg,True,280.0,719.0,437.0,813.0,157.0,94.0,
s29,d2,frame_0009.jpg,True,278.0,716.0,435.0,814.0,157.0,98.0,
s29,d2,frame_0010.jpg,True,275.0,713.0,434.0,819.0,159.0,106.0,
s29,d2,frame_0011.jpg,True,275.0,711.0,432.0,819.0,157.0,108.0,
s29,d2,frame_0012.jpg,True,278.0,712.0,430.0,817.0,152.0,105.0,
s29,d2,frame_0013.jpg,True,277.0,711.0,426.0,809.0,149.0,98.0,
s29,d2,frame_0014.jpg,True,280.0,712.0,423.0,805.0,143.0,93.0,
s29,d2,frame_0015.jpg,True,278.0,710.0,422.0,800.0,144.0,90.0,
s29,d2,frame_0016.jpg,True,276.0,710.0,421.0,797.0,145.0,87.0,
s29,d2,frame_0017.jpg,True,275.0,709.0,421.0,796.0,146.0,87.0,
s29,d2,frame_0018.jpg,True,275.0,708.0,422.0,794.0,147.0,86.0,
s29,d2,frame_0019.jpg,True,273.0,707.0,421.0,792.0,148.0,85.0,
s29,d2,frame_0020.jpg,True,273.0,707.0,421.0,792.0,148.0,85.0,
s29,d2,frame_0021.jpg,True,272.0,706.0,422.0,793.0,150.0,87.0,
s29,d2,frame_0022.jpg,True,272.0,707.0,424.0,791.0,152.0,84.0,
s29,d2,frame_0023.jpg,True,271.0,708.0,425.0,791.0,154.0,83.0,
s29,d2,frame_0024.jpg,True,270.0,710.0,425.0,793.0,155.0,83.0,
s29,d2,frame_0025.jpg,True,270.0,711.0,426.0,793.0,156.0,82.0,
s29,d2,frame_0026.jpg,True,271.0,712.0,427.0,793.0,156.0,81.0,
s29,d2,frame_0027.jpg,True,271.0,712.0,427.0,793.0,156.0,81.0,
s29,d2,frame_0028.jpg,True,271.0,713.0,426.0,792.0,155.0,79.0,
s29,d2,frame_0029.jpg,True,270.0,714.0,427.0,791.0,157.0,77.0,
s29,d2,frame_0030.jpg,True,270.0,714.0,426.0,790.0,156.0,76.0,
s29,d2,frame_0031.jpg,True,270.0,714.0,426.0,789.0,156.0,75.0,
s29,d2,frame_0032.jpg,True,270.0,714.0,427.0,789.0,157.0,75.0,
s29,d2,frame_0033.jpg,True,271.0,712.0,427.0,788.0,156.0,76.0,
s29,d2,frame_0034.jpg,True,271.0,712.0,427.0,788.0,156.0,76.0,
s29,d2,frame_0035.jpg,True,271.0,713.0,426.0,788.0,155.0,75.0,
s29,d2,frame_0036.jpg,True,269.0,714.0,425.0,787.0,156.0,73.0,
s29,d2,frame_0037.jpg,True,267.0,715.0,424.0,788.0,157.0,73.0,
s29,d3,frame_0001.jpg,True,276.0,724.0,432.0,797.0,156.0,73.0,
s29,d3,frame_0002.jpg,True,278.0,722.0,432.0,801.0,154.0,79.0,
s29,d3,frame_0003.jpg,True,279.0,718.0,432.0,808.0,153.0,90.0,
s29,d3,frame_0004.jpg,True,276.0,715.0,433.0,807.0,157.0,92.0,
s29,d3,frame_0005.jpg,True,274.0,714.0,432.0,806.0,158.0,92.0,
s29,d3,frame_0006.jpg,True,272.0,710.0,434.0,811.0,162.0,101.0,
s29,d3,frame_0007.jpg,True,271.0,708.0,433.0,817.0,162.0,109.0,
s29,d3,frame_0008.jpg,True,271.0,707.0,431.0,820.0,160.0,113.0,
s29,d3,frame_0009.jpg,True,268.0,709.0,428.0,818.0,160.0,109.0,
s29,d3,frame_0010.jpg,True,269.0,710.0,426.0,817.0,157.0,107.0,
s29,d3,frame_0011.jpg,True,270.0,716.0,425.0,804.0,155.0,88.0,
s29,d3,frame_0012.jpg,True,268.0,722.0,423.0,796.0,155.0,74.0,
s29,d3,frame_0013.jpg,True,266.0,726.0,421.0,793.0,155.0,67.0,
s29,d3,frame_0014.jpg,True,264.0,726.0,420.0,791.0,156.0,65.0,
s29,d3,frame_0015.jpg,True,263.0,726.0,419.0,789.0,156.0,63.0,
s29,d3,frame_0016.jpg,True,262.0,725.0,418.0,789.0,156.0,64.0,
s29,d3,frame_0017.jpg,True,262.0,725.0,418.0,789.0,156.0,64.0,
s29,d3,frame_0018.jpg,True,263.0,725.0,418.0,789.0,155.0,64.0,
s29,d3,frame_0019.jpg,True,262.0,727.0,417.0,790.0,155.0,63.0,
s29,d3,frame_0020.jpg,True,262.0,728.0,418.0,790.0,156.0,62.0,
s29,d3,frame_0021.jpg,True,263.0,728.0,420.0,792.0,157.0,64.0,
s29,d3,frame_0022.jpg,True,262.0,729.0,421.0,793.0,159.0,64.0,
s29,d3,frame_0023.jpg,True,263.0,731.0,421.0,792.0,158.0,61.0,
s29,d3,frame_0024.jpg,True,264.0,732.0,421.0,792.0,157.0,60.0,
s29,d3,frame_0025.jpg,True,265.0,732.0,422.0,792.0,157.0,60.0,
s29,d3,frame_0026.jpg,True,266.0,732.0,424.0,792.0,158.0,60.0,
s29,d3,frame_0027.jpg,True,266.0,732.0,425.0,793.0,159.0,61.0,
s29,d3,frame_0028.jpg,True,266.0,732.0,426.0,793.0,160.0,61.0,
s29,d3,frame_0029.jpg,True,268.0,732.0,427.0,794.0,159.0,62.0,
s29,d3,frame_0030.jpg,True,268.0,733.0,427.0,793.0,159.0,60.0,
s29,d3,frame_0031.jpg,True,268.0,732.0,426.0,792.0,158.0,60.0,
s29,d3,frame_0032.jpg,True,268.0,732.0,426.0,793.0,158.0,61.0,
s29,d3,frame_0033.jpg,True,268.0,731.0,426.0,790.0,158.0,59.0,
s29,d3,frame_0034.jpg,True,268.0,730.0,426.0,791.0,158.0,61.0,
s29,d4,frame_0001.jpg,True,266.0,717.0,426.0,787.0,160.0,70.0,
s29,d4,frame_0002.jpg,True,268.0,716.0,425.0,788.0,157.0,72.0,
s29,d4,frame_0003.jpg,True,271.0,713.0,424.0,796.0,153.0,83.0,
s29,d4,frame_0004.jpg,True,270.0,711.0,424.0,802.0,154.0,91.0,
s29,d4,frame_0005.jpg,True,269.0,710.0,427.0,802.0,158.0,92.0,
s29,d4,frame_0006.jpg,True,269.0,708.0,430.0,802.0,161.0,94.0,
s29,d4,frame_0007.jpg,True,269.0,709.0,430.0,803.0,161.0,94.0,
s29,d4,frame_0008.jpg,True,268.0,709.0,431.0,804.0,163.0,95.0,
s29,d4,frame_0009.jpg,True,268.0,708.0,433.0,802.0,165.0,94.0,
s29,d4,frame_0010.jpg,True,267.0,707.0,433.0,802.0,166.0,95.0,
s29,d4,frame_0011.jpg,True,267.0,707.0,433.0,801.0,166.0,94.0,
s29,d4,frame_0012.jpg,True,267.0,706.0,432.0,801.0,165.0,95.0,
s29,d4,frame_0013.jpg,True,267.0,705.0,433.0,799.0,166.0,94.0,
s29,d4,frame_0014.jpg,True,267.0,704.0,432.0,795.0,165.0,91.0,
s29,d4,frame_0015.jpg,True,267.0,704.0,432.0,793.0,165.0,89.0,
s29,d4,frame_0016.jpg,True,269.0,703.0,433.0,792.0,164.0,89.0,
s29,d4,frame_0017.jpg,True,269.0,704.0,432.0,792.0,163.0,88.0,
s29,d4,frame_0018.jpg,True,269.0,705.0,432.0,791.0,163.0,86.0,
s29,d4,frame_0019.jpg,True,269.0,707.0,433.0,794.0,164.0,87.0,
s29,d4,frame_0020.jpg,True,271.0,708.0,433.0,797.0,162.0,89.0,
s29,d4,frame_0021.jpg,True,273.0,710.0,434.0,799.0,161.0,89.0,
s29,d4,frame_0022.jpg,True,273.0,713.0,436.0,799.0,163.0,86.0,
s29,d4,frame_0023.jpg,True,275.0,715.0,437.0,798.0,162.0,83.0,
s29,d4,frame_0024.jpg,True,275.0,719.0,436.0,799.0,161.0,80.0,
s29,d4,frame_0025.jpg,True,277.0,723.0,438.0,798.0,161.0,75.0,
s29,d4,frame_0026.jpg,True,279.0,726.0,441.0,800.0,162.0,74.0,
s29,d4,frame_0027.jpg,True,280.0,728.0,441.0,800.0,161.0,72.0,
s29,d4,frame_0028.jpg,True,281.0,729.0,442.0,801.0,161.0,72.0,
s29,d4,frame_0029.jpg,True,280.0,731.0,440.0,801.0,160.0,70.0,
s29,d4,frame_0030.jpg,True,280.0,733.0,441.0,803.0,161.0,70.0,
s29,d4,frame_0031.jpg,True,280.0,735.0,441.0,803.0,161.0,68.0,
s29,d4,frame_0032.jpg,True,280.0,735.0,441.0,803.0,161.0,68.0,
s29,d5,frame_0001.jpg,True,273.0,743.0,432.0,813.0,159.0,70.0,
s29,d5,frame_0002.jpg,True,273.0,743.0,432.0,813.0,159.0,70.0,
s29,d5,frame_0003.jpg,True,273.0,742.0,432.0,814.0,159.0,72.0,
s29,d5,frame_0004.jpg,True,274.0,744.0,433.0,815.0,159.0,71.0,
s29,d5,frame_0005.jpg,True,275.0,744.0,433.0,816.0,158.0,72.0,
s29,d5,frame_0006.jpg,True,278.0,745.0,434.0,821.0,156.0,76.0,
s29,d5,frame_0007.jpg,True,280.0,744.0,432.0,835.0,152.0,91.0,
s29,d5,frame_0008.jpg,True,280.0,743.0,433.0,840.0,153.0,97.0,
s29,d5,frame_0009.jpg,True,279.0,741.0,435.0,843.0,156.0,102.0,
s29,d5,frame_0010.jpg,True,279.0,739.0,435.0,844.0,156.0,105.0,
s29,d5,frame_0011.jpg,True,278.0,739.0,436.0,843.0,158.0,104.0,
s29,d5,frame_0012.jpg,True,278.0,737.0,438.0,841.0,160.0,104.0,
s29,d5,frame_0013.jpg,True,279.0,736.0,438.0,840.0,159.0,104.0,
s29,d5,frame_0014.jpg,True,280.0,738.0,438.0,837.0,158.0,99.0,
s29,d5,frame_0015.jpg,True,280.0,736.0,439.0,835.0,159.0,99.0,
s29,d5,frame_0016.jpg,True,283.0,733.0,441.0,833.0,158.0,100.0,
s29,d5,frame_0017.jpg,True,282.0,730.0,442.0,831.0,160.0,101.0,
s29,d5,frame_0018.jpg,True,282.0,731.0,443.0,829.0,161.0,98.0,
s29,d5,frame_0019.jpg,True,283.0,729.0,442.0,825.0,159.0,96.0,
s29,d5,frame_0020.jpg,True,284.0,730.0,443.0,822.0,159.0,92.0,
s29,d5,frame_0021.jpg,True,286.0,730.0,444.0,820.0,158.0,90.0,
s29,d5,frame_0022.jpg,True,288.0,730.0,446.0,819.0,158.0,89.0,
s29,d5,frame_0023.jpg,True,288.0,732.0,447.0,819.0,159.0,87.0,
s29,d5,frame_0024.jpg,True,290.0,734.0,447.0,818.0,157.0,84.0,
s29,d5,frame_0025.jpg,True,289.0,736.0,451.0,815.0,162.0,79.0,
s29,d5,frame_0026.jpg,True,290.0,739.0,451.0,815.0,161.0,76.0,
s29,d5,frame_0027.jpg,True,291.0,741.0,451.0,815.0,160.0,74.0,
s29,d5,frame_0028.jpg,True,290.0,741.0,452.0,813.0,162.0,72.0,
s29,d5,frame_0029.jpg,True,290.0,743.0,451.0,813.0,161.0,70.0,
s29,d6,frame_0001.jpg,True,278.0,738.0,439.0,803.0,161.0,65.0,
s29,d6,frame_0002.jpg,True,278.0,738.0,438.0,801.0,160.0,63.0,
s29,d6,frame_0003.jpg,True,279.0,737.0,439.0,802.0,160.0,65.0,
s29,d6,frame_0004.jpg,True,279.0,738.0,439.0,803.0,160.0,65.0,
s29,d6,frame_0005.jpg,True,281.0,738.0,440.0,805.0,159.0,67.0,
s29,d6,frame_0006.jpg,True,283.0,737.0,440.0,807.0,157.0,70.0,
s29,d6,frame_0007.jpg,True,289.0,736.0,435.0,821.0,146.0,85.0,
s29,d6,frame_0008.jpg,True,291.0,736.0,433.0,830.0,142.0,94.0,
s29,d6,frame_0009.jpg,True,292.0,734.0,435.0,829.0,143.0,95.0,
s29,d6,frame_0010.jpg,True,294.0,732.0,433.0,826.0,139.0,94.0,
s29,d6,frame_0011.jpg,True,293.0,730.0,433.0,825.0,140.0,95.0,
s29,d6,frame_0012.jpg,True,293.0,728.0,433.0,821.0,140.0,93.0,
s29,d6,frame_0013.jpg,True,292.0,725.0,435.0,817.0,143.0,92.0,
s29,d6,frame_0014.jpg,True,292.0,724.0,435.0,816.0,143.0,92.0,
s29,d6,frame_0015.jpg,True,293.0,723.0,437.0,816.0,144.0,93.0,
s29,d6,frame_0016.jpg,True,291.0,723.0,437.0,814.0,146.0,91.0,
s29,d6,frame_0017.jpg,True,292.0,725.0,437.0,815.0,145.0,90.0,
s29,d6,frame_0018.jpg,True,292.0,726.0,438.0,814.0,146.0,88.0,
s29,d6,frame_0019.jpg,True,291.0,726.0,439.0,812.0,148.0,86.0,
s29,d6,frame_0020.jpg,True,289.0,729.0,441.0,811.0,152.0,82.0,
s29,d6,frame_0021.jpg,True,290.0,731.0,443.0,809.0,153.0,78.0,
s29,d6,frame_0022.jpg,True,290.0,734.0,442.0,808.0,152.0,74.0,
s29,d6,frame_0023.jpg,True,289.0,736.0,442.0,808.0,153.0,72.0,
s29,d6,frame_0024.jpg,True,287.0,737.0,443.0,809.0,156.0,72.0,
s29,d6,frame_0025.jpg,True,288.0,739.0,444.0,807.0,156.0,68.0,
s29,d6,frame_0026.jpg,True,288.0,740.0,443.0,807.0,155.0,67.0,
s29,d6,frame_0027.jpg,True,288.0,740.0,444.0,806.0,156.0,66.0,
s29,d6,frame_0028.jpg,True,288.0,740.0,445.0,806.0,157.0,66.0,
s29,d6,frame_0029.jpg,True,288.0,740.0,445.0,805.0,157.0,65.0,
s29,d6,frame_0030.jpg,True,288.0,740.0,445.0,804.0,157.0,64.0,
s29,d6,frame_0031.jpg,True,289.0,740.0,445.0,805.0,156.0,65.0,
s29,d6,frame_0032.jpg,True,288.0,740.0,445.0,805.0,157.0,65.0,
s29,d6,frame_0033.jpg,True,289.0,738.0,445.0,804.0,156.0,66.0,
s29,d6,frame_0034.jpg,True,289.0,738.0,447.0,802.0,158.0,64.0,
s29,d6,frame_0035.jpg,True,290.0,739.0,446.0,803.0,156.0,64.0,
s29,d7,frame_0001.jpg,True,288.0,737.0,446.0,801.0,158.0,64.0,
s29,d7,frame_0002.jpg,True,288.0,737.0,446.0,801.0,158.0,64.0,
s29,d7,frame_0003.jpg,True,288.0,737.0,445.0,802.0,157.0,65.0,
s29,d7,frame_0004.jpg,True,288.0,737.0,444.0,803.0,156.0,66.0,
s29,d7,frame_0005.jpg,True,287.0,736.0,443.0,803.0,156.0,67.0,
s29,d7,frame_0006.jpg,True,287.0,734.0,443.0,802.0,156.0,68.0,
s29,d7,frame_0007.jpg,True,287.0,731.0,443.0,803.0,156.0,72.0,
s29,d7,frame_0008.jpg,True,289.0,727.0,443.0,814.0,154.0,87.0,
s29,d7,frame_0009.jpg,True,286.0,724.0,444.0,818.0,158.0,94.0,
s29,d7,frame_0010.jpg,True,286.0,723.0,444.0,818.0,158.0,95.0,
s29,d7,frame_0011.jpg,True,285.0,721.0,443.0,817.0,158.0,96.0,
s29,d7,frame_0012.jpg,True,286.0,722.0,443.0,817.0,157.0,95.0,
s29,d7,frame_0013.jpg,True,285.0,723.0,445.0,817.0,160.0,94.0,
s29,d7,frame_0014.jpg,True,285.0,723.0,445.0,819.0,160.0,96.0,
s29,d7,frame_0015.jpg,True,283.0,724.0,444.0,819.0,161.0,95.0,
s29,d7,frame_0016.jpg,True,284.0,723.0,444.0,817.0,160.0,94.0,
s29,d7,frame_0017.jpg,True,284.0,723.0,443.0,814.0,159.0,91.0,
s29,d7,frame_0018.jpg,True,283.0,722.0,443.0,812.0,160.0,90.0,
s29,d7,frame_0019.jpg,True,283.0,721.0,442.0,811.0,159.0,90.0,
s29,d7,frame_0020.jpg,True,283.0,720.0,443.0,810.0,160.0,90.0,
s29,d7,frame_0021.jpg,True,282.0,719.0,442.0,807.0,160.0,88.0,
s29,d7,frame_0022.jpg,True,280.0,718.0,441.0,805.0,161.0,87.0,
s29,d7,frame_0023.jpg,True,280.0,718.0,441.0,805.0,161.0,87.0,
s29,d7,frame_0024.jpg,True,282.0,720.0,439.0,804.0,157.0,84.0,
s29,d7,frame_0025.jpg,True,282.0,723.0,439.0,803.0,157.0,80.0,
s29,d7,frame_0026.jpg,True,282.0,726.0,437.0,804.0,155.0,78.0,
s29,d7,frame_0027.jpg,True,281.0,727.0,437.0,803.0,156.0,76.0,
s29,d7,frame_0028.jpg,True,280.0,730.0,436.0,802.0,156.0,72.0,
s29,d7,frame_0029.jpg,True,280.0,732.0,437.0,801.0,157.0,69.0,
s29,d7,frame_0030.jpg,True,280.0,734.0,438.0,802.0,158.0,68.0,
s29,d7,frame_0031.jpg,True,280.0,735.0,439.0,803.0,159.0,68.0,
s29,d7,frame_0032.jpg,True,280.0,736.0,439.0,803.0,159.0,67.0,
s29,d7,frame_0033.jpg,True,279.0,736.0,439.0,804.0,160.0,68.0,
s29,d7,frame_0034.jpg,True,281.0,737.0,438.0,805.0,157.0,68.0,
s29,d8,frame_0001.jpg,True,284.0,739.0,442.0,803.0,158.0,64.0,
s29,d8,frame_0002.jpg,True,285.0,739.0,442.0,804.0,157.0,65.0,
s29,d8,frame_0003.jpg,True,286.0,738.0,442.0,804.0,156.0,66.0,
s29,d8,frame_0004.jpg,True,287.0,738.0,444.0,804.0,157.0,66.0,
s29,d8,frame_0005.jpg,True,288.0,738.0,444.0,804.0,156.0,66.0,
s29,d8,frame_0006.jpg,True,289.0,738.0,443.0,804.0,154.0,66.0,
s29,d8,frame_0007.jpg,True,288.0,737.0,443.0,803.0,155.0,66.0,
s29,d8,frame_0008.jpg,True,288.0,737.0,444.0,801.0,156.0,64.0,
s29,d8,frame_0009.jpg,True,289.0,736.0,443.0,800.0,154.0,64.0,
s29,d8,frame_0010.jpg,True,289.0,737.0,442.0,800.0,153.0,63.0,
s29,d8,frame_0011.jpg,True,288.0,737.0,442.0,800.0,154.0,63.0,
s29,d8,frame_0012.jpg,True,287.0,736.0,441.0,804.0,154.0,68.0,
s29,d8,frame_0013.jpg,True,291.0,734.0,439.0,814.0,148.0,80.0,
s29,d8,frame_0014.jpg,True,291.0,734.0,438.0,815.0,147.0,81.0,
s29,d8,frame_0015.jpg,True,288.0,730.0,440.0,823.0,152.0,93.0,
s29,d8,frame_0016.jpg,True,286.0,727.0,442.0,829.0,156.0,102.0,
s29,d8,frame_0017.jpg,True,288.0,725.0,441.0,824.0,153.0,99.0,
s29,d8,frame_0018.jpg,True,285.0,721.0,441.0,813.0,156.0,92.0,
s29,d8,frame_0019.jpg,True,285.0,718.0,441.0,805.0,156.0,87.0,
s29,d8,frame_0020.jpg,True,283.0,714.0,441.0,800.0,158.0,86.0,
s29,d8,frame_0021.jpg,True,284.0,713.0,440.0,799.0,156.0,86.0,
s29,d8,frame_0022.jpg,True,284.0,712.0,441.0,798.0,157.0,86.0,
s29,d8,frame_0023.jpg,True,283.0,710.0,440.0,796.0,157.0,86.0,
s29,d8,frame_0024.jpg,True,284.0,710.0,441.0,794.0,157.0,84.0,
s29,d8,frame_0025.jpg,True,283.0,710.0,441.0,793.0,158.0,83.0,
s29,d8,frame_0026.jpg,True,285.0,710.0,441.0,793.0,156.0,83.0,
s29,d8,frame_0027.jpg,True,285.0,712.0,441.0,793.0,156.0,81.0,
s29,d8,frame_0028.jpg,True,284.0,714.0,441.0,794.0,157.0,80.0,
s29,d8,frame_0029.jpg,True,284.0,716.0,442.0,795.0,158.0,79.0,
s29,d8,frame_0030.jpg,True,284.0,721.0,443.0,794.0,159.0,73.0,
s29,d8,frame_0031.jpg,True,286.0,724.0,444.0,793.0,158.0,69.0,
s29,d8,frame_0032.jpg,True,287.0,725.0,444.0,793.0,157.0,68.0,
s29,d8,frame_0033.jpg,True,287.0,726.0,444.0,793.0,157.0,67.0,
s29,d8,frame_0034.jpg,True,285.0,728.0,444.0,794.0,159.0,66.0,
s29,d8,frame_0035.jpg,True,286.0,730.0,443.0,795.0,157.0,65.0,
s29,d9,frame_0001.jpg,True,275.0,742.0,433.0,810.0,158.0,68.0,
s29,d9,frame_0002.jpg,True,273.0,740.0,432.0,809.0,159.0,69.0,
s29,d9,frame_0003.jpg,True,274.0,738.0,431.0,808.0,157.0,70.0,
s29,d9,frame_0004.jpg,True,272.0,737.0,429.0,806.0,157.0,69.0,
s29,d9,frame_0005.jpg,True,271.0,733.0,427.0,804.0,156.0,71.0,
s29,d9,frame_0006.jpg,True,273.0,729.0,427.0,806.0,154.0,77.0,
s29,d9,frame_0007.jpg,True,275.0,724.0,425.0,812.0,150.0,88.0,
s29,d9,frame_0008.jpg,True,277.0,721.0,426.0,815.0,149.0,94.0,
s29,d9,frame_0009.jpg,True,275.0,717.0,428.0,818.0,153.0,101.0,
s29,d9,frame_0010.jpg,True,276.0,716.0,429.0,822.0,153.0,106.0,
s29,d9,frame_0011.jpg,True,276.0,714.0,429.0,823.0,153.0,109.0,
s29,d9,frame_0012.jpg,True,276.0,712.0,430.0,821.0,154.0,109.0,
s29,d9,frame_0013.jpg,True,280.0,711.0,431.0,818.0,151.0,107.0,
s29,d9,frame_0014.jpg,True,282.0,712.0,429.0,812.0,147.0,100.0,
s29,d9,frame_0015.jpg,True,284.0,712.0,431.0,804.0,147.0,92.0,
s29,d9,frame_0016.jpg,True,287.0,711.0,431.0,802.0,144.0,91.0,
s29,d9,frame_0017.jpg,True,290.0,713.0,430.0,799.0,140.0,86.0,
s29,d9,frame_0018.jpg,True,291.0,712.0,433.0,802.0,142.0,90.0,
s29,d9,frame_0019.jpg,True,292.0,713.0,434.0,801.0,142.0,88.0,
s29,d9,frame_0020.jpg,True,293.0,715.0,434.0,803.0,141.0,88.0,
s29,d9,frame_0021.jpg,True,292.0,717.0,436.0,804.0,144.0,87.0,
s29,d9,frame_0022.jpg,True,291.0,718.0,437.0,804.0,146.0,86.0,
s29,d9,frame_0023.jpg,True,290.0,723.0,439.0,804.0,149.0,81.0,
s29,d9,frame_0024.jpg,True,291.0,727.0,439.0,803.0,148.0,76.0,
s29,d9,frame_0025.jpg,True,290.0,730.0,440.0,803.0,150.0,73.0,
s29,d9,frame_0026.jpg,True,291.0,731.0,440.0,804.0,149.0,73.0,
s29,d9,frame_0027.jpg,True,290.0,733.0,441.0,803.0,151.0,70.0,
s29,d10,frame_0001.jpg,True,274.0,766.0,429.0,836.0,155.0,70.0,
s29,d10,frame_0002.jpg,True,272.0,767.0,427.0,837.0,155.0,70.0,
s29,d10,frame_0003.jpg,True,270.0,767.0,424.0,837.0,154.0,70.0,
s29,d10,frame_0004.jpg,True,270.0,766.0,423.0,838.0,153.0,72.0,
s29,d10,frame_0005.jpg,True,275.0,763.0,421.0,845.0,146.0,82.0,
s29,d10,frame_0006.jpg,True,274.0,761.0,424.0,852.0,150.0,91.0,
s29,d10,frame_0007.jpg,True,273.0,761.0,425.0,853.0,152.0,92.0,
s29,d10,frame_0008.jpg,True,274.0,760.0,425.0,853.0,151.0,93.0,
s29,d10,frame_0009.jpg,True,273.0,758.0,426.0,850.0,153.0,92.0,
s29,d10,frame_0010.jpg,True,275.0,757.0,428.0,850.0,153.0,93.0,
s29,d10,frame_0011.jpg,True,275.0,754.0,429.0,850.0,154.0,96.0,
s29,d10,frame_0012.jpg,True,272.0,752.0,429.0,852.0,157.0,100.0,
s29,d10,frame_0013.jpg,True,273.0,754.0,428.0,852.0,155.0,98.0,
s29,d10,frame_0014.jpg,True,276.0,767.0,424.0,843.0,148.0,76.0,
s29,d10,frame_0015.jpg,True,277.0,774.0,426.0,840.0,149.0,66.0,
s29,d10,frame_0016.jpg,True,276.0,776.0,424.0,839.0,148.0,63.0,
s29,d10,frame_0017.jpg,True,275.0,777.0,424.0,839.0,149.0,62.0,
s29,d10,frame_0018.jpg,True,275.0,776.0,421.0,838.0,146.0,62.0,
s29,d10,frame_0019.jpg,True,274.0,777.0,420.0,839.0,146.0,62.0,
s29,d10,frame_0020.jpg,True,273.0,776.0,422.0,839.0,149.0,63.0,
s29,d10,frame_0021.jpg,True,273.0,776.0,421.0,838.0,148.0,62.0,
s29,d10,frame_0022.jpg,True,273.0,774.0,420.0,837.0,147.0,63.0,
s29,d10,frame_0023.jpg,True,274.0,774.0,421.0,836.0,147.0,62.0,
s29,d10,frame_0024.jpg,True,273.0,772.0,422.0,835.0,149.0,63.0,
s29,d10,frame_0025.jpg,True,274.0,771.0,422.0,834.0,148.0,63.0,
s29,d10,frame_0026.jpg,True,274.0,770.0,421.0,833.0,147.0,63.0,
s29,d10,frame_0027.jpg,True,275.0,769.0,423.0,832.0,148.0,63.0,
s29,d10,frame_0028.jpg,True,276.0,769.0,426.0,831.0,150.0,62.0,
s29,d10,frame_0029.jpg,True,277.0,769.0,426.0,831.0,149.0,62.0,
s29,d10,frame_0030.jpg,True,277.0,768.0,427.0,831.0,150.0,63.0,
s29,d10,frame_0031.jpg,True,279.0,769.0,428.0,832.0,149.0,63.0,
s29,d10,frame_0032.jpg,True,277.0,770.0,428.0,832.0,151.0,62.0,
s29,d10,frame_0033.jpg,True,279.0,770.0,429.0,833.0,150.0,63.0,
s29,d10,frame_0034.jpg,True,280.0,772.0,432.0,833.0,152.0,61.0,
s30,d0,frame_0001.jpg,True,598.0,328.0,702.0,381.0,104.0,53.0,
s30,d0,frame_0002.jpg,True,599.0,329.0,702.0,380.0,103.0,51.0,
s30,d0,frame_0003.jpg,True,598.0,330.0,702.0,380.0,104.0,50.0,
s30,d0,frame_0004.jpg,True,599.0,330.0,702.0,381.0,103.0,51.0,
s30,d0,frame_0005.jpg,True,600.0,329.0,701.0,387.0,101.0,58.0,
s30,d0,frame_0006.jpg,True,600.0,328.0,701.0,396.0,101.0,68.0,
s30,d0,frame_0007.jpg,True,600.0,326.0,701.0,400.0,101.0,74.0,
s30,d0,frame_0008.jpg,True,600.0,324.0,702.0,401.0,102.0,77.0,
s30,d0,frame_0009.jpg,True,600.0,323.0,702.0,400.0,102.0,77.0,
s30,d0,frame_0010.jpg,True,601.0,323.0,701.0,397.0,100.0,74.0,
s30,d0,frame_0011.jpg,True,602.0,323.0,700.0,391.0,98.0,68.0,
s30,d0,frame_0012.jpg,True,602.0,323.0,700.0,386.0,98.0,63.0,
s30,d0,frame_0013.jpg,True,600.0,324.0,701.0,383.0,101.0,59.0,
s30,d0,frame_0014.jpg,True,600.0,323.0,703.0,382.0,103.0,59.0,
s30,d0,frame_0015.jpg,True,599.0,323.0,703.0,380.0,104.0,57.0,
s30,d0,frame_0016.jpg,True,600.0,323.0,703.0,378.0,103.0,55.0,
s30,d0,frame_0017.jpg,True,600.0,323.0,703.0,378.0,103.0,55.0,
s30,d0,frame_0018.jpg,True,600.0,323.0,703.0,377.0,103.0,54.0,
s30,d0,frame_0019.jpg,True,600.0,323.0,703.0,377.0,103.0,54.0,
s30,d0,frame_0020.jpg,True,601.0,323.0,703.0,375.0,102.0,52.0,
s30,d0,frame_0021.jpg,True,601.0,322.0,703.0,375.0,102.0,53.0,
s30,d0,frame_0022.jpg,True,601.0,322.0,704.0,373.0,103.0,51.0,
s30,d0,frame_0023.jpg,True,602.0,322.0,703.0,373.0,101.0,51.0,
s30,d0,frame_0024.jpg,True,602.0,322.0,704.0,373.0,102.0,51.0,
s30,d0,frame_0025.jpg,True,602.0,322.0,704.0,373.0,102.0,51.0,
s30,d0,frame_0026.jpg,True,602.0,322.0,704.0,373.0,102.0,51.0,
s30,d0,frame_0027.jpg,True,603.0,322.0,704.0,373.0,101.0,51.0,
s30,d0,frame_0028.jpg,True,603.0,322.0,704.0,373.0,101.0,51.0,
s30,d0,frame_0029.jpg,True,603.0,321.0,704.0,374.0,101.0,53.0,
s30,d0,frame_0030.jpg,True,603.0,322.0,704.0,374.0,101.0,52.0,
s30,d0,frame_0031.jpg,True,603.0,322.0,705.0,374.0,102.0,52.0,
s30,d1,frame_0001.jpg,True,604.0,320.0,704.0,377.0,100.0,57.0,
s30,d1,frame_0002.jpg,True,602.0,320.0,705.0,382.0,103.0,62.0,
s30,d1,frame_0003.jpg,True,601.0,318.0,705.0,386.0,104.0,68.0,
s30,d1,frame_0004.jpg,True,600.0,318.0,705.0,386.0,105.0,68.0,
s30,d1,frame_0005.jpg,True,600.0,317.0,706.0,387.0,106.0,70.0,
s30,d1,frame_0006.jpg,True,599.0,317.0,706.0,388.0,107.0,71.0,
s30,d1,frame_0007.jpg,True,598.0,316.0,706.0,389.0,108.0,73.0,
s30,d1,frame_0008.jpg,True,598.0,315.0,707.0,390.0,109.0,75.0,
s30,d1,frame_0009.jpg,True,598.0,314.0,706.0,389.0,108.0,75.0,
s30,d1,frame_0010.jpg,True,598.0,314.0,706.0,388.0,108.0,74.0,
s30,d1,frame_0011.jpg,True,597.0,314.0,706.0,386.0,109.0,72.0,
s30,d1,frame_0012.jpg,True,597.0,314.0,706.0,384.0,109.0,70.0,
s30,d1,frame_0013.jpg,True,597.0,314.0,706.0,382.0,109.0,68.0,
s30,d1,frame_0014.jpg,True,597.0,314.0,706.0,380.0,109.0,66.0,
s30,d1,frame_0015.jpg,True,597.0,314.0,705.0,378.0,108.0,64.0,
s30,d1,frame_0016.jpg,True,599.0,315.0,704.0,376.0,105.0,61.0,
s30,d1,frame_0017.jpg,True,599.0,316.0,704.0,375.0,105.0,59.0,
s30,d1,frame_0018.jpg,True,599.0,316.0,703.0,374.0,104.0,58.0,
s30,d1,frame_0019.jpg,True,598.0,316.0,704.0,374.0,106.0,58.0,
s30,d1,frame_0020.jpg,True,598.0,316.0,704.0,374.0,106.0,58.0,
s30,d1,frame_0021.jpg,True,598.0,316.0,703.0,373.0,105.0,57.0,
s30,d1,frame_0022.jpg,True,598.0,316.0,703.0,372.0,105.0,56.0,
s30,d1,frame_0023.jpg,True,599.0,316.0,702.0,371.0,103.0,55.0,
s30,d1,frame_0024.jpg,True,599.0,316.0,701.0,370.0,102.0,54.0,
s30,d1,frame_0025.jpg,True,599.0,316.0,702.0,369.0,103.0,53.0,
s30,d1,frame_0026.jpg,True,598.0,317.0,702.0,368.0,104.0,51.0,
s30,d1,frame_0027.jpg,True,599.0,318.0,701.0,368.0,102.0,50.0,
s30,d1,frame_0028.jpg,True,598.0,318.0,701.0,368.0,103.0,50.0,
s30,d1,frame_0029.jpg,True,598.0,319.0,701.0,369.0,103.0,50.0,
s30,d1,frame_0030.jpg,True,598.0,319.0,702.0,369.0,104.0,50.0,
s30,d2,frame_0001.jpg,True,281.0,530.0,406.0,606.0,125.0,76.0,
s30,d2,frame_0002.jpg,True,281.0,529.0,405.0,605.0,124.0,76.0,
s30,d2,frame_0003.jpg,True,280.0,529.0,405.0,604.0,125.0,75.0,
s30,d2,frame_0004.jpg,True,279.0,529.0,405.0,604.0,126.0,75.0,
s30,d2,frame_0005.jpg,True,278.0,530.0,406.0,604.0,128.0,74.0,
s30,d2,frame_0006.jpg,True,277.0,530.0,405.0,606.0,128.0,76.0,
s30,d2,frame_0007.jpg,True,276.0,529.0,404.0,611.0,128.0,82.0,
s30,d2,frame_0008.jpg,True,276.0,529.0,404.0,614.0,128.0,85.0,
s30,d2,frame_0009.jpg,True,277.0,528.0,404.0,617.0,127.0,89.0,
s30,d2,frame_0010.jpg,True,278.0,528.0,403.0,620.0,125.0,92.0,
s30,d2,frame_0011.jpg,True,278.0,528.0,403.0,620.0,125.0,92.0,
s30,d2,frame_0012.jpg,True,279.0,528.0,402.0,617.0,123.0,89.0,
s30,d2,frame_0013.jpg,True,281.0,528.0,400.0,606.0,119.0,78.0,
s30,d2,frame_0014.jpg,True,281.0,528.0,399.0,597.0,118.0,69.0,
s30,d2,frame_0015.jpg,True,281.0,527.0,400.0,594.0,119.0,67.0,
s30,d2,frame_0016.jpg,True,282.0,528.0,401.0,593.0,119.0,65.0,
s30,d2,frame_0017.jpg,True,282.0,529.0,402.0,594.0,120.0,65.0,
s30,d2,frame_0018.jpg,True,282.0,530.0,402.0,594.0,120.0,64.0,
s30,d2,frame_0019.jpg,True,282.0,532.0,403.0,594.0,121.0,62.0,
s30,d2,frame_0020.jpg,True,281.0,533.0,403.0,594.0,122.0,61.0,
s30,d2,frame_0021.jpg,True,282.0,534.0,403.0,594.0,121.0,60.0,
s30,d2,frame_0022.jpg,True,282.0,535.0,404.0,593.0,122.0,58.0,
s30,d2,frame_0023.jpg,True,282.0,535.0,404.0,594.0,122.0,59.0,
s30,d2,frame_0024.jpg,True,282.0,536.0,404.0,593.0,122.0,57.0,
s30,d2,frame_0025.jpg,True,284.0,536.0,404.0,594.0,120.0,58.0,
s30,d2,frame_0026.jpg,True,283.0,536.0,404.0,594.0,121.0,58.0,
s30,d2,frame_0027.jpg,True,283.0,536.0,403.0,594.0,120.0,58.0,
s30,d2,frame_0028.jpg,True,283.0,536.0,403.0,594.0,120.0,58.0,
s30,d2,frame_0029.jpg,True,283.0,536.0,404.0,594.0,121.0,58.0,
s30,d2,frame_0030.jpg,True,283.0,537.0,403.0,594.0,120.0,57.0,
s30,d2,frame_0031.jpg,True,283.0,537.0,403.0,595.0,120.0,58.0,
s30,d2,frame_0032.jpg,True,283.0,537.0,404.0,594.0,121.0,57.0,
s30,d2,frame_0033.jpg,True,284.0,536.0,405.0,594.0,121.0,58.0,
s30,d2,frame_0034.jpg,True,284.0,536.0,405.0,594.0,121.0,58.0,
s30,d2,frame_0035.jpg,True,284.0,536.0,405.0,594.0,121.0,58.0,
s30,d2,frame_0036.jpg,True,285.0,535.0,405.0,593.0,120.0,58.0,
s30,d2,frame_0037.jpg,True,285.0,535.0,406.0,593.0,121.0,58.0,
s30,d2,frame_0038.jpg,True,285.0,534.0,406.0,593.0,121.0,59.0,
s30,d2,frame_0039.jpg,True,285.0,534.0,406.0,592.0,121.0,58.0,
s30,d2,frame_0040.jpg,True,285.0,534.0,405.0,592.0,120.0,58.0,
s30,d2,frame_0041.jpg,True,285.0,534.0,406.0,592.0,121.0,58.0,
s30,d2,frame_0042.jpg,True,285.0,534.0,405.0,592.0,120.0,58.0,
s30,d2,frame_0043.jpg,True,285.0,534.0,406.0,592.0,121.0,58.0,
s30,d2,frame_0044.jpg,True,285.0,534.0,405.0,592.0,120.0,58.0,
s30,d2,frame_0045.jpg,True,284.0,533.0,405.0,592.0,121.0,59.0,
s30,d2,frame_0046.jpg,True,284.0,533.0,406.0,592.0,122.0,59.0,
s30,d2,frame_0047.jpg,True,284.0,532.0,406.0,591.0,122.0,59.0,
s30,d2,frame_0048.jpg,True,285.0,531.0,407.0,590.0,122.0,59.0,
s30,d2,frame_0049.jpg,True,286.0,530.0,407.0,589.0,121.0,59.0,
s30,d2,frame_0050.jpg,True,286.0,531.0,407.0,589.0,121.0,58.0,
s30,d2,frame_0051.jpg,True,286.0,530.0,407.0,589.0,121.0,59.0,
s30,d2,frame_0052.jpg,True,286.0,530.0,408.0,589.0,122.0,59.0,
s30,d2,frame_0053.jpg,True,286.0,531.0,408.0,590.0,122.0,59.0,
s30,d2,frame_0054.jpg,True,285.0,531.0,408.0,590.0,123.0,59.0,
s30,d3,frame_0001.jpg,True,609.0,322.0,710.0,375.0,101.0,53.0,
s30,d3,frame_0002.jpg,True,609.0,323.0,710.0,376.0,101.0,53.0,
s30,d3,frame_0003.jpg,True,609.0,323.0,711.0,378.0,102.0,55.0,
s30,d3,frame_0004.jpg,True,608.0,324.0,710.0,380.0,102.0,56.0,
s30,d3,frame_0005.jpg,True,606.0,323.0,710.0,385.0,104.0,62.0,
s30,d3,frame_0006.jpg,True,604.0,322.0,711.0,387.0,107.0,65.0,
s30,d3,frame_0007.jpg,True,604.0,322.0,711.0,388.0,107.0,66.0,
s30,d3,frame_0008.jpg,True,603.0,323.0,713.0,390.0,110.0,67.0,
s30,d3,frame_0009.jpg,True,604.0,323.0,713.0,394.0,109.0,71.0,
s30,d3,frame_0010.jpg,True,603.0,324.0,712.0,397.0,109.0,73.0,
s30,d3,frame_0011.jpg,True,603.0,325.0,712.0,397.0,109.0,72.0,
s30,d3,frame_0012.jpg,True,602.0,325.0,712.0,392.0,110.0,67.0,
s30,d3,frame_0013.jpg,True,604.0,328.0,711.0,384.0,107.0,56.0,
s30,d3,frame_0014.jpg,True,604.0,328.0,712.0,377.0,108.0,49.0,
s30,d3,frame_0015.jpg,True,604.0,329.0,713.0,376.0,109.0,47.0,
s30,d3,frame_0016.jpg,True,604.0,330.0,714.0,374.0,110.0,44.0,
s30,d3,frame_0017.jpg,True,605.0,328.0,714.0,375.0,109.0,47.0,
s30,d3,frame_0018.jpg,True,605.0,328.0,713.0,376.0,108.0,48.0,
s30,d3,frame_0019.jpg,True,604.0,328.0,713.0,376.0,109.0,48.0,
s30,d3,frame_0020.jpg,True,604.0,329.0,713.0,377.0,109.0,48.0,
s30,d3,frame_0021.jpg,True,605.0,328.0,712.0,377.0,107.0,49.0,
s30,d3,frame_0022.jpg,True,605.0,328.0,713.0,378.0,108.0,50.0,
s30,d3,frame_0023.jpg,True,606.0,328.0,712.0,378.0,106.0,50.0,
s30,d4,frame_0001.jpg,True,614.0,329.0,719.0,386.0,105.0,57.0,
s30,d4,frame_0002.jpg,True,613.0,327.0,718.0,388.0,105.0,61.0,
s30,d4,frame_0003.jpg,True,611.0,324.0,719.0,391.0,108.0,67.0,
s30,d4,frame_0004.jpg,True,610.0,324.0,720.0,391.0,110.0,67.0,
s30,d4,frame_0005.jpg,True,609.0,323.0,721.0,391.0,112.0,68.0,
s30,d4,frame_0006.jpg,True,608.0,322.0,721.0,390.0,113.0,68.0,
s30,d4,frame_0007.jpg,True,607.0,321.0,721.0,388.0,114.0,67.0,
s30,d4,frame_0008.jpg,True,606.0,321.0,721.0,388.0,115.0,67.0,
s30,d4,frame_0009.jpg,True,606.0,320.0,721.0,388.0,115.0,68.0,
s30,d4,frame_0010.jpg,True,605.0,319.0,721.0,388.0,116.0,69.0,
s30,d4,frame_0011.jpg,True,605.0,319.0,721.0,388.0,116.0,69.0,
s30,d4,frame_0012.jpg,True,605.0,319.0,721.0,388.0,116.0,69.0,
s30,d4,frame_0013.jpg,True,605.0,320.0,721.0,389.0,116.0,69.0,
s30,d4,frame_0014.jpg,True,605.0,320.0,721.0,389.0,116.0,69.0,
s30,d4,frame_0015.jpg,True,604.0,320.0,720.0,389.0,116.0,69.0,
s30,d4,frame_0016.jpg,True,606.0,321.0,720.0,388.0,114.0,67.0,
s30,d4,frame_0017.jpg,True,606.0,321.0,720.0,388.0,114.0,67.0,
s30,d4,frame_0018.jpg,True,606.0,322.0,720.0,387.0,114.0,65.0,
s30,d4,frame_0019.jpg,True,606.0,322.0,720.0,388.0,114.0,66.0,
s30,d4,frame_0020.jpg,True,606.0,323.0,719.0,388.0,113.0,65.0,
s30,d4,frame_0021.jpg,True,606.0,322.0,718.0,387.0,112.0,65.0,
s30,d4,frame_0022.jpg,True,606.0,322.0,718.0,387.0,112.0,65.0,
s30,d4,frame_0023.jpg,True,606.0,322.0,717.0,387.0,111.0,65.0,
s30,d4,frame_0024.jpg,True,607.0,322.0,717.0,385.0,110.0,63.0,
s30,d4,frame_0025.jpg,True,607.0,323.0,716.0,385.0,109.0,62.0,
s30,d4,frame_0026.jpg,True,608.0,324.0,716.0,384.0,108.0,60.0,
s30,d4,frame_0027.jpg,True,609.0,325.0,716.0,383.0,107.0,58.0,
s30,d4,frame_0028.jpg,True,609.0,326.0,715.0,382.0,106.0,56.0,
s30,d4,frame_0029.jpg,True,609.0,326.0,715.0,380.0,106.0,54.0,
s30,d4,frame_0030.jpg,True,608.0,328.0,715.0,380.0,107.0,52.0,
s30,d4,frame_0031.jpg,True,609.0,327.0,715.0,379.0,106.0,52.0,
s30,d4,frame_0032.jpg,True,609.0,327.0,715.0,379.0,106.0,52.0,
s30,d4,frame_0033.jpg,True,609.0,327.0,715.0,380.0,106.0,53.0,
s30,d4,frame_0034.jpg,True,609.0,327.0,715.0,380.0,106.0,53.0,
s30,d4,frame_0035.jpg,True,610.0,327.0,715.0,380.0,105.0,53.0,
s30,d4,frame_0036.jpg,True,610.0,327.0,715.0,379.0,105.0,52.0,
s30,d5,frame_0001.jpg,True,612.0,328.0,714.0,384.0,102.0,56.0,
s30,d5,frame_0002.jpg,True,612.0,328.0,714.0,387.0,102.0,59.0,
s30,d5,frame_0003.jpg,True,610.0,326.0,716.0,396.0,106.0,70.0,
s30,d5,frame_0004.jpg,True,608.0,326.0,717.0,399.0,109.0,73.0,
s30,d5,frame_0005.jpg,True,607.0,326.0,718.0,402.0,111.0,76.0,
s30,d5,frame_0006.jpg,True,607.0,326.0,718.0,404.0,111.0,78.0,
s30,d5,frame_0007.jpg,True,606.0,326.0,718.0,405.0,112.0,79.0,
s30,d5,frame_0008.jpg,True,606.0,327.0,717.0,406.0,111.0,79.0,
s30,d5,frame_0009.jpg,True,605.0,328.0,717.0,406.0,112.0,78.0,
s30,d5,frame_0010.jpg,True,605.0,328.0,717.0,406.0,112.0,78.0,
s30,d5,frame_0011.jpg,True,605.0,328.0,717.0,406.0,112.0,78.0,
s30,d5,frame_0012.jpg,True,604.0,328.0,717.0,405.0,113.0,77.0,
s30,d5,frame_0013.jpg,True,604.0,328.0,716.0,406.0,112.0,78.0,
s30,d5,frame_0014.jpg,True,605.0,328.0,716.0,403.0,111.0,75.0,
s30,d5,frame_0015.jpg,True,606.0,328.0,716.0,400.0,110.0,72.0,
s30,d5,frame_0016.jpg,True,606.0,327.0,716.0,397.0,110.0,70.0,
s30,d5,frame_0017.jpg,True,607.0,328.0,715.0,392.0,108.0,64.0,
s30,d5,frame_0018.jpg,True,608.0,330.0,715.0,388.0,107.0,58.0,
s30,d6,frame_0001.jpg,True,609.0,332.0,712.0,385.0,103.0,53.0,
s30,d6,frame_0002.jpg,True,609.0,332.0,711.0,386.0,102.0,54.0,
s30,d6,frame_0003.jpg,True,609.0,332.0,711.0,388.0,102.0,56.0,
s30,d6,frame_0004.jpg,True,610.0,331.0,709.0,390.0,99.0,59.0,
s30,d6,frame_0005.jpg,True,610.0,329.0,709.0,393.0,99.0,64.0,
s30,d6,frame_0006.jpg,True,609.0,327.0,710.0,394.0,101.0,67.0,
s30,d6,frame_0007.jpg,True,608.0,325.0,711.0,395.0,103.0,70.0,
s30,d6,frame_0008.jpg,True,608.0,325.0,710.0,396.0,102.0,71.0,
s30,d6,frame_0009.jpg,True,609.0,325.0,708.0,396.0,99.0,71.0,
s30,d6,frame_0010.jpg,True,609.0,324.0,709.0,396.0,100.0,72.0,
s30,d6,frame_0011.jpg,True,609.0,324.0,708.0,395.0,99.0,71.0,
s30,d6,frame_0012.jpg,True,608.0,326.0,708.0,395.0,100.0,69.0,
s30,d6,frame_0013.jpg,True,608.0,326.0,708.0,393.0,100.0,67.0,
s30,d6,frame_0014.jpg,True,607.0,327.0,709.0,391.0,102.0,64.0,
s30,d6,frame_0015.jpg,True,605.0,327.0,708.0,389.0,103.0,62.0,
s30,d6,frame_0016.jpg,True,606.0,327.0,708.0,389.0,102.0,62.0,
s30,d6,frame_0017.jpg,True,606.0,327.0,708.0,389.0,102.0,62.0,
s30,d6,frame_0018.jpg,True,606.0,328.0,708.0,389.0,102.0,61.0,
s30,d6,frame_0019.jpg,True,606.0,327.0,707.0,387.0,101.0,60.0,
s30,d6,frame_0020.jpg,True,605.0,328.0,708.0,387.0,103.0,59.0,
s30,d6,frame_0021.jpg,True,605.0,327.0,708.0,385.0,103.0,58.0,
s30,d6,frame_0022.jpg,True,605.0,328.0,708.0,383.0,103.0,55.0,
s30,d6,frame_0023.jpg,True,605.0,328.0,709.0,381.0,104.0,53.0,
s30,d7,frame_0001.jpg,True,604.0,331.0,708.0,387.0,104.0,56.0,
s30,d7,frame_0002.jpg,True,604.0,329.0,708.0,391.0,104.0,62.0,
s30,d7,frame_0003.jpg,True,604.0,328.0,709.0,395.0,105.0,67.0,
s30,d7,frame_0004.jpg,True,602.0,328.0,710.0,395.0,108.0,67.0,
s30,d7,frame_0005.jpg,True,601.0,328.0,711.0,394.0,110.0,66.0,
s30,d7,frame_0006.jpg,True,600.0,328.0,711.0,393.0,111.0,65.0,
s30,d7,frame_0007.jpg,True,599.0,328.0,712.0,393.0,113.0,65.0,
s30,d7,frame_0008.jpg,True,599.0,328.0,712.0,393.0,113.0,65.0,
s30,d7,frame_0009.jpg,True,598.0,327.0,711.0,393.0,113.0,66.0,
s30,d7,frame_0010.jpg,True,598.0,328.0,712.0,394.0,114.0,66.0,
s30,d7,frame_0011.jpg,True,598.0,328.0,711.0,394.0,113.0,66.0,
s30,d7,frame_0012.jpg,True,598.0,328.0,712.0,395.0,114.0,67.0,
s30,d7,frame_0013.jpg,True,597.0,328.0,711.0,395.0,114.0,67.0,
s30,d7,frame_0014.jpg,True,597.0,328.0,711.0,394.0,114.0,66.0,
s30,d7,frame_0015.jpg,True,598.0,328.0,710.0,393.0,112.0,65.0,
s30,d7,frame_0016.jpg,True,598.0,327.0,709.0,392.0,111.0,65.0,
s30,d7,frame_0017.jpg,True,597.0,327.0,709.0,393.0,112.0,66.0,
s30,d7,frame_0018.jpg,True,598.0,327.0,709.0,393.0,111.0,66.0,
s30,d7,frame_0019.jpg,True,598.0,327.0,709.0,393.0,111.0,66.0,
s30,d7,frame_0020.jpg,True,598.0,327.0,708.0,392.0,110.0,65.0,
s30,d7,frame_0021.jpg,True,599.0,327.0,708.0,392.0,109.0,65.0,
s30,d7,frame_0022.jpg,True,599.0,327.0,708.0,391.0,109.0,64.0,
s30,d7,frame_0023.jpg,True,600.0,327.0,708.0,391.0,108.0,64.0,
s30,d7,frame_0024.jpg,True,600.0,327.0,707.0,390.0,107.0,63.0,
s30,d7,frame_0025.jpg,True,601.0,327.0,707.0,389.0,106.0,62.0,
s30,d7,frame_0026.jpg,True,601.0,327.0,707.0,389.0,106.0,62.0,
s30,d7,frame_0027.jpg,True,602.0,327.0,708.0,388.0,106.0,61.0,
s30,d7,frame_0028.jpg,True,602.0,327.0,708.0,387.0,106.0,60.0,
s30,d7,frame_0029.jpg,True,602.0,327.0,708.0,387.0,106.0,60.0,
s30,d7,frame_0030.jpg,True,602.0,327.0,708.0,387.0,106.0,60.0,
s30,d7,frame_0031.jpg,True,603.0,327.0,708.0,386.0,105.0,59.0,
s30,d7,frame_0032.jpg,True,604.0,327.0,708.0,386.0,104.0,59.0,
s30,d7,frame_0033.jpg,True,604.0,327.0,708.0,386.0,104.0,59.0,
s30,d7,frame_0034.jpg,True,603.0,327.0,709.0,386.0,106.0,59.0,
s30,d7,frame_0035.jpg,True,604.0,326.0,709.0,385.0,105.0,59.0,
s30,d8,frame_0001.jpg,True,608.0,329.0,714.0,383.0,106.0,54.0,
s30,d8,frame_0002.jpg,True,606.0,330.0,714.0,382.0,108.0,52.0,
s30,d8,frame_0003.jpg,True,606.0,332.0,714.0,380.0,108.0,48.0,
s30,d8,frame_0004.jpg,True,606.0,333.0,714.0,381.0,108.0,48.0,
s30,d8,frame_0005.jpg,True,607.0,334.0,713.0,385.0,106.0,51.0,
s30,d8,frame_0006.jpg,True,607.0,332.0,711.0,395.0,104.0,63.0,
s30,d8,frame_0007.jpg,True,604.0,330.0,712.0,400.0,108.0,70.0,
s30,d8,frame_0008.jpg,True,603.0,329.0,711.0,402.0,108.0,73.0,
s30,d8,frame_0009.jpg,True,602.0,329.0,711.0,402.0,109.0,73.0,
s30,d8,frame_0010.jpg,True,602.0,327.0,711.0,401.0,109.0,74.0,
s30,d8,frame_0011.jpg,True,602.0,327.0,711.0,399.0,109.0,72.0,
s30,d8,frame_0012.jpg,True,602.0,329.0,710.0,397.0,108.0,68.0,
s30,d8,frame_0013.jpg,True,603.0,328.0,710.0,395.0,107.0,67.0,
s30,d8,frame_0014.jpg,True,603.0,329.0,710.0,393.0,107.0,64.0,
s30,d8,frame_0015.jpg,True,603.0,330.0,709.0,391.0,106.0,61.0,
s30,d8,frame_0016.jpg,True,603.0,331.0,708.0,389.0,105.0,58.0,
s30,d8,frame_0017.jpg,True,603.0,331.0,709.0,388.0,106.0,57.0,
s30,d8,frame_0018.jpg,True,603.0,332.0,708.0,387.0,105.0,55.0,
s30,d8,frame_0019.jpg,True,603.0,332.0,708.0,387.0,105.0,55.0,
s30,d8,frame_0020.jpg,True,603.0,332.0,708.0,386.0,105.0,54.0,
s30,d8,frame_0021.jpg,True,602.0,331.0,709.0,386.0,107.0,55.0,
s30,d8,frame_0022.jpg,True,603.0,331.0,709.0,386.0,106.0,55.0,
s30,d8,frame_0023.jpg,True,603.0,331.0,708.0,385.0,105.0,54.0,
s30,d8,frame_0024.jpg,True,604.0,330.0,709.0,385.0,105.0,55.0,
s30,d8,frame_0025.jpg,True,603.0,330.0,709.0,384.0,106.0,54.0,
s30,d8,frame_0026.jpg,True,604.0,330.0,709.0,384.0,105.0,54.0,
s30,d8,frame_0027.jpg,True,604.0,330.0,709.0,384.0,105.0,54.0,
s30,d8,frame_0028.jpg,True,604.0,330.0,709.0,384.0,105.0,54.0,
s30,d8,frame_0029.jpg,True,604.0,330.0,710.0,384.0,106.0,54.0,
s30,d8,frame_0030.jpg,True,605.0,330.0,710.0,384.0,105.0,54.0,
s30,d8,frame_0031.jpg,True,604.0,330.0,710.0,384.0,106.0,54.0,
s30,d8,frame_0032.jpg,True,604.0,331.0,710.0,384.0,106.0,53.0,
s30,d8,frame_0033.jpg,True,604.0,331.0,710.0,385.0,106.0,54.0,
s30,d8,frame_0034.jpg,True,605.0,331.0,710.0,384.0,105.0,53.0,
s30,d8,frame_0035.jpg,True,605.0,331.0,710.0,384.0,105.0,53.0,
s30,d8,frame_0036.jpg,True,605.0,331.0,711.0,384.0,106.0,53.0,
s30,d8,frame_0037.jpg,True,605.0,331.0,711.0,384.0,106.0,53.0,
s30,d9,frame_0001.jpg,True,607.0,331.0,711.0,386.0,104.0,55.0,
s30,d9,frame_0002.jpg,True,608.0,330.0,711.0,387.0,103.0,57.0,
s30,d9,frame_0003.jpg,True,609.0,331.0,711.0,387.0,102.0,56.0,
s30,d9,frame_0004.jpg,True,609.0,330.0,710.0,391.0,101.0,61.0,
s30,d9,frame_0005.jpg,True,607.0,329.0,710.0,396.0,103.0,67.0,
s30,d9,frame_0006.jpg,True,606.0,328.0,711.0,399.0,105.0,71.0,
s30,d9,frame_0007.jpg,True,605.0,328.0,712.0,402.0,107.0,74.0,
s30,d9,frame_0008.jpg,True,603.0,329.0,713.0,405.0,110.0,76.0,
s30,d9,frame_0009.jpg,True,603.0,328.0,714.0,407.0,111.0,79.0,
s30,d9,frame_0010.jpg,True,603.0,328.0,714.0,409.0,111.0,81.0,
s30,d9,frame_0011.jpg,True,603.0,327.0,714.0,409.0,111.0,82.0,
s30,d9,frame_0012.jpg,True,603.0,327.0,713.0,408.0,110.0,81.0,
s30,d9,frame_0013.jpg,True,605.0,326.0,713.0,402.0,108.0,76.0,
s30,d9,frame_0014.jpg,True,607.0,325.0,712.0,396.0,105.0,71.0,
s30,d9,frame_0015.jpg,True,606.0,326.0,711.0,390.0,105.0,64.0,
s30,d9,frame_0016.jpg,True,606.0,326.0,711.0,389.0,105.0,63.0,
s30,d9,frame_0017.jpg,True,606.0,327.0,711.0,387.0,105.0,60.0,
s30,d9,frame_0018.jpg,True,606.0,327.0,712.0,386.0,106.0,59.0,
s30,d9,frame_0019.jpg,True,606.0,328.0,713.0,387.0,107.0,59.0,
s30,d9,frame_0020.jpg,True,606.0,328.0,712.0,386.0,106.0,58.0,
s30,d9,frame_0021.jpg,True,606.0,328.0,712.0,385.0,106.0,57.0,
s30,d9,frame_0022.jpg,True,606.0,329.0,712.0,385.0,106.0,56.0,
s30,d9,frame_0023.jpg,True,605.0,329.0,711.0,385.0,106.0,56.0,
s30,d9,frame_0024.jpg,True,605.0,329.0,711.0,386.0,106.0,57.0,
s30,d9,frame_0025.jpg,True,605.0,331.0,711.0,386.0,106.0,55.0,
s30,d9,frame_0026.jpg,True,605.0,331.0,711.0,386.0,106.0,55.0,
s30,d9,frame_0027.jpg,True,605.0,331.0,711.0,386.0,106.0,55.0,
s30,d9,frame_0028.jpg,True,605.0,331.0,711.0,387.0,106.0,56.0,
s30,d9,frame_0029.jpg,True,605.0,331.0,711.0,387.0,106.0,56.0,
s30,d9,frame_0030.jpg,True,605.0,331.0,711.0,387.0,106.0,56.0,
s30,d9,frame_0031.jpg,True,606.0,333.0,711.0,387.0,105.0,54.0,
s30,d9,frame_0032.jpg,True,606.0,333.0,711.0,387.0,105.0,54.0,
s30,d9,frame_0033.jpg,True,607.0,333.0,711.0,387.0,104.0,54.0,
s30,d9,frame_0034.jpg,True,607.0,333.0,712.0,387.0,105.0,54.0,
s30,d10,frame_0001.jpg,True,609.0,333.0,713.0,389.0,104.0,56.0,
s30,d10,frame_0002.jpg,True,609.0,333.0,712.0,390.0,103.0,57.0,
s30,d10,frame_0003.jpg,True,609.0,333.0,712.0,391.0,103.0,58.0,
s30,d10,frame_0004.jpg,True,608.0,333.0,712.0,392.0,104.0,59.0,
s30,d10,frame_0005.jpg,True,608.0,332.0,712.0,392.0,104.0,60.0,
s30,d10,frame_0006.jpg,True,607.0,333.0,712.0,393.0,105.0,60.0,
s30,d10,frame_0007.jpg,True,606.0,332.0,711.0,394.0,105.0,62.0,
s30,d10,frame_0008.jpg,True,605.0,331.0,712.0,395.0,107.0,64.0,
s30,d10,frame_0009.jpg,True,604.0,331.0,712.0,396.0,108.0,65.0,
s30,d10,frame_0010.jpg,True,603.0,331.0,712.0,396.0,109.0,65.0,
s30,d10,frame_0011.jpg,True,603.0,331.0,711.0,397.0,108.0,66.0,
s30,d10,frame_0012.jpg,True,601.0,331.0,711.0,398.0,110.0,67.0,
s30,d10,frame_0013.jpg,True,600.0,330.0,710.0,398.0,110.0,68.0,
s30,d10,frame_0014.jpg,True,600.0,331.0,710.0,396.0,110.0,65.0,
s30,d10,frame_0015.jpg,True,599.0,334.0,709.0,389.0,110.0,55.0,
s30,d10,frame_0016.jpg,True,598.0,335.0,710.0,384.0,112.0,49.0,
s30,d10,frame_0017.jpg,True,599.0,335.0,709.0,383.0,110.0,48.0,
s30,d10,frame_0018.jpg,True,598.0,335.0,710.0,382.0,112.0,47.0,
s30,d10,frame_0019.jpg,True,599.0,335.0,710.0,384.0,111.0,49.0,
s30,d10,frame_0020.jpg,True,600.0,336.0,710.0,383.0,110.0,47.0,
s30,d10,frame_0021.jpg,True,600.0,335.0,709.0,385.0,109.0,50.0,
s30,d10,frame_0022.jpg,True,601.0,336.0,709.0,385.0,108.0,49.0,
s30,d10,frame_0023.jpg,True,601.0,336.0,708.0,386.0,107.0,50.0,
